"SNP_name"	"chromosome"	"Physical_Position"	"rawData.log2ratio."
"SNP_A-2077094"	11	201447	0.342112
"SNP_A-2302629"	11	207140	0.065853
"SNP_A-1924384"	11	220368	-0.177696
"SNP_A-1782778"	11	232112	-0.239594
"SNP_A-2258306"	11	233987	0.115869
"SNP_A-4232138"	11	234129	0.104159
"SNP_A-1899206"	11	234197	-0.110552
"SNP_A-2078668"	11	273928	-0.129899
"SNP_A-2188173"	11	356710	-0.031792
"SNP_A-1841926"	11	430343	0.054144
"SNP_A-4240093"	11	662443	0.270785
"SNP_A-1812854"	11	668561	0.021864
"SNP_A-1894850"	11	723639	0.290421
"SNP_A-1784874"	11	732508	0.167512
"SNP_A-2115377"	11	745659	0.254159
"SNP_A-1811114"	11	878150	0.057036
"SNP_A-2175002"	11	890809	0.151904
"SNP_A-1926526"	11	932344	-0.481098
"SNP_A-1848083"	11	948566	0.456658
"SNP_A-1931135"	11	948789	-0.094265
"SNP_A-2306953"	11	953980	-0.178297
"SNP_A-2163666"	11	954271	0.291347
"SNP_A-4217714"	11	966019	0.254667
"SNP_A-2077503"	11	995108	-0.197766
"SNP_A-4197567"	11	1052867	0.243938
"SNP_A-2057756"	11	1053149	0.021336
"SNP_A-2311884"	11	1053247	-0.090412
"SNP_A-2210372"	11	1094626	0.102349
"SNP_A-1930206"	11	1101164	0.183721
"SNP_A-2153205"	11	1101474	-0.187191
"SNP_A-2196151"	11	1242752	0.077323
"SNP_A-4222406"	11	1253225	-0.104218
"SNP_A-1803473"	11	1253327	0.081133
"SNP_A-2146750"	11	1258853	0.158363
"SNP_A-2106254"	11	1260916	-0.036132
"SNP_A-2267037"	11	1282405	0.218113
"SNP_A-1876389"	11	1285488	-0.144916
"SNP_A-2074910"	11	1304914	0.164428
"SNP_A-2080436"	11	1321818	0.309143
"SNP_A-4229545"	11	1325150	0.212135
"SNP_A-4193618"	11	1326427	0.228302
"SNP_A-1946026"	11	1345412	0.445088
"SNP_A-1928363"	11	1346492	0.176941
"SNP_A-2082168"	11	1355978	-0.28969
"SNP_A-2306758"	11	1359205	0.140209
"SNP_A-2172740"	11	1454360	0.265002
"SNP_A-2052992"	11	1476557	0.175968
"SNP_A-2164346"	11	1489585	0.057552
"SNP_A-1932277"	11	1490258	0.436595
"SNP_A-2223209"	11	1493105	0.413386
"SNP_A-4241193"	11	1494093	0.142028
"SNP_A-4217785"	11	1564805	0.177295
"SNP_A-2184762"	11	1577360	0.104149
"SNP_A-1887099"	11	1581939	0.111814
"SNP_A-2186195"	11	1588987	-0.047946
"SNP_A-2140167"	11	1594720	-0.129443
"SNP_A-4199081"	11	1594825	0.27359
"SNP_A-2160834"	11	1605417	-0.135611
"SNP_A-1843666"	11	1615884	0.32609
"SNP_A-4241194"	11	1622874	-0.16095
"SNP_A-1845545"	11	1627800	0.402957
"SNP_A-1904552"	11	1629410	0.300711
"SNP_A-2269690"	11	1633498	-0.561571
"SNP_A-2180523"	11	1633927	0.025218
"SNP_A-2286555"	11	1637601	0.172424
"SNP_A-4240137"	11	1637803	0.445526
"SNP_A-2093601"	11	1658631	-0.216686
"SNP_A-2300431"	11	1708562	0.483005
"SNP_A-2006877"	11	1774671	0.169511
"SNP_A-1904191"	11	1811147	0.27331
"SNP_A-4205841"	11	1863391	0.466332
"SNP_A-2100090"	11	2043796	0.019922
"SNP_A-4220347"	11	2044487	0.222259
"SNP_A-1812010"	11	2057893	0.197775
"SNP_A-4232586"	11	2094715	-0.013127
"SNP_A-1870619"	11	2114097	0.137787
"SNP_A-2101944"	11	2201921	0.272984
"SNP_A-1910627"	11	2256757	0.032738
"SNP_A-1893093"	11	2266210	0.326631
"SNP_A-2283063"	11	2305354	0.643341
"SNP_A-2264912"	11	2323953	0.212598
"SNP_A-2312911"	11	2397565	0.459708
"SNP_A-2199433"	11	2455394	0.605949
"SNP_A-2111327"	11	2481124	0.048336
"SNP_A-2279707"	11	2483474	0.57702
"SNP_A-1824380"	11	2483882	0.303279
"SNP_A-2286096"	11	2483937	0.090411
"SNP_A-2147212"	11	2484579	0.18652
"SNP_A-2290028"	11	2484809	0.317877
"SNP_A-2248126"	11	2484900	0.239442
"SNP_A-2188014"	11	2486738	0.243189
"SNP_A-2067461"	11	2489867	-0.163805
"SNP_A-2108877"	11	2589728	0.180274
"SNP_A-2045452"	11	2590291	-0.08675
"SNP_A-1845199"	11	2597705	0.540157
"SNP_A-2089816"	11	2600056	-0.053267
"SNP_A-2204636"	11	2634221	0.126849
"SNP_A-2279904"	11	2672031	0.201944
"SNP_A-2167641"	11	2672108	0.288277
"SNP_A-1860502"	11	2673627	0.236069
"SNP_A-2137721"	11	2673869	0.222507
"SNP_A-2222217"	11	2680180	0.434816
"SNP_A-4192785"	11	2685916	0.250631
"SNP_A-2185200"	11	2687761	0.086849
"SNP_A-2139714"	11	2692602	0.455049
"SNP_A-2281097"	11	2717317	0.407887
"SNP_A-1819033"	11	2731415	-0.138749
"SNP_A-2247632"	11	2732348	0.491444
"SNP_A-2078818"	11	2741967	0.23113
"SNP_A-1829337"	11	2742118	0.038188
"SNP_A-2306355"	11	2780438	-0.018932
"SNP_A-2207071"	11	2801017	0.177465
"SNP_A-2115624"	11	2818735	0.328898
"SNP_A-1866128"	11	2834275	0.001927
"SNP_A-1932771"	11	2852376	0.268799
"SNP_A-2211163"	11	2852889	0.385311
"SNP_A-2284964"	11	2858681	0.527499
"SNP_A-2177536"	11	2937298	0.44962
"SNP_A-2006982"	11	2937407	0.165989
"SNP_A-1941345"	11	2954752	0.322615
"SNP_A-2042797"	11	2967562	0.325093
"SNP_A-2178327"	11	2989768	-0.026396
"SNP_A-2237186"	11	2991646	0.176375
"SNP_A-1933421"	11	2992900	0.331035
"SNP_A-4238315"	11	2993189	0.01314
"SNP_A-2205124"	11	3002977	0.042567
"SNP_A-1828662"	11	3011449	-0.027481
"SNP_A-4223649"	11	3017301	0.71361
"SNP_A-1887898"	11	3018568	0.55911
"SNP_A-2209083"	11	3024682	0.367296
"SNP_A-1940987"	11	3130753	0.243052
"SNP_A-1878356"	11	3153866	0.42042
"SNP_A-1894676"	11	3164015	0.153782
"SNP_A-2001633"	11	3186637	0.250184
"SNP_A-4196241"	11	3189920	0.421306
"SNP_A-1946959"	11	3214087	0.047064
"SNP_A-1818068"	11	3214219	-0.163609
"SNP_A-2241668"	11	3214412	0.352197
"SNP_A-2296108"	11	3215381	0.287735
"SNP_A-2143136"	11	3216111	0.245449
"SNP_A-4231943"	11	3222709	0.341595
"SNP_A-4222080"	11	3320422	-0.011141
"SNP_A-1791882"	11	3320934	-0.085159
"SNP_A-2039372"	11	3321093	-0.180498
"SNP_A-2298094"	11	3324129	0.086324
"SNP_A-1882416"	11	3334236	-0.110254
"SNP_A-2232546"	11	3334520	0.18549
"SNP_A-2051135"	11	3334639	0.265499
"SNP_A-4214097"	11	3342988	0.1899
"SNP_A-1849407"	11	3351014	0.465936
"SNP_A-2001635"	11	3354410	0.034997
"SNP_A-2023076"	11	3354643	0.416737
"SNP_A-1851221"	11	3355005	0.23358
"SNP_A-1959369"	11	3355238	0.173285
"SNP_A-1925174"	11	3363682	0.104086
"SNP_A-2279808"	11	3363988	0.176919
"SNP_A-1793610"	11	3364105	-0.245419
"SNP_A-2223099"	11	3443300	0.085032
"SNP_A-1817425"	11	3484727	0.003939
"SNP_A-2179230"	11	3568345	0.150685
"SNP_A-2164577"	11	3574993	0.347069
"SNP_A-1795975"	11	3597975	0.262749
"SNP_A-2251175"	11	3600883	0.018942
"SNP_A-2253676"	11	3601258	-0.016771
"SNP_A-2296647"	11	3601633	-0.086637
"SNP_A-1863349"	11	3635022	0.270425
"SNP_A-2270801"	11	3636234	-0.198842
"SNP_A-1820851"	11	3638426	0.383719
"SNP_A-2001636"	11	3663022	0.556436
"SNP_A-2021302"	11	3700655	-0.075402
"SNP_A-1902088"	11	3705407	0.193863
"SNP_A-2151748"	11	3724877	0.5833
"SNP_A-2066655"	11	3772112	0.298116
"SNP_A-2007042"	11	3797267	0.083322
"SNP_A-2235957"	11	3804326	-0.076393
"SNP_A-2213893"	11	3822362	-0.262392
"SNP_A-2260823"	11	3827375	-0.05545
"SNP_A-2081233"	11	3865098	-0.361127
"SNP_A-2007049"	11	3880562	0.080812
"SNP_A-2262357"	11	3911687	0.015601
"SNP_A-2007051"	11	3921381	0.071426
"SNP_A-2007052"	11	3926020	0.026977
"SNP_A-1929441"	11	3927126	-0.303231
"SNP_A-2007053"	11	3929659	0.117529
"SNP_A-2061093"	11	3953716	0.194217
"SNP_A-1844536"	11	3955885	0.38765
"SNP_A-2159867"	11	3955911	0.391236
"SNP_A-1846152"	11	3960254	0.325391
"SNP_A-4195583"	11	3975977	0.212686
"SNP_A-2161725"	11	3976021	0.443592
"SNP_A-2007059"	11	4001991	0.145049
"SNP_A-2218292"	11	4042105	-0.087757
"SNP_A-1865547"	11	4042142	-0.213068
"SNP_A-1823892"	11	4054828	-0.228342
"SNP_A-2077810"	11	4055589	0.205911
"SNP_A-2198233"	11	4055627	-0.317249
"SNP_A-1832243"	11	4105524	0.204497
"SNP_A-2262871"	11	4119053	0.007305
"SNP_A-2001639"	11	4122105	0.699771
"SNP_A-2054238"	11	4122493	0.135585
"SNP_A-4233091"	11	4129960	-0.16361
"SNP_A-4195831"	11	4133078	0.03614
"SNP_A-2176732"	11	4144994	-0.196364
"SNP_A-2140761"	11	4145450	0.255317
"SNP_A-1858919"	11	4179554	-0.076953
"SNP_A-2241384"	11	4179761	0.355393
"SNP_A-2256385"	11	4179807	0.288481
"SNP_A-1793711"	11	4185607	0.15194
"SNP_A-2007075"	11	4188455	-0.070937
"SNP_A-1935599"	11	4191100	0.342165
"SNP_A-1819082"	11	4191324	0.343263
"SNP_A-4197629"	11	4212525	0.281326
"SNP_A-1920464"	11	4282368	0.614906
"SNP_A-2154843"	11	4333781	-0.127062
"SNP_A-2140045"	11	4356707	0.230847
"SNP_A-2109733"	11	4360768	-0.00389
"SNP_A-2247497"	11	4364301	-0.008813
"SNP_A-1906516"	11	4374063	0.401849
"SNP_A-2183272"	11	4400298	0.259789
"SNP_A-1821453"	11	4401553	0.119523
"SNP_A-2180834"	11	4422154	-0.050287
"SNP_A-1784188"	11	4427515	0.174246
"SNP_A-2049285"	11	4453710	0.164984
"SNP_A-2262294"	11	4456103	0.515889
"SNP_A-2303413"	11	4456176	-0.010007
"SNP_A-2280282"	11	4466861	0.276488
"SNP_A-2105552"	11	4491897	-0.194886
"SNP_A-1847377"	11	4492042	0.229926
"SNP_A-4193881"	11	4492109	0.360251
"SNP_A-4234168"	11	4492313	0.612285
"SNP_A-1869392"	11	4492591	0.362219
"SNP_A-1819262"	11	4493820	-0.029518
"SNP_A-1906387"	11	4493865	0.273873
"SNP_A-4195766"	11	4494048	0.025011
"SNP_A-2079265"	11	4494610	0.478079
"SNP_A-2289166"	11	4494640	0.308519
"SNP_A-2118981"	11	4503112	0.263429
"SNP_A-1933528"	11	4518966	0.03484
"SNP_A-2096389"	11	4519034	0.460067
"SNP_A-2273977"	11	4529207	-0.127097
"SNP_A-1896012"	11	4544990	0.160549
"SNP_A-1805817"	11	4545642	0.226865
"SNP_A-2246805"	11	4550165	-0.030726
"SNP_A-1855193"	11	4557464	-0.162292
"SNP_A-2029026"	11	4560993	0.459391
"SNP_A-2001644"	11	4561602	-0.000369
"SNP_A-2001645"	11	4561771	0.238444
"SNP_A-2007157"	11	4562066	0.141792
"SNP_A-4202431"	11	4564692	0.183546
"SNP_A-2037541"	11	4568230	0.133027
"SNP_A-2279959"	11	4568399	0.138212
"SNP_A-2202664"	11	4581596	0.072494
"SNP_A-4222409"	11	4586272	0.165365
"SNP_A-1800399"	11	4604240	-0.378697
"SNP_A-1845249"	11	4604346	0.468673
"SNP_A-2161778"	11	4606025	0.103533
"SNP_A-1887585"	11	4616434	0.39529
"SNP_A-1840186"	11	4620055	0.170464
"SNP_A-1869096"	11	4620119	-0.068848
"SNP_A-4222719"	11	4622650	0.165944
"SNP_A-1931145"	11	4622748	0.113607
"SNP_A-2245234"	11	4632974	0.241787
"SNP_A-2198052"	11	4633033	-0.049241
"SNP_A-4206459"	11	4649555	0.10695
"SNP_A-4202023"	11	4655418	-0.266658
"SNP_A-2285146"	11	4666606	0.074534
"SNP_A-4198022"	11	4672522	0.24013
"SNP_A-4234829"	11	4672773	0.151555
"SNP_A-2007169"	11	4683016	0.014108
"SNP_A-1941013"	11	4683454	0.211673
"SNP_A-2162481"	11	4695810	0.029184
"SNP_A-2193745"	11	4708712	0.034724
"SNP_A-2298423"	11	4714514	0.189914
"SNP_A-2260607"	11	4722979	0.057231
"SNP_A-4239179"	11	4728629	-0.082357
"SNP_A-4202858"	11	4745605	0.064667
"SNP_A-1924430"	11	4750125	0.467644
"SNP_A-1940234"	11	4750458	0.342694
"SNP_A-4229578"	11	4750695	-0.205226
"SNP_A-4226933"	11	4750769	0.146542
"SNP_A-1942453"	11	4764709	0.018931
"SNP_A-2238981"	11	4765848	0.315631
"SNP_A-2234078"	11	4766940	0.502961
"SNP_A-2161292"	11	4768376	0.256708
"SNP_A-2089191"	11	4768459	0.205427
"SNP_A-2007174"	11	4776267	0.08356
"SNP_A-2241643"	11	4788850	0.123017
"SNP_A-2178342"	11	4797962	0.075107
"SNP_A-1939474"	11	4800616	0.093814
"SNP_A-2069123"	11	4805614	0.37998
"SNP_A-2225766"	11	4807931	0.163343
"SNP_A-1818908"	11	4808113	0.062161
"SNP_A-2230380"	11	4809835	0.647894
"SNP_A-2212830"	11	4811514	-0.134364
"SNP_A-2007175"	11	4827075	-0.270491
"SNP_A-2007176"	11	4827612	-0.057558
"SNP_A-2007177"	11	4828057	-0.118681
"SNP_A-2007179"	11	4828082	0.064313
"SNP_A-2081582"	11	4839972	0.460982
"SNP_A-4198305"	11	4841726	0.414465
"SNP_A-1876090"	11	4842027	-0.029668
"SNP_A-2285475"	11	4849608	0.146812
"SNP_A-2287287"	11	4853915	0.059379
"SNP_A-2007182"	11	4863792	0.199902
"SNP_A-2081798"	11	4868350	-0.168992
"SNP_A-1804836"	11	4874811	0.354209
"SNP_A-4214098"	11	4879539	-0.057421
"SNP_A-2001647"	11	4879758	0.370656
"SNP_A-2007185"	11	4881053	0.160695
"SNP_A-2007186"	11	4881743	0.28375
"SNP_A-2204827"	11	4892046	-0.133886
"SNP_A-2146005"	11	4892186	0.315233
"SNP_A-1855304"	11	4893616	-0.044633
"SNP_A-1944415"	11	4893677	0.201337
"SNP_A-4206253"	11	4893714	0.329769
"SNP_A-1869173"	11	4902207	0.133926
"SNP_A-2197160"	11	4902921	0.209097
"SNP_A-2007192"	11	4903126	-0.169829
"SNP_A-2007194"	11	4904736	0.27357
"SNP_A-4221844"	11	4909517	0.365016
"SNP_A-1820408"	11	4910038	0.268637
"SNP_A-4214639"	11	4911183	0.479757
"SNP_A-2023881"	11	4923637	0.138033
"SNP_A-1863703"	11	4923679	-0.049277
"SNP_A-4219512"	11	4923806	0.087081
"SNP_A-2007206"	11	4933130	-0.364013
"SNP_A-1891076"	11	4948858	0.189898
"SNP_A-1922332"	11	4957831	-0.007327
"SNP_A-2205382"	11	4958146	0.217863
"SNP_A-2207681"	11	4958407	-0.103088
"SNP_A-4216918"	11	4972517	-0.123561
"SNP_A-4239851"	11	4972845	-0.070279
"SNP_A-4221955"	11	4982553	0.212324
"SNP_A-1782463"	11	4986033	-0.147793
"SNP_A-2001648"	11	5008038	0.1574
"SNP_A-1894300"	11	5010221	0.473564
"SNP_A-2231482"	11	5010366	0.242294
"SNP_A-2022455"	11	5011219	1.123519
"SNP_A-2007214"	11	5017367	-0.043169
"SNP_A-2007215"	11	5017517	0.100068
"SNP_A-4214641"	11	5018011	-0.006858
"SNP_A-2007216"	11	5018117	-0.204308
"SNP_A-2275613"	11	5023934	0.117539
"SNP_A-2173672"	11	5023965	-0.002193
"SNP_A-4227393"	11	5029411	0.231817
"SNP_A-2247870"	11	5036810	0.436127
"SNP_A-2201922"	11	5036935	0.168399
"SNP_A-2007217"	11	5038206	-0.275888
"SNP_A-4197317"	11	5046757	-0.046902
"SNP_A-1882012"	11	5047089	0.151572
"SNP_A-2171660"	11	5065883	-0.627732
"SNP_A-2007221"	11	5071768	0.128663
"SNP_A-1925036"	11	5072704	0.022809
"SNP_A-4214642"	11	5073531	0.441553
"SNP_A-2007231"	11	5083753	0.055437
"SNP_A-2007232"	11	5084086	0.110477
"SNP_A-2059461"	11	5088695	0.079921
"SNP_A-2274893"	11	5095603	0.442174
"SNP_A-1781633"	11	5109837	0.385702
"SNP_A-1909555"	11	5118600	0.427904
"SNP_A-1821494"	11	5129362	-0.039684
"SNP_A-1873485"	11	5145420	-0.06333
"SNP_A-2137171"	11	5145512	0.01251
"SNP_A-2282411"	11	5148149	0.041363
"SNP_A-1886063"	11	5148256	0.125854
"SNP_A-1930769"	11	5149986	-0.048097
"SNP_A-1922837"	11	5157216	0.28765
"SNP_A-1794052"	11	5164594	0.020189
"SNP_A-1887243"	11	5164969	0.221738
"SNP_A-1945558"	11	5166168	0.094639
"SNP_A-2001651"	11	5166568	0.227172
"SNP_A-1882068"	11	5170989	0.168251
"SNP_A-2237176"	11	5182211	0.358709
"SNP_A-1924610"	11	5182894	0.119525
"SNP_A-2143187"	11	5190219	0.14291
"SNP_A-4238113"	11	5190307	0.142095
"SNP_A-2047271"	11	5205346	0.105399
"SNP_A-2050913"	11	5205946	0.005061
"SNP_A-1833117"	11	5208827	0.014088
"SNP_A-1809982"	11	5214276	0.09228
"SNP_A-2092215"	11	5214385	-0.091719
"SNP_A-4223508"	11	5215066	0.480589
"SNP_A-2007233"	11	5216303	-0.053721
"SNP_A-2007234"	11	5216344	-0.130737
"SNP_A-4214643"	11	5216631	-0.118968
"SNP_A-4214644"	11	5216643	-0.185729
"SNP_A-4214645"	11	5217950	0.061577
"SNP_A-2007237"	11	5218046	0.055571
"SNP_A-2007240"	11	5225716	-0.228326
"SNP_A-2226912"	11	5229723	-0.03164
"SNP_A-2271188"	11	5233654	-0.200738
"SNP_A-2221023"	11	5233812	-0.378617
"SNP_A-2219624"	11	5241554	0.046542
"SNP_A-4214646"	11	5254606	0.440784
"SNP_A-4214647"	11	5254756	0.25579
"SNP_A-2307311"	11	5258620	0.151379
"SNP_A-2138884"	11	5259639	-0.189052
"SNP_A-2001653"	11	5263085	-0.432297
"SNP_A-2028530"	11	5265304	0.088767
"SNP_A-1955858"	11	5265472	-0.188619
"SNP_A-2136781"	11	5274129	0.047236
"SNP_A-2007246"	11	5275253	0.328681
"SNP_A-2059906"	11	5285283	0.29418
"SNP_A-4217298"	11	5288875	0.179686
"SNP_A-4240554"	11	5293460	0.000747
"SNP_A-1799374"	11	5302436	0.255492
"SNP_A-2086964"	11	5322004	-0.217445
"SNP_A-2281810"	11	5322318	0.070771
"SNP_A-2135581"	11	5357836	-0.08454
"SNP_A-1870660"	11	5359215	-0.150296
"SNP_A-1889892"	11	5359233	0.379171
"SNP_A-4204752"	11	5359546	0.179431
"SNP_A-2078249"	11	5359609	0.164103
"SNP_A-2149835"	11	5359910	-0.010348
"SNP_A-1938219"	11	5362699	0.007531
"SNP_A-4214648"	11	5363858	0.135096
"SNP_A-4214649"	11	5363873	-0.408493
"SNP_A-2044096"	11	5368614	0.562653
"SNP_A-4192476"	11	5368635	-0.092489
"SNP_A-4204312"	11	5368648	0.245696
"SNP_A-2133327"	11	5396863	-0.131937
"SNP_A-4194998"	11	5397196	0.252597
"SNP_A-2040199"	11	5397241	-0.142784
"SNP_A-1959619"	11	5398199	0.183366
"SNP_A-2109079"	11	5398802	0.037809
"SNP_A-2109099"	11	5400276	-0.01051
"SNP_A-2138494"	11	5400315	-0.067201
"SNP_A-2266598"	11	5400443	-0.017003
"SNP_A-2143929"	11	5400637	0.115196
"SNP_A-2219361"	11	5403120	0.171738
"SNP_A-2181610"	11	5405119	-0.005709
"SNP_A-2311709"	11	5408337	-0.059394
"SNP_A-1941090"	11	5408451	-0.020716
"SNP_A-2229891"	11	5412659	-0.018928
"SNP_A-4199284"	11	5418661	0.574381
"SNP_A-1930013"	11	5424158	-0.005996
"SNP_A-2225517"	11	5437020	0.106284
"SNP_A-4195612"	11	5438549	0.166837
"SNP_A-4221389"	11	5446241	0.304414
"SNP_A-1808940"	11	5449885	0.31361
"SNP_A-4194892"	11	5449960	0.348609
"SNP_A-2245976"	11	5452894	-0.430711
"SNP_A-2007284"	11	5453387	0.097571
"SNP_A-2007285"	11	5453501	0.067416
"SNP_A-2287030"	11	5462340	0.074428
"SNP_A-4214654"	11	5462610	0.364317
"SNP_A-1946148"	11	5467796	0.196565
"SNP_A-2007296"	11	5475554	0.163686
"SNP_A-2001655"	11	5475771	0.205553
"SNP_A-4214655"	11	5476046	-0.293694
"SNP_A-2159783"	11	5491758	0.368043
"SNP_A-1902130"	11	5493472	-0.089254
"SNP_A-2007301"	11	5493821	0.066143
"SNP_A-2007302"	11	5494356	-0.210932
"SNP_A-1902638"	11	5499595	-0.178013
"SNP_A-2245300"	11	5501165	-0.112085
"SNP_A-2292698"	11	5502398	-0.522193
"SNP_A-1811521"	11	5504106	-0.160429
"SNP_A-2288821"	11	5508716	0.076637
"SNP_A-1819952"	11	5508743	0.582379
"SNP_A-2298257"	11	5522941	0.348699
"SNP_A-2313113"	11	5523644	-0.065265
"SNP_A-2243464"	11	5526028	-0.638147
"SNP_A-2007312"	11	5530277	0.364757
"SNP_A-2007313"	11	5530407	0.261468
"SNP_A-4227690"	11	5530856	0.334242
"SNP_A-2228754"	11	5531958	0.513564
"SNP_A-2024438"	11	5543121	-0.007866
"SNP_A-1953954"	11	5543590	-0.023253
"SNP_A-1787880"	11	5569598	0.227687
"SNP_A-1824270"	11	5569768	0.085065
"SNP_A-1851200"	11	5569986	0.516556
"SNP_A-1843340"	11	5570176	0.271781
"SNP_A-2246372"	11	5570307	0.053371
"SNP_A-1804304"	11	5572829	0.112512
"SNP_A-4237926"	11	5572964	0.099945
"SNP_A-2300305"	11	5598577	-0.139429
"SNP_A-1802448"	11	5601579	0.304392
"SNP_A-2007333"	11	5611969	-0.201663
"SNP_A-1941838"	11	5616599	0.10369
"SNP_A-2052429"	11	5641351	-0.089849
"SNP_A-2165698"	11	5649757	0.03607
"SNP_A-2288199"	11	5657985	-0.091747
"SNP_A-2199591"	11	5658395	0.081758
"SNP_A-2253061"	11	5658459	0.068717
"SNP_A-2036214"	11	5658675	-0.360741
"SNP_A-2287435"	11	5665604	0.089012
"SNP_A-2186227"	11	5666033	0.100407
"SNP_A-1800907"	11	5675827	0.31899
"SNP_A-2116981"	11	5676243	0.130528
"SNP_A-4221645"	11	5676411	-0.087385
"SNP_A-2119917"	11	5686824	0.471303
"SNP_A-2250453"	11	5696088	0.200603
"SNP_A-2103284"	11	5702213	0.34014
"SNP_A-2194769"	11	5710971	0.913819
"SNP_A-2256167"	11	5727416	-0.319836
"SNP_A-2164353"	11	5727505	0.026761
"SNP_A-2119640"	11	5733171	-0.144641
"SNP_A-2130715"	11	5733199	0.022209
"SNP_A-1938547"	11	5733629	0.227228
"SNP_A-1819540"	11	5733672	-0.162356
"SNP_A-1798252"	11	5734586	0.353341
"SNP_A-2210496"	11	5735047	0.119473
"SNP_A-1915795"	11	5772861	-0.207952
"SNP_A-1849855"	11	5776193	0.23469
"SNP_A-2256312"	11	5792979	0.036103
"SNP_A-2130133"	11	5799669	-0.41071
"SNP_A-2199142"	11	5799714	0.365211
"SNP_A-4214099"	11	5800095	-0.039886
"SNP_A-4214100"	11	5800326	0.216435
"SNP_A-2001664"	11	5800361	0.10332
"SNP_A-4233007"	11	5814078	0.356623
"SNP_A-2151931"	11	5822800	0.591138
"SNP_A-2265406"	11	5822909	0.137955
"SNP_A-2100504"	11	5823306	0.529746
"SNP_A-2122441"	11	5823478	0.435423
"SNP_A-1952301"	11	5823529	-0.201456
"SNP_A-1894297"	11	5823859	0.076079
"SNP_A-4228822"	11	5824164	0.088768
"SNP_A-2133852"	11	5824202	-0.025579
"SNP_A-2263483"	11	5824261	-0.875403
"SNP_A-1825504"	11	5853455	-0.05609
"SNP_A-2022106"	11	5855170	0.090023
"SNP_A-2241919"	11	5858006	0.206936
"SNP_A-2241115"	11	5858229	-0.101564
"SNP_A-2152938"	11	5858528	-0.10482
"SNP_A-4232398"	11	5879076	0.199162
"SNP_A-1863864"	11	5879208	0.122076
"SNP_A-1912797"	11	5879283	-0.128374
"SNP_A-2007358"	11	5890539	-0.415422
"SNP_A-1853526"	11	5890620	-0.024642
"SNP_A-1867414"	11	5911385	0.746948
"SNP_A-1864720"	11	5925761	-0.083703
"SNP_A-2209816"	11	5964189	0.018783
"SNP_A-2166549"	11	5964319	0.120928
"SNP_A-1937706"	11	5965954	0.251595
"SNP_A-4205401"	11	5971128	-0.13823
"SNP_A-1784649"	11	5971155	-0.040026
"SNP_A-2312186"	11	5971770	0.101863
"SNP_A-2007362"	11	5971892	-0.214832
"SNP_A-1792307"	11	5972263	0.382753
"SNP_A-2157038"	11	5973087	0.105871
"SNP_A-1810737"	11	5973119	-0.049602
"SNP_A-2119836"	11	5981873	0.173684
"SNP_A-2158551"	11	5989343	0.095771
"SNP_A-2069477"	11	6004632	-0.287177
"SNP_A-2313761"	11	6039479	0.500897
"SNP_A-2108874"	11	6057220	0.247001
"SNP_A-2050663"	11	6057431	0.071113
"SNP_A-1829949"	11	6060657	-0.195659
"SNP_A-2104599"	11	6060818	0.140617
"SNP_A-1821203"	11	6061143	0.1448
"SNP_A-1839678"	11	6061407	0.018873
"SNP_A-2007369"	11	6090907	-0.150009
"SNP_A-4214659"	11	6103156	-0.046364
"SNP_A-4238661"	11	6107780	0.640451
"SNP_A-1891584"	11	6121204	0.384107
"SNP_A-1794847"	11	6127497	0.315797
"SNP_A-2145204"	11	6131626	0.353882
"SNP_A-2259053"	11	6151051	0.152898
"SNP_A-2067517"	11	6172147	0.505494
"SNP_A-4224560"	11	6176091	0.070026
"SNP_A-1821258"	11	6242129	0.777631
"SNP_A-1808309"	11	6261286	0.052918
"SNP_A-2260295"	11	6268453	0.328878
"SNP_A-4214661"	11	6281210	0.344144
"SNP_A-4214662"	11	6281254	-0.111887
"SNP_A-2253102"	11	6281540	-0.014621
"SNP_A-2258632"	11	6288818	-0.275947
"SNP_A-2068773"	11	6292017	0.166456
"SNP_A-4221652"	11	6292571	-0.065458
"SNP_A-2293781"	11	6292850	0.185268
"SNP_A-2124282"	11	6292977	0.13987
"SNP_A-2292013"	11	6294711	-0.196822
"SNP_A-1780377"	11	6366366	0.217067
"SNP_A-1888489"	11	6366394	0.240439
"SNP_A-1885147"	11	6366561	0.476533
"SNP_A-4241196"	11	6376338	0.12533
"SNP_A-2048257"	11	6392604	0.17257
"SNP_A-4214666"	11	6419664	0.119736
"SNP_A-1805875"	11	6440086	0.080998
"SNP_A-4228783"	11	6469952	0.671205
"SNP_A-2288146"	11	6481132	0.139826
"SNP_A-2286993"	11	6486714	-0.15839
"SNP_A-2107515"	11	6505560	0.274731
"SNP_A-2180408"	11	6511941	0.046296
"SNP_A-2007402"	11	6519318	0.53362
"SNP_A-2238782"	11	6580757	0.050481
"SNP_A-2115317"	11	6583251	0.209786
"SNP_A-2035794"	11	6585618	0.179927
"SNP_A-4230173"	11	6609194	-0.171035
"SNP_A-2090787"	11	6622089	0.065855
"SNP_A-4197280"	11	6649630	0.208153
"SNP_A-2258033"	11	6673599	0.006598
"SNP_A-4199234"	11	6674133	0.36218
"SNP_A-2312528"	11	6676762	0.161156
"SNP_A-1820325"	11	6677792	0.287383
"SNP_A-2007418"	11	6678136	0.052129
"SNP_A-1836712"	11	6686968	0.29152
"SNP_A-1825047"	11	6687947	0.306941
"SNP_A-2007421"	11	6691595	0.402252
"SNP_A-2279003"	11	6701018	-0.170204
"SNP_A-2021440"	11	6713501	0.133631
"SNP_A-2061080"	11	6721435	0.329863
"SNP_A-2314553"	11	6739589	0.604965
"SNP_A-2286126"	11	6742577	0.524129
"SNP_A-1938258"	11	6749380	0.40365
"SNP_A-2105409"	11	6749489	0.324831
"SNP_A-1789559"	11	6763072	0.268529
"SNP_A-2240869"	11	6764722	-0.079888
"SNP_A-1953461"	11	6764838	0.474179
"SNP_A-2213965"	11	6765830	0.299383
"SNP_A-1921074"	11	6765851	0.172266
"SNP_A-1855008"	11	6780289	0.006777
"SNP_A-2233614"	11	6798597	0.219923
"SNP_A-2007449"	11	6813393	0.842432
"SNP_A-1838911"	11	6815324	0.100634
"SNP_A-1908388"	11	6828322	0.045854
"SNP_A-2137456"	11	6829442	0.230797
"SNP_A-4224022"	11	6833539	0.121284
"SNP_A-1784329"	11	6833678	-0.017968
"SNP_A-2150974"	11	6833869	0.288454
"SNP_A-2007452"	11	6834451	0.365197
"SNP_A-4176346"	11	6834694	0.206389
"SNP_A-2007453"	11	6835530	0.05597
"SNP_A-1801279"	11	6835884	0.193297
"SNP_A-4239339"	11	6835971	0.110915
"SNP_A-2035094"	11	6836295	0.14909
"SNP_A-2241993"	11	6838666	-0.097911
"SNP_A-2068944"	11	6840202	-0.227494
"SNP_A-4217170"	11	6840262	-0.049466
"SNP_A-4232998"	11	6840442	0.069865
"SNP_A-4229364"	11	6840488	0.346014
"SNP_A-1781230"	11	6840789	0.078995
"SNP_A-1928216"	11	6841472	0.397241
"SNP_A-1814999"	11	6841821	0.075074
"SNP_A-2007455"	11	6842005	0.481998
"SNP_A-1945198"	11	6848181	0.364791
"SNP_A-4214668"	11	6849442	-0.133371
"SNP_A-4214669"	11	6850118	-0.027011
"SNP_A-1953484"	11	6851281	0.493196
"SNP_A-1824571"	11	6851315	0.367997
"SNP_A-1827253"	11	6853222	0.240385
"SNP_A-1959637"	11	6853401	0.045315
"SNP_A-4238812"	11	6853827	0.358932
"SNP_A-2255534"	11	6862381	0.221975
"SNP_A-1905893"	11	6867848	0.255498
"SNP_A-4229951"	11	6874689	0.109418
"SNP_A-4198397"	11	6875754	-0.020348
"SNP_A-4227830"	11	6877349	0.495017
"SNP_A-2142989"	11	6877468	0.121425
"SNP_A-2299505"	11	6880837	0.233828
"SNP_A-2170619"	11	6881330	0.531143
"SNP_A-2001670"	11	6881438	0.297574
"SNP_A-1931262"	11	6882251	0.060513
"SNP_A-2091251"	11	6899830	0.213224
"SNP_A-1818018"	11	6900632	0.382441
"SNP_A-1816065"	11	6924878	0.112401
"SNP_A-2158713"	11	6926252	0.177476
"SNP_A-4224473"	11	6955865	0.282108
"SNP_A-1927350"	11	6958272	0.298101
"SNP_A-2111807"	11	6968107	0.193152
"SNP_A-2139489"	11	6989148	0.120954
"SNP_A-4207434"	11	6989549	-0.057882
"SNP_A-4198518"	11	6994826	0.733078
"SNP_A-2001671"	11	7002249	0.305302
"SNP_A-2007476"	11	7003053	-0.291959
"SNP_A-2007477"	11	7003099	0.097631
"SNP_A-2162258"	11	7010611	0.450156
"SNP_A-2250982"	11	7010743	0.243163
"SNP_A-2007493"	11	7035837	0.020485
"SNP_A-2244719"	11	7058372	0.35848
"SNP_A-2142919"	11	7063102	0.231413
"SNP_A-1904018"	11	7071331	-0.22674
"SNP_A-1830792"	11	7071575	0.43884
"SNP_A-4223841"	11	7072260	0.215276
"SNP_A-2030136"	11	7074587	0.164593
"SNP_A-2128708"	11	7076377	0.498786
"SNP_A-2290635"	11	7089091	0.208602
"SNP_A-4223366"	11	7100789	0.088234
"SNP_A-1957808"	11	7101428	0.345961
"SNP_A-4219802"	11	7111176	0.167997
"SNP_A-4240255"	11	7152070	0.308734
"SNP_A-2007506"	11	7164400	0.157983
"SNP_A-2069199"	11	7172817	-0.293436
"SNP_A-1894413"	11	7184263	-0.057863
"SNP_A-1886267"	11	7211075	0.280045
"SNP_A-1880510"	11	7213717	0.040056
"SNP_A-1827732"	11	7214050	-0.1734
"SNP_A-1806862"	11	7214147	0.321312
"SNP_A-1958929"	11	7217952	0.086055
"SNP_A-1846824"	11	7223792	0.232347
"SNP_A-1810451"	11	7234696	0.074002
"SNP_A-2273965"	11	7234854	0.026799
"SNP_A-1781977"	11	7234977	0.227419
"SNP_A-4228526"	11	7237726	0.064392
"SNP_A-2108812"	11	7237862	-0.167545
"SNP_A-2207154"	11	7239747	0.020675
"SNP_A-4220577"	11	7239825	-0.041679
"SNP_A-1826127"	11	7239955	0.127182
"SNP_A-2104632"	11	7268254	0.167858
"SNP_A-2036735"	11	7268474	-0.024432
"SNP_A-4236174"	11	7270250	-0.426899
"SNP_A-2214865"	11	7277233	0.014133
"SNP_A-1952981"	11	7282516	0.035828
"SNP_A-1949976"	11	7282690	0.111648
"SNP_A-4232524"	11	7282788	0.169352
"SNP_A-2025903"	11	7292399	0.357041
"SNP_A-4229906"	11	7300338	-0.007897
"SNP_A-4214675"	11	7332881	-0.02979
"SNP_A-4197276"	11	7347828	0.040252
"SNP_A-4205057"	11	7359094	0.013812
"SNP_A-2244106"	11	7359783	0.320558
"SNP_A-4216883"	11	7373711	0.287742
"SNP_A-2035490"	11	7375042	0.489258
"SNP_A-2134346"	11	7375511	0.220354
"SNP_A-1861769"	11	7375726	0.090962
"SNP_A-1807148"	11	7375953	0.03597
"SNP_A-2154004"	11	7376191	0.364076
"SNP_A-2293635"	11	7397977	0.404723
"SNP_A-2170320"	11	7398714	0.281567
"SNP_A-2093560"	11	7402481	0.304889
"SNP_A-4219798"	11	7434616	0.102509
"SNP_A-1789268"	11	7438802	-0.020806
"SNP_A-2257140"	11	7442498	-0.113067
"SNP_A-2161399"	11	7477139	0.078821
"SNP_A-2007532"	11	7488751	0.201764
"SNP_A-4228412"	11	7505658	0.18168
"SNP_A-1919575"	11	7516506	0.189612
"SNP_A-2227273"	11	7544815	0.110358
"SNP_A-2286693"	11	7545042	0.175021
"SNP_A-2145611"	11	7545167	0.262704
"SNP_A-2229798"	11	7546172	-0.008052
"SNP_A-2001676"	11	7556781	-0.156544
"SNP_A-2254521"	11	7563074	0.196696
"SNP_A-2116643"	11	7588961	0.161454
"SNP_A-2056335"	11	7608961	0.182824
"SNP_A-4196463"	11	7626736	0.570165
"SNP_A-2247483"	11	7626825	0.125518
"SNP_A-2223640"	11	7629591	0.192344
"SNP_A-2244504"	11	7632155	-0.28564
"SNP_A-2181607"	11	7632595	-0.175836
"SNP_A-2200202"	11	7642041	0.204489
"SNP_A-2278141"	11	7643250	-0.026308
"SNP_A-1793630"	11	7671603	0.118841
"SNP_A-4221477"	11	7684448	0.008187
"SNP_A-4225731"	11	7684462	-0.08124
"SNP_A-1927929"	11	7704530	-0.139312
"SNP_A-4221668"	11	7705050	0.529142
"SNP_A-4200312"	11	7705135	-0.005313
"SNP_A-4214676"	11	7707730	0.413442
"SNP_A-2007536"	11	7707935	0.079614
"SNP_A-4214677"	11	7707965	-0.171907
"SNP_A-4222615"	11	7731884	-0.084961
"SNP_A-4194560"	11	7731897	0.098335
"SNP_A-2285300"	11	7732049	0.215833
"SNP_A-1860676"	11	7738998	0.043772
"SNP_A-2199801"	11	7741118	0.565068
"SNP_A-2214876"	11	7741343	0.331199
"SNP_A-4221258"	11	7803082	0.493664
"SNP_A-1843683"	11	7809814	0.511652
"SNP_A-4239286"	11	7810509	0.169962
"SNP_A-2116422"	11	7815651	0.046491
"SNP_A-4241093"	11	7835752	-0.203307
"SNP_A-2084093"	11	7835815	0.049351
"SNP_A-1943922"	11	7856213	0.673868
"SNP_A-1904652"	11	7867792	0.083563
"SNP_A-1928686"	11	7874870	0.074455
"SNP_A-2254535"	11	7897691	0.011223
"SNP_A-2227488"	11	7923218	0.174771
"SNP_A-2209104"	11	7923891	0.031907
"SNP_A-2114250"	11	7927361	0.156101
"SNP_A-4216833"	11	7927503	-0.06058
"SNP_A-2007564"	11	7945148	0.175433
"SNP_A-2001679"	11	7945757	-0.145423
"SNP_A-1899314"	11	7959885	0.406065
"SNP_A-2001680"	11	7976366	0.110046
"SNP_A-2023401"	11	7993714	-0.110705
"SNP_A-2001681"	11	7994173	0.111904
"SNP_A-2111698"	11	7994440	0.448805
"SNP_A-1821273"	11	8013324	0.239208
"SNP_A-2268579"	11	8054829	0.133949
"SNP_A-4193867"	11	8055693	-0.1246
"SNP_A-2042251"	11	8055765	0.027434
"SNP_A-2068487"	11	8056489	0.10018
"SNP_A-2085585"	11	8060567	-0.157579
"SNP_A-2265836"	11	8066385	0.132052
"SNP_A-2001683"	11	8089751	0.611662
"SNP_A-2242091"	11	8110555	0.19348
"SNP_A-2067496"	11	8111027	0.155537
"SNP_A-4235359"	11	8111720	-0.137917
"SNP_A-1790311"	11	8123798	0.207839
"SNP_A-1885062"	11	8128726	0.073042
"SNP_A-1898449"	11	8137470	0.092396
"SNP_A-1899406"	11	8149820	0.018251
"SNP_A-2115374"	11	8151168	0.210978
"SNP_A-1942316"	11	8151190	-0.012288
"SNP_A-4238740"	11	8151840	0.288617
"SNP_A-2093999"	11	8157501	-0.07469
"SNP_A-4193846"	11	8157701	0.033012
"SNP_A-2218051"	11	8157762	-0.156956
"SNP_A-2007568"	11	8158988	0.170784
"SNP_A-2073106"	11	8159303	-0.129353
"SNP_A-4239807"	11	8207400	0.395969
"SNP_A-1904109"	11	8225525	0.186805
"SNP_A-4226007"	11	8256459	-0.127306
"SNP_A-2218525"	11	8265740	0.462599
"SNP_A-2057633"	11	8274082	-0.024928
"SNP_A-2001686"	11	8277704	0.300699
"SNP_A-1861472"	11	8296429	0.080486
"SNP_A-2297100"	11	8296470	0.018872
"SNP_A-4200522"	11	8296639	-0.058513
"SNP_A-2044100"	11	8299937	0.26353
"SNP_A-1882661"	11	8325701	0.437938
"SNP_A-4218027"	11	8325868	0.276514
"SNP_A-2001687"	11	8326899	0.203595
"SNP_A-4221756"	11	8335252	0.263509
"SNP_A-4227121"	11	8335328	0.065535
"SNP_A-2133887"	11	8345527	0.305903
"SNP_A-2251420"	11	8345806	-0.092627
"SNP_A-2209334"	11	8346535	-0.081372
"SNP_A-2141998"	11	8372604	-0.252271
"SNP_A-4197506"	11	8388233	-0.030041
"SNP_A-2068702"	11	8388525	0.381095
"SNP_A-4214679"	11	8390440	0.486541
"SNP_A-1907123"	11	8398630	0.590353
"SNP_A-4218912"	11	8419295	-0.101048
"SNP_A-4220390"	11	8420198	0.286776
"SNP_A-1822723"	11	8430591	0.094457
"SNP_A-1960513"	11	8450005	0.223234
"SNP_A-4234103"	11	8456621	0.356177
"SNP_A-2196459"	11	8456956	-0.403077
"SNP_A-1899950"	11	8459523	0.32923
"SNP_A-2007580"	11	8459967	0.421173
"SNP_A-4204372"	11	8460750	0.38064
"SNP_A-4218111"	11	8461195	0.326876
"SNP_A-2310924"	11	8461430	-0.171654
"SNP_A-1913017"	11	8508253	0.029661
"SNP_A-2310075"	11	8508492	-0.028956
"SNP_A-4231065"	11	8521354	-0.278526
"SNP_A-4225988"	11	8525761	0.187568
"SNP_A-4225176"	11	8542191	-0.00216
"SNP_A-2229381"	11	8547068	0.030661
"SNP_A-2290045"	11	8555549	0.306317
"SNP_A-1788462"	11	8598315	0.077607
"SNP_A-2046809"	11	8600565	-0.588434
"SNP_A-2154031"	11	8609935	0.152856
"SNP_A-4207437"	11	8653448	0.381032
"SNP_A-2233022"	11	8681844	0.339381
"SNP_A-4205176"	11	8682202	-0.145649
"SNP_A-1897250"	11	8687209	0.199149
"SNP_A-1937829"	11	8708216	0.193071
"SNP_A-2007582"	11	8755429	0.391718
"SNP_A-2176270"	11	8756325	0.304219
"SNP_A-2051440"	11	8758194	0.313295
"SNP_A-2007584"	11	8761837	-0.219364
"SNP_A-4214681"	11	8761883	0.057936
"SNP_A-2007585"	11	8761950	0.175571
"SNP_A-2120299"	11	8765208	0.482199
"SNP_A-4198715"	11	8801485	0.151038
"SNP_A-4238374"	11	8856104	0.28732
"SNP_A-2050070"	11	8856244	0.128691
"SNP_A-1891469"	11	8856970	0.244612
"SNP_A-2001694"	11	8865393	0.159159
"SNP_A-1938499"	11	8890429	0.165221
"SNP_A-2216378"	11	8891748	0.098171
"SNP_A-1821349"	11	8894625	0.15493
"SNP_A-2253662"	11	8894700	0.153902
"SNP_A-2001697"	11	8895510	-0.112662
"SNP_A-1956165"	11	8914546	-0.255632
"SNP_A-2170739"	11	8924086	-0.138897
"SNP_A-2279135"	11	8924168	0.278867
"SNP_A-4237858"	11	8932352	0.090131
"SNP_A-2058115"	11	8949885	0.028573
"SNP_A-2269538"	11	8951543	-0.006611
"SNP_A-2048601"	11	9001343	-0.47284
"SNP_A-4192560"	11	9021842	-0.073625
"SNP_A-2112827"	11	9038237	0.431132
"SNP_A-2113429"	11	9073412	0.190633
"SNP_A-2089755"	11	9081257	-0.291854
"SNP_A-1807626"	11	9094625	0.259903
"SNP_A-2207187"	11	9100124	0.12966
"SNP_A-2118342"	11	9138795	0.138432
"SNP_A-4222624"	11	9198024	0.239729
"SNP_A-2072235"	11	9212572	0.173451
"SNP_A-2289841"	11	9268610	-0.027712
"SNP_A-2120848"	11	9292925	-0.012343
"SNP_A-2174246"	11	9309356	-0.127372
"SNP_A-1811127"	11	9314832	0.451681
"SNP_A-2046359"	11	9345966	0.232686
"SNP_A-4224116"	11	9388462	0.136776
"SNP_A-1843095"	11	9397984	0.395798
"SNP_A-1840013"	11	9406953	-0.144743
"SNP_A-2053230"	11	9411950	0.039807
"SNP_A-2055118"	11	9419110	0.075055
"SNP_A-2207286"	11	9493442	0.060596
"SNP_A-2265368"	11	9500492	0.103357
"SNP_A-4223138"	11	9512693	0.298156
"SNP_A-2114612"	11	9525039	-0.009212
"SNP_A-2092675"	11	9546416	0.2547
"SNP_A-2007599"	11	9571659	0.279976
"SNP_A-2114893"	11	9585378	0.487709
"SNP_A-2224939"	11	9587545	0.17032
"SNP_A-4200001"	11	9604900	0.157042
"SNP_A-1839459"	11	9623048	0.054055
"SNP_A-2209828"	11	9681193	0.319577
"SNP_A-2148644"	11	9681413	-0.035598
"SNP_A-1844695"	11	9686717	0.037823
"SNP_A-4193369"	11	9686762	-0.264362
"SNP_A-2227741"	11	9691274	0.395587
"SNP_A-1894743"	11	9698659	0.282051
"SNP_A-2259256"	11	9706221	-0.021427
"SNP_A-2141602"	11	9717303	0.180155
"SNP_A-2080888"	11	9742593	0.66436
"SNP_A-4231364"	11	9745546	0.144947
"SNP_A-2007608"	11	9769884	-0.224393
"SNP_A-4230939"	11	9774581	0.461292
"SNP_A-2173247"	11	9825416	0.140384
"SNP_A-2231311"	11	9827592	0.208368
"SNP_A-1945957"	11	9832095	0.135315
"SNP_A-2007615"	11	9852679	0.060764
"SNP_A-4214682"	11	9852741	0.339372
"SNP_A-4198675"	11	9856689	0.246916
"SNP_A-1791551"	11	9857034	0.542633
"SNP_A-2007616"	11	9857911	0.116552
"SNP_A-4214683"	11	9859168	0.259075
"SNP_A-2007618"	11	9859373	0.289754
"SNP_A-2285755"	11	9870165	0.217301
"SNP_A-1873706"	11	9874544	-0.090391
"SNP_A-1917939"	11	9875842	0.106398
"SNP_A-2007623"	11	9877034	0.222955
"SNP_A-2007624"	11	9877113	0.028424
"SNP_A-4203735"	11	9899008	-0.044974
"SNP_A-4205236"	11	9905154	-0.183207
"SNP_A-4218073"	11	9919633	0.231703
"SNP_A-4227656"	11	9921797	0.140859
"SNP_A-1836550"	11	9934547	0.013877
"SNP_A-2052403"	11	9937741	0.449936
"SNP_A-2149339"	11	9937873	0.050332
"SNP_A-2124812"	11	9939979	0.284118
"SNP_A-4198187"	11	9940714	0.326476
"SNP_A-2242164"	11	9959825	0.039056
"SNP_A-1817014"	11	9960198	0.317072
"SNP_A-2173547"	11	9984119	0.137354
"SNP_A-2221390"	11	10013072	-0.038846
"SNP_A-2302197"	11	10019309	0.142109
"SNP_A-2115077"	11	10046462	-0.33129
"SNP_A-1800787"	11	10052263	-0.03555
"SNP_A-1845489"	11	10052816	0.132927
"SNP_A-2207899"	11	10053592	0.243503
"SNP_A-1799359"	11	10073910	0.536279
"SNP_A-4207156"	11	10073964	-0.380548
"SNP_A-4225202"	11	10097795	0.497011
"SNP_A-2309502"	11	10101401	0.425382
"SNP_A-1936747"	11	10106788	0.323921
"SNP_A-2136809"	11	10116459	0.120506
"SNP_A-2056476"	11	10157761	0.196297
"SNP_A-1929352"	11	10167703	-0.03038
"SNP_A-4220435"	11	10168778	0.203335
"SNP_A-2227395"	11	10183969	0.105314
"SNP_A-4203424"	11	10189289	0.021108
"SNP_A-4214687"	11	10211359	0.549743
"SNP_A-2271911"	11	10244564	0.345455
"SNP_A-2251304"	11	10251416	-0.044658
"SNP_A-2143109"	11	10251679	-0.264623
"SNP_A-2215566"	11	10252227	-0.473798
"SNP_A-4195442"	11	10253243	0.137852
"SNP_A-4214689"	11	10258592	0.309964
"SNP_A-2007654"	11	10259114	0.170945
"SNP_A-1879716"	11	10260515	0.074528
"SNP_A-2192340"	11	10262604	0.273066
"SNP_A-1818598"	11	10325916	0.538433
"SNP_A-1802027"	11	10335389	0.293073
"SNP_A-1808926"	11	10335672	0.040238
"SNP_A-2233893"	11	10341953	-0.577912
"SNP_A-2041425"	11	10355697	-0.432736
"SNP_A-2084730"	11	10360115	-0.293632
"SNP_A-2103255"	11	10368468	-0.003408
"SNP_A-1942102"	11	10380683	0.263235
"SNP_A-2163152"	11	10380873	0.339181
"SNP_A-2181836"	11	10380916	0.203478
"SNP_A-2270151"	11	10381085	0.065438
"SNP_A-2278439"	11	10381185	0.270271
"SNP_A-2144175"	11	10381291	0.535327
"SNP_A-1899961"	11	10381515	0.226364
"SNP_A-2171897"	11	10381903	0.213533
"SNP_A-1870989"	11	10381993	0.044785
"SNP_A-1893025"	11	10382086	0.037224
"SNP_A-2042257"	11	10389504	0.235587
"SNP_A-2046581"	11	10390002	0.544392
"SNP_A-1856999"	11	10392327	-0.063873
"SNP_A-4214691"	11	10417172	0.274773
"SNP_A-2078704"	11	10419825	0.03428
"SNP_A-4239308"	11	10457237	0.144602
"SNP_A-1949826"	11	10458791	0.257646
"SNP_A-2309723"	11	10463283	0.099811
"SNP_A-1929166"	11	10473410	0.142385
"SNP_A-2212299"	11	10473570	-0.023083
"SNP_A-2029091"	11	10481182	-0.030656
"SNP_A-1936408"	11	10482495	0.209502
"SNP_A-4203950"	11	10491442	0.377238
"SNP_A-1924842"	11	10492692	0.709087
"SNP_A-4214692"	11	10515175	0.096417
"SNP_A-2001706"	11	10533973	0.122578
"SNP_A-2114919"	11	10578854	0.045348
"SNP_A-4218796"	11	10596365	0.102447
"SNP_A-1789357"	11	10616465	0.184039
"SNP_A-2111094"	11	10623102	0.236407
"SNP_A-4214693"	11	10636335	0.240365
"SNP_A-2202613"	11	10644263	-0.111589
"SNP_A-1882909"	11	10652522	0.022494
"SNP_A-2287602"	11	10667780	-0.12786
"SNP_A-1942387"	11	10687255	0.344141
"SNP_A-2201842"	11	10693749	-0.269831
"SNP_A-2268403"	11	10694952	0.322399
"SNP_A-2188131"	11	10697125	-0.165871
"SNP_A-2007692"	11	10701970	-0.060067
"SNP_A-4236975"	11	10727616	0.173196
"SNP_A-2295993"	11	10728102	-0.038262
"SNP_A-2097924"	11	10770189	0.143518
"SNP_A-4199713"	11	10776440	-0.136441
"SNP_A-2007699"	11	10777631	-0.402658
"SNP_A-1921740"	11	10783994	0.092248
"SNP_A-1852358"	11	10802693	0.058476
"SNP_A-1910563"	11	10809398	0.070011
"SNP_A-1829456"	11	10822315	-0.130647
"SNP_A-2090351"	11	10822603	0.269459
"SNP_A-1814316"	11	10830511	0.152514
"SNP_A-2098202"	11	10875663	0.305694
"SNP_A-1886831"	11	10878088	0.115916
"SNP_A-4214102"	11	10904828	0.34957
"SNP_A-4200723"	11	10916024	0.491702
"SNP_A-2305409"	11	10922328	0.299542
"SNP_A-2239880"	11	10922397	0.120313
"SNP_A-2032213"	11	10923862	-0.046441
"SNP_A-4204628"	11	10924214	1.071156
"SNP_A-4234508"	11	10957206	0.051599
"SNP_A-2272293"	11	10957337	0.113303
"SNP_A-2007714"	11	10962086	-0.423091
"SNP_A-4214694"	11	10962273	0.238267
"SNP_A-2007716"	11	10962471	-0.021707
"SNP_A-2210555"	11	10967280	0.19106
"SNP_A-2239349"	11	10967600	0.319458
"SNP_A-1869106"	11	10976385	0.33081
"SNP_A-2297666"	11	10976892	0.089301
"SNP_A-1805662"	11	10976945	0.401333
"SNP_A-2106469"	11	10981160	0.060093
"SNP_A-1957489"	11	10981358	0.494583
"SNP_A-1856561"	11	10985638	0.318594
"SNP_A-2265698"	11	10986547	0.054838
"SNP_A-4202135"	11	10991925	-0.035608
"SNP_A-2159846"	11	10992073	0.034178
"SNP_A-2204717"	11	10994284	0.004802
"SNP_A-4240160"	11	10994430	-0.366752
"SNP_A-2007720"	11	11002835	-0.36723
"SNP_A-2007721"	11	11003055	-0.100115
"SNP_A-2302089"	11	11003956	0.044739
"SNP_A-1791770"	11	11004225	0.098977
"SNP_A-1903211"	11	11017499	0.062326
"SNP_A-4223015"	11	11039542	0.443834
"SNP_A-1945853"	11	11043206	0.040787
"SNP_A-2217618"	11	11048962	0.101846
"SNP_A-2258341"	11	11050032	0.229659
"SNP_A-2033940"	11	11059118	0.004163
"SNP_A-4228995"	11	11059142	0.159128
"SNP_A-1934138"	11	11072224	0.272798
"SNP_A-1879638"	11	11072601	0.339887
"SNP_A-4225261"	11	11073168	-0.107161
"SNP_A-2314582"	11	11075598	0.024446
"SNP_A-2167354"	11	11075681	0.167566
"SNP_A-1882728"	11	11075804	0.276126
"SNP_A-2219790"	11	11096657	0.139632
"SNP_A-2160232"	11	11107406	0.181245
"SNP_A-1850554"	11	11107687	0.101201
"SNP_A-2088071"	11	11114681	0.105664
"SNP_A-4230866"	11	11135678	0.293741
"SNP_A-1816681"	11	11164749	0.016385
"SNP_A-1951648"	11	11182688	-0.074456
"SNP_A-1948088"	11	11182712	0.268565
"SNP_A-2031920"	11	11183751	0.245621
"SNP_A-4234715"	11	11184526	0.312958
"SNP_A-1870613"	11	11184554	-0.025398
"SNP_A-1810098"	11	11184950	0.148488
"SNP_A-2087524"	11	11213067	0.23051
"SNP_A-1839433"	11	11228193	0.410098
"SNP_A-2148182"	11	11235786	0.0791
"SNP_A-4239830"	11	11241421	-0.117384
"SNP_A-2186665"	11	11242881	0.133962
"SNP_A-1784453"	11	11258440	-0.094569
"SNP_A-2079900"	11	11269076	0.011924
"SNP_A-1901854"	11	11269265	0.047973
"SNP_A-1857669"	11	11269413	-0.223251
"SNP_A-2007747"	11	11274865	0.165357
"SNP_A-2001712"	11	11274975	0.233826
"SNP_A-1792150"	11	11279857	0.271781
"SNP_A-2181213"	11	11288299	-0.606169
"SNP_A-2106116"	11	11292091	-0.036813
"SNP_A-4223396"	11	11292354	0.170424
"SNP_A-2251272"	11	11316462	0.020118
"SNP_A-2083346"	11	11320602	-0.267092
"SNP_A-2099450"	11	11322567	0.026471
"SNP_A-4192844"	11	11322906	0.060432
"SNP_A-4240503"	11	11323483	0.018953
"SNP_A-2313910"	11	11324746	-0.120067
"SNP_A-4200055"	11	11325103	-0.017362
"SNP_A-2241726"	11	11330536	-0.213368
"SNP_A-2184447"	11	11331505	0.180314
"SNP_A-2240082"	11	11344701	-0.30256
"SNP_A-2039182"	11	11346019	0.058253
"SNP_A-4201094"	11	11346158	0.084293
"SNP_A-1838276"	11	11352559	-0.290901
"SNP_A-1796074"	11	11352817	0.231762
"SNP_A-2189451"	11	11378255	-0.047738
"SNP_A-2302797"	11	11391027	0.344411
"SNP_A-2034067"	11	11398772	0.200464
"SNP_A-2072242"	11	11429193	-0.39733
"SNP_A-2152688"	11	11460104	0.160849
"SNP_A-1944715"	11	11463667	0.541976
"SNP_A-2208728"	11	11468850	0.14754
"SNP_A-1878305"	11	11468881	0.496967
"SNP_A-4222279"	11	11480555	0.060264
"SNP_A-1911585"	11	11488807	0.172389
"SNP_A-1958578"	11	11488870	-0.426386
"SNP_A-1881270"	11	11490601	-0.055158
"SNP_A-2183023"	11	11500992	0.398265
"SNP_A-2228523"	11	11501166	0.124438
"SNP_A-4239674"	11	11504282	-0.061751
"SNP_A-2272102"	11	11507152	-0.339977
"SNP_A-4240718"	11	11547337	0.262328
"SNP_A-2050013"	11	11547422	0.31697
"SNP_A-2077278"	11	11549487	0.310676
"SNP_A-1861500"	11	11569529	0.218139
"SNP_A-1934083"	11	11601176	0.448243
"SNP_A-2024127"	11	11662867	-0.136976
"SNP_A-1943834"	11	11667979	0.160559
"SNP_A-2172067"	11	11706756	0.13262
"SNP_A-2199320"	11	11717646	0.05502
"SNP_A-4196716"	11	11718129	0.306219
"SNP_A-2145625"	11	11718868	0.058286
"SNP_A-2007778"	11	11741202	0.38905
"SNP_A-1906888"	11	11764863	0.829257
"SNP_A-2007783"	11	11771277	0.499145
"SNP_A-2190009"	11	11774554	0.551524
"SNP_A-4239437"	11	11774620	0.381028
"SNP_A-2007784"	11	11777025	0.666136
"SNP_A-2007786"	11	11777209	0.371441
"SNP_A-1847228"	11	11783495	0.313123
"SNP_A-4206868"	11	11784157	0.296056
"SNP_A-2211012"	11	11797501	0.040969
"SNP_A-2158290"	11	11801092	0.320093
"SNP_A-2174796"	11	11806675	0.253586
"SNP_A-2062431"	11	11806921	0.2469
"SNP_A-1944087"	11	11814065	0.109823
"SNP_A-1850785"	11	11814890	0.721881
"SNP_A-4236333"	11	11846330	-0.088679
"SNP_A-4223696"	11	11849793	0.018651
"SNP_A-2001725"	11	11875274	-0.285038
"SNP_A-2048443"	11	11931629	0.433844
"SNP_A-2217827"	11	11932076	0.178084
"SNP_A-2246944"	11	11936168	0.398401
"SNP_A-2007790"	11	11936250	-0.178925
"SNP_A-2001726"	11	11937025	0.284603
"SNP_A-1915505"	11	11941430	-0.018502
"SNP_A-1946681"	11	11952757	0.08699
"SNP_A-2298964"	11	11959083	-0.00359
"SNP_A-1878864"	11	11959140	0.089354
"SNP_A-2301726"	11	11960742	0.114311
"SNP_A-2211952"	11	11964354	0.536682
"SNP_A-2288860"	11	11966145	-0.173237
"SNP_A-2084576"	11	11966395	-0.016726
"SNP_A-4214103"	11	11973104	0.335088
"SNP_A-2236115"	11	11995777	-0.00627
"SNP_A-1831932"	11	11995854	-0.32017
"SNP_A-4235733"	11	11997396	-0.080121
"SNP_A-4237128"	11	11997446	0.203159
"SNP_A-2001727"	11	11998072	0.124404
"SNP_A-1802602"	11	12001084	0.391582
"SNP_A-2204105"	11	12028789	0.735536
"SNP_A-4230487"	11	12051362	0.069207
"SNP_A-1827103"	11	12073334	0.039138
"SNP_A-1955693"	11	12092180	0.088157
"SNP_A-1809111"	11	12105716	-0.005753
"SNP_A-1929813"	11	12106062	-0.097825
"SNP_A-2149468"	11	12106107	0.463432
"SNP_A-4214703"	11	12113429	0.131428
"SNP_A-1895444"	11	12113578	-0.030681
"SNP_A-2007795"	11	12113841	0.353113
"SNP_A-2217324"	11	12122809	-0.1438
"SNP_A-1815667"	11	12132301	0.076906
"SNP_A-2075201"	11	12150320	0.221533
"SNP_A-2218216"	11	12151334	-0.274386
"SNP_A-2100702"	11	12175073	0.071362
"SNP_A-2206769"	11	12201919	0.282824
"SNP_A-2304720"	11	12202026	0.44858
"SNP_A-4223441"	11	12202335	-0.561115
"SNP_A-2218480"	11	12210000	0.083594
"SNP_A-1958045"	11	12210124	0.270723
"SNP_A-2007815"	11	12221659	-0.238981
"SNP_A-2007816"	11	12221797	0.093649
"SNP_A-2007817"	11	12222118	0.544494
"SNP_A-2007819"	11	12241526	-0.113907
"SNP_A-1897875"	11	12247388	0.385891
"SNP_A-2043420"	11	12251185	0.037897
"SNP_A-2254379"	11	12253386	0.029279
"SNP_A-2027593"	11	12255138	-0.482423
"SNP_A-1789318"	11	12268475	0.049312
"SNP_A-2251594"	11	12269126	-0.424746
"SNP_A-2007824"	11	12283141	0.05701
"SNP_A-4219478"	11	12285502	0.250507
"SNP_A-1917746"	11	12285819	0.119384
"SNP_A-1866480"	11	12299499	-0.061447
"SNP_A-2207171"	11	12300316	0.399575
"SNP_A-2069608"	11	12301381	0.020935
"SNP_A-1814131"	11	12310553	0.260068
"SNP_A-2065020"	11	12312128	-0.092195
"SNP_A-2103687"	11	12321671	0.090348
"SNP_A-4176571"	11	12340131	0.193239
"SNP_A-2265116"	11	12350516	0.050545
"SNP_A-1809457"	11	12354108	0.147149
"SNP_A-1935315"	11	12354210	-0.144261
"SNP_A-1795391"	11	12385952	-0.140599
"SNP_A-1945482"	11	12386069	0.372049
"SNP_A-1854145"	11	12394102	-0.196781
"SNP_A-1823304"	11	12394252	0.13067
"SNP_A-2183589"	11	12405823	0.063387
"SNP_A-4234649"	11	12405971	-0.33833
"SNP_A-1912030"	11	12439144	-0.290285
"SNP_A-2041287"	11	12474058	0.50068
"SNP_A-1930616"	11	12478568	0.003396
"SNP_A-4238503"	11	12482035	0.085292
"SNP_A-2043381"	11	12483472	0.158089
"SNP_A-4202468"	11	12485052	0.247627
"SNP_A-4204283"	11	12485065	0.27128
"SNP_A-2239259"	11	12486283	0.005168
"SNP_A-2312788"	11	12506337	0.153852
"SNP_A-2135529"	11	12508420	0.276781
"SNP_A-1835769"	11	12508937	0.30004
"SNP_A-1791748"	11	12510050	-0.09357
"SNP_A-2255373"	11	12518710	-0.038742
"SNP_A-4229972"	11	12522762	0.394327
"SNP_A-1808909"	11	12523493	-0.055115
"SNP_A-2296041"	11	12537621	-0.059606
"SNP_A-4239086"	11	12546493	0.471184
"SNP_A-2066449"	11	12546692	0.232904
"SNP_A-2001732"	11	12547172	0.096042
"SNP_A-2186042"	11	12551239	0.284213
"SNP_A-2211360"	11	12555903	0.075233
"SNP_A-1859721"	11	12581803	0.26404
"SNP_A-2106133"	11	12598494	-0.110891
"SNP_A-1914871"	11	12602275	-0.020642
"SNP_A-2001735"	11	12621117	-0.002232
"SNP_A-2001736"	11	12621199	0.016328
"SNP_A-1952095"	11	12647583	-0.197129
"SNP_A-2245582"	11	12660137	-0.022419
"SNP_A-2046215"	11	12677136	-0.415513
"SNP_A-2007849"	11	12677629	0.280773
"SNP_A-1780965"	11	12695226	0.069096
"SNP_A-2001737"	11	12695264	-0.068089
"SNP_A-1850134"	11	12704498	0.163797
"SNP_A-1859238"	11	12716410	0.201116
"SNP_A-2275134"	11	12717185	0.126027
"SNP_A-1923557"	11	12734196	0.128608
"SNP_A-4214707"	11	12762392	0.175353
"SNP_A-2007851"	11	12762907	0.139728
"SNP_A-1821456"	11	12763571	0.168334
"SNP_A-2037572"	11	12771974	0.013618
"SNP_A-1870100"	11	12773002	-0.196573
"SNP_A-1866913"	11	12794862	0.247444
"SNP_A-4236132"	11	12800877	0.398825
"SNP_A-2007862"	11	12820686	0.124679
"SNP_A-2040134"	11	12822017	0.33536
"SNP_A-4221559"	11	12823836	-0.12218
"SNP_A-2007864"	11	12828732	0.235645
"SNP_A-2209227"	11	12850051	0.182315
"SNP_A-2205658"	11	12852591	0.264225
"SNP_A-4226004"	11	12853166	0.120643
"SNP_A-2213938"	11	12853212	-0.308221
"SNP_A-1845236"	11	12865722	0.12426
"SNP_A-2303129"	11	12865852	-0.207615
"SNP_A-1840754"	11	12874326	0.310902
"SNP_A-4214708"	11	12878861	0.093581
"SNP_A-4214709"	11	12879375	0.369061
"SNP_A-2007867"	11	12885696	-0.008736
"SNP_A-1951773"	11	12889917	-0.249927
"SNP_A-2250256"	11	12890001	-0.222127
"SNP_A-2232050"	11	12890259	0.011155
"SNP_A-2272675"	11	12892314	-0.043954
"SNP_A-1866768"	11	12900279	-0.217318
"SNP_A-2084353"	11	12902761	-0.211128
"SNP_A-2215851"	11	12911273	0.150732
"SNP_A-1959078"	11	12911350	0.214325
"SNP_A-2007871"	11	12918973	0.204174
"SNP_A-1929215"	11	12919698	0.419975
"SNP_A-2246098"	11	12935715	-0.079559
"SNP_A-2219241"	11	12952477	-0.078999
"SNP_A-2073715"	11	12956732	0.079439
"SNP_A-4236663"	11	12963297	0.379784
"SNP_A-2129609"	11	12963589	0.235575
"SNP_A-2007876"	11	12975794	0.120076
"SNP_A-4226817"	11	12976818	-0.6804
"SNP_A-2313656"	11	12977034	0.467653
"SNP_A-2079530"	11	12980219	0.12847
"SNP_A-2282965"	11	12982874	0.113212
"SNP_A-4223580"	11	12983471	-0.40901
"SNP_A-2302120"	11	13017606	0.238328
"SNP_A-4198443"	11	13019302	0.048079
"SNP_A-2048121"	11	13025516	-0.014878
"SNP_A-2137074"	11	13025878	0.113985
"SNP_A-2239203"	11	13027896	0.010446
"SNP_A-4225189"	11	13039048	0.046855
"SNP_A-2106777"	11	13047020	-0.42152
"SNP_A-2007881"	11	13052115	0.015716
"SNP_A-1817001"	11	13052692	0.081654
"SNP_A-2314843"	11	13052836	0.373513
"SNP_A-2007882"	11	13053050	-0.084739
"SNP_A-2105773"	11	13056122	0.241255
"SNP_A-1900088"	11	13056152	-0.240314
"SNP_A-2214538"	11	13056434	-0.075177
"SNP_A-1813943"	11	13056656	0.185644
"SNP_A-1780655"	11	13056714	-0.068965
"SNP_A-4234777"	11	13057221	-0.024346
"SNP_A-1820102"	11	13057878	-0.215223
"SNP_A-2007885"	11	13059466	-0.40879
"SNP_A-2007887"	11	13059689	-0.005463
"SNP_A-4214710"	11	13060347	0.280117
"SNP_A-1913791"	11	13060970	-0.015197
"SNP_A-4229803"	11	13061434	0.188882
"SNP_A-4196959"	11	13061448	-0.122698
"SNP_A-1854273"	11	13061947	0.243526
"SNP_A-2007889"	11	13062043	0.124975
"SNP_A-2007890"	11	13062140	0.467008
"SNP_A-1796828"	11	13062313	-0.114225
"SNP_A-1950887"	11	13078747	0.174275
"SNP_A-2001741"	11	13078776	0.154685
"SNP_A-1895807"	11	13081100	-0.056128
"SNP_A-2102536"	11	13081135	0.002357
"SNP_A-2200757"	11	13107093	0.3792
"SNP_A-2061789"	11	13111246	-0.311733
"SNP_A-4234578"	11	13115683	0.119754
"SNP_A-4229469"	11	13129535	0.037528
"SNP_A-4224277"	11	13130450	0.254097
"SNP_A-1847719"	11	13135203	0.507951
"SNP_A-2007892"	11	13138166	0.498253
"SNP_A-2074544"	11	13148355	0.12008
"SNP_A-2281872"	11	13159529	0.135005
"SNP_A-1864182"	11	13164955	0.174129
"SNP_A-1865478"	11	13175511	0.20291
"SNP_A-2167695"	11	13182589	0.412908
"SNP_A-4200309"	11	13184557	0.143281
"SNP_A-1851272"	11	13184740	-0.160823
"SNP_A-4214712"	11	13187209	-0.054513
"SNP_A-1903378"	11	13204100	-0.08215
"SNP_A-4214713"	11	13205223	0.202472
"SNP_A-4234329"	11	13206975	0.317781
"SNP_A-1871519"	11	13212066	0.334495
"SNP_A-2284549"	11	13212114	-0.226822
"SNP_A-2007896"	11	13216137	0.261978
"SNP_A-2007897"	11	13216354	-0.186175
"SNP_A-2007899"	11	13217107	-0.052294
"SNP_A-2007900"	11	13217286	0.252769
"SNP_A-2195409"	11	13232020	-0.005848
"SNP_A-2161789"	11	13234508	0.318183
"SNP_A-4217311"	11	13234537	0.322902
"SNP_A-1807613"	11	13234603	0.072475
"SNP_A-4197825"	11	13250844	0.0997
"SNP_A-1849146"	11	13258497	0.057638
"SNP_A-1809840"	11	13263224	0.234706
"SNP_A-2111557"	11	13263671	0.06433
"SNP_A-4204605"	11	13264170	0.014707
"SNP_A-1888753"	11	13324326	0.108378
"SNP_A-1888356"	11	13336549	0.403102
"SNP_A-2235284"	11	13348048	0.009389
"SNP_A-2035393"	11	13366374	0.256384
"SNP_A-1848223"	11	13366419	0.296389
"SNP_A-4193741"	11	13367920	-0.384967
"SNP_A-1916205"	11	13386397	0.176354
"SNP_A-2218220"	11	13386537	0.438231
"SNP_A-2156614"	11	13399354	0.630013
"SNP_A-2193241"	11	13399826	0.069259
"SNP_A-1882183"	11	13419429	-0.137448
"SNP_A-4207234"	11	13421460	0.085147
"SNP_A-1837324"	11	13435415	-0.054413
"SNP_A-1831582"	11	13439803	-0.068677
"SNP_A-1804810"	11	13480027	0.130266
"SNP_A-2135172"	11	13482815	-0.391823
"SNP_A-2188281"	11	13504193	0.185656
"SNP_A-2184607"	11	13504574	0.108937
"SNP_A-2090272"	11	13504676	0.104296
"SNP_A-4222167"	11	13506796	-0.25719
"SNP_A-2007910"	11	13530130	0.351882
"SNP_A-1914184"	11	13540048	0.618977
"SNP_A-2007913"	11	13540360	0.290721
"SNP_A-2007914"	11	13540442	0.013641
"SNP_A-1855584"	11	13541352	0.121369
"SNP_A-2073019"	11	13545519	0.244122
"SNP_A-2082100"	11	13545586	0.24847
"SNP_A-1840039"	11	13545731	0.000185
"SNP_A-1823396"	11	13554992	-0.043569
"SNP_A-2116513"	11	13574184	0.06747
"SNP_A-4216850"	11	13576748	-0.006049
"SNP_A-1853016"	11	13578990	0.133283
"SNP_A-2165726"	11	13592190	0.056661
"SNP_A-1948833"	11	13592306	0.520029
"SNP_A-4216624"	11	13592605	0.615402
"SNP_A-2054896"	11	13610654	-0.265898
"SNP_A-2038500"	11	13616373	0.063929
"SNP_A-2171374"	11	13625777	-0.064953
"SNP_A-2256482"	11	13635673	0.373578
"SNP_A-1797753"	11	13649068	0.2252
"SNP_A-2007916"	11	13653440	0.521938
"SNP_A-1792464"	11	13696132	0.49988
"SNP_A-1899839"	11	13696409	0.168373
"SNP_A-1781012"	11	13726579	-0.034521
"SNP_A-2259993"	11	13726813	0.088354
"SNP_A-1889145"	11	13749612	0.123504
"SNP_A-2177071"	11	13762122	-0.232795
"SNP_A-1909649"	11	13767203	-0.43871
"SNP_A-2096679"	11	13780493	-0.154195
"SNP_A-4193931"	11	13781377	-0.041075
"SNP_A-4220921"	11	13781403	0.013128
"SNP_A-1803921"	11	13782907	0.026821
"SNP_A-2167328"	11	13809930	-0.23161
"SNP_A-2196074"	11	13810559	0.19687
"SNP_A-4217167"	11	13810823	0.189319
"SNP_A-2103559"	11	13825796	0.078027
"SNP_A-1871525"	11	13833706	0.027469
"SNP_A-4222718"	11	13834287	0.571178
"SNP_A-2007933"	11	13843498	0.271973
"SNP_A-2276766"	11	13848715	0.198487
"SNP_A-4234621"	11	13851791	0.106831
"SNP_A-1788227"	11	13877677	0.159013
"SNP_A-2170284"	11	13881834	0.228402
"SNP_A-1816619"	11	13882056	0.157753
"SNP_A-2136142"	11	13882313	0.14099
"SNP_A-2235040"	11	13882655	0.049633
"SNP_A-1807628"	11	13883488	-0.072769
"SNP_A-2076020"	11	13895378	0.016261
"SNP_A-2057382"	11	13896612	0.225938
"SNP_A-4214717"	11	13896840	-0.092082
"SNP_A-2007934"	11	13897772	-0.125187
"SNP_A-4216158"	11	13900698	-0.037378
"SNP_A-1879852"	11	13903498	-0.016013
"SNP_A-2187683"	11	13923798	0.364548
"SNP_A-2007940"	11	13928090	0.033347
"SNP_A-4206920"	11	13932755	0.224224
"SNP_A-2175957"	11	13950074	0.559576
"SNP_A-4222960"	11	13954384	-0.125775
"SNP_A-1946868"	11	13954763	0.302882
"SNP_A-1791717"	11	13980710	0.122381
"SNP_A-1959019"	11	13982361	0.017609
"SNP_A-2007942"	11	13994054	0.141654
"SNP_A-2033881"	11	14008775	0.356285
"SNP_A-1838040"	11	14014762	-0.009208
"SNP_A-2073007"	11	14014854	-0.023024
"SNP_A-2144655"	11	14023125	-0.054585
"SNP_A-2045787"	11	14023376	0.085559
"SNP_A-2001750"	11	14030281	-0.325864
"SNP_A-4232315"	11	14031836	0.469637
"SNP_A-4205033"	11	14032026	0.109654
"SNP_A-2007947"	11	14034087	-0.03513
"SNP_A-2007948"	11	14034447	0.096708
"SNP_A-2007949"	11	14034727	0.093852
"SNP_A-2007950"	11	14043034	0.474837
"SNP_A-1794579"	11	14049611	-0.064267
"SNP_A-2295599"	11	14056612	-0.197723
"SNP_A-2245854"	11	14057378	0.231513
"SNP_A-2082874"	11	14057464	0.185415
"SNP_A-2061478"	11	14058326	-0.311817
"SNP_A-4216732"	11	14075677	0.298804
"SNP_A-2294116"	11	14091066	-0.061816
"SNP_A-2181117"	11	14098242	0.084809
"SNP_A-2052907"	11	14115013	0.042863
"SNP_A-1888844"	11	14129949	0.289595
"SNP_A-2106396"	11	14137750	0.257976
"SNP_A-1871324"	11	14141315	0.25282
"SNP_A-2062047"	11	14160768	-0.173278
"SNP_A-2275581"	11	14161064	0.074071
"SNP_A-1940474"	11	14181880	0.4201
"SNP_A-4239071"	11	14186609	0.180731
"SNP_A-2037425"	11	14187190	-0.437387
"SNP_A-2247003"	11	14192422	0.14554
"SNP_A-2197515"	11	14201028	0.215378
"SNP_A-2289199"	11	14244704	0.034942
"SNP_A-1822455"	11	14248953	0.419128
"SNP_A-4197918"	11	14288719	0.199767
"SNP_A-1921425"	11	14297080	-0.151831
"SNP_A-1785342"	11	14379338	0.457094
"SNP_A-2042336"	11	14390710	0.161068
"SNP_A-2185073"	11	14395576	0.086834
"SNP_A-1843704"	11	14402996	-0.215454
"SNP_A-4229400"	11	14448177	-0.054233
"SNP_A-2204048"	11	14485168	0.151959
"SNP_A-1864188"	11	14499118	0.128781
"SNP_A-2143323"	11	14588649	0.370855
"SNP_A-2138300"	11	14589146	0.156103
"SNP_A-2246437"	11	14596692	0.305357
"SNP_A-2063146"	11	14634821	0.497393
"SNP_A-1961156"	11	14637090	-0.22598
"SNP_A-1845097"	11	14712848	-0.120189
"SNP_A-1799294"	11	14767338	0.140909
"SNP_A-1903762"	11	14860212	0.208827
"SNP_A-2236082"	11	14879526	0.255235
"SNP_A-4222181"	11	14911180	0.404451
"SNP_A-2170501"	11	14912855	0.19016
"SNP_A-2253514"	11	14914283	0.378672
"SNP_A-2209162"	11	14914418	0.172784
"SNP_A-1902559"	11	14928183	0.19707
"SNP_A-2214583"	11	14928381	0.477583
"SNP_A-2303910"	11	14931053	-0.110211
"SNP_A-2274088"	11	14931161	-0.016967
"SNP_A-4225396"	11	14931317	0.322973
"SNP_A-2035193"	11	14931366	0.04193
"SNP_A-1920139"	11	14938475	0.230014
"SNP_A-2175129"	11	14955179	0.174197
"SNP_A-4205779"	11	14955765	0.280566
"SNP_A-2194300"	11	14986526	0.073365
"SNP_A-4200398"	11	15000911	0.310846
"SNP_A-4235078"	11	15036492	0.738821
"SNP_A-2135858"	11	15072394	0.093158
"SNP_A-2001752"	11	15090086	0.356576
"SNP_A-4235927"	11	15101026	-0.168593
"SNP_A-2184104"	11	15112676	0.117023
"SNP_A-2171668"	11	15128431	0.339712
"SNP_A-2007978"	11	15137499	-0.423396
"SNP_A-2007979"	11	15144081	-0.002932
"SNP_A-2075409"	11	15144280	0.268154
"SNP_A-1939698"	11	15144473	0.289901
"SNP_A-2185738"	11	15145985	0.263531
"SNP_A-2007980"	11	15153762	-0.168425
"SNP_A-2126525"	11	15173525	0.03367
"SNP_A-1873014"	11	15175834	0.246903
"SNP_A-2181040"	11	15176649	0.256241
"SNP_A-4230505"	11	15176980	0.098648
"SNP_A-2177678"	11	15177593	0.091466
"SNP_A-2237843"	11	15196176	0.128379
"SNP_A-2215547"	11	15196467	0.077813
"SNP_A-2068437"	11	15196790	0.051546
"SNP_A-2277748"	11	15214607	0.213935
"SNP_A-1800880"	11	15223466	0.040473
"SNP_A-2234606"	11	15235997	0.480089
"SNP_A-2007991"	11	15244475	-0.117114
"SNP_A-2112815"	11	15256698	0.468652
"SNP_A-2139284"	11	15282052	0.49102
"SNP_A-2250852"	11	15302149	0.512812
"SNP_A-1882598"	11	15320598	0.257727
"SNP_A-1846529"	11	15332445	0.01919
"SNP_A-1956710"	11	15332521	0.242645
"SNP_A-4223467"	11	15346657	-0.122758
"SNP_A-4207720"	11	15347206	-0.294364
"SNP_A-1818269"	11	15355177	0.394905
"SNP_A-4230518"	11	15364027	0.226242
"SNP_A-4222425"	11	15372097	0.019092
"SNP_A-2048305"	11	15373266	-0.102161
"SNP_A-1888584"	11	15389801	-0.119634
"SNP_A-2225069"	11	15400257	0.169397
"SNP_A-4234090"	11	15408823	0.218231
"SNP_A-2306994"	11	15427624	0.197218
"SNP_A-2208367"	11	15427773	0.159048
"SNP_A-1856952"	11	15450215	0.005105
"SNP_A-2097057"	11	15450400	0.080794
"SNP_A-2001755"	11	15478129	0.199135
"SNP_A-4216440"	11	15481834	-0.007164
"SNP_A-2205160"	11	15485462	0.074518
"SNP_A-1781462"	11	15485606	0.345483
"SNP_A-2200851"	11	15486262	0.143992
"SNP_A-1960502"	11	15493152	0.202503
"SNP_A-1958741"	11	15512207	-0.263164
"SNP_A-4235306"	11	15535033	0.109237
"SNP_A-2205246"	11	15540787	-0.063512
"SNP_A-2297118"	11	15571966	-0.040772
"SNP_A-2109496"	11	15576519	-0.006991
"SNP_A-1904617"	11	15576654	-0.069884
"SNP_A-1867044"	11	15577162	0.051095
"SNP_A-1864950"	11	15582765	0.012711
"SNP_A-2092740"	11	15582959	0.094564
"SNP_A-2138854"	11	15604603	0.161195
"SNP_A-4214725"	11	15604711	0.34897
"SNP_A-2128268"	11	15613167	0.144705
"SNP_A-4240036"	11	15613567	0.08242
"SNP_A-2293341"	11	15613584	0.09416
"SNP_A-1907100"	11	15614769	0.365307
"SNP_A-2313220"	11	15666560	0.187147
"SNP_A-1790127"	11	15666660	0.155255
"SNP_A-2310168"	11	15685991	0.174876
"SNP_A-1884953"	11	15686130	0.308611
"SNP_A-1942501"	11	15686419	0.611058
"SNP_A-4238381"	11	15693931	0.45294
"SNP_A-1883479"	11	15694322	-0.428735
"SNP_A-2255678"	11	15705830	-0.121177
"SNP_A-4218952"	11	15706767	0.406534
"SNP_A-1811740"	11	15716701	0.440133
"SNP_A-1843479"	11	15723102	0.032281
"SNP_A-4232534"	11	15770509	0.298986
"SNP_A-2008017"	11	15770573	-0.28305
"SNP_A-2008021"	11	15777602	-0.16163
"SNP_A-4236996"	11	15785619	0.561083
"SNP_A-2128023"	11	15840495	0.594372
"SNP_A-4195991"	11	15841156	0.454279
"SNP_A-2008026"	11	15856400	0.001149
"SNP_A-2193049"	11	15864697	0.488632
"SNP_A-1810304"	11	15865345	0.198399
"SNP_A-2078000"	11	15870567	0.038192
"SNP_A-4236385"	11	15877930	0.413879
"SNP_A-1900947"	11	15881319	-0.196981
"SNP_A-2102878"	11	15895656	0.075612
"SNP_A-4220497"	11	15896271	-0.466138
"SNP_A-2063347"	11	15937619	0.154463
"SNP_A-2190945"	11	15961138	0.135045
"SNP_A-1909232"	11	15963049	0.007403
"SNP_A-2178076"	11	15968059	0.280659
"SNP_A-1875522"	11	15972342	0.163584
"SNP_A-1882929"	11	15982750	0.284583
"SNP_A-2058849"	11	15982867	-0.117982
"SNP_A-1848690"	11	15983239	0.179497
"SNP_A-2025253"	11	15983392	-0.034749
"SNP_A-4214726"	11	15985670	-0.203114
"SNP_A-2132430"	11	15997049	-0.011826
"SNP_A-2008035"	11	16004493	-0.25845
"SNP_A-4214727"	11	16016409	0.102175
"SNP_A-2001763"	11	16038919	0.091872
"SNP_A-4214107"	11	16063090	-0.187286
"SNP_A-2008040"	11	16068558	0.277452
"SNP_A-2134883"	11	16086353	0.100914
"SNP_A-2008041"	11	16105375	0.299081
"SNP_A-2182203"	11	16135202	0.071668
"SNP_A-1798348"	11	16148674	0.347615
"SNP_A-2072800"	11	16148859	0.10916
"SNP_A-4225049"	11	16152464	0.551339
"SNP_A-4201453"	11	16152517	0.357187
"SNP_A-4195949"	11	16152913	0.732831
"SNP_A-1796640"	11	16155641	0.160759
"SNP_A-2074309"	11	16182317	0.15641
"SNP_A-1906210"	11	16198630	-0.481375
"SNP_A-2187369"	11	16198924	0.348907
"SNP_A-4197732"	11	16199151	0.08413
"SNP_A-2008048"	11	16211396	-0.161
"SNP_A-2008050"	11	16217674	0.059507
"SNP_A-1913116"	11	16219450	0.035787
"SNP_A-2131240"	11	16219931	-0.2902
"SNP_A-2164984"	11	16220303	-0.100926
"SNP_A-1947403"	11	16222459	0.165665
"SNP_A-2198306"	11	16222993	0.37133
"SNP_A-1925449"	11	16236880	0.118344
"SNP_A-2038121"	11	16281025	-0.104451
"SNP_A-4203718"	11	16297225	0.29881
"SNP_A-1911773"	11	16345860	-0.084846
"SNP_A-2031948"	11	16346170	-0.094857
"SNP_A-2112859"	11	16346308	0.194437
"SNP_A-2069655"	11	16360087	-0.217263
"SNP_A-2247802"	11	16365152	0.173192
"SNP_A-2262371"	11	16375287	-0.134057
"SNP_A-2008067"	11	16382358	0.201103
"SNP_A-2265009"	11	16382534	-0.383442
"SNP_A-2049001"	11	16416136	0.400213
"SNP_A-2302690"	11	16421254	0.277113
"SNP_A-2008072"	11	16441827	0.207457
"SNP_A-2147813"	11	16441877	0.178266
"SNP_A-2096629"	11	16448694	0.159402
"SNP_A-2070601"	11	16449603	0.204148
"SNP_A-1863304"	11	16449792	0.025051
"SNP_A-2070177"	11	16462666	0.073514
"SNP_A-1802129"	11	16465797	0.129968
"SNP_A-4204395"	11	16495893	0.110841
"SNP_A-2047419"	11	16496293	-0.174795
"SNP_A-4205979"	11	16497867	-0.038742
"SNP_A-2240054"	11	16524782	-0.716219
"SNP_A-2225460"	11	16533210	0.456962
"SNP_A-2165354"	11	16580482	0.145191
"SNP_A-2123652"	11	16593899	-0.071334
"SNP_A-4196667"	11	16594038	-0.003873
"SNP_A-1808403"	11	16594159	-0.641399
"SNP_A-2134241"	11	16594618	0.192651
"SNP_A-4197479"	11	16665926	0.087296
"SNP_A-2218481"	11	16678469	0.406579
"SNP_A-4204499"	11	16702219	0.486963
"SNP_A-4206123"	11	16728933	-0.080335
"SNP_A-2123624"	11	16731830	0.119301
"SNP_A-1879058"	11	16735363	0.635634
"SNP_A-1868727"	11	16738141	-0.208971
"SNP_A-4237730"	11	16745731	0.258336
"SNP_A-4236368"	11	16746222	-0.229917
"SNP_A-1791151"	11	16775330	-0.096655
"SNP_A-2137953"	11	16801500	0.08182
"SNP_A-2290823"	11	16820873	0.198462
"SNP_A-2106520"	11	16830375	0.15507
"SNP_A-1804161"	11	16837168	-0.223079
"SNP_A-2262292"	11	16838232	-0.049907
"SNP_A-2251637"	11	16838625	0.195304
"SNP_A-4214733"	11	16843058	-0.124061
"SNP_A-2077161"	11	16849921	-0.037725
"SNP_A-1830773"	11	16877146	-0.251589
"SNP_A-1958586"	11	16878925	0.088618
"SNP_A-4223453"	11	16881674	0.268653
"SNP_A-2037396"	11	16882260	-0.141976
"SNP_A-2155748"	11	16892525	0.163984
"SNP_A-1885506"	11	16913195	-0.158313
"SNP_A-4200270"	11	16913917	0.279519
"SNP_A-4223493"	11	16914243	0.131353
"SNP_A-2216588"	11	16925392	0.217048
"SNP_A-1827352"	11	16926330	0.160671
"SNP_A-2008102"	11	16938063	0.252216
"SNP_A-2294311"	11	16941933	0.160321
"SNP_A-2219646"	11	16941967	-0.218953
"SNP_A-2048644"	11	16942196	-0.060777
"SNP_A-1954811"	11	16942679	0.095975
"SNP_A-2221804"	11	16944844	-0.417253
"SNP_A-2292501"	11	16963796	0.242181
"SNP_A-2310849"	11	16978606	0.074948
"SNP_A-1833417"	11	16995304	-0.061922
"SNP_A-4233411"	11	17034804	0.00294
"SNP_A-1937741"	11	17063739	0.131246
"SNP_A-2146751"	11	17067848	1.010818
"SNP_A-4201140"	11	17083918	0.225673
"SNP_A-2165275"	11	17101244	0.280605
"SNP_A-2129964"	11	17120003	0.117692
"SNP_A-4194298"	11	17143431	0.074779
"SNP_A-1943476"	11	17186965	-0.026537
"SNP_A-4198455"	11	17213621	0.347488
"SNP_A-2088477"	11	17217494	-0.212594
"SNP_A-2202972"	11	17227698	-0.125137
"SNP_A-2219791"	11	17248075	0.229783
"SNP_A-1793637"	11	17268236	-0.086591
"SNP_A-2289036"	11	17286685	0.209948
"SNP_A-2101836"	11	17295703	0.146357
"SNP_A-1879287"	11	17324957	-0.128487
"SNP_A-2008121"	11	17328924	-0.221737
"SNP_A-2008122"	11	17329019	-0.133101
"SNP_A-1893398"	11	17361228	0.677933
"SNP_A-2307527"	11	17399036	0.236046
"SNP_A-2061606"	11	17400163	0.014853
"SNP_A-4224556"	11	17423913	-0.151001
"SNP_A-2188327"	11	17435565	-0.06791
"SNP_A-2248908"	11	17445237	0.368335
"SNP_A-1792254"	11	17467332	0.045149
"SNP_A-4205514"	11	17489173	0.133537
"SNP_A-2305673"	11	17495788	0.30632
"SNP_A-2313111"	11	17495983	0.146937
"SNP_A-2272332"	11	17496138	0.060051
"SNP_A-1900853"	11	17499779	0.384861
"SNP_A-1901732"	11	17506714	0.120203
"SNP_A-2276204"	11	17519298	-0.223285
"SNP_A-2212378"	11	17520065	-0.151361
"SNP_A-2050422"	11	17549691	-0.011498
"SNP_A-4234319"	11	17549849	0.182265
"SNP_A-2194353"	11	17558221	0.087018
"SNP_A-2137138"	11	17568613	-0.006103
"SNP_A-4214737"	11	17569352	0.241567
"SNP_A-2008146"	11	17570207	0.243419
"SNP_A-2008147"	11	17570651	-0.010673
"SNP_A-2008148"	11	17570989	-0.086462
"SNP_A-2280655"	11	17571779	-0.018872
"SNP_A-2086838"	11	17599188	0.273613
"SNP_A-2283878"	11	17615741	0.283122
"SNP_A-1795219"	11	17615974	0.525762
"SNP_A-2232628"	11	17629819	-0.041414
"SNP_A-1843206"	11	17646738	0.514235
"SNP_A-2093101"	11	17672467	0.285929
"SNP_A-1805821"	11	17692293	0.782138
"SNP_A-2223978"	11	17748398	0.076132
"SNP_A-2210456"	11	17751014	0.369983
"SNP_A-1812140"	11	17765919	0.278694
"SNP_A-2312098"	11	17766300	0.151607
"SNP_A-1955056"	11	17777424	-0.248745
"SNP_A-2008158"	11	17785506	0.054918
"SNP_A-2071421"	11	17790303	0.168223
"SNP_A-2114984"	11	17803957	0.462146
"SNP_A-1836369"	11	17809028	0.360048
"SNP_A-2259706"	11	17809807	0.030396
"SNP_A-1886278"	11	17825249	-0.386208
"SNP_A-1899004"	11	17839374	0.427756
"SNP_A-2197310"	11	17853900	0.469248
"SNP_A-4239376"	11	17861077	-0.14045
"SNP_A-2150457"	11	17869135	0.128515
"SNP_A-2008163"	11	17880340	0.201781
"SNP_A-2295391"	11	17894230	0.228164
"SNP_A-2117298"	11	17904887	-0.022093
"SNP_A-2055505"	11	17930183	0.260386
"SNP_A-2100767"	11	17934782	0.134689
"SNP_A-4214738"	11	17966447	0.031855
"SNP_A-2048126"	11	17972708	0.076581
"SNP_A-1872028"	11	17980543	0.170935
"SNP_A-2232907"	11	18004392	-0.091468
"SNP_A-2272725"	11	18027232	0.009848
"SNP_A-2008172"	11	18028849	0.161531
"SNP_A-1917693"	11	18031033	0.377341
"SNP_A-2261789"	11	18040758	0.49752
"SNP_A-2008173"	11	18048241	0.039603
"SNP_A-1903597"	11	18075466	0.305174
"SNP_A-1943596"	11	18078115	0.051894
"SNP_A-2008175"	11	18092573	-0.130568
"SNP_A-2109540"	11	18117341	0.098407
"SNP_A-2285251"	11	18131323	0.174631
"SNP_A-2313687"	11	18131346	0.074789
"SNP_A-2029129"	11	18133489	0.221239
"SNP_A-2165031"	11	18133555	-0.090558
"SNP_A-1957164"	11	18134918	0.164458
"SNP_A-2269713"	11	18135024	0.086956
"SNP_A-2285898"	11	18151627	0.104726
"SNP_A-2029144"	11	18153416	0.163223
"SNP_A-1826828"	11	18154512	0.548347
"SNP_A-1891922"	11	18154646	0.059042
"SNP_A-2278208"	11	18155456	0.356945
"SNP_A-1892689"	11	18156255	0.723858
"SNP_A-2115088"	11	18174367	0.163976
"SNP_A-2250186"	11	18181077	-0.593513
"SNP_A-4231958"	11	18182154	0.060579
"SNP_A-2082363"	11	18182318	0.270807
"SNP_A-1857888"	11	18183318	0.191322
"SNP_A-1875620"	11	18191331	0.306846
"SNP_A-2057933"	11	18191988	-0.535511
"SNP_A-2272951"	11	18200165	-0.449499
"SNP_A-4227380"	11	18202454	0.07338
"SNP_A-1811903"	11	18216278	-0.033887
"SNP_A-2203769"	11	18220412	0.752807
"SNP_A-2224023"	11	18232237	0.647783
"SNP_A-4203321"	11	18232799	0.312423
"SNP_A-2008187"	11	18262848	-0.295596
"SNP_A-2061341"	11	18262975	0.060051
"SNP_A-2008188"	11	18266276	0.314404
"SNP_A-4236276"	11	18268183	0.891454
"SNP_A-4237603"	11	18270313	-0.09016
"SNP_A-4238686"	11	18274863	0.143492
"SNP_A-1816199"	11	18321604	0.422969
"SNP_A-4233191"	11	18322307	0.539027
"SNP_A-2008190"	11	18326923	0.313811
"SNP_A-2306099"	11	18349559	0.325134
"SNP_A-2167534"	11	18349601	0.159633
"SNP_A-2249830"	11	18350421	-0.333382
"SNP_A-4198879"	11	18351197	0.219839
"SNP_A-4231794"	11	18373773	-0.030757
"SNP_A-2088169"	11	18375295	0.445574
"SNP_A-2150370"	11	18392097	0.44482
"SNP_A-2239014"	11	18482823	0.113507
"SNP_A-2154941"	11	18492791	0.670447
"SNP_A-1855775"	11	18519558	-0.236311
"SNP_A-1788163"	11	18548147	-0.021456
"SNP_A-1855853"	11	18548221	0.35058
"SNP_A-2194745"	11	18562214	0.362586
"SNP_A-1902247"	11	18572535	0.197659
"SNP_A-1859551"	11	18573760	0.143776
"SNP_A-2234910"	11	18584994	0.06085
"SNP_A-2175538"	11	18602244	0.104468
"SNP_A-2089732"	11	18602419	0.249511
"SNP_A-2314129"	11	18643492	0.200069
"SNP_A-2123419"	11	18649263	0.153794
"SNP_A-4192570"	11	18689422	-0.27139
"SNP_A-2180891"	11	18694528	0.506833
"SNP_A-2263692"	11	18695747	0.438005
"SNP_A-2115852"	11	18704815	0.222856
"SNP_A-2033732"	11	18725932	0.380118
"SNP_A-1848024"	11	18728190	0.194756
"SNP_A-2161557"	11	18733747	0.061979
"SNP_A-2117358"	11	18740363	-0.024564
"SNP_A-2168852"	11	18754226	0.111748
"SNP_A-2192425"	11	18761510	0.213459
"SNP_A-1865730"	11	18781246	0.315639
"SNP_A-2066613"	11	18791150	0.21003
"SNP_A-1910542"	11	18797760	0.021064
"SNP_A-4198581"	11	18813971	-0.370278
"SNP_A-2192082"	11	18814323	0.292449
"SNP_A-2267995"	11	18814379	0.25605
"SNP_A-2076969"	11	18815116	0.155401
"SNP_A-4197674"	11	18823306	0.115776
"SNP_A-4196714"	11	18823575	0.164416
"SNP_A-2134976"	11	18826157	0.123314
"SNP_A-4204927"	11	18826686	0.343014
"SNP_A-1812732"	11	18850912	0.086775
"SNP_A-1932593"	11	18857747	-0.106648
"SNP_A-2135471"	11	18858013	0.045205
"SNP_A-2139293"	11	18859041	0.118139
"SNP_A-2171476"	11	18859906	0.345389
"SNP_A-2115204"	11	18860180	0.160607
"SNP_A-2200086"	11	18882228	0.119444
"SNP_A-2008203"	11	18882462	0.320842
"SNP_A-2276013"	11	18886391	0.002052
"SNP_A-2086702"	11	18894043	0.119462
"SNP_A-1873192"	11	18896898	-0.212014
"SNP_A-2146419"	11	18907033	-0.17714
"SNP_A-1813254"	11	18907713	0.36041
"SNP_A-4230665"	11	18909153	-0.458067
"SNP_A-2213034"	11	18912802	0.041429
"SNP_A-1912680"	11	18913740	-0.116658
"SNP_A-2168401"	11	18914462	0.339825
"SNP_A-2001775"	11	18915387	0.389021
"SNP_A-2268005"	11	18915821	0.009075
"SNP_A-4198954"	11	18916600	-0.128394
"SNP_A-4231917"	11	18918255	-0.101789
"SNP_A-4237494"	11	18930870	0.217506
"SNP_A-2028378"	11	18934672	-0.524811
"SNP_A-2087883"	11	18940971	0.399767
"SNP_A-1936640"	11	18944069	-0.068716
"SNP_A-2171596"	11	18945148	0.188489
"SNP_A-4239158"	11	18945173	0.183307
"SNP_A-2211912"	11	18945820	0.088818
"SNP_A-2309357"	11	18948829	-0.160118
"SNP_A-2251985"	11	18950098	0.181698
"SNP_A-4222902"	11	18952106	0.385404
"SNP_A-2099978"	11	18952240	0.080369
"SNP_A-4241276"	11	19032726	-0.062706
"SNP_A-4224291"	11	19035044	0.539351
"SNP_A-2183957"	11	19035090	0.110635
"SNP_A-1843839"	11	19035609	0.301008
"SNP_A-4214739"	11	19039555	0.069191
"SNP_A-1852108"	11	19048646	0.085872
"SNP_A-2088554"	11	19049716	-0.125619
"SNP_A-2264036"	11	19063319	0.313643
"SNP_A-2127504"	11	19066941	0.279584
"SNP_A-2008209"	11	19069896	-0.085048
"SNP_A-2084289"	11	19070439	0.385934
"SNP_A-1916483"	11	19070574	0.174875
"SNP_A-2008210"	11	19070682	0.454316
"SNP_A-2040348"	11	19070777	0.18793
"SNP_A-4235356"	11	19075957	-0.123316
"SNP_A-2120437"	11	19077252	-0.09187
"SNP_A-2221864"	11	19077402	0.1377
"SNP_A-2288206"	11	19098951	0.087792
"SNP_A-1947351"	11	19100720	-0.239041
"SNP_A-1824965"	11	19103107	-0.014134
"SNP_A-2209834"	11	19111611	0.10427
"SNP_A-2097038"	11	19124426	0.212511
"SNP_A-2021169"	11	19138924	0.401036
"SNP_A-2274080"	11	19139146	0.366045
"SNP_A-2045525"	11	19140500	0.196708
"SNP_A-2076247"	11	19158702	0.423028
"SNP_A-4194784"	11	19161691	-0.048186
"SNP_A-1810210"	11	19162374	0.090187
"SNP_A-2225152"	11	19162556	0.070472
"SNP_A-4202892"	11	19190533	0.284163
"SNP_A-4233384"	11	19200838	-0.079585
"SNP_A-2008215"	11	19204343	-0.026316
"SNP_A-1943079"	11	19209486	0.246261
"SNP_A-1951212"	11	19233444	0.529177
"SNP_A-2062283"	11	19233775	0.291212
"SNP_A-2212784"	11	19234346	0.285745
"SNP_A-1942379"	11	19237032	0.185738
"SNP_A-2098452"	11	19253483	0.046011
"SNP_A-2304293"	11	19253638	0.090133
"SNP_A-1894610"	11	19253916	-0.066802
"SNP_A-4220892"	11	19254405	0.852334
"SNP_A-2001777"	11	19259643	-0.15631
"SNP_A-2216805"	11	19262428	0.702563
"SNP_A-1910962"	11	19262912	-0.07394
"SNP_A-2082519"	11	19266508	-0.094176
"SNP_A-4234422"	11	19270106	0.09819
"SNP_A-2076944"	11	19271190	0.507502
"SNP_A-2147539"	11	19285798	0.031509
"SNP_A-1925307"	11	19285890	-0.010755
"SNP_A-2276099"	11	19286290	0.073292
"SNP_A-2065550"	11	19300377	0.243154
"SNP_A-4239654"	11	19306511	0.266561
"SNP_A-2218535"	11	19316318	0.149661
"SNP_A-2008226"	11	19330713	0.109803
"SNP_A-4214740"	11	19330798	-0.109733
"SNP_A-2008228"	11	19330820	-0.145984
"SNP_A-4192654"	11	19337950	0.027707
"SNP_A-2207604"	11	19339430	-0.413343
"SNP_A-1801501"	11	19373441	0.12838
"SNP_A-2181652"	11	19373878	-0.104195
"SNP_A-1817289"	11	19374810	0.402032
"SNP_A-2008234"	11	19379693	-0.068972
"SNP_A-2065641"	11	19380408	0.275791
"SNP_A-2001779"	11	19380855	-0.027834
"SNP_A-2186900"	11	19389532	-0.119536
"SNP_A-4202033"	11	19396708	0.070799
"SNP_A-2249527"	11	19397069	0.521273
"SNP_A-4235408"	11	19397306	0.548637
"SNP_A-2037277"	11	19397324	0.299704
"SNP_A-4224462"	11	19397803	0.378627
"SNP_A-2156311"	11	19398868	0.342656
"SNP_A-1887356"	11	19402051	0.428469
"SNP_A-2069422"	11	19424264	0.245747
"SNP_A-1837632"	11	19435101	0.172155
"SNP_A-2037161"	11	19439880	0.713261
"SNP_A-2175526"	11	19439936	0.131395
"SNP_A-2053360"	11	19458247	0.039756
"SNP_A-2110680"	11	19460872	0.054761
"SNP_A-2029604"	11	19461628	0.266335
"SNP_A-2008241"	11	19466526	0.157774
"SNP_A-2008242"	11	19467603	0.628162
"SNP_A-2094632"	11	19483259	0.103684
"SNP_A-2008245"	11	19491569	0.315357
"SNP_A-1885982"	11	19500940	-0.028863
"SNP_A-2008250"	11	19510993	0.345846
"SNP_A-2008251"	11	19512237	0.169547
"SNP_A-2008252"	11	19518589	0.185994
"SNP_A-1875066"	11	19519751	-0.156154
"SNP_A-2202636"	11	19537518	0.178521
"SNP_A-4197123"	11	19543429	0.172868
"SNP_A-1805236"	11	19551568	-0.294534
"SNP_A-1947067"	11	19556181	0.264871
"SNP_A-1888995"	11	19566364	0.079183
"SNP_A-2129034"	11	19575816	0.601929
"SNP_A-1820820"	11	19576520	0.119221
"SNP_A-1875031"	11	19594958	0.025423
"SNP_A-2149191"	11	19595111	-0.045315
"SNP_A-2063140"	11	19613028	-0.019719
"SNP_A-4204485"	11	19644968	0.258067
"SNP_A-2023568"	11	19653940	0.366985
"SNP_A-2001784"	11	19706505	-0.05994
"SNP_A-2001785"	11	19707031	-0.026454
"SNP_A-1781212"	11	19724079	0.237018
"SNP_A-2309963"	11	19724190	-0.07263
"SNP_A-1823726"	11	19765970	0.053675
"SNP_A-1822604"	11	19791312	-0.020721
"SNP_A-2050593"	11	19801084	0.174436
"SNP_A-2260347"	11	19809755	0.075086
"SNP_A-1866310"	11	19812120	0.098662
"SNP_A-2304197"	11	19817525	0.038637
"SNP_A-1843436"	11	19817884	0.644022
"SNP_A-2270917"	11	19820738	0.228349
"SNP_A-2159754"	11	19832760	-0.081327
"SNP_A-2277424"	11	19848032	0.175114
"SNP_A-4237174"	11	19848438	-0.00906
"SNP_A-2008275"	11	19860333	0.117438
"SNP_A-1798093"	11	19876317	0.355989
"SNP_A-1853992"	11	19876485	0.798053
"SNP_A-1935283"	11	19877322	0.354804
"SNP_A-2088306"	11	19883791	-0.094555
"SNP_A-2245849"	11	19889595	0.224442
"SNP_A-2008279"	11	19897492	-0.350883
"SNP_A-4221982"	11	19913682	0.457673
"SNP_A-2045823"	11	19916600	-0.226352
"SNP_A-2008282"	11	19917212	-0.108704
"SNP_A-4223996"	11	19924881	0.254713
"SNP_A-2083752"	11	19930344	0.35408
"SNP_A-1854188"	11	19930685	0.086412
"SNP_A-2066459"	11	19931176	0.115109
"SNP_A-1795557"	11	19933593	0.412063
"SNP_A-2043019"	11	19938203	0.486831
"SNP_A-1819358"	11	19938303	0.400888
"SNP_A-2029030"	11	19939536	0.41675
"SNP_A-1951288"	11	19939756	0.308127
"SNP_A-4239583"	11	19939902	0.266718
"SNP_A-2177696"	11	19951206	0.361661
"SNP_A-4214745"	11	19959591	0.385778
"SNP_A-1883568"	11	19962912	-0.108663
"SNP_A-2233352"	11	19962995	0.28039
"SNP_A-2207094"	11	20006435	0.381705
"SNP_A-4194946"	11	20006719	0.242766
"SNP_A-4231115"	11	20006781	0.119872
"SNP_A-1931793"	11	20010054	0.160075
"SNP_A-2209716"	11	20010143	-0.051192
"SNP_A-2214153"	11	20013223	0.181833
"SNP_A-4205646"	11	20017021	0.025373
"SNP_A-2008294"	11	20025540	-0.091639
"SNP_A-1782581"	11	20031569	0.338795
"SNP_A-2292326"	11	20043340	0.43916
"SNP_A-2089736"	11	20045415	0.191199
"SNP_A-2175006"	11	20062960	-0.097622
"SNP_A-4192825"	11	20069399	-0.341572
"SNP_A-2201017"	11	20071853	-0.079698
"SNP_A-1845188"	11	20071925	0.303375
"SNP_A-2064922"	11	20072855	0.087187
"SNP_A-2188241"	11	20089989	0.139038
"SNP_A-1811807"	11	20096931	0.105757
"SNP_A-2275240"	11	20116488	-0.021776
"SNP_A-2208423"	11	20117042	0.102122
"SNP_A-1943886"	11	20128523	0.097637
"SNP_A-4200436"	11	20132181	0.281202
"SNP_A-1806776"	11	20150659	0.293834
"SNP_A-4217202"	11	20159301	0.585055
"SNP_A-2073500"	11	20168040	-0.025205
"SNP_A-2008302"	11	20170403	0.078788
"SNP_A-2008303"	11	20170531	0.387485
"SNP_A-1831843"	11	20191985	0.117504
"SNP_A-4231509"	11	20199629	0.169302
"SNP_A-2098743"	11	20199867	0.241667
"SNP_A-1850565"	11	20210175	-0.180835
"SNP_A-1866535"	11	20238120	0.217079
"SNP_A-2001787"	11	20257697	-0.072438
"SNP_A-1819552"	11	20257785	0.35054
"SNP_A-2302833"	11	20282667	0.310162
"SNP_A-2074706"	11	20286291	0.469157
"SNP_A-1883066"	11	20287973	0.280389
"SNP_A-2140617"	11	20291471	-0.102141
"SNP_A-1866189"	11	20295957	0.265236
"SNP_A-2294821"	11	20305539	0.564925
"SNP_A-4214748"	11	20305649	0.265515
"SNP_A-2008314"	11	20307061	0.258929
"SNP_A-2099042"	11	20313020	-0.335207
"SNP_A-1836630"	11	20317544	0.236081
"SNP_A-4193190"	11	20326782	-0.168389
"SNP_A-2174456"	11	20334621	0.274855
"SNP_A-2183884"	11	20334676	-0.040402
"SNP_A-2278020"	11	20334700	-0.221871
"SNP_A-2024458"	11	20339900	-0.118088
"SNP_A-2121959"	11	20356731	0.255652
"SNP_A-2187696"	11	20356838	0.133215
"SNP_A-2314344"	11	20357583	0.260783
"SNP_A-2261667"	11	20357858	-0.239896
"SNP_A-2181936"	11	20361711	0.010682
"SNP_A-4214749"	11	20362222	-0.343776
"SNP_A-4214750"	11	20362383	0.372995
"SNP_A-2203779"	11	20377913	0.446262
"SNP_A-2149653"	11	20387592	-0.133299
"SNP_A-4216965"	11	20391316	0.071246
"SNP_A-2213798"	11	20403995	0.06647
"SNP_A-1952504"	11	20438181	0.167122
"SNP_A-1811061"	11	20438224	0.005654
"SNP_A-1827959"	11	20439377	0.281077
"SNP_A-4205305"	11	20442006	0.171834
"SNP_A-2284136"	11	20447280	-0.072345
"SNP_A-4226964"	11	20447662	0.056753
"SNP_A-2253618"	11	20458564	0.15936
"SNP_A-2057885"	11	20466901	-0.054891
"SNP_A-2160738"	11	20468790	-0.23246
"SNP_A-2305534"	11	20469836	0.72979
"SNP_A-4221253"	11	20485536	-0.32717
"SNP_A-1952358"	11	20490295	0.171697
"SNP_A-1924648"	11	20491823	0.026601
"SNP_A-2032516"	11	20501952	0.856919
"SNP_A-1956803"	11	20506653	0.517681
"SNP_A-1893602"	11	20509536	0.093131
"SNP_A-2001788"	11	20514111	0.238187
"SNP_A-2001789"	11	20514656	0.744579
"SNP_A-1942816"	11	20515991	-0.071966
"SNP_A-4218682"	11	20519617	0.210998
"SNP_A-1824469"	11	20528452	0.138383
"SNP_A-2129128"	11	20528892	-0.456421
"SNP_A-2065584"	11	20528983	-0.296611
"SNP_A-2008319"	11	20543963	0.245839
"SNP_A-1900079"	11	20559154	-0.037577
"SNP_A-1950423"	11	20560081	0.074641
"SNP_A-2306076"	11	20563033	0.277657
"SNP_A-2270816"	11	20567419	0.605566
"SNP_A-2238533"	11	20568187	0.0122
"SNP_A-1841113"	11	20568274	-0.12186
"SNP_A-2298467"	11	20569721	-0.245082
"SNP_A-1954657"	11	20573525	-0.233752
"SNP_A-1867935"	11	20592242	0.064095
"SNP_A-2107274"	11	20609196	-0.15873
"SNP_A-4216997"	11	20616206	0.236637
"SNP_A-4192614"	11	20632221	0.145234
"SNP_A-4216854"	11	20667026	0.187874
"SNP_A-2052286"	11	20692989	0.360399
"SNP_A-1929949"	11	20699586	0.0441
"SNP_A-2175048"	11	20700539	0.317233
"SNP_A-1813691"	11	20700589	0.21407
"SNP_A-1903225"	11	20700873	0.385408
"SNP_A-1854995"	11	20700892	0.077817
"SNP_A-2113246"	11	20701649	0.059275
"SNP_A-2271806"	11	20702507	0.119765
"SNP_A-4236176"	11	20709069	-0.027033
"SNP_A-4219817"	11	20709201	0.246929
"SNP_A-4204970"	11	20709233	0.008139
"SNP_A-1918266"	11	20709410	0.25855
"SNP_A-2293709"	11	20713776	0.155735
"SNP_A-2147454"	11	20713800	0.669462
"SNP_A-1876249"	11	20717729	0.535966
"SNP_A-2232197"	11	20739405	0.278267
"SNP_A-4214751"	11	20740563	-0.022158
"SNP_A-4194796"	11	20740839	0.364427
"SNP_A-2130422"	11	20753829	0.366825
"SNP_A-1911938"	11	20792876	0.377225
"SNP_A-1883761"	11	20796450	0.140513
"SNP_A-2008337"	11	20797068	0.006832
"SNP_A-4214752"	11	20797302	0.003534
"SNP_A-1821144"	11	20809189	0.259284
"SNP_A-2233823"	11	20809797	0.04092
"SNP_A-1869465"	11	20827312	-0.091093
"SNP_A-2149479"	11	20827493	0.152735
"SNP_A-1945229"	11	20827819	0.01136
"SNP_A-1869496"	11	20836106	0.19095
"SNP_A-1896286"	11	20839440	0.039953
"SNP_A-1846466"	11	20855906	0.422181
"SNP_A-2079469"	11	20862628	0.264262
"SNP_A-1925099"	11	20890541	-0.090297
"SNP_A-2173328"	11	20891585	0.488887
"SNP_A-2052267"	11	20894431	0.383689
"SNP_A-1817828"	11	20907437	0.575009
"SNP_A-1867397"	11	20911760	0.355829
"SNP_A-1947693"	11	20914919	0.216206
"SNP_A-1930475"	11	20915370	0.286291
"SNP_A-4205554"	11	20917449	-0.313913
"SNP_A-2054515"	11	20917656	0.17416
"SNP_A-4196499"	11	20921106	0.020062
"SNP_A-1933742"	11	20925249	0.068615
"SNP_A-2233900"	11	20927365	0.230232
"SNP_A-2064451"	11	20932167	-0.084927
"SNP_A-2235812"	11	20933235	0.08882
"SNP_A-1901541"	11	20939806	-0.322159
"SNP_A-2222777"	11	20942913	0.086178
"SNP_A-2008350"	11	20956134	0.015872
"SNP_A-2240209"	11	20956327	-0.000965
"SNP_A-2163753"	11	20957719	0.068465
"SNP_A-2299959"	11	20957816	0.051906
"SNP_A-2144758"	11	20964943	0.354212
"SNP_A-2258530"	11	20966312	0.096036
"SNP_A-2226619"	11	20969470	-0.076951
"SNP_A-2220694"	11	20970702	0.429327
"SNP_A-4214753"	11	20973973	0.06759
"SNP_A-2008352"	11	20974069	-0.149133
"SNP_A-4214754"	11	20977136	0.129655
"SNP_A-2103009"	11	20977347	-0.185347
"SNP_A-2008356"	11	20985160	0.351804
"SNP_A-4214755"	11	20987033	-0.412463
"SNP_A-4214756"	11	20987280	0.175081
"SNP_A-2008357"	11	20994286	-0.254963
"SNP_A-4214757"	11	20994596	-0.180644
"SNP_A-2008359"	11	21001472	-0.076094
"SNP_A-4214109"	11	21001598	0.073011
"SNP_A-2135655"	11	21020361	-0.027795
"SNP_A-2094245"	11	21022320	-0.005756
"SNP_A-2008361"	11	21025930	-0.025428
"SNP_A-4214758"	11	21027489	-0.020399
"SNP_A-2008364"	11	21034550	0.003178
"SNP_A-2296588"	11	21035410	-0.138208
"SNP_A-4225593"	11	21035931	0.150503
"SNP_A-2200945"	11	21036518	0.219391
"SNP_A-1940947"	11	21051124	0.160511
"SNP_A-1944194"	11	21051286	-0.141192
"SNP_A-1872392"	11	21071031	0.541759
"SNP_A-2054639"	11	21082603	0.176245
"SNP_A-4195058"	11	21083428	-0.201988
"SNP_A-2008369"	11	21088360	0.414415
"SNP_A-2008370"	11	21098128	0.028875
"SNP_A-2008371"	11	21101755	0.360715
"SNP_A-2250078"	11	21106208	-0.045345
"SNP_A-2175134"	11	21109721	0.322228
"SNP_A-2296860"	11	21110491	-0.038516
"SNP_A-2055498"	11	21123338	0.38688
"SNP_A-2008382"	11	21149771	0.188263
"SNP_A-4228457"	11	21152252	-0.586654
"SNP_A-2008385"	11	21152756	-0.124283
"SNP_A-1800964"	11	21155369	-0.06941
"SNP_A-4214110"	11	21182031	-0.087979
"SNP_A-2195081"	11	21194273	0.102192
"SNP_A-4193851"	11	21213700	0.310964
"SNP_A-1803815"	11	21213924	-0.122231
"SNP_A-1900062"	11	21214935	0.849458
"SNP_A-4195963"	11	21215046	0.311089
"SNP_A-1867086"	11	21219036	0.373161
"SNP_A-1841053"	11	21225485	-0.175775
"SNP_A-2095611"	11	21229633	-0.051274
"SNP_A-4218468"	11	21229958	0.500896
"SNP_A-2106092"	11	21232950	-0.134313
"SNP_A-2174903"	11	21233729	0.013965
"SNP_A-2152320"	11	21233765	-0.101905
"SNP_A-2145478"	11	21239678	0.258761
"SNP_A-2255932"	11	21264775	0.410788
"SNP_A-4205527"	11	21277065	-0.472623
"SNP_A-4237774"	11	21277586	-0.004108
"SNP_A-2062958"	11	21290522	-0.040244
"SNP_A-4233148"	11	21312360	0.335972
"SNP_A-1951972"	11	21313391	-0.249054
"SNP_A-4214762"	11	21333114	0.190144
"SNP_A-4216265"	11	21350261	0.257459
"SNP_A-1810057"	11	21362202	0.077677
"SNP_A-2178997"	11	21363331	0.062927
"SNP_A-4199032"	11	21366981	0.012179
"SNP_A-1852868"	11	21367897	-0.2182
"SNP_A-2085091"	11	21374658	0.210742
"SNP_A-1894163"	11	21375322	0.301406
"SNP_A-1949492"	11	21375341	-0.510762
"SNP_A-1892054"	11	21382339	0.270866
"SNP_A-2064703"	11	21384088	0.077829
"SNP_A-1890073"	11	21399598	0.146291
"SNP_A-2001794"	11	21399735	0.054693
"SNP_A-2001795"	11	21427265	-0.28721
"SNP_A-2065440"	11	21439337	-0.060744
"SNP_A-2274639"	11	21448759	-0.239845
"SNP_A-1817974"	11	21448842	-0.153739
"SNP_A-2272340"	11	21448923	-0.051026
"SNP_A-2026409"	11	21450259	0.102642
"SNP_A-2252137"	11	21453082	-0.335565
"SNP_A-4232935"	11	21454006	0.126454
"SNP_A-4227817"	11	21454020	0.328585
"SNP_A-2055677"	11	21459570	0.323976
"SNP_A-2133464"	11	21472159	0.116556
"SNP_A-2032575"	11	21476978	0.15187
"SNP_A-2267799"	11	21483019	0.106788
"SNP_A-4207165"	11	21490388	0.175783
"SNP_A-2075374"	11	21493286	-0.150624
"SNP_A-2147105"	11	21502712	-0.02522
"SNP_A-2044215"	11	21513344	0.102527
"SNP_A-2231654"	11	21516670	-0.403734
"SNP_A-1926997"	11	21540723	0.133496
"SNP_A-2275329"	11	21562329	-0.027597
"SNP_A-1931106"	11	21593293	0.16018
"SNP_A-2100327"	11	21593531	0.099389
"SNP_A-2001797"	11	21594806	-0.351668
"SNP_A-2008420"	11	21595039	0.036969
"SNP_A-2285428"	11	21598152	0.031057
"SNP_A-4198282"	11	21598530	0.393578
"SNP_A-1876287"	11	21601620	0.080425
"SNP_A-1908577"	11	21610564	0.274393
"SNP_A-1783609"	11	21619838	0.566831
"SNP_A-2008426"	11	21623102	-0.00409
"SNP_A-2259694"	11	21636366	-0.19028
"SNP_A-4214764"	11	21641548	0.315628
"SNP_A-2008431"	11	21641808	0.155702
"SNP_A-1813771"	11	21694926	0.24959
"SNP_A-2158829"	11	21695027	0.216158
"SNP_A-4225978"	11	21698812	0.214748
"SNP_A-2155514"	11	21699343	-0.470264
"SNP_A-1956495"	11	21702334	0.080602
"SNP_A-1838326"	11	21709741	0.058771
"SNP_A-2008441"	11	21711009	0.037062
"SNP_A-4198037"	11	21733244	0.199701
"SNP_A-2045423"	11	21735800	0.203883
"SNP_A-4222413"	11	21736776	0.439098
"SNP_A-2281374"	11	21738752	0.29148
"SNP_A-2068697"	11	21740206	-0.218082
"SNP_A-2070433"	11	21740545	-0.120759
"SNP_A-2206971"	11	21742439	0.285124
"SNP_A-1864448"	11	21752855	0.139478
"SNP_A-1817124"	11	21753061	0.738172
"SNP_A-4238806"	11	21753350	-0.131769
"SNP_A-2261253"	11	21779213	0.325673
"SNP_A-1890338"	11	21779241	0.21617
"SNP_A-2277143"	11	21779393	0.231079
"SNP_A-4205065"	11	21784474	-0.160652
"SNP_A-1793500"	11	21786959	0.146608
"SNP_A-2008449"	11	21802706	-0.001682
"SNP_A-2008450"	11	21803230	-0.101726
"SNP_A-4199842"	11	21803385	0.165937
"SNP_A-1950962"	11	21803470	-0.018305
"SNP_A-2008451"	11	21807233	0.197001
"SNP_A-1905454"	11	21811347	-0.190753
"SNP_A-1797706"	11	21812029	0.072525
"SNP_A-1843385"	11	21817754	-0.139412
"SNP_A-2033825"	11	21817894	0.112327
"SNP_A-1816369"	11	21818153	-0.050905
"SNP_A-1860664"	11	21819917	0.137226
"SNP_A-2152514"	11	21825925	-0.186667
"SNP_A-2074175"	11	21843685	0.038844
"SNP_A-1932732"	11	21844210	0.027134
"SNP_A-1925743"	11	21879703	0.104794
"SNP_A-2008456"	11	21881475	0.393045
"SNP_A-1908329"	11	21889104	0.115279
"SNP_A-4214769"	11	21902165	0.024222
"SNP_A-1782157"	11	21902827	0.025197
"SNP_A-2228278"	11	21909859	-0.096353
"SNP_A-2223058"	11	21910098	0.744398
"SNP_A-1937856"	11	21910263	0.149957
"SNP_A-2106545"	11	21913033	0.481941
"SNP_A-2061844"	11	21925344	0.418439
"SNP_A-2189734"	11	21925423	0.244172
"SNP_A-2210301"	11	21927524	-0.047537
"SNP_A-2274266"	11	21938258	-0.111003
"SNP_A-4194681"	11	21938969	0.204737
"SNP_A-4226390"	11	21938984	-0.004014
"SNP_A-4239447"	11	21958561	0.314403
"SNP_A-2157359"	11	21962956	-0.077987
"SNP_A-1927400"	11	21963504	-0.144844
"SNP_A-1780329"	11	21963539	-0.184253
"SNP_A-2188333"	11	21963604	0.591998
"SNP_A-1822955"	11	21973246	0.010463
"SNP_A-1958431"	11	21982348	0.025751
"SNP_A-2129005"	11	21993764	0.035413
"SNP_A-1808405"	11	21994021	0.115212
"SNP_A-2246903"	11	22012581	-0.006771
"SNP_A-2057239"	11	22012627	0.160869
"SNP_A-2008470"	11	22013130	0.4034
"SNP_A-2008471"	11	22013318	0.168451
"SNP_A-4214770"	11	22016455	0.095042
"SNP_A-2197860"	11	22054215	0.624149
"SNP_A-4196367"	11	22070669	-0.014462
"SNP_A-1930522"	11	22075815	0.188212
"SNP_A-2001803"	11	22077299	0.114719
"SNP_A-2168421"	11	22091947	0.253971
"SNP_A-2093852"	11	22146585	0.016263
"SNP_A-2094913"	11	22164071	0.032958
"SNP_A-4198874"	11	22168063	-0.344164
"SNP_A-2257122"	11	22172852	0.428837
"SNP_A-1826397"	11	22173379	-0.443287
"SNP_A-4236499"	11	22188941	0.30483
"SNP_A-2121812"	11	22189642	-0.285528
"SNP_A-2165950"	11	22198761	0.436636
"SNP_A-4239553"	11	22206188	-0.466575
"SNP_A-1912854"	11	22209477	0.146399
"SNP_A-2189881"	11	22228446	0.293666
"SNP_A-2001808"	11	22242002	0.838377
"SNP_A-2278256"	11	22246432	-0.001378
"SNP_A-4198742"	11	22246791	-0.104049
"SNP_A-4214771"	11	22300731	-0.110063
"SNP_A-4219314"	11	22308044	0.11261
"SNP_A-2214794"	11	22323285	-0.065341
"SNP_A-2173397"	11	22323862	0.144801
"SNP_A-2278046"	11	22326684	-0.200942
"SNP_A-1804229"	11	22327407	-0.473951
"SNP_A-4223362"	11	22335673	0.135633
"SNP_A-4220143"	11	22335684	-0.362243
"SNP_A-1873604"	11	22335760	0.056976
"SNP_A-4214772"	11	22338793	-0.104929
"SNP_A-1923859"	11	22344321	0.240257
"SNP_A-1836757"	11	22363096	0.113285
"SNP_A-1788401"	11	22363164	-0.030453
"SNP_A-1884822"	11	22363786	0.348568
"SNP_A-2008488"	11	22366551	-0.183521
"SNP_A-2091288"	11	22368178	-0.075099
"SNP_A-2194184"	11	22368441	0.237358
"SNP_A-2291320"	11	22382647	0.12929
"SNP_A-2008493"	11	22396289	0.182519
"SNP_A-2062938"	11	22400068	0.166059
"SNP_A-4197538"	11	22407471	0.085749
"SNP_A-1787616"	11	22414025	-0.049767
"SNP_A-1946119"	11	22418269	0.324087
"SNP_A-2008499"	11	22421289	0.200409
"SNP_A-2008500"	11	22422329	0.28471
"SNP_A-2008502"	11	22422628	0.358906
"SNP_A-4229194"	11	22422940	0.44346
"SNP_A-2001811"	11	22428493	-0.050271
"SNP_A-4223961"	11	22429718	-0.414864
"SNP_A-4176967"	11	22438009	0.491862
"SNP_A-2008504"	11	22438325	0.035377
"SNP_A-4230041"	11	22438766	0.34563
"SNP_A-1808080"	11	22452671	-0.297349
"SNP_A-2068341"	11	22452794	-0.377703
"SNP_A-2110240"	11	22452835	-0.198664
"SNP_A-4214775"	11	22457941	0.248339
"SNP_A-4214776"	11	22458022	0.10396
"SNP_A-1848399"	11	22482959	0.256896
"SNP_A-1853305"	11	22483190	0.185759
"SNP_A-4238509"	11	22483326	0.05302
"SNP_A-2269674"	11	22490013	0.343182
"SNP_A-4192913"	11	22490129	0.14065
"SNP_A-2229883"	11	22500620	-0.024801
"SNP_A-1912219"	11	22500991	-0.22549
"SNP_A-2260718"	11	22511198	-0.116248
"SNP_A-2152016"	11	22516203	0.511898
"SNP_A-2259921"	11	22516533	-0.077674
"SNP_A-1836837"	11	22532779	0.214791
"SNP_A-4214777"	11	22533394	0.101344
"SNP_A-2093796"	11	22535218	0.153152
"SNP_A-4214778"	11	22538466	-0.084248
"SNP_A-1907513"	11	22539564	-0.342308
"SNP_A-2026784"	11	22542321	0.006131
"SNP_A-1785833"	11	22547587	-0.072945
"SNP_A-2257145"	11	22553069	-0.213639
"SNP_A-2143796"	11	22568011	0.246531
"SNP_A-1869917"	11	22577548	0.313184
"SNP_A-4193227"	11	22578378	-0.031794
"SNP_A-4226238"	11	22588148	-0.130605
"SNP_A-2008524"	11	22588186	-0.06299
"SNP_A-1826180"	11	22588282	0.133471
"SNP_A-2060993"	11	22595154	-0.104782
"SNP_A-2085284"	11	22599564	0.405189
"SNP_A-4228927"	11	22599965	0.100286
"SNP_A-2155698"	11	22603942	0.178154
"SNP_A-4218154"	11	22616911	-0.189715
"SNP_A-2057414"	11	22617757	0.241583
"SNP_A-2254303"	11	22651556	-0.378042
"SNP_A-2206797"	11	22651741	0.08136
"SNP_A-1898375"	11	22653268	-0.043299
"SNP_A-2008529"	11	22658383	-0.03755
"SNP_A-4214779"	11	22658533	-0.058089
"SNP_A-2052612"	11	22667697	0.054412
"SNP_A-4204143"	11	22673696	-0.197244
"SNP_A-2095375"	11	22673795	-0.036306
"SNP_A-4219649"	11	22677754	0.165268
"SNP_A-2054733"	11	22678065	0.293655
"SNP_A-1783512"	11	22678121	-0.315486
"SNP_A-1802721"	11	22683924	0.172284
"SNP_A-1781654"	11	22684340	0.099387
"SNP_A-2151044"	11	22686040	0.275002
"SNP_A-1888841"	11	22701706	-0.005331
"SNP_A-2025086"	11	22702469	0.107741
"SNP_A-4206076"	11	22705510	-0.124996
"SNP_A-1875732"	11	22708668	0.099113
"SNP_A-2240482"	11	22732545	0.23077
"SNP_A-1944081"	11	22735391	0.057325
"SNP_A-2051582"	11	22736669	0.18692
"SNP_A-1942731"	11	22747269	0.047078
"SNP_A-1822543"	11	22748058	-0.087738
"SNP_A-2166420"	11	22752540	-0.075913
"SNP_A-4204082"	11	22766163	0.125563
"SNP_A-1813517"	11	22769111	-0.157965
"SNP_A-2172374"	11	22785046	-0.083303
"SNP_A-2027239"	11	22785182	0.247324
"SNP_A-2079788"	11	22791583	0.061014
"SNP_A-4225768"	11	22791645	0.069106
"SNP_A-1930943"	11	22799571	0.039579
"SNP_A-2180272"	11	22799731	-0.418177
"SNP_A-2117878"	11	22804061	-0.140301
"SNP_A-2153193"	11	22806411	-0.209655
"SNP_A-1842479"	11	22806528	-0.414823
"SNP_A-2193651"	11	22820102	-0.11518
"SNP_A-4230135"	11	22820216	0.125158
"SNP_A-2279216"	11	22820234	-0.048528
"SNP_A-4222445"	11	22840459	0.338285
"SNP_A-4214781"	11	22850700	0.012759
"SNP_A-2261828"	11	22860562	-0.256099
"SNP_A-1823131"	11	22862271	-0.642109
"SNP_A-2084034"	11	22862660	-0.023135
"SNP_A-2169995"	11	22862861	-0.141968
"SNP_A-4232802"	11	22863000	-0.198375
"SNP_A-1782088"	11	22866627	0.370888
"SNP_A-4214782"	11	22872472	0.055843
"SNP_A-1893157"	11	22880361	-0.025555
"SNP_A-4239640"	11	22884748	0.274339
"SNP_A-2302241"	11	22898963	-0.279499
"SNP_A-1917219"	11	22902725	-0.964977
"SNP_A-2117537"	11	22918037	0.142649
"SNP_A-1941147"	11	22957547	0.22482
"SNP_A-4202266"	11	22957806	0.141235
"SNP_A-1951920"	11	22957955	0.127501
"SNP_A-2242816"	11	22961333	-0.570585
"SNP_A-1934692"	11	22961559	-0.110817
"SNP_A-1917134"	11	22962322	-0.0475
"SNP_A-2035306"	11	22963437	0.139961
"SNP_A-4221981"	11	22991769	0.392354
"SNP_A-1841894"	11	22992639	0.117933
"SNP_A-1943322"	11	23001950	0.543575
"SNP_A-2029176"	11	23003121	0.145685
"SNP_A-2263946"	11	23017927	0.34809
"SNP_A-2247770"	11	23018086	0.166995
"SNP_A-4216371"	11	23022601	0.293091
"SNP_A-4233982"	11	23025320	-0.175176
"SNP_A-4234244"	11	23030718	0.238907
"SNP_A-2126970"	11	23041477	-0.412251
"SNP_A-2249674"	11	23041554	0.115824
"SNP_A-1827972"	11	23045351	0.152549
"SNP_A-2087182"	11	23050263	0.052643
"SNP_A-2276225"	11	23051134	0.132584
"SNP_A-2166447"	11	23051421	-0.378772
"SNP_A-2091508"	11	23052447	-0.586306
"SNP_A-2287477"	11	23052973	0.083527
"SNP_A-2027194"	11	23053829	-0.311196
"SNP_A-1851610"	11	23074401	0.100988
"SNP_A-1892776"	11	23074872	0.213802
"SNP_A-4227079"	11	23076788	0.052618
"SNP_A-1924467"	11	23076823	0.015451
"SNP_A-2131141"	11	23079180	-0.215887
"SNP_A-2273073"	11	23081950	0.179008
"SNP_A-2134015"	11	23082019	0.007879
"SNP_A-4230182"	11	23093186	-0.010551
"SNP_A-1893450"	11	23096117	0.10318
"SNP_A-2032799"	11	23105377	-0.138968
"SNP_A-1892332"	11	23118256	-0.224308
"SNP_A-1858762"	11	23118523	0.081772
"SNP_A-2207618"	11	23120666	0.077296
"SNP_A-1825396"	11	23121145	-0.443823
"SNP_A-1824026"	11	23121527	0.114795
"SNP_A-4225000"	11	23122915	0.212688
"SNP_A-4204072"	11	23122931	0.029841
"SNP_A-4205559"	11	23122944	-0.394791
"SNP_A-2174764"	11	23133591	-0.220773
"SNP_A-2027111"	11	23145664	-0.11586
"SNP_A-2235245"	11	23147948	-0.061497
"SNP_A-2175577"	11	23148591	-0.1698
"SNP_A-2225948"	11	23148811	0.091448
"SNP_A-1875771"	11	23153846	0.337714
"SNP_A-2265634"	11	23153863	0.3158
"SNP_A-4217968"	11	23153938	0.057248
"SNP_A-2029200"	11	23154213	-0.296593
"SNP_A-4214783"	11	23157081	-0.050816
"SNP_A-4193251"	11	23157485	-0.126753
"SNP_A-4238192"	11	23169551	-0.003008
"SNP_A-1801751"	11	23178655	0.282458
"SNP_A-2008592"	11	23180811	0.242135
"SNP_A-2008593"	11	23181998	0.275968
"SNP_A-2008594"	11	23182214	-0.806765
"SNP_A-4192867"	11	23192822	-0.067625
"SNP_A-2233601"	11	23203347	0.329381
"SNP_A-2129577"	11	23203388	-0.010227
"SNP_A-1934866"	11	23207906	0.273102
"SNP_A-2058435"	11	23208131	-0.243166
"SNP_A-1838835"	11	23208414	0.160197
"SNP_A-2277862"	11	23208848	0.375774
"SNP_A-4201768"	11	23231256	-0.268453
"SNP_A-2296887"	11	23231513	-0.061101
"SNP_A-2290799"	11	23231843	-0.610443
"SNP_A-4224998"	11	23241255	-0.331595
"SNP_A-2279507"	11	23256734	-0.132475
"SNP_A-1899746"	11	23258685	0.1516
"SNP_A-4223246"	11	23258897	0.558625
"SNP_A-4217765"	11	23262050	0.549288
"SNP_A-1907106"	11	23262078	0.674362
"SNP_A-2146909"	11	23268770	0.00111
"SNP_A-2161878"	11	23269339	-0.023145
"SNP_A-2160924"	11	23269377	-0.02543
"SNP_A-1817066"	11	23286060	0.374634
"SNP_A-2008609"	11	23296361	0.224719
"SNP_A-2008610"	11	23296538	0.271744
"SNP_A-2076709"	11	23308799	0.122863
"SNP_A-2001818"	11	23320437	0.056011
"SNP_A-2050791"	11	23320500	0.225153
"SNP_A-2281640"	11	23363515	0.210721
"SNP_A-2290225"	11	23363590	0.621638
"SNP_A-2226359"	11	23363859	0.09394
"SNP_A-1902111"	11	23364379	0.140285
"SNP_A-4202031"	11	23370382	0.038201
"SNP_A-2246779"	11	23372921	0.134997
"SNP_A-1807528"	11	23373804	0.01697
"SNP_A-1803640"	11	23374759	-0.107836
"SNP_A-1934034"	11	23377508	0.044547
"SNP_A-1874399"	11	23377994	0.384951
"SNP_A-1951869"	11	23379022	-0.408363
"SNP_A-2152290"	11	23416687	0.646363
"SNP_A-1823027"	11	23421204	-0.099614
"SNP_A-2001821"	11	23421835	-0.154877
"SNP_A-4214784"	11	23422881	0.536604
"SNP_A-1878247"	11	23426136	0.094119
"SNP_A-4196379"	11	23426497	-0.144953
"SNP_A-2225631"	11	23426531	0.118818
"SNP_A-1952384"	11	23451453	-0.223178
"SNP_A-4196093"	11	23451963	-0.113465
"SNP_A-2044667"	11	23452158	-0.012554
"SNP_A-2077407"	11	23454884	0.468112
"SNP_A-2101455"	11	23455100	-0.077527
"SNP_A-2141212"	11	23455815	0.009505
"SNP_A-2186881"	11	23456097	0.074132
"SNP_A-1808648"	11	23459728	-0.031069
"SNP_A-4193700"	11	23459754	-0.661138
"SNP_A-1941157"	11	23473340	-0.581043
"SNP_A-1905388"	11	23474981	0.077132
"SNP_A-1943766"	11	23476495	-0.143641
"SNP_A-2169855"	11	23476525	0.324044
"SNP_A-2028497"	11	23476861	-0.01581
"SNP_A-2133467"	11	23486797	0.18982
"SNP_A-2306231"	11	23487641	0.201259
"SNP_A-1780813"	11	23487705	0.121414
"SNP_A-2044949"	11	23487888	0.450771
"SNP_A-2100130"	11	23489038	0.02187
"SNP_A-2178251"	11	23489176	0.145746
"SNP_A-2290630"	11	23489265	0.447019
"SNP_A-2306787"	11	23491991	0.097548
"SNP_A-2156641"	11	23492159	-0.088943
"SNP_A-2174613"	11	23492223	-0.424659
"SNP_A-2098334"	11	23492305	-0.022321
"SNP_A-2196323"	11	23493312	-0.286124
"SNP_A-2260088"	11	23496972	0.209769
"SNP_A-1869896"	11	23497068	-0.170403
"SNP_A-2243758"	11	23497117	-0.156605
"SNP_A-4226274"	11	23501547	-0.414338
"SNP_A-4214785"	11	23506567	0.008644
"SNP_A-2280526"	11	23518924	0.266838
"SNP_A-2261960"	11	23521007	0.527654
"SNP_A-2206358"	11	23521069	0.072325
"SNP_A-2112861"	11	23540943	-0.034882
"SNP_A-4194608"	11	23546252	0.649559
"SNP_A-4192587"	11	23549619	0.075667
"SNP_A-1856549"	11	23555240	-0.860419
"SNP_A-2243830"	11	23555318	0.333477
"SNP_A-1956398"	11	23558735	0.1526
"SNP_A-2312786"	11	23585138	-0.196371
"SNP_A-1961280"	11	23585228	-0.070472
"SNP_A-1916118"	11	23585866	0.008752
"SNP_A-4214786"	11	23636292	0.096782
"SNP_A-2258230"	11	23656243	0.41601
"SNP_A-4196189"	11	23662377	0.272466
"SNP_A-2143234"	11	23671859	-0.072147
"SNP_A-2105336"	11	23677694	0.208491
"SNP_A-1885841"	11	23682510	0.072827
"SNP_A-1933955"	11	23682531	0.080048
"SNP_A-4197735"	11	23683926	0.014968
"SNP_A-1787136"	11	23691594	0.585947
"SNP_A-1912644"	11	23704913	-0.211403
"SNP_A-1943951"	11	23705016	0.084656
"SNP_A-2310341"	11	23716937	-0.222865
"SNP_A-2008647"	11	23780043	0.290047
"SNP_A-2008648"	11	23780079	0.338983
"SNP_A-2141021"	11	23801551	0.321027
"SNP_A-1915379"	11	23802876	-0.252277
"SNP_A-2285726"	11	23804937	0.325505
"SNP_A-2195778"	11	23828785	0.61045
"SNP_A-1927955"	11	23833032	0.012632
"SNP_A-2155297"	11	23839931	0.454283
"SNP_A-2060102"	11	23848236	-0.127131
"SNP_A-4238226"	11	23856061	0.121262
"SNP_A-2087146"	11	23857193	0.080578
"SNP_A-4194587"	11	23872319	-0.134437
"SNP_A-4219329"	11	23872834	0.147398
"SNP_A-2270944"	11	23879238	0.013786
"SNP_A-1915730"	11	23879391	0.617422
"SNP_A-2038600"	11	23887517	0.168499
"SNP_A-2297993"	11	23899256	-0.095422
"SNP_A-2008653"	11	23900497	-0.200349
"SNP_A-2008654"	11	23900604	0.247615
"SNP_A-4214787"	11	23902665	0.44842
"SNP_A-1854609"	11	23905868	-0.058628
"SNP_A-2001826"	11	23905953	-0.238611
"SNP_A-4228534"	11	23910200	0.176443
"SNP_A-2081841"	11	23927230	-0.101849
"SNP_A-1912098"	11	23932744	-0.138967
"SNP_A-1957156"	11	23933214	-0.392419
"SNP_A-4207584"	11	23933773	0.4298
"SNP_A-1834331"	11	23935834	0.018765
"SNP_A-2250436"	11	23952266	0.237986
"SNP_A-2033738"	11	24032403	-0.145036
"SNP_A-4226401"	11	24044290	0.30279
"SNP_A-2258311"	11	24044989	0.055132
"SNP_A-1815200"	11	24055176	-0.105915
"SNP_A-4214788"	11	24065510	0.130952
"SNP_A-1825179"	11	24075709	0.131991
"SNP_A-1853515"	11	24075838	0.117054
"SNP_A-1831310"	11	24098510	0.306514
"SNP_A-1799588"	11	24098848	-0.09409
"SNP_A-2008662"	11	24116149	0.306496
"SNP_A-4214789"	11	24116272	-0.083956
"SNP_A-2008663"	11	24116855	-0.125305
"SNP_A-2025482"	11	24121725	0.243866
"SNP_A-4201158"	11	24128116	-0.118653
"SNP_A-4201464"	11	24129346	0.273931
"SNP_A-4204699"	11	24154571	-0.258262
"SNP_A-1928413"	11	24164647	0.240123
"SNP_A-1873099"	11	24165896	0.052925
"SNP_A-1839604"	11	24171299	0.329539
"SNP_A-1783762"	11	24172181	0.509582
"SNP_A-4214113"	11	24175426	0.342593
"SNP_A-2241887"	11	24181255	-0.033987
"SNP_A-2313620"	11	24181936	0.277115
"SNP_A-2124653"	11	24183317	0.098153
"SNP_A-2061303"	11	24196876	0.150536
"SNP_A-2194031"	11	24204107	0.159188
"SNP_A-1804969"	11	24204136	-0.51513
"SNP_A-1814957"	11	24204319	-0.364638
"SNP_A-2156719"	11	24212151	-0.395878
"SNP_A-1846516"	11	24234500	0.188601
"SNP_A-2066226"	11	24238786	-0.204826
"SNP_A-2199080"	11	24243088	0.101111
"SNP_A-4214791"	11	24277020	0.030367
"SNP_A-1917274"	11	24285086	0.134498
"SNP_A-1908019"	11	24342159	-0.279776
"SNP_A-4235331"	11	24354771	0.200684
"SNP_A-2246244"	11	24355757	-0.026351
"SNP_A-2178298"	11	24356381	0.154457
"SNP_A-2078811"	11	24360196	-0.118006
"SNP_A-1913389"	11	24361172	0.102375
"SNP_A-2094301"	11	24361271	-0.062161
"SNP_A-1849225"	11	24379143	-0.042766
"SNP_A-1881788"	11	24388790	-0.365163
"SNP_A-1938960"	11	24389358	0.301451
"SNP_A-1897563"	11	24404824	0.030701
"SNP_A-1852008"	11	24415289	0.157319
"SNP_A-4199825"	11	24424157	0.106428
"SNP_A-2156114"	11	24432849	0.420235
"SNP_A-2141022"	11	24439716	-0.19767
"SNP_A-2068078"	11	24449285	0.380489
"SNP_A-2008687"	11	24450056	-0.187418
"SNP_A-4214792"	11	24450452	0.516423
"SNP_A-2008689"	11	24451041	0.420989
"SNP_A-2252465"	11	24451704	-0.099311
"SNP_A-2001829"	11	24454826	-0.262721
"SNP_A-2008690"	11	24455563	0.063356
"SNP_A-1786876"	11	24457627	-0.033225
"SNP_A-1839479"	11	24458306	0.266772
"SNP_A-1837951"	11	24458489	0.112759
"SNP_A-1781107"	11	24458971	0.647866
"SNP_A-1836258"	11	24460784	-0.7145
"SNP_A-2183830"	11	24461239	0.11235
"SNP_A-2174879"	11	24461284	0.528111
"SNP_A-2240724"	11	24461479	0.015769
"SNP_A-4219650"	11	24463402	0.185911
"SNP_A-4222785"	11	24467816	0.142138
"SNP_A-1795417"	11	24473819	-0.233541
"SNP_A-2129001"	11	24476389	-0.094096
"SNP_A-1854236"	11	24477245	0.788058
"SNP_A-2077806"	11	24478846	0.452587
"SNP_A-2268797"	11	24482075	-0.130147
"SNP_A-1953716"	11	24491665	0.025702
"SNP_A-1937943"	11	24497466	-0.133248
"SNP_A-4214794"	11	24500051	-0.158996
"SNP_A-4204994"	11	24512258	-0.168822
"SNP_A-2173563"	11	24514743	0.084298
"SNP_A-2146571"	11	24519859	0.360522
"SNP_A-4241176"	11	24520248	0.40037
"SNP_A-2090607"	11	24528104	0.252793
"SNP_A-2008709"	11	24531966	0.17391
"SNP_A-2008712"	11	24533759	-0.311271
"SNP_A-4214114"	11	24541909	0.08446
"SNP_A-4204048"	11	24544395	0.339696
"SNP_A-4236539"	11	24545815	0.293321
"SNP_A-1926569"	11	24581034	0.349303
"SNP_A-4240872"	11	24596631	0.384885
"SNP_A-2234790"	11	24599443	0.260262
"SNP_A-4219733"	11	24599881	0.581443
"SNP_A-2197116"	11	24607432	-0.459451
"SNP_A-2188984"	11	24656588	0.133812
"SNP_A-4235077"	11	24660091	-0.160509
"SNP_A-2314763"	11	24694621	-0.082259
"SNP_A-2091820"	11	24704999	-0.607669
"SNP_A-4214798"	11	24707556	0.445536
"SNP_A-2008727"	11	24708320	-0.042035
"SNP_A-2008728"	11	24708435	0.207835
"SNP_A-4214799"	11	24708471	-0.472461
"SNP_A-2008730"	11	24710115	0.323334
"SNP_A-1905339"	11	24711812	0.095457
"SNP_A-2204994"	11	24712284	0.11504
"SNP_A-2028685"	11	24718407	-0.125281
"SNP_A-1926973"	11	24734687	0.25121
"SNP_A-2234103"	11	24734739	0.214321
"SNP_A-1942113"	11	24735537	0.038573
"SNP_A-4216541"	11	24735921	0.106407
"SNP_A-2218591"	11	24750900	-0.135201
"SNP_A-2191721"	11	24756634	-0.187001
"SNP_A-2049833"	11	24756819	0.035451
"SNP_A-2267480"	11	24756919	0.138471
"SNP_A-1940893"	11	24757326	-0.305333
"SNP_A-1928100"	11	24757368	-0.129729
"SNP_A-1831530"	11	24758224	0.14102
"SNP_A-1810279"	11	24759150	0.29909
"SNP_A-1954421"	11	24759245	-0.114784
"SNP_A-2092996"	11	24761035	-0.068563
"SNP_A-1915504"	11	24773214	0.022139
"SNP_A-4206223"	11	24773260	0.429738
"SNP_A-2055162"	11	24774285	0.413126
"SNP_A-2290170"	11	24774355	-0.022165
"SNP_A-1908795"	11	24774881	0.104121
"SNP_A-2024834"	11	24787750	0.149507
"SNP_A-2267570"	11	24806250	0.137243
"SNP_A-1815803"	11	24807361	0.121025
"SNP_A-4198433"	11	24815264	0.074947
"SNP_A-2057475"	11	24815701	-0.044901
"SNP_A-2310822"	11	24831654	-0.007089
"SNP_A-1815613"	11	24841295	0.276284
"SNP_A-4198982"	11	24858740	-0.121029
"SNP_A-1838950"	11	24858808	0.199412
"SNP_A-1832523"	11	24859050	0.014809
"SNP_A-2144393"	11	24866240	-0.191631
"SNP_A-1952242"	11	24868321	0.207965
"SNP_A-2233283"	11	24868826	-0.080315
"SNP_A-2163718"	11	24869212	0.089996
"SNP_A-2162003"	11	24921413	-0.049943
"SNP_A-2123693"	11	24942783	-0.309734
"SNP_A-1883278"	11	24942990	-0.125535
"SNP_A-2154409"	11	24960163	0.173266
"SNP_A-1819969"	11	24965211	-0.208994
"SNP_A-4219652"	11	24966286	0.368475
"SNP_A-2124446"	11	24966575	0.077163
"SNP_A-2126717"	11	24967061	0.144108
"SNP_A-2008763"	11	24974658	-0.093159
"SNP_A-2123901"	11	24977137	0.702332
"SNP_A-4219533"	11	24977395	-0.062692
"SNP_A-2060905"	11	24989356	-0.248184
"SNP_A-1934147"	11	24989529	-0.322447
"SNP_A-2099761"	11	24995339	-0.269575
"SNP_A-2308668"	11	25011437	0.331505
"SNP_A-1908451"	11	25015195	0.35448
"SNP_A-2255500"	11	25015530	0.431534
"SNP_A-1931116"	11	25023609	0.234455
"SNP_A-2021711"	11	25029870	-0.07771
"SNP_A-2150084"	11	25030373	0.360296
"SNP_A-2115688"	11	25035470	0.42762
"SNP_A-1830403"	11	25035772	0.315304
"SNP_A-2008775"	11	25040791	0.253013
"SNP_A-1844095"	11	25043085	0.388287
"SNP_A-2291779"	11	25045288	-0.343168
"SNP_A-2166882"	11	25047350	-0.072881
"SNP_A-2160510"	11	25047623	-0.164211
"SNP_A-2148772"	11	25058907	0.351642
"SNP_A-1923984"	11	25064349	0.001341
"SNP_A-1814158"	11	25076996	0.097944
"SNP_A-2082099"	11	25077110	0.071165
"SNP_A-2008784"	11	25077409	0.389181
"SNP_A-2008786"	11	25093123	-0.070614
"SNP_A-4195168"	11	25101455	0.283862
"SNP_A-4203972"	11	25106212	0.401534
"SNP_A-4216302"	11	25106667	0.108053
"SNP_A-4225900"	11	25109057	-0.296994
"SNP_A-1794666"	11	25114085	0.043105
"SNP_A-4214805"	11	25116612	0.269711
"SNP_A-2219734"	11	25117243	0.676638
"SNP_A-2297471"	11	25140623	-0.283895
"SNP_A-2163300"	11	25141079	0.174536
"SNP_A-2062038"	11	25143560	0.15311
"SNP_A-2156162"	11	25161225	-0.31703
"SNP_A-1848106"	11	25186499	-0.173213
"SNP_A-2036101"	11	25191667	0.043637
"SNP_A-2189590"	11	25195933	-0.400998
"SNP_A-4206203"	11	25196163	0.337942
"SNP_A-1813322"	11	25204553	0.048902
"SNP_A-2270036"	11	25204922	0.170666
"SNP_A-1788914"	11	25205897	-0.105237
"SNP_A-2112069"	11	25213752	0.217971
"SNP_A-1849346"	11	25220304	-0.101906
"SNP_A-1940332"	11	25229775	-0.13695
"SNP_A-1943923"	11	25239074	0.135291
"SNP_A-4197405"	11	25272638	0.208337
"SNP_A-4217586"	11	25273068	-0.174738
"SNP_A-2166092"	11	25297957	0.239093
"SNP_A-4221088"	11	25298135	0.288178
"SNP_A-4214808"	11	25304107	-0.326125
"SNP_A-2270539"	11	25314360	-0.076977
"SNP_A-1835951"	11	25319538	-0.780398
"SNP_A-4231162"	11	25320808	0.203135
"SNP_A-1862184"	11	25329926	0.228805
"SNP_A-4193605"	11	25331938	0.089565
"SNP_A-4228789"	11	25332972	0.204625
"SNP_A-2043589"	11	25333379	0.460182
"SNP_A-2008827"	11	25338629	-0.193415
"SNP_A-2049111"	11	25347370	0.241036
"SNP_A-2008829"	11	25348361	0.192026
"SNP_A-1820731"	11	25356940	-0.157018
"SNP_A-4232500"	11	25360592	0.108499
"SNP_A-1928603"	11	25365596	0.033439
"SNP_A-2299990"	11	25365874	0.047267
"SNP_A-2139416"	11	25382408	0.349167
"SNP_A-2169105"	11	25383929	0.403617
"SNP_A-1903217"	11	25383984	0.087864
"SNP_A-2196221"	11	25402211	0.469418
"SNP_A-2096744"	11	25410795	-0.327522
"SNP_A-4214812"	11	25411635	0.262198
"SNP_A-4214813"	11	25418387	-0.005116
"SNP_A-2038740"	11	25419554	0.125266
"SNP_A-2028479"	11	25421296	0.112755
"SNP_A-2008846"	11	25431511	0.292997
"SNP_A-2268382"	11	25436985	0.100302
"SNP_A-1808031"	11	25450052	-0.315191
"SNP_A-4237202"	11	25454983	0.302464
"SNP_A-1855866"	11	25456136	0.037862
"SNP_A-2200662"	11	25457139	0.424244
"SNP_A-1882705"	11	25484778	0.209426
"SNP_A-2067240"	11	25485126	0.465978
"SNP_A-4214815"	11	25486239	0.240203
"SNP_A-2008849"	11	25488415	0.188499
"SNP_A-2008850"	11	25488548	0.091077
"SNP_A-2167018"	11	25490501	0.29402
"SNP_A-2008851"	11	25497059	0.028605
"SNP_A-1958596"	11	25500074	0.827248
"SNP_A-1820404"	11	25507097	0.153899
"SNP_A-2059081"	11	25507158	-0.073871
"SNP_A-1853593"	11	25516884	-0.141146
"SNP_A-2171680"	11	25518002	0.644371
"SNP_A-2302427"	11	25518603	0.228312
"SNP_A-4196452"	11	25537641	0.768968
"SNP_A-2008862"	11	25538287	0.313151
"SNP_A-4199433"	11	25562420	0.349366
"SNP_A-2188251"	11	25573116	0.070456
"SNP_A-2229644"	11	25579164	-0.155353
"SNP_A-1847729"	11	25581002	0.059625
"SNP_A-1938150"	11	25596159	-0.324075
"SNP_A-4201125"	11	25603897	-0.322867
"SNP_A-4200211"	11	25610758	-0.322568
"SNP_A-2126583"	11	25611511	0.405673
"SNP_A-1873718"	11	25620775	0.00939
"SNP_A-2105083"	11	25628233	0.206185
"SNP_A-1951825"	11	25634508	-0.111021
"SNP_A-4177203"	11	25635857	0.549651
"SNP_A-2121311"	11	25638207	0.107723
"SNP_A-2129846"	11	25638423	0.271441
"SNP_A-2296397"	11	25638809	-0.118196
"SNP_A-1879225"	11	25639081	-0.190109
"SNP_A-2240029"	11	25639145	0.185345
"SNP_A-2008869"	11	25649116	-0.330894
"SNP_A-1825638"	11	25651185	-0.095864
"SNP_A-4214817"	11	25651576	-0.093853
"SNP_A-4207488"	11	25658449	0.337461
"SNP_A-4227879"	11	25663627	-0.319327
"SNP_A-2188459"	11	25692593	0.378306
"SNP_A-4198389"	11	25708845	0.130442
"SNP_A-4214819"	11	25712397	-0.00919
"SNP_A-2178427"	11	25713311	0.088498
"SNP_A-1781423"	11	25714362	0.219411
"SNP_A-1922318"	11	25715397	0.376943
"SNP_A-2161349"	11	25716897	0.100555
"SNP_A-4230999"	11	25718400	-0.184496
"SNP_A-2105533"	11	25720495	0.369613
"SNP_A-1850526"	11	25727785	-0.281272
"SNP_A-2142432"	11	25727828	0.517176
"SNP_A-2291322"	11	25728947	0.164533
"SNP_A-2154028"	11	25729021	0.130221
"SNP_A-1790313"	11	25729493	-0.169738
"SNP_A-4214823"	11	25730150	0.097536
"SNP_A-2098524"	11	25733667	0.106844
"SNP_A-1937947"	11	25733789	0.105162
"SNP_A-1817399"	11	25743428	-0.540459
"SNP_A-4202283"	11	25747721	-0.100825
"SNP_A-4232657"	11	25749884	0.438256
"SNP_A-1909067"	11	25763061	0.029934
"SNP_A-2310947"	11	25783130	0.469485
"SNP_A-2008880"	11	25792466	-0.582057
"SNP_A-4237051"	11	25792647	0.401609
"SNP_A-2079291"	11	25797555	0.137941
"SNP_A-2134733"	11	25797805	0.466302
"SNP_A-2008881"	11	25798343	-0.141172
"SNP_A-2113778"	11	25817204	0.242615
"SNP_A-2113747"	11	25817410	-0.028846
"SNP_A-2264260"	11	25818340	0.430622
"SNP_A-1894774"	11	25818509	0.095877
"SNP_A-2030169"	11	25819366	0.014077
"SNP_A-2237012"	11	25819399	-0.039415
"SNP_A-1816645"	11	25821801	0.246191
"SNP_A-2165142"	11	25823062	0.050621
"SNP_A-2127492"	11	25848594	-0.500131
"SNP_A-1819282"	11	25860654	0.715282
"SNP_A-1906364"	11	25861168	0.011712
"SNP_A-2303573"	11	25870713	0.604782
"SNP_A-4198926"	11	25872801	0.577193
"SNP_A-2226939"	11	25873313	0.402743
"SNP_A-2094131"	11	25873758	0.513957
"SNP_A-2314316"	11	25874995	-0.309324
"SNP_A-2100677"	11	25875074	-0.204532
"SNP_A-1939670"	11	25876945	-0.019539
"SNP_A-2206194"	11	25887082	0.025819
"SNP_A-2008893"	11	25906381	-0.039941
"SNP_A-1846369"	11	25907070	0.217281
"SNP_A-2255139"	11	25907113	-0.139248
"SNP_A-1865265"	11	25907428	0.415959
"SNP_A-1879231"	11	25908493	-0.52475
"SNP_A-2304111"	11	25909353	0.371516
"SNP_A-2276628"	11	25909416	-0.145207
"SNP_A-1824603"	11	25914227	0.196083
"SNP_A-2008895"	11	25919584	-0.020021
"SNP_A-2181448"	11	25919811	-0.021455
"SNP_A-1930081"	11	25920083	0.430945
"SNP_A-2034344"	11	25920407	0.323398
"SNP_A-1858640"	11	25957837	0.294902
"SNP_A-2260038"	11	25957984	-0.079657
"SNP_A-2157145"	11	25966281	0.15816
"SNP_A-1820036"	11	25966432	0.42389
"SNP_A-4214824"	11	25973390	0.440616
"SNP_A-1898551"	11	25982404	0.202882
"SNP_A-4237630"	11	25983060	0.133789
"SNP_A-2065677"	11	25983851	0.285031
"SNP_A-2035967"	11	25983881	-0.105922
"SNP_A-2001837"	11	25987772	0.191366
"SNP_A-2034627"	11	25992694	0.38726
"SNP_A-2054908"	11	25996819	0.671795
"SNP_A-2281283"	11	25998421	0.250858
"SNP_A-2263116"	11	25998512	0.09782
"SNP_A-2241619"	11	26002030	0.498646
"SNP_A-2281863"	11	26002063	0.239493
"SNP_A-1932754"	11	26004028	-0.232869
"SNP_A-2107164"	11	26005790	0.404779
"SNP_A-1918568"	11	26006071	0.079355
"SNP_A-1852687"	11	26010685	0.481507
"SNP_A-4219571"	11	26010866	-0.107037
"SNP_A-2008908"	11	26015770	-0.037419
"SNP_A-2008910"	11	26017220	0.072159
"SNP_A-2065143"	11	26026236	0.409997
"SNP_A-2300683"	11	26026637	-0.103015
"SNP_A-2099712"	11	26040028	0.157376
"SNP_A-2304995"	11	26047324	0.803589
"SNP_A-2222160"	11	26048546	0.287523
"SNP_A-1835586"	11	26062215	0.031119
"SNP_A-4223770"	11	26072142	-0.195488
"SNP_A-1872015"	11	26083415	-0.012597
"SNP_A-2055747"	11	26098304	-0.020849
"SNP_A-2023746"	11	26099341	0.057428
"SNP_A-2115430"	11	26115829	0.135992
"SNP_A-2008927"	11	26142635	0.395258
"SNP_A-2143611"	11	26175845	-0.044447
"SNP_A-4193195"	11	26182293	-0.101674
"SNP_A-2008928"	11	26184171	0.115012
"SNP_A-4217087"	11	26186889	0.188553
"SNP_A-1830422"	11	26196140	-0.203197
"SNP_A-1937465"	11	26196627	-0.234385
"SNP_A-4236401"	11	26203069	-0.28172
"SNP_A-2228024"	11	26207450	0.185694
"SNP_A-4204136"	11	26207575	0.391528
"SNP_A-4237412"	11	26209304	-0.106327
"SNP_A-2086041"	11	26209429	-0.062759
"SNP_A-2261074"	11	26209748	-0.282134
"SNP_A-2081056"	11	26223038	0.172753
"SNP_A-4214826"	11	26230547	-0.245314
"SNP_A-1881973"	11	26255819	0.01808
"SNP_A-1844237"	11	26255985	0.295716
"SNP_A-2027169"	11	26256636	0.422895
"SNP_A-1866148"	11	26256665	0.249756
"SNP_A-2287074"	11	26256754	-0.124415
"SNP_A-2055689"	11	26256906	0.607854
"SNP_A-1780413"	11	26257545	1.16148
"SNP_A-2299834"	11	26257918	-0.188887
"SNP_A-1937310"	11	26259483	0.932511
"SNP_A-2198221"	11	26259936	-0.86398
"SNP_A-2253866"	11	26263132	-0.240578
"SNP_A-2092095"	11	26263401	-0.035053
"SNP_A-2235517"	11	26272147	0.088345
"SNP_A-2302981"	11	26276753	-0.95751
"SNP_A-1783777"	11	26276947	0.360589
"SNP_A-1805276"	11	26276976	-0.03102
"SNP_A-4236968"	11	26280100	0.707798
"SNP_A-2188443"	11	26280695	-0.141761
"SNP_A-4204834"	11	26283697	0.33777
"SNP_A-2168143"	11	26283939	0.099927
"SNP_A-4231378"	11	26305459	0.808268
"SNP_A-1820231"	11	26306699	0.089673
"SNP_A-2148034"	11	26323604	0.173033
"SNP_A-2246107"	11	26337381	-0.00963
"SNP_A-2074246"	11	26338866	-0.044844
"SNP_A-2046832"	11	26341558	-0.019111
"SNP_A-1953250"	11	26349536	0.256138
"SNP_A-2226842"	11	26350084	0.444035
"SNP_A-2055742"	11	26350699	0.412489
"SNP_A-1825900"	11	26351264	0.057508
"SNP_A-1918500"	11	26352124	0.370067
"SNP_A-1955179"	11	26353619	0.027651
"SNP_A-2296758"	11	26353650	0.223435
"SNP_A-4235427"	11	26353887	0.267139
"SNP_A-1960728"	11	26354073	0.115029
"SNP_A-2001838"	11	26354331	0.260314
"SNP_A-2127730"	11	26364253	0.05573
"SNP_A-2278058"	11	26364724	0.195595
"SNP_A-4203547"	11	26365789	0.330773
"SNP_A-1911529"	11	26367163	-0.053779
"SNP_A-2214586"	11	26367506	0.069501
"SNP_A-2008947"	11	26382246	0.112724
"SNP_A-2222648"	11	26385799	0.847853
"SNP_A-1816456"	11	26402649	-0.199429
"SNP_A-1933944"	11	26402767	-0.13288
"SNP_A-2166940"	11	26409592	0.261962
"SNP_A-1834486"	11	26439347	0.070195
"SNP_A-1911481"	11	26439606	0.395373
"SNP_A-4237894"	11	26461077	0.107141
"SNP_A-1802210"	11	26475341	0.571637
"SNP_A-1812459"	11	26475521	0.168675
"SNP_A-2083305"	11	26485836	0.231627
"SNP_A-4216475"	11	26486476	-0.09564
"SNP_A-2008966"	11	26496312	0.473986
"SNP_A-4206452"	11	26499998	0.564236
"SNP_A-4200505"	11	26512971	0.330432
"SNP_A-1935984"	11	26516995	0.2224
"SNP_A-1844888"	11	26517526	0.662854
"SNP_A-4219482"	11	26523824	0.447275
"SNP_A-2266521"	11	26524063	0.116526
"SNP_A-2008974"	11	26531024	-0.036446
"SNP_A-1913489"	11	26531206	0.17
"SNP_A-4177287"	11	26531972	0.384502
"SNP_A-2159726"	11	26548937	0.229453
"SNP_A-4214829"	11	26549261	0.372506
"SNP_A-2041254"	11	26552978	-0.087554
"SNP_A-4236282"	11	26570975	-0.145682
"SNP_A-2125511"	11	26607723	0.773701
"SNP_A-4219014"	11	26609538	-0.112695
"SNP_A-2112136"	11	26610404	0.33118
"SNP_A-1932529"	11	26613139	-0.49288
"SNP_A-1843051"	11	26613666	0.211797
"SNP_A-4214830"	11	26618623	0.036675
"SNP_A-2052499"	11	26623478	0.171261
"SNP_A-2008985"	11	26624060	0.308203
"SNP_A-2008986"	11	26624525	0.443753
"SNP_A-4214831"	11	26627426	-0.250971
"SNP_A-2301198"	11	26631293	0.368115
"SNP_A-2090660"	11	26631344	0.181294
"SNP_A-2056617"	11	26641339	0.470195
"SNP_A-2032383"	11	26649039	0.049413
"SNP_A-2307097"	11	26650384	0.076507
"SNP_A-2150199"	11	26656694	0.289462
"SNP_A-4238038"	11	26682306	-3.7e-05
"SNP_A-4234968"	11	26702315	0.006217
"SNP_A-2226459"	11	26706724	0.252554
"SNP_A-4214833"	11	26719592	-0.112117
"SNP_A-1815222"	11	26723126	0.102038
"SNP_A-1865682"	11	26723219	0.008572
"SNP_A-1915262"	11	26723509	-0.283465
"SNP_A-2008994"	11	26727559	0.032822
"SNP_A-4197078"	11	26728292	0.344418
"SNP_A-2135006"	11	26729194	0.185263
"SNP_A-2074399"	11	26730227	0.579297
"SNP_A-2218920"	11	26760696	-0.055363
"SNP_A-4219494"	11	26760974	0.503489
"SNP_A-2290067"	11	26771667	0.18234
"SNP_A-2299518"	11	26779037	0.041065
"SNP_A-2237761"	11	26780450	0.115742
"SNP_A-1888427"	11	26822264	-0.013573
"SNP_A-2054449"	11	26822483	-0.00189
"SNP_A-2009003"	11	26832756	-0.032328
"SNP_A-2078018"	11	26840236	0.238847
"SNP_A-1781331"	11	26845102	0.373657
"SNP_A-2233287"	11	26892548	0.084389
"SNP_A-2143069"	11	26914585	-0.186269
"SNP_A-2284465"	11	26962263	-0.255446
"SNP_A-2282010"	11	26964114	0.099516
"SNP_A-2203037"	11	26964262	-0.017134
"SNP_A-1815650"	11	26965924	0.266129
"SNP_A-4193559"	11	26968477	0.630712
"SNP_A-2001842"	11	26974183	0.237952
"SNP_A-1881450"	11	26975907	-0.109413
"SNP_A-4214835"	11	26982096	0.114122
"SNP_A-4214836"	11	26982453	0.096775
"SNP_A-4221666"	11	26983242	0.587397
"SNP_A-4219292"	11	26991532	0.187953
"SNP_A-2049474"	11	26991574	-0.052889
"SNP_A-2181524"	11	26992642	-0.025183
"SNP_A-2247273"	11	26996250	0.026118
"SNP_A-2021443"	11	27001776	0.298496
"SNP_A-2259449"	11	27003182	0.332657
"SNP_A-1821407"	11	27004374	0.262268
"SNP_A-1946498"	11	27018914	0.317045
"SNP_A-2081537"	11	27019064	0.322481
"SNP_A-4221259"	11	27031235	0.13459
"SNP_A-1894858"	11	27031663	-0.150321
"SNP_A-2048246"	11	27031998	-0.025695
"SNP_A-2175348"	11	27032127	0.458836
"SNP_A-4214837"	11	27035886	0.06467
"SNP_A-2068152"	11	27039881	0.301891
"SNP_A-1872879"	11	27059048	0.355047
"SNP_A-1880263"	11	27071965	0.033029
"SNP_A-1914956"	11	27072342	0.201752
"SNP_A-2116510"	11	27080546	-0.044488
"SNP_A-4205679"	11	27080940	0.640859
"SNP_A-2181521"	11	27089107	-0.565926
"SNP_A-2207308"	11	27093083	0.236889
"SNP_A-1815745"	11	27094036	-0.088905
"SNP_A-4229033"	11	27095686	-0.263032
"SNP_A-2081868"	11	27096483	0.113803
"SNP_A-4225268"	11	27108551	0.283586
"SNP_A-4231776"	11	27115786	0.216413
"SNP_A-2174783"	11	27168827	0.304274
"SNP_A-4216226"	11	27173911	0.205991
"SNP_A-2009039"	11	27179865	0.464023
"SNP_A-1883221"	11	27180068	0.184612
"SNP_A-4222858"	11	27189935	0.42846
"SNP_A-2075936"	11	27204392	0.230729
"SNP_A-2140793"	11	27208554	-0.20584
"SNP_A-2098939"	11	27216990	0.104853
"SNP_A-1872569"	11	27219537	0.23837
"SNP_A-2263389"	11	27219596	0.085616
"SNP_A-1950254"	11	27222613	0.146256
"SNP_A-1823056"	11	27225055	0.234561
"SNP_A-2036772"	11	27230666	0.682811
"SNP_A-2009052"	11	27257217	-0.056571
"SNP_A-1802377"	11	27257637	0.224468
"SNP_A-2192105"	11	27266532	0.221491
"SNP_A-4199028"	11	27267447	0.201747
"SNP_A-4197402"	11	27276684	0.124835
"SNP_A-4199208"	11	27277024	0.08606
"SNP_A-2009056"	11	27295431	-0.128906
"SNP_A-1808112"	11	27295634	-0.140301
"SNP_A-1874354"	11	27295972	0.284926
"SNP_A-2189589"	11	27297368	0.013404
"SNP_A-1835152"	11	27336131	0.334891
"SNP_A-2009059"	11	27357293	0.296132
"SNP_A-2026812"	11	27359857	0.172614
"SNP_A-4214839"	11	27359908	-0.044219
"SNP_A-2001846"	11	27360529	-0.119813
"SNP_A-2028078"	11	27370784	0.11027
"SNP_A-2001847"	11	27392932	0.042801
"SNP_A-4216069"	11	27396250	0.155297
"SNP_A-2086604"	11	27404601	0.171353
"SNP_A-2192118"	11	27408335	0.159642
"SNP_A-2058550"	11	27459251	0.40815
"SNP_A-2009065"	11	27503955	0.198765
"SNP_A-4206225"	11	27519958	0.096793
"SNP_A-2009067"	11	27535522	0.250014
"SNP_A-1866962"	11	27570294	0.008653
"SNP_A-2158242"	11	27575066	0.425455
"SNP_A-2313824"	11	27613365	0.001788
"SNP_A-2268096"	11	27622119	0.141899
"SNP_A-1908663"	11	27641093	0.615659
"SNP_A-2049168"	11	27652486	0.395996
"SNP_A-2109073"	11	27671460	-0.155722
"SNP_A-2009079"	11	27704247	-0.143899
"SNP_A-4207501"	11	27736226	-0.28386
"SNP_A-2299904"	11	27771080	0.515135
"SNP_A-2080516"	11	27773096	0.042614
"SNP_A-2266571"	11	27792326	-0.290323
"SNP_A-1834504"	11	27793312	0.307007
"SNP_A-2009089"	11	27793408	-0.028221
"SNP_A-2009098"	11	27802389	-0.08417
"SNP_A-2009099"	11	27802565	-0.206779
"SNP_A-2190349"	11	27810588	-0.321077
"SNP_A-4200546"	11	27817354	-0.043802
"SNP_A-4200550"	11	27817366	-0.087341
"SNP_A-4214841"	11	27822996	0.032897
"SNP_A-4214842"	11	27823359	0.190049
"SNP_A-4197594"	11	27843969	0.280196
"SNP_A-4201848"	11	27843998	0.293797
"SNP_A-4200251"	11	27857257	0.101756
"SNP_A-1822147"	11	27866267	-0.00768
"SNP_A-2118055"	11	27906563	-0.222909
"SNP_A-1879775"	11	27948618	-0.121169
"SNP_A-2076576"	11	27956449	0.565241
"SNP_A-2090295"	11	27964476	0.41391
"SNP_A-1835678"	11	27968787	-0.252049
"SNP_A-2300936"	11	27973196	-0.375236
"SNP_A-2152766"	11	27973379	-0.011777
"SNP_A-2157621"	11	27973742	0.28145
"SNP_A-1833661"	11	27974391	0.080625
"SNP_A-4204188"	11	27997545	0.194466
"SNP_A-1912456"	11	28019544	0.184073
"SNP_A-4237122"	11	28076556	0.24196
"SNP_A-2009127"	11	28105653	-0.024961
"SNP_A-1785015"	11	28112744	0.240063
"SNP_A-4203186"	11	28187203	0.285012
"SNP_A-4198923"	11	28194092	0.204195
"SNP_A-4235827"	11	28201730	0.279399
"SNP_A-2275693"	11	28245531	0.029404
"SNP_A-2311252"	11	28248131	-0.149467
"SNP_A-1810118"	11	28248654	0.237139
"SNP_A-1922565"	11	28267045	0.551505
"SNP_A-1896671"	11	28289977	-0.437868
"SNP_A-4223402"	11	28294936	0.234224
"SNP_A-2129404"	11	28334546	0.226473
"SNP_A-2296315"	11	28358794	-0.084278
"SNP_A-1804164"	11	28395387	0.077172
"SNP_A-4220888"	11	28440208	0.184739
"SNP_A-4230996"	11	28440221	0.611337
"SNP_A-2137466"	11	28441692	0.517469
"SNP_A-2143064"	11	28446848	-0.13713
"SNP_A-2009135"	11	28451082	-0.145733
"SNP_A-2063559"	11	28492188	-0.301087
"SNP_A-2266710"	11	28505842	-0.456569
"SNP_A-4226489"	11	28508582	-0.324648
"SNP_A-2009137"	11	28511110	-0.031274
"SNP_A-2158989"	11	28513088	-0.012668
"SNP_A-1936494"	11	28521750	0.226226
"SNP_A-2091904"	11	28531215	0.454598
"SNP_A-4214847"	11	28563821	0.371954
"SNP_A-1937402"	11	28585691	0.288259
"SNP_A-4233273"	11	28611117	0.113713
"SNP_A-2108597"	11	28628926	-0.22065
"SNP_A-4214848"	11	28642628	-0.121834
"SNP_A-4214849"	11	28648363	0.344724
"SNP_A-2263335"	11	28657120	-0.266115
"SNP_A-2086947"	11	28667522	-0.246257
"SNP_A-1791097"	11	28677476	0.006577
"SNP_A-2127573"	11	28679819	-0.170652
"SNP_A-2241695"	11	28696016	0.632555
"SNP_A-4214851"	11	28701359	-0.26059
"SNP_A-4214852"	11	28702894	0.124354
"SNP_A-2187615"	11	28704476	0.111265
"SNP_A-2268822"	11	28705990	-0.177513
"SNP_A-4204017"	11	28715828	0.18259
"SNP_A-2276198"	11	28715947	0.035659
"SNP_A-1856716"	11	28716402	-0.013049
"SNP_A-2205269"	11	28739060	0.241946
"SNP_A-2200355"	11	28741792	-0.156098
"SNP_A-1858172"	11	28764984	-0.130628
"SNP_A-2095444"	11	28777290	0.419141
"SNP_A-2009153"	11	28788261	0.190182
"SNP_A-1937448"	11	28788590	0.155449
"SNP_A-1942319"	11	28811390	-0.031209
"SNP_A-4229331"	11	28811420	0.290913
"SNP_A-2175055"	11	28811556	0.226225
"SNP_A-2288018"	11	28816432	-0.078063
"SNP_A-1883655"	11	28820875	0.115519
"SNP_A-2106919"	11	28823643	-0.162619
"SNP_A-2108651"	11	28824536	0.309144
"SNP_A-1948278"	11	28826473	0.178228
"SNP_A-1925481"	11	28827116	-0.142529
"SNP_A-2126646"	11	28846816	0.49928
"SNP_A-2157798"	11	28864122	0.111298
"SNP_A-1825897"	11	28888177	0.431491
"SNP_A-1803152"	11	28896280	0.330732
"SNP_A-1926127"	11	28898013	-0.011925
"SNP_A-1841710"	11	28906995	0.155716
"SNP_A-4204518"	11	28908206	0.069807
"SNP_A-1815145"	11	28916116	0.093951
"SNP_A-2107945"	11	28916515	0.180686
"SNP_A-4200938"	11	28924481	0.485081
"SNP_A-1937408"	11	28940231	0.085011
"SNP_A-4214854"	11	28944086	0.112255
"SNP_A-2066116"	11	28944919	0.584829
"SNP_A-1807135"	11	28976726	0.246786
"SNP_A-1834163"	11	28979485	0.690914
"SNP_A-2009183"	11	28979604	0.163873
"SNP_A-2066971"	11	28986132	0.105967
"SNP_A-1797480"	11	28990528	0.18287
"SNP_A-1887365"	11	28990783	-0.046168
"SNP_A-2023808"	11	28992073	-0.206163
"SNP_A-2044755"	11	29001167	0.088005
"SNP_A-2172049"	11	29001470	0.620676
"SNP_A-1873044"	11	29001546	-0.004778
"SNP_A-2079376"	11	29010560	0.192409
"SNP_A-1865513"	11	29010734	0.283663
"SNP_A-2113430"	11	29032160	0.132903
"SNP_A-2191359"	11	29036164	-0.012888
"SNP_A-1866910"	11	29039118	0.050175
"SNP_A-2136315"	11	29048614	0.029358
"SNP_A-4236854"	11	29063535	0.246457
"SNP_A-2195898"	11	29085744	0.323701
"SNP_A-2128062"	11	29091091	-0.230087
"SNP_A-2192913"	11	29106105	-0.033614
"SNP_A-4223100"	11	29115071	-0.246383
"SNP_A-4200113"	11	29122778	0.349454
"SNP_A-2144302"	11	29124235	0.128105
"SNP_A-4217556"	11	29128455	0.137817
"SNP_A-2085322"	11	29131971	-0.326954
"SNP_A-1826188"	11	29147104	0.682911
"SNP_A-1947705"	11	29152308	-0.096423
"SNP_A-4236279"	11	29152818	0.356911
"SNP_A-2009199"	11	29165461	-0.016684
"SNP_A-2009200"	11	29165952	-0.066225
"SNP_A-4214858"	11	29246363	0.225117
"SNP_A-2009205"	11	29251088	-0.083007
"SNP_A-2001854"	11	29264114	-0.068527
"SNP_A-1914150"	11	29312508	0.369292
"SNP_A-2047228"	11	29333347	0.183057
"SNP_A-2146078"	11	29346761	0.609063
"SNP_A-2219328"	11	29358810	0.028175
"SNP_A-1866030"	11	29360047	0.125175
"SNP_A-2166929"	11	29369017	-0.000308
"SNP_A-2042274"	11	29390033	0.116948
"SNP_A-2265054"	11	29419747	-0.012492
"SNP_A-1873056"	11	29431689	0.348005
"SNP_A-2033657"	11	29432372	0.062323
"SNP_A-4214860"	11	29434913	0.192054
"SNP_A-2056838"	11	29442006	-0.095172
"SNP_A-1898904"	11	29442090	0.077014
"SNP_A-2056528"	11	29444460	-0.409182
"SNP_A-2287910"	11	29444506	-0.047089
"SNP_A-1908956"	11	29444847	0.226672
"SNP_A-2216439"	11	29447107	-0.362032
"SNP_A-2306826"	11	29449102	0.051778
"SNP_A-2009225"	11	29457598	0.047284
"SNP_A-2142917"	11	29471258	-0.101558
"SNP_A-1942984"	11	29474190	0.081526
"SNP_A-2032398"	11	29493339	-0.03958
"SNP_A-2009234"	11	29505332	0.044351
"SNP_A-2009236"	11	29505671	0.172141
"SNP_A-1872375"	11	29507402	0.229965
"SNP_A-1833798"	11	29507960	0.012343
"SNP_A-1948315"	11	29508667	0.107553
"SNP_A-1827848"	11	29511719	0.414748
"SNP_A-4235405"	11	29524891	0.242131
"SNP_A-1802436"	11	29529009	-0.042137
"SNP_A-4214861"	11	29529409	-0.044205
"SNP_A-2009240"	11	29544526	-0.027633
"SNP_A-2233899"	11	29545976	0.282558
"SNP_A-2009242"	11	29558655	0.217794
"SNP_A-4214862"	11	29558850	0.256535
"SNP_A-2157805"	11	29567070	0.333605
"SNP_A-2195891"	11	29567205	0.232382
"SNP_A-1885912"	11	29567354	0.03662
"SNP_A-2159580"	11	29568274	0.250105
"SNP_A-2287953"	11	29589689	0.113787
"SNP_A-1948492"	11	29589819	0.152548
"SNP_A-4222835"	11	29589878	0.154587
"SNP_A-2009247"	11	29607875	-0.52406
"SNP_A-4239017"	11	29624966	0.244729
"SNP_A-1856678"	11	29625452	0.1864
"SNP_A-2298064"	11	29666598	0.08666
"SNP_A-1817545"	11	29666790	0.194978
"SNP_A-2309960"	11	29687508	0.346743
"SNP_A-1911840"	11	29688147	0.600017
"SNP_A-1800623"	11	29757364	0.237193
"SNP_A-2297824"	11	29757454	-0.140552
"SNP_A-2027539"	11	29760029	0.189359
"SNP_A-4214864"	11	29783790	-0.15761
"SNP_A-4225256"	11	29802108	0.13827
"SNP_A-2024071"	11	29802787	-0.084817
"SNP_A-2256086"	11	29827288	0.250357
"SNP_A-1788514"	11	29853551	0.267685
"SNP_A-2009265"	11	29853673	0.403465
"SNP_A-4214866"	11	29853946	0.110258
"SNP_A-2201058"	11	29864303	-0.023576
"SNP_A-2284329"	11	29864990	0.199564
"SNP_A-2039884"	11	29893148	0.301208
"SNP_A-2284137"	11	29893810	0.155501
"SNP_A-2087220"	11	29896358	-0.048779
"SNP_A-4231315"	11	29898354	-0.075959
"SNP_A-2313282"	11	29914336	-0.506012
"SNP_A-2009268"	11	29921416	0.182412
"SNP_A-1815830"	11	29964590	-0.170472
"SNP_A-4226976"	11	29964738	-0.486548
"SNP_A-1851791"	11	29974154	0.986975
"SNP_A-2028093"	11	29974637	0.595859
"SNP_A-2062976"	11	29974705	-0.109875
"SNP_A-2151160"	11	29984859	0.147503
"SNP_A-2066584"	11	29999148	0.982207
"SNP_A-2255407"	11	30011330	0.308129
"SNP_A-2009274"	11	30051390	-0.220267
"SNP_A-2009275"	11	30051745	0.269608
"SNP_A-2039199"	11	30103861	0.203593
"SNP_A-2075359"	11	30104091	-0.350868
"SNP_A-4202849"	11	30104138	0.23106
"SNP_A-2009276"	11	30105447	-0.18827
"SNP_A-2009277"	11	30105811	-0.014258
"SNP_A-1855360"	11	30109170	0.430428
"SNP_A-2131837"	11	30119502	0.091451
"SNP_A-2233517"	11	30128415	0.07
"SNP_A-1781226"	11	30132282	0.021674
"SNP_A-4223632"	11	30137261	0.128444
"SNP_A-2200993"	11	30141702	0.051694
"SNP_A-2135728"	11	30144481	0.032923
"SNP_A-1941014"	11	30144534	0.017648
"SNP_A-2009288"	11	30179213	0.236158
"SNP_A-1954016"	11	30183104	0.005854
"SNP_A-2150748"	11	30189191	-0.486501
"SNP_A-2093205"	11	30196046	-0.121847
"SNP_A-2085223"	11	30198307	-0.540443
"SNP_A-2040371"	11	30208201	0.013999
"SNP_A-1874738"	11	30215565	-0.228839
"SNP_A-2037627"	11	30285751	-0.102332
"SNP_A-1841646"	11	30287772	0.421596
"SNP_A-4214870"	11	30292267	0.413518
"SNP_A-2009297"	11	30309600	0.703763
"SNP_A-1892672"	11	30318701	0.196235
"SNP_A-2286109"	11	30350540	-0.11988
"SNP_A-2091180"	11	30351525	0.140513
"SNP_A-2107760"	11	30351591	0.127377
"SNP_A-4197183"	11	30362490	-0.114562
"SNP_A-2272952"	11	30370002	0.090379
"SNP_A-4229150"	11	30374727	0.337882
"SNP_A-2263582"	11	30374822	-0.05076
"SNP_A-4228279"	11	30375537	0.116445
"SNP_A-4214871"	11	30378644	0.559112
"SNP_A-1816680"	11	30382231	0.149049
"SNP_A-2292427"	11	30404574	-0.086771
"SNP_A-2209905"	11	30404860	0.115364
"SNP_A-2038051"	11	30405063	-0.109942
"SNP_A-2025440"	11	30405309	-0.018605
"SNP_A-2009310"	11	30408757	-0.169752
"SNP_A-4214872"	11	30408857	-0.168401
"SNP_A-4214873"	11	30411818	0.143215
"SNP_A-4237590"	11	30424400	0.027673
"SNP_A-1960534"	11	30426239	0.442789
"SNP_A-2156675"	11	30434891	-0.01621
"SNP_A-1925193"	11	30442691	-0.341378
"SNP_A-2049334"	11	30468387	0.059632
"SNP_A-1958824"	11	30468973	0.230299
"SNP_A-2287783"	11	30469049	-0.21734
"SNP_A-2281562"	11	30469212	-0.02154
"SNP_A-2047974"	11	30469302	-0.131713
"SNP_A-2009331"	11	30490141	0.172102
"SNP_A-2009332"	11	30490198	0.309352
"SNP_A-4224638"	11	30490364	0.358779
"SNP_A-2032730"	11	30506043	0.35286
"SNP_A-2088454"	11	30515261	0.123832
"SNP_A-2009344"	11	30522948	0.124886
"SNP_A-2305781"	11	30531214	0.168318
"SNP_A-2302066"	11	30536061	0.008797
"SNP_A-4221470"	11	30541189	-0.164337
"SNP_A-2271058"	11	30575392	-0.048574
"SNP_A-2210178"	11	30578557	0.169023
"SNP_A-2146270"	11	30601204	0.549067
"SNP_A-1916986"	11	30602456	0.075514
"SNP_A-4198822"	11	30607140	0.073446
"SNP_A-2074735"	11	30607595	0.769464
"SNP_A-4235041"	11	30633930	0.048282
"SNP_A-2221230"	11	30642596	0.427332
"SNP_A-2111376"	11	30660936	0.313617
"SNP_A-1780763"	11	30664274	0.033986
"SNP_A-1859207"	11	30666769	-0.199519
"SNP_A-2258101"	11	30696262	-0.037076
"SNP_A-2222526"	11	30697796	0.050115
"SNP_A-1943565"	11	30697875	-0.282631
"SNP_A-1892129"	11	30698078	-0.755149
"SNP_A-1802022"	11	30699318	0.007418
"SNP_A-2090008"	11	30708854	0.084572
"SNP_A-2009379"	11	30720172	-0.133682
"SNP_A-2227465"	11	30721466	0.235956
"SNP_A-1808172"	11	30722417	-0.018946
"SNP_A-2169662"	11	30723249	-0.62414
"SNP_A-2121293"	11	30723769	0.215495
"SNP_A-2047925"	11	30725196	-0.309346
"SNP_A-2009380"	11	30733255	-0.53887
"SNP_A-2009381"	11	30737507	-0.07325
"SNP_A-2044978"	11	30763574	0.13133
"SNP_A-4228976"	11	30764118	0.225204
"SNP_A-1926070"	11	30775177	-0.056519
"SNP_A-4214877"	11	30781755	-0.046968
"SNP_A-2009384"	11	30781797	0.026375
"SNP_A-1920130"	11	30790293	0.095656
"SNP_A-1917841"	11	30796211	-0.376198
"SNP_A-2288655"	11	30796825	0.015765
"SNP_A-4224914"	11	30810910	0.230906
"SNP_A-4231538"	11	30817156	0.104202
"SNP_A-2270601"	11	30829155	0.171666
"SNP_A-2284318"	11	30829637	-0.0904
"SNP_A-4198350"	11	30831327	0.008183
"SNP_A-2175578"	11	30849400	0.00151
"SNP_A-2068463"	11	30859639	-0.212299
"SNP_A-2126087"	11	30873633	-0.024603
"SNP_A-2255734"	11	30875063	0.052653
"SNP_A-2090362"	11	30912198	0.15297
"SNP_A-2048488"	11	30919924	-0.39073
"SNP_A-1939665"	11	30920463	0.330585
"SNP_A-2269553"	11	30920653	0.169925
"SNP_A-2009416"	11	30930779	-0.189072
"SNP_A-2137577"	11	30957350	0.107063
"SNP_A-2076679"	11	30960096	-0.274008
"SNP_A-4199953"	11	30960170	-0.102273
"SNP_A-4214879"	11	30965654	0.035579
"SNP_A-4214880"	11	30965664	0.102719
"SNP_A-2230746"	11	30978491	-0.327871
"SNP_A-4220854"	11	30993705	-0.275906
"SNP_A-2038998"	11	30994487	0.03093
"SNP_A-2220350"	11	30996478	-0.25
"SNP_A-1907351"	11	31005259	-0.029099
"SNP_A-2050927"	11	31018751	-0.029517
"SNP_A-2310046"	11	31044369	0.250394
"SNP_A-4194679"	11	31053822	0.264512
"SNP_A-2009435"	11	31093352	0.080723
"SNP_A-1795205"	11	31095075	-0.058626
"SNP_A-2009437"	11	31104175	-0.254715
"SNP_A-2144030"	11	31114971	0.093883
"SNP_A-2196481"	11	31121135	0.083499
"SNP_A-4240526"	11	31121575	-0.67233
"SNP_A-4192801"	11	31153456	0.012833
"SNP_A-2009447"	11	31179155	-0.071016
"SNP_A-2289693"	11	31188895	0.377746
"SNP_A-2221691"	11	31189200	-0.09678
"SNP_A-4214881"	11	31220142	0.286598
"SNP_A-2093346"	11	31244736	-0.361142
"SNP_A-1923906"	11	31252527	0.17495
"SNP_A-2052577"	11	31282908	-0.096295
"SNP_A-2190465"	11	31282996	0.122195
"SNP_A-4232991"	11	31358739	0.123031
"SNP_A-4199389"	11	31358943	-0.233989
"SNP_A-2055394"	11	31368223	0.321235
"SNP_A-2141442"	11	31397051	0.042811
"SNP_A-1958585"	11	31411551	0.431377
"SNP_A-4203585"	11	31480778	-0.084716
"SNP_A-4204845"	11	31503803	0.124143
"SNP_A-4214883"	11	31530222	0.383163
"SNP_A-2213366"	11	31566598	0.237249
"SNP_A-2267829"	11	31571895	-0.249197
"SNP_A-4214884"	11	31593057	-0.16403
"SNP_A-2193061"	11	31593105	0.050582
"SNP_A-2121312"	11	31606051	0.03743
"SNP_A-2009487"	11	31617890	0.257174
"SNP_A-2009489"	11	31636249	-0.02233
"SNP_A-4216939"	11	31643519	0.111025
"SNP_A-1876582"	11	31647627	0.191509
"SNP_A-2009491"	11	31659758	-0.095135
"SNP_A-1824695"	11	31680771	0.224845
"SNP_A-1834473"	11	31688427	-0.313203
"SNP_A-1939689"	11	31697654	-0.041439
"SNP_A-2063738"	11	31697951	0.637845
"SNP_A-2009493"	11	31705388	0.268075
"SNP_A-1842917"	11	31731972	0.031545
"SNP_A-1817934"	11	31758933	0.235619
"SNP_A-1792575"	11	31768791	-0.485017
"SNP_A-2052872"	11	31770085	-0.054258
"SNP_A-2009500"	11	31824275	-0.137716
"SNP_A-2049658"	11	31825296	-0.102591
"SNP_A-2175699"	11	31829583	0.030272
"SNP_A-4238742"	11	31840861	0.025579
"SNP_A-2268230"	11	31841755	0.076643
"SNP_A-1949001"	11	31850828	0.182257
"SNP_A-4227606"	11	31851336	0.441933
"SNP_A-2309275"	11	31854004	-0.171885
"SNP_A-2052453"	11	31862110	0.02116
"SNP_A-2289558"	11	31865301	0.094446
"SNP_A-2168999"	11	31878738	0.305276
"SNP_A-4219133"	11	31894507	0.041321
"SNP_A-2273440"	11	31896565	0.126055
"SNP_A-4200944"	11	31896627	0.25852
"SNP_A-1788754"	11	31941526	-0.011377
"SNP_A-2125106"	11	31941733	-0.377133
"SNP_A-1921431"	11	31951897	0.106401
"SNP_A-4225891"	11	31955548	-0.088223
"SNP_A-2281215"	11	31957734	-0.557035
"SNP_A-2084230"	11	31961292	-0.118174
"SNP_A-1800813"	11	31961549	-0.043905
"SNP_A-4231561"	11	31961587	-0.101841
"SNP_A-2049347"	11	31980432	-0.06701
"SNP_A-2137908"	11	31980648	0.225462
"SNP_A-2312632"	11	31999948	0.569598
"SNP_A-2009513"	11	32021225	0.278838
"SNP_A-2079632"	11	32024752	-0.022281
"SNP_A-2001872"	11	32025034	-0.007156
"SNP_A-2022300"	11	32025117	-0.262751
"SNP_A-2009515"	11	32025257	-0.177394
"SNP_A-4199616"	11	32033408	0.132547
"SNP_A-2244641"	11	32035733	-0.166014
"SNP_A-4236056"	11	32035797	0.206732
"SNP_A-4201023"	11	32043193	0.177451
"SNP_A-4202571"	11	32043684	0.465975
"SNP_A-2232307"	11	32044510	-0.154983
"SNP_A-4226888"	11	32047814	0.325761
"SNP_A-1874591"	11	32057857	0.05562
"SNP_A-2305528"	11	32059850	0.107221
"SNP_A-2253750"	11	32060147	0.323934
"SNP_A-1798441"	11	32065407	0.082482
"SNP_A-1908578"	11	32065750	0.105862
"SNP_A-1870751"	11	32087879	-0.239753
"SNP_A-1838558"	11	32089247	-0.271542
"SNP_A-2009535"	11	32093012	0.098981
"SNP_A-1930090"	11	32101758	-0.062577
"SNP_A-1900008"	11	32107878	-0.049336
"SNP_A-1912519"	11	32112330	0.301242
"SNP_A-2121600"	11	32115289	0.062437
"SNP_A-2058081"	11	32134698	-0.344581
"SNP_A-1802131"	11	32158641	0.092242
"SNP_A-1904480"	11	32165526	-0.110952
"SNP_A-1884939"	11	32197798	0.061971
"SNP_A-2158878"	11	32207093	-0.057023
"SNP_A-2077807"	11	32207354	-0.123241
"SNP_A-2108417"	11	32216421	-0.140856
"SNP_A-2309034"	11	32219434	-0.006083
"SNP_A-2065709"	11	32219919	-0.090563
"SNP_A-1862711"	11	32222373	-0.434841
"SNP_A-2131839"	11	32222984	-0.331733
"SNP_A-1821464"	11	32223435	0.139931
"SNP_A-2096099"	11	32246470	-0.481514
"SNP_A-1941061"	11	32255800	0.066156
"SNP_A-1897874"	11	32257034	-0.242661
"SNP_A-2236257"	11	32266552	0.078467
"SNP_A-2065501"	11	32280836	-0.433431
"SNP_A-4225959"	11	32287240	0.439157
"SNP_A-4224542"	11	32287251	-0.045243
"SNP_A-1812083"	11	32303410	-0.354087
"SNP_A-2176066"	11	32303440	0.062235
"SNP_A-4207381"	11	32306603	-0.479292
"SNP_A-1787244"	11	32306927	0.064519
"SNP_A-2217194"	11	32325033	0.015303
"SNP_A-4206352"	11	32325320	-0.130585
"SNP_A-2103519"	11	32333470	-0.213124
"SNP_A-2234333"	11	32342895	-0.271294
"SNP_A-1888536"	11	32364430	0.036272
"SNP_A-2085877"	11	32365021	-0.04486
"SNP_A-1833782"	11	32366913	-0.33406
"SNP_A-2186157"	11	32366956	-0.105428
"SNP_A-2178480"	11	32367092	0.198092
"SNP_A-1945670"	11	32367676	-0.137205
"SNP_A-2188603"	11	32367816	-0.217065
"SNP_A-2080799"	11	32384608	-0.253212
"SNP_A-1935077"	11	32392105	-0.260899
"SNP_A-2031424"	11	32394253	0.242995
"SNP_A-2248576"	11	32394275	0.100106
"SNP_A-4201700"	11	32420744	0.32895
"SNP_A-2262249"	11	32421809	0.406337
"SNP_A-1817551"	11	32432060	0.008486
"SNP_A-2147047"	11	32433576	-0.502482
"SNP_A-1796164"	11	32452126	0.157588
"SNP_A-2051528"	11	32458956	0.526804
"SNP_A-1864728"	11	32459515	0.139294
"SNP_A-4219259"	11	32483538	0.060385
"SNP_A-2162433"	11	32498360	-0.225352
"SNP_A-1834600"	11	32509711	-0.073932
"SNP_A-2189764"	11	32527130	-0.266222
"SNP_A-4229360"	11	32550530	0.295993
"SNP_A-4200024"	11	32565979	-0.197531
"SNP_A-2129295"	11	32575792	0.166622
"SNP_A-1956464"	11	32577523	0.158171
"SNP_A-2065181"	11	32595768	-0.323598
"SNP_A-2290378"	11	32626638	-0.617088
"SNP_A-2237904"	11	32650142	0.097191
"SNP_A-2264797"	11	32659310	0.184568
"SNP_A-2009561"	11	32664491	0.130894
"SNP_A-4231988"	11	32697141	0.120957
"SNP_A-2078584"	11	32710231	-0.626729
"SNP_A-2088825"	11	32730565	-0.580022
"SNP_A-2009564"	11	32772510	0.130529
"SNP_A-1794560"	11	32772551	0.046949
"SNP_A-2252387"	11	32772706	-0.196626
"SNP_A-2149319"	11	32775521	0.291989
"SNP_A-1878697"	11	32779010	-0.406266
"SNP_A-2260377"	11	32791391	0.023119
"SNP_A-1824904"	11	32816714	-0.259064
"SNP_A-2133011"	11	32850353	-0.350303
"SNP_A-2066824"	11	32850373	0.125169
"SNP_A-2046896"	11	32857009	-0.001697
"SNP_A-2240894"	11	32859558	0.25812
"SNP_A-2099385"	11	32859839	-0.225392
"SNP_A-2108224"	11	32859894	0.114399
"SNP_A-2311334"	11	32879476	0.110495
"SNP_A-2266743"	11	32929143	0.110916
"SNP_A-2141649"	11	32947256	-0.029141
"SNP_A-1803510"	11	32953381	0.16734
"SNP_A-2192561"	11	32969069	0.242461
"SNP_A-2135922"	11	32983343	-0.436294
"SNP_A-2239047"	11	32985549	0.470403
"SNP_A-1918113"	11	32997914	-0.195211
"SNP_A-2122669"	11	33006390	-0.384618
"SNP_A-2252039"	11	33021970	0.113938
"SNP_A-2075483"	11	33023724	0.470307
"SNP_A-1848945"	11	33026540	0.007877
"SNP_A-1816139"	11	33026641	0.005337
"SNP_A-4219062"	11	33030654	0.031524
"SNP_A-2078377"	11	33031916	0.071972
"SNP_A-1943615"	11	33048143	0.153972
"SNP_A-2155760"	11	33106829	-0.10982
"SNP_A-2260645"	11	33122638	-0.022018
"SNP_A-4231754"	11	33138854	-0.015157
"SNP_A-1929975"	11	33159190	0.112663
"SNP_A-2184424"	11	33159259	0.006998
"SNP_A-2021757"	11	33160735	0.079673
"SNP_A-2248823"	11	33161304	0.66511
"SNP_A-2036054"	11	33164415	0.008997
"SNP_A-1849327"	11	33193166	0.508641
"SNP_A-2099379"	11	33204872	0.09687
"SNP_A-2070759"	11	33259050	0.082132
"SNP_A-2009573"	11	33281952	0.111745
"SNP_A-1955397"	11	33332671	-0.496419
"SNP_A-1939588"	11	33350778	0.076211
"SNP_A-2291816"	11	33351036	0.127117
"SNP_A-2112620"	11	33351118	-0.073867
"SNP_A-2123807"	11	33370846	-0.024402
"SNP_A-2254677"	11	33371727	-0.537816
"SNP_A-1862208"	11	33400163	0.413769
"SNP_A-1956215"	11	33405923	-0.255085
"SNP_A-1855982"	11	33412309	0.402142
"SNP_A-2109729"	11	33413167	0.081789
"SNP_A-2001881"	11	33417849	0.138068
"SNP_A-1788550"	11	33418875	-0.405838
"SNP_A-2049710"	11	33426346	-0.051685
"SNP_A-2009586"	11	33426844	0.062953
"SNP_A-2009587"	11	33427049	-0.005577
"SNP_A-2166843"	11	33437217	0.475882
"SNP_A-2264583"	11	33443152	-0.041116
"SNP_A-4205165"	11	33443504	0.229495
"SNP_A-1797750"	11	33443827	-0.184759
"SNP_A-1956984"	11	33459770	-0.049045
"SNP_A-2131381"	11	33476099	-0.433198
"SNP_A-2291743"	11	33489124	0.331576
"SNP_A-2270446"	11	33515762	-0.169968
"SNP_A-2258036"	11	33540416	-0.12918
"SNP_A-1937903"	11	33543111	-0.235859
"SNP_A-4226652"	11	33559489	-0.391255
"SNP_A-2245910"	11	33562508	-0.167975
"SNP_A-1805891"	11	33564158	0.070623
"SNP_A-1902726"	11	33568226	-0.222253
"SNP_A-4218470"	11	33587368	0.07269
"SNP_A-2219684"	11	33598811	0.107863
"SNP_A-1930606"	11	33602618	0.195018
"SNP_A-2150395"	11	33612958	-0.108476
"SNP_A-1892001"	11	33624860	0.233654
"SNP_A-4197647"	11	33625162	0.613098
"SNP_A-1781801"	11	33633522	0.163874
"SNP_A-4224605"	11	33637523	0.019823
"SNP_A-1815514"	11	33654167	0.007527
"SNP_A-2098752"	11	33675556	0.170314
"SNP_A-1904856"	11	33675782	-0.084178
"SNP_A-2250588"	11	33694612	0.089862
"SNP_A-2270616"	11	33701421	-0.037147
"SNP_A-4240959"	11	33702803	-0.175246
"SNP_A-4217686"	11	33712270	0.099655
"SNP_A-1820135"	11	33715668	0.113433
"SNP_A-2009622"	11	33727790	0.131419
"SNP_A-4214895"	11	33748557	0.239986
"SNP_A-4214896"	11	33754267	0.652633
"SNP_A-1946806"	11	33754513	0.190495
"SNP_A-2009625"	11	33755047	-0.159778
"SNP_A-1879507"	11	33755989	0.07874
"SNP_A-2232650"	11	33757109	-0.377605
"SNP_A-2009626"	11	33761896	0.234296
"SNP_A-4214897"	11	33768610	0.034121
"SNP_A-4214898"	11	33770637	0.837605
"SNP_A-4235097"	11	33796483	-0.007226
"SNP_A-1904055"	11	33804542	0.071628
"SNP_A-2294577"	11	33839003	-0.054896
"SNP_A-2254441"	11	33860390	0.109797
"SNP_A-2085122"	11	33860458	0.323763
"SNP_A-2241448"	11	33860485	0.116017
"SNP_A-1851168"	11	33860862	-0.079532
"SNP_A-2229168"	11	33862947	0.256291
"SNP_A-2009633"	11	33864531	0.128372
"SNP_A-1912929"	11	33864964	-0.000534
"SNP_A-1847245"	11	33865123	-0.180329
"SNP_A-2183079"	11	33953071	0.090643
"SNP_A-1954897"	11	33983050	0.133591
"SNP_A-4218567"	11	34010449	-0.140514
"SNP_A-4232929"	11	34019527	0.170381
"SNP_A-2009647"	11	34037794	0.067631
"SNP_A-2178630"	11	34070247	0.270009
"SNP_A-1930912"	11	34077281	0.055316
"SNP_A-2311784"	11	34086982	0.127476
"SNP_A-2091539"	11	34094451	0.184271
"SNP_A-2110496"	11	34148668	-0.170836
"SNP_A-2115896"	11	34171334	-0.139113
"SNP_A-2167080"	11	34198182	0.449041
"SNP_A-2132209"	11	34204038	0.170962
"SNP_A-4192786"	11	34208169	0.061708
"SNP_A-2009661"	11	34265813	-0.038835
"SNP_A-1957060"	11	34287076	-0.122272
"SNP_A-2009663"	11	34299361	0.312712
"SNP_A-2272518"	11	34330404	-0.154213
"SNP_A-2058072"	11	34330550	0.270835
"SNP_A-2027157"	11	34331556	0.099087
"SNP_A-1856388"	11	34337282	-0.031689
"SNP_A-2041877"	11	34337651	0.126482
"SNP_A-2177301"	11	34339332	-0.167679
"SNP_A-2136015"	11	34348070	0.185802
"SNP_A-1960207"	11	34359354	0.13796
"SNP_A-1801948"	11	34360958	0.083524
"SNP_A-4217306"	11	34360979	0.202245
"SNP_A-2256651"	11	34361161	0.003916
"SNP_A-2180347"	11	34361330	0.236149
"SNP_A-2080003"	11	34377506	0.381429
"SNP_A-1851493"	11	34380192	-0.164276
"SNP_A-2056883"	11	34381903	0.09881
"SNP_A-1869263"	11	34386017	0.263932
"SNP_A-1809110"	11	34388230	0.174715
"SNP_A-2256253"	11	34391337	-0.150399
"SNP_A-4199866"	11	34396456	0.034749
"SNP_A-1825270"	11	34399028	-0.228171
"SNP_A-1942139"	11	34402437	-0.328636
"SNP_A-2282136"	11	34405836	0.133795
"SNP_A-1833053"	11	34406261	0.309249
"SNP_A-2035324"	11	34411550	0.175393
"SNP_A-2180551"	11	34412684	-0.257619
"SNP_A-2122218"	11	34412725	0.262644
"SNP_A-4197749"	11	34412764	0.158887
"SNP_A-1822113"	11	34412784	-0.168209
"SNP_A-2001884"	11	34424114	-0.161673
"SNP_A-2132773"	11	34424424	-0.155893
"SNP_A-2188314"	11	34436014	0.036309
"SNP_A-2009677"	11	34445516	0.320684
"SNP_A-2009678"	11	34445828	0.070721
"SNP_A-2009679"	11	34447223	-0.383016
"SNP_A-2245214"	11	34488501	0.628424
"SNP_A-2097375"	11	34509102	0.338221
"SNP_A-2212224"	11	34530393	0.556638
"SNP_A-2101313"	11	34533161	-0.242502
"SNP_A-2139174"	11	34551348	0.168138
"SNP_A-2285671"	11	34551799	0.089112
"SNP_A-1906190"	11	34553733	0.101058
"SNP_A-1793470"	11	34565941	-0.274341
"SNP_A-4214906"	11	34575332	0.223753
"SNP_A-1794331"	11	34590321	-0.049873
"SNP_A-1920620"	11	34609599	-0.167592
"SNP_A-2009698"	11	34612512	0.012444
"SNP_A-4230856"	11	34623426	0.589454
"SNP_A-1934975"	11	34625666	-0.370348
"SNP_A-2273982"	11	34641119	-0.430412
"SNP_A-1952302"	11	34642581	0.36487
"SNP_A-4193588"	11	34658734	0.329692
"SNP_A-2159799"	11	34658942	0.276868
"SNP_A-1835312"	11	34659216	-0.136576
"SNP_A-2028377"	11	34659279	0.296744
"SNP_A-1799480"	11	34660481	-0.141551
"SNP_A-2309480"	11	34664118	-0.113511
"SNP_A-1799296"	11	34664474	-0.016577
"SNP_A-2214742"	11	34675894	-0.389513
"SNP_A-2123335"	11	34676354	0.073241
"SNP_A-4214908"	11	34685841	0.213731
"SNP_A-2009712"	11	34688801	0.123417
"SNP_A-2097832"	11	34696293	0.403932
"SNP_A-2164668"	11	34697789	-0.252947
"SNP_A-2246323"	11	34723559	-0.369322
"SNP_A-4214909"	11	34732028	0.04057
"SNP_A-2249961"	11	34736854	0.455182
"SNP_A-2279021"	11	34737512	-0.243089
"SNP_A-1847926"	11	34771675	0.113339
"SNP_A-2288062"	11	34783893	0.299375
"SNP_A-2031430"	11	34785060	0.320447
"SNP_A-2247656"	11	34808596	0.213175
"SNP_A-4238774"	11	34808696	0.067841
"SNP_A-2297713"	11	34809713	0.008471
"SNP_A-2183671"	11	34809922	0.213019
"SNP_A-4224241"	11	34810871	-0.040895
"SNP_A-1875045"	11	34811238	-0.133024
"SNP_A-2037481"	11	34814283	0.049124
"SNP_A-2167539"	11	34814410	0.010712
"SNP_A-4237633"	11	34814660	-0.123531
"SNP_A-2001887"	11	34825757	-0.202748
"SNP_A-1828122"	11	34825843	0.076826
"SNP_A-2136457"	11	34825904	0.158156
"SNP_A-2209476"	11	34826124	0.375262
"SNP_A-2244159"	11	34837952	-0.027537
"SNP_A-2099907"	11	34843468	0.038432
"SNP_A-1833017"	11	34849257	-0.200768
"SNP_A-2037227"	11	34859097	0.168395
"SNP_A-1928588"	11	34863138	0.334288
"SNP_A-4214121"	11	34866251	0.139967
"SNP_A-4232160"	11	34866653	-0.019496
"SNP_A-1813008"	11	34866793	0.237646
"SNP_A-4220229"	11	34868865	0.299268
"SNP_A-1864734"	11	34869484	0.210366
"SNP_A-2257539"	11	34869740	0.043309
"SNP_A-2282429"	11	34869891	-0.046711
"SNP_A-1815316"	11	34870713	-0.185171
"SNP_A-2127378"	11	34870936	0.082375
"SNP_A-4192966"	11	34871226	0.147546
"SNP_A-2009744"	11	34872921	-0.323059
"SNP_A-2009746"	11	34873060	0.170029
"SNP_A-4214913"	11	34873286	0.118023
"SNP_A-2009747"	11	34873361	0.12136
"SNP_A-2009748"	11	34874951	0.155263
"SNP_A-1815788"	11	34882570	0.284577
"SNP_A-2009751"	11	34892237	0.096518
"SNP_A-2263932"	11	34893652	0.045301
"SNP_A-2009752"	11	34897313	-0.024268
"SNP_A-4214914"	11	34897558	0.01211
"SNP_A-4214915"	11	34897664	0.364026
"SNP_A-1932559"	11	34899412	0.090566
"SNP_A-2179386"	11	34900323	0.034804
"SNP_A-4228738"	11	34902744	0.054822
"SNP_A-2009754"	11	34904269	-0.437322
"SNP_A-2009755"	11	34904520	0.021601
"SNP_A-2225469"	11	34908109	0.037604
"SNP_A-1851407"	11	34915810	-0.11088
"SNP_A-2199667"	11	34916032	-0.058136
"SNP_A-4217423"	11	34917986	-0.196818
"SNP_A-1883026"	11	34931643	0.435236
"SNP_A-1895662"	11	34957559	0.193298
"SNP_A-2065731"	11	34971854	-0.324863
"SNP_A-1897645"	11	34972678	0.091152
"SNP_A-2256082"	11	34979484	-0.151305
"SNP_A-4214917"	11	34985511	0.282651
"SNP_A-2009768"	11	34988152	-0.282161
"SNP_A-4222887"	11	34993335	-0.087675
"SNP_A-1804083"	11	34993787	0.565679
"SNP_A-2001888"	11	35010210	0.098545
"SNP_A-2001890"	11	35010393	0.18887
"SNP_A-2104997"	11	35010976	0.277982
"SNP_A-2031922"	11	35022725	0.151372
"SNP_A-2193412"	11	35034332	0.178127
"SNP_A-4214918"	11	35054769	0.095229
"SNP_A-2058301"	11	35067868	-0.265638
"SNP_A-2275854"	11	35076507	-0.040177
"SNP_A-1921858"	11	35077317	-0.337841
"SNP_A-4214920"	11	35077802	-0.295653
"SNP_A-2298045"	11	35088327	0.262839
"SNP_A-2186379"	11	35092484	-0.42294
"SNP_A-2140186"	11	35106848	-0.134468
"SNP_A-4214921"	11	35122542	-0.033447
"SNP_A-2009786"	11	35128698	0.363092
"SNP_A-2009787"	11	35132735	0.155934
"SNP_A-2009791"	11	35152987	0.211841
"SNP_A-2009792"	11	35186432	0.163047
"SNP_A-4219193"	11	35190191	0.129189
"SNP_A-2238443"	11	35193380	-0.161415
"SNP_A-2009795"	11	35195154	-0.022186
"SNP_A-1856979"	11	35198861	-0.357858
"SNP_A-4225747"	11	35200634	0.264182
"SNP_A-2229503"	11	35201463	0.137771
"SNP_A-2114617"	11	35214164	0.013845
"SNP_A-2251307"	11	35236497	0.464636
"SNP_A-2094637"	11	35237428	-0.080097
"SNP_A-2099640"	11	35251649	-0.182679
"SNP_A-2229991"	11	35264945	-0.013172
"SNP_A-1942323"	11	35265359	-0.276481
"SNP_A-2164111"	11	35266112	0.5433
"SNP_A-4206828"	11	35266630	0.240334
"SNP_A-2173259"	11	35266651	0.225429
"SNP_A-1933934"	11	35266714	0.178566
"SNP_A-2308253"	11	35270749	0.035414
"SNP_A-1838177"	11	35270875	0.151392
"SNP_A-2009797"	11	35276660	0.152832
"SNP_A-1924056"	11	35288444	0.067645
"SNP_A-2094781"	11	35295319	0.00109
"SNP_A-4223299"	11	35308693	0.470906
"SNP_A-2009807"	11	35314863	0.169622
"SNP_A-2154689"	11	35323127	0.120456
"SNP_A-2212823"	11	35324501	0.066971
"SNP_A-1885973"	11	35330427	-0.015981
"SNP_A-2186614"	11	35330584	0.224178
"SNP_A-1959597"	11	35340568	-0.087036
"SNP_A-2009811"	11	35341008	-0.235432
"SNP_A-1791085"	11	35343994	-0.019148
"SNP_A-2188510"	11	35348844	0.293736
"SNP_A-4196186"	11	35355235	0.318446
"SNP_A-2009812"	11	35355686	-0.054275
"SNP_A-2009814"	11	35384951	-0.434157
"SNP_A-2009820"	11	35394755	-0.397091
"SNP_A-2060270"	11	35414847	0.191326
"SNP_A-2024599"	11	35415235	0.161785
"SNP_A-2056623"	11	35415522	0.111837
"SNP_A-2101641"	11	35418090	0.427094
"SNP_A-2183478"	11	35418261	0.276388
"SNP_A-1933807"	11	35433432	0.472458
"SNP_A-4234071"	11	35439375	0.038885
"SNP_A-1871233"	11	35451463	0.348816
"SNP_A-2118117"	11	35477804	-0.054446
"SNP_A-1937808"	11	35485028	-0.241582
"SNP_A-2164674"	11	35489028	0.13685
"SNP_A-2140144"	11	35512618	-0.05212
"SNP_A-1789845"	11	35515324	0.126671
"SNP_A-1881687"	11	35515480	0.31576
"SNP_A-2108563"	11	35518858	0.0138
"SNP_A-1878782"	11	35518997	0.0649
"SNP_A-2009834"	11	35523683	0.240407
"SNP_A-2028092"	11	35523786	0.133465
"SNP_A-1946085"	11	35523937	0.041433
"SNP_A-2244344"	11	35524066	-0.021542
"SNP_A-4225320"	11	35543400	0.355116
"SNP_A-2131583"	11	35551210	0.532787
"SNP_A-4214927"	11	35562608	0.150023
"SNP_A-1829778"	11	35565509	0.080926
"SNP_A-2132656"	11	35565916	0.015527
"SNP_A-2236744"	11	35575167	-0.120258
"SNP_A-2009846"	11	35584450	0.380486
"SNP_A-2110722"	11	35601138	-0.25337
"SNP_A-2247147"	11	35601370	-0.07145
"SNP_A-1914115"	11	35606649	-0.409305
"SNP_A-2009851"	11	35622003	0.370454
"SNP_A-2206395"	11	35623462	0.109934
"SNP_A-1857666"	11	35624109	0.144806
"SNP_A-2048304"	11	35624321	-0.529613
"SNP_A-2118534"	11	35628069	0.116517
"SNP_A-2239784"	11	35628432	-0.077691
"SNP_A-2043805"	11	35673615	0.23017
"SNP_A-2162836"	11	35710087	-0.254363
"SNP_A-4214930"	11	35711040	0.262559
"SNP_A-4223372"	11	35717315	0.516297
"SNP_A-4240401"	11	35732502	0.028232
"SNP_A-1876629"	11	35744709	0.068359
"SNP_A-2303898"	11	35745143	0.156967
"SNP_A-2225437"	11	35758616	-0.319795
"SNP_A-4198949"	11	35758694	0.035134
"SNP_A-2086992"	11	35770497	0.075891
"SNP_A-1842810"	11	35774010	0.286933
"SNP_A-2049493"	11	35776471	0.157121
"SNP_A-2109625"	11	35780394	0.086212
"SNP_A-2292734"	11	35801506	-0.288838
"SNP_A-2158303"	11	35824876	0.157787
"SNP_A-2174041"	11	35836247	-0.072953
"SNP_A-1786262"	11	35836527	-0.053946
"SNP_A-2280767"	11	35855114	0.26422
"SNP_A-1858357"	11	35865221	-0.153001
"SNP_A-2093540"	11	35885322	-0.271955
"SNP_A-2295563"	11	35885355	0.0934
"SNP_A-2243239"	11	35897709	-0.499233
"SNP_A-2093662"	11	35913448	-0.039954
"SNP_A-2219509"	11	35918825	-0.038635
"SNP_A-1876045"	11	35935392	0.105686
"SNP_A-1799730"	11	35939797	0.152106
"SNP_A-2224878"	11	35946631	0.004032
"SNP_A-4200041"	11	35947626	0.062187
"SNP_A-2119136"	11	35960711	0.108407
"SNP_A-1920444"	11	35989645	-0.179125
"SNP_A-4218545"	11	35998329	-0.150173
"SNP_A-2286110"	11	36000682	-0.265472
"SNP_A-1806669"	11	36000946	-0.13325
"SNP_A-2154820"	11	36005121	-0.256184
"SNP_A-2163766"	11	36005300	0.115542
"SNP_A-2263264"	11	36005416	-0.29454
"SNP_A-1866284"	11	36014659	0.001152
"SNP_A-2035274"	11	36022251	-0.248871
"SNP_A-4233137"	11	36023232	0.303071
"SNP_A-4236959"	11	36023242	-0.135462
"SNP_A-4201904"	11	36028048	0.109598
"SNP_A-4223303"	11	36047831	-0.32867
"SNP_A-2175984"	11	36053545	-0.21644
"SNP_A-2160355"	11	36087548	-0.196591
"SNP_A-2086222"	11	36103217	-0.092053
"SNP_A-2284621"	11	36103284	0.433545
"SNP_A-1849658"	11	36105454	-0.050057
"SNP_A-2086190"	11	36106218	-0.192619
"SNP_A-4218656"	11	36112293	0.459827
"SNP_A-4196286"	11	36112306	0.495876
"SNP_A-1923393"	11	36112365	0.40231
"SNP_A-1892823"	11	36120131	-0.203801
"SNP_A-2303879"	11	36133908	0.125632
"SNP_A-1810752"	11	36147119	-0.166952
"SNP_A-2049883"	11	36161844	-0.209114
"SNP_A-2267045"	11	36161957	-0.467232
"SNP_A-4227259"	11	36167058	-0.079189
"SNP_A-2009881"	11	36171534	0.314192
"SNP_A-2169380"	11	36174091	-0.13292
"SNP_A-1878243"	11	36176296	-0.236348
"SNP_A-2306968"	11	36182024	0.27029
"SNP_A-2188453"	11	36182096	0.086224
"SNP_A-2290892"	11	36182397	0.186172
"SNP_A-2009884"	11	36193893	-0.295503
"SNP_A-2260445"	11	36202927	0.075776
"SNP_A-4214934"	11	36214861	-0.17377
"SNP_A-2307604"	11	36227642	-0.457816
"SNP_A-4200356"	11	36231795	-0.174465
"SNP_A-1897652"	11	36232010	0.097624
"SNP_A-2181824"	11	36232049	-0.106456
"SNP_A-2272179"	11	36238167	0.193848
"SNP_A-2210433"	11	36238553	-0.020473
"SNP_A-2292200"	11	36242820	0.007294
"SNP_A-2035172"	11	36250411	0.234298
"SNP_A-2227420"	11	36254677	0.144406
"SNP_A-2218345"	11	36277130	-0.00678
"SNP_A-2199205"	11	36277955	0.211177
"SNP_A-2171000"	11	36285866	0.119894
"SNP_A-1952273"	11	36286032	-0.459009
"SNP_A-1957677"	11	36293209	0.20874
"SNP_A-1937600"	11	36298319	0.072709
"SNP_A-1935424"	11	36306019	0.217284
"SNP_A-4193000"	11	36318701	-0.140477
"SNP_A-2009889"	11	36318950	0.440633
"SNP_A-2193107"	11	36366302	-0.041037
"SNP_A-2123002"	11	36406116	0.224414
"SNP_A-2272958"	11	36412325	0.433047
"SNP_A-2039959"	11	36416657	0.574971
"SNP_A-1861380"	11	36416737	0.180124
"SNP_A-2009897"	11	36424077	0.009815
"SNP_A-1960089"	11	36442640	0.045475
"SNP_A-1906790"	11	36465351	0.346368
"SNP_A-2230150"	11	36481869	-0.47644
"SNP_A-4228756"	11	36484234	0.040968
"SNP_A-2009904"	11	36484601	0.815439
"SNP_A-2009905"	11	36484917	-0.225319
"SNP_A-1800777"	11	36512834	0.038402
"SNP_A-2009909"	11	36521184	0.510725
"SNP_A-2209184"	11	36556808	-0.115291
"SNP_A-2170794"	11	36557092	-0.190053
"SNP_A-1891912"	11	36569698	0.303297
"SNP_A-4214940"	11	36582372	-0.304298
"SNP_A-1870454"	11	36589978	-0.071133
"SNP_A-1825212"	11	36590143	-0.043266
"SNP_A-2149845"	11	36591310	0.220143
"SNP_A-4235466"	11	36591329	0.104926
"SNP_A-2174508"	11	36591365	0.170531
"SNP_A-2219456"	11	36591745	-0.109783
"SNP_A-4228662"	11	36595508	0.240448
"SNP_A-4236957"	11	36595940	0.275576
"SNP_A-1851512"	11	36599266	0.499265
"SNP_A-2030091"	11	36600527	0.102634
"SNP_A-2124752"	11	36601783	0.006402
"SNP_A-2009928"	11	36615450	0.254167
"SNP_A-4214943"	11	36628245	0.074971
"SNP_A-1900279"	11	36677733	0.030973
"SNP_A-4234088"	11	36677824	-0.031226
"SNP_A-1801953"	11	36684673	0.099465
"SNP_A-2048366"	11	36684837	0.275344
"SNP_A-2009939"	11	36686399	0.078695
"SNP_A-2272310"	11	36690851	0.262073
"SNP_A-1833159"	11	36694479	0.582719
"SNP_A-4214945"	11	36703331	-0.338795
"SNP_A-2001901"	11	36721860	0.24385
"SNP_A-2009947"	11	36722938	-0.117538
"SNP_A-2009948"	11	36724309	-0.560324
"SNP_A-2275772"	11	36729429	-0.089058
"SNP_A-1784270"	11	36730326	0.003519
"SNP_A-2245057"	11	36738356	-0.318375
"SNP_A-1903274"	11	36761845	0.114946
"SNP_A-4240569"	11	36771943	-0.026791
"SNP_A-2233464"	11	36784445	-0.024879
"SNP_A-2163202"	11	36789100	0.127369
"SNP_A-1822949"	11	36789595	-0.18515
"SNP_A-2009954"	11	36795740	0.2362
"SNP_A-1853050"	11	36810153	0.236384
"SNP_A-1907873"	11	36817329	-0.370647
"SNP_A-2191771"	11	36817806	0.741184
"SNP_A-2212641"	11	36834316	0.387805
"SNP_A-4239062"	11	36844938	0.182983
"SNP_A-4201697"	11	36846836	0.099963
"SNP_A-2275256"	11	36851505	0.21286
"SNP_A-2061150"	11	36851581	-0.295626
"SNP_A-4232595"	11	36860206	-0.103441
"SNP_A-2170398"	11	36866897	0.156596
"SNP_A-2061348"	11	36874549	0.214876
"SNP_A-2246312"	11	36875067	0.451677
"SNP_A-2056696"	11	36875173	0.203529
"SNP_A-2009964"	11	36893632	0.467576
"SNP_A-2209562"	11	36895349	0.078977
"SNP_A-2009965"	11	36905623	0.005204
"SNP_A-2133191"	11	36908255	0.104975
"SNP_A-1835900"	11	36908532	0.09851
"SNP_A-2217140"	11	36908997	-0.310723
"SNP_A-2096327"	11	36909168	-0.486181
"SNP_A-1847705"	11	36920369	0.081521
"SNP_A-2307969"	11	36920419	-0.412093
"SNP_A-2119776"	11	36925579	-0.068199
"SNP_A-1780491"	11	36925830	-0.144541
"SNP_A-2009972"	11	36945063	0.135398
"SNP_A-4214946"	11	36955618	0.271538
"SNP_A-2155637"	11	36980487	-0.298548
"SNP_A-2053980"	11	36985897	-0.071353
"SNP_A-1840127"	11	36986249	-0.53176
"SNP_A-4214947"	11	36994561	0.188293
"SNP_A-2122648"	11	37001046	-0.151407
"SNP_A-2294994"	11	37004272	0.099714
"SNP_A-2314225"	11	37008074	0.487669
"SNP_A-1878848"	11	37015890	0.048414
"SNP_A-2089769"	11	37021958	-0.208
"SNP_A-2022038"	11	37021978	0.169365
"SNP_A-2025774"	11	37037249	-0.205911
"SNP_A-2155276"	11	37037839	0.034879
"SNP_A-2135560"	11	37071648	-0.123145
"SNP_A-4214948"	11	37078982	0.325839
"SNP_A-2269628"	11	37079701	0.386586
"SNP_A-4214949"	11	37089996	-0.180982
"SNP_A-2009988"	11	37090624	-0.43384
"SNP_A-2253256"	11	37090747	-0.131108
"SNP_A-4235620"	11	37092889	0.134882
"SNP_A-2130075"	11	37099633	-0.017462
"SNP_A-1953442"	11	37100001	0.053608
"SNP_A-1893430"	11	37103169	-0.401012
"SNP_A-2101969"	11	37112209	0.144839
"SNP_A-1919624"	11	37112552	-0.095929
"SNP_A-2030131"	11	37112935	-0.353054
"SNP_A-4196310"	11	37113008	0.15421
"SNP_A-2009993"	11	37135794	-0.153998
"SNP_A-2209878"	11	37152912	-0.041558
"SNP_A-2288491"	11	37153219	0.143127
"SNP_A-4205859"	11	37153888	-0.11633
"SNP_A-2243722"	11	37162511	-0.031444
"SNP_A-2179367"	11	37165902	-0.063345
"SNP_A-1826953"	11	37169665	-0.197448
"SNP_A-2127098"	11	37169997	0.262961
"SNP_A-4214122"	11	37174033	0.702547
"SNP_A-2229686"	11	37215413	0.111281
"SNP_A-2259795"	11	37232508	0.112813
"SNP_A-2249158"	11	37260230	-0.195667
"SNP_A-2147922"	11	37260679	-0.247888
"SNP_A-2285224"	11	37263661	0.172855
"SNP_A-2201450"	11	37263896	-0.301181
"SNP_A-4237295"	11	37266955	0.050032
"SNP_A-4220117"	11	37277946	0.030283
"SNP_A-4236707"	11	37278238	-0.007589
"SNP_A-2283405"	11	37278406	0.247195
"SNP_A-1833645"	11	37278523	0.010586
"SNP_A-2010004"	11	37283840	0.123519
"SNP_A-1859755"	11	37342615	-0.17518
"SNP_A-2142974"	11	37353037	-0.489666
"SNP_A-1902529"	11	37395973	0.01692
"SNP_A-2105519"	11	37437630	0.097785
"SNP_A-2071908"	11	37438546	0.291092
"SNP_A-2191669"	11	37446835	-0.423453
"SNP_A-2137776"	11	37454092	0.044611
"SNP_A-1898939"	11	37465448	0.128279
"SNP_A-4197564"	11	37483105	-0.148527
"SNP_A-4220804"	11	37500996	0.148086
"SNP_A-4218519"	11	37544382	0.008245
"SNP_A-2240381"	11	37545353	0.455604
"SNP_A-1899501"	11	37545471	-0.240509
"SNP_A-1926314"	11	37554199	-0.114032
"SNP_A-2293040"	11	37567043	0.127056
"SNP_A-2299309"	11	37567582	0.826757
"SNP_A-1851175"	11	37587042	-0.35191
"SNP_A-2202954"	11	37587061	0.807338
"SNP_A-4222832"	11	37613063	0.278058
"SNP_A-4239683"	11	37624038	0.357027
"SNP_A-1829714"	11	37624190	1.164386
"SNP_A-1946893"	11	37624610	0.524449
"SNP_A-2262119"	11	37628430	-0.410978
"SNP_A-2204725"	11	37628930	-0.214541
"SNP_A-1894814"	11	37629093	-0.172663
"SNP_A-2251722"	11	37629112	0.215759
"SNP_A-1838782"	11	37629804	0.260308
"SNP_A-1926914"	11	37631903	0.080789
"SNP_A-2010026"	11	37639997	0.354326
"SNP_A-2010028"	11	37640228	-0.066259
"SNP_A-2236862"	11	37640308	0.067001
"SNP_A-1957568"	11	37649256	-0.025056
"SNP_A-4214952"	11	37664444	0.308692
"SNP_A-4214953"	11	37664842	-0.137566
"SNP_A-2001907"	11	37665229	0.152987
"SNP_A-2253888"	11	37674230	-0.134393
"SNP_A-2001908"	11	37686392	0.243084
"SNP_A-2291182"	11	37686724	0.03583
"SNP_A-1913066"	11	37711608	0.142688
"SNP_A-2307966"	11	37745057	0.111365
"SNP_A-1870250"	11	37803856	-0.177883
"SNP_A-2124834"	11	37808091	0.064773
"SNP_A-1908034"	11	37814717	-0.153519
"SNP_A-4230712"	11	37816132	-0.296761
"SNP_A-2184492"	11	37817509	-0.048967
"SNP_A-2172644"	11	37822818	-0.121521
"SNP_A-2148915"	11	37823471	0.044452
"SNP_A-4204941"	11	37823654	-0.035825
"SNP_A-4193089"	11	37826893	0.157499
"SNP_A-2258220"	11	37827099	0.040501
"SNP_A-1874207"	11	37837837	-0.643337
"SNP_A-1848618"	11	37839648	0.071454
"SNP_A-4214954"	11	37840974	-0.080645
"SNP_A-2010040"	11	37841864	0.109867
"SNP_A-1822497"	11	37842579	-0.291193
"SNP_A-1924644"	11	37895809	-0.173892
"SNP_A-2042143"	11	37895943	-0.188049
"SNP_A-2145715"	11	37905557	0.023726
"SNP_A-4226115"	11	37906363	-0.071762
"SNP_A-2010050"	11	37911854	0.246975
"SNP_A-2010052"	11	37914189	0.38291
"SNP_A-2076451"	11	37915551	0.11349
"SNP_A-2052439"	11	37916220	0.024268
"SNP_A-2130737"	11	37916354	-0.087284
"SNP_A-2207811"	11	37939918	-0.170688
"SNP_A-1955172"	11	37981972	0.32348
"SNP_A-1796374"	11	38017394	0.079644
"SNP_A-4214956"	11	38027874	0.02741
"SNP_A-2310535"	11	38038516	0.459681
"SNP_A-1899658"	11	38045481	-0.188026
"SNP_A-1847101"	11	38057781	0.305776
"SNP_A-1911566"	11	38061442	-0.353095
"SNP_A-4203486"	11	38062540	-0.155087
"SNP_A-4196358"	11	38062679	0.131724
"SNP_A-4214957"	11	38063513	-0.222505
"SNP_A-4197135"	11	38066457	0.086198
"SNP_A-4193580"	11	38079252	0.438999
"SNP_A-2032896"	11	38085211	0.335241
"SNP_A-4205278"	11	38102233	0.30937
"SNP_A-2268070"	11	38107011	-0.224651
"SNP_A-4227936"	11	38129829	0.055134
"SNP_A-2283966"	11	38131876	0.214293
"SNP_A-4205951"	11	38131917	0.128499
"SNP_A-2168238"	11	38135306	-0.117489
"SNP_A-2052455"	11	38135603	0.198059
"SNP_A-2001909"	11	38150750	-0.000876
"SNP_A-4239799"	11	38164600	0.096887
"SNP_A-1844250"	11	38164702	-0.331352
"SNP_A-2258116"	11	38213945	0.540475
"SNP_A-1905444"	11	38220464	-0.010334
"SNP_A-1792777"	11	38226413	0.145416
"SNP_A-2022469"	11	38226528	0.093861
"SNP_A-4214958"	11	38233081	0.076695
"SNP_A-4214959"	11	38233596	0.021357
"SNP_A-4203748"	11	38234850	0.214302
"SNP_A-2130911"	11	38252542	0.210084
"SNP_A-2010087"	11	38267971	0.072752
"SNP_A-2010088"	11	38272160	0.174553
"SNP_A-4196513"	11	38279321	-0.242241
"SNP_A-2207720"	11	38283206	-0.079257
"SNP_A-2010089"	11	38285360	0.085611
"SNP_A-4204046"	11	38295567	0.38084
"SNP_A-2053288"	11	38301546	-0.237529
"SNP_A-2010091"	11	38302013	-0.319251
"SNP_A-1832911"	11	38305624	0.341841
"SNP_A-4238532"	11	38310971	0.384209
"SNP_A-1957273"	11	38318505	-0.108317
"SNP_A-4205560"	11	38338248	-0.223842
"SNP_A-4195564"	11	38371615	0.193229
"SNP_A-2102737"	11	38389505	-0.286084
"SNP_A-2039108"	11	38389637	-0.335712
"SNP_A-4206926"	11	38400010	0.015111
"SNP_A-1914447"	11	38401344	0.542393
"SNP_A-2010110"	11	38410997	-0.210503
"SNP_A-2067666"	11	38414672	0.353162
"SNP_A-1960338"	11	38415104	0.020776
"SNP_A-2248679"	11	38415508	0.513958
"SNP_A-2089240"	11	38416375	0.113691
"SNP_A-2036966"	11	38416619	0.246275
"SNP_A-1864919"	11	38417833	0.139957
"SNP_A-4196846"	11	38434131	-0.21073
"SNP_A-4217619"	11	38434596	-0.060681
"SNP_A-4232460"	11	38434774	-0.069082
"SNP_A-2109640"	11	38437928	0.325864
"SNP_A-1844124"	11	38439539	-0.510428
"SNP_A-2147228"	11	38466276	0.194597
"SNP_A-4229416"	11	38484602	0.030963
"SNP_A-2269270"	11	38518525	0.01248
"SNP_A-1933869"	11	38529916	0.380421
"SNP_A-4239668"	11	38530346	-0.176309
"SNP_A-1908555"	11	38532459	0.416775
"SNP_A-2123609"	11	38544846	-0.027279
"SNP_A-2010118"	11	38545355	0.075058
"SNP_A-2101976"	11	38567762	0.422924
"SNP_A-4216106"	11	38569240	0.169692
"SNP_A-2239504"	11	38586873	0.291571
"SNP_A-2010120"	11	38592016	-0.253216
"SNP_A-4196418"	11	38604735	0.030853
"SNP_A-2010121"	11	38604791	0.316602
"SNP_A-1956529"	11	38631133	0.027102
"SNP_A-1783171"	11	38631903	-0.037113
"SNP_A-4203063"	11	38632049	0.530548
"SNP_A-4235134"	11	38639129	0.011194
"SNP_A-1834624"	11	38639325	0.048427
"SNP_A-2010131"	11	38657350	0.323859
"SNP_A-4216087"	11	38666912	-0.166847
"SNP_A-2154236"	11	38668393	0.041609
"SNP_A-2078835"	11	38671934	0.145177
"SNP_A-2171034"	11	38688978	0.287323
"SNP_A-2010135"	11	38695259	-0.015631
"SNP_A-2231945"	11	38698223	0.388664
"SNP_A-4196705"	11	38699134	-0.019663
"SNP_A-2029394"	11	38713979	-0.378099
"SNP_A-1905490"	11	38714390	0.228661
"SNP_A-2264540"	11	38714626	0.144474
"SNP_A-4222286"	11	38781603	-0.111115
"SNP_A-2063282"	11	38795276	-0.487874
"SNP_A-1888834"	11	38803333	-0.012581
"SNP_A-2046143"	11	38804228	0.194213
"SNP_A-4226271"	11	38814549	-0.415352
"SNP_A-2277619"	11	38816598	-0.507683
"SNP_A-1851091"	11	38858982	0.648501
"SNP_A-2026133"	11	38859789	0.019322
"SNP_A-2191764"	11	38870235	-0.414524
"SNP_A-4237195"	11	38897528	-0.176748
"SNP_A-4198432"	11	38931257	0.255256
"SNP_A-1840244"	11	38932414	0.39565
"SNP_A-4194417"	11	38942593	0.025756
"SNP_A-2160648"	11	38974734	-0.038459
"SNP_A-1957987"	11	38974855	-0.409217
"SNP_A-2258902"	11	38997328	-0.472241
"SNP_A-1876226"	11	39033747	-0.155325
"SNP_A-2231233"	11	39040169	-0.149562
"SNP_A-2209453"	11	39083179	0.296501
"SNP_A-2026004"	11	39088492	0.062207
"SNP_A-2296200"	11	39090967	0.04346
"SNP_A-2224857"	11	39103524	-0.076615
"SNP_A-2010177"	11	39134853	0.184473
"SNP_A-2061335"	11	39138288	0.221573
"SNP_A-2279451"	11	39149865	-0.325853
"SNP_A-2010181"	11	39150588	-0.285616
"SNP_A-2288638"	11	39150630	-0.02618
"SNP_A-2110696"	11	39151037	0.040546
"SNP_A-2211233"	11	39161347	-0.123999
"SNP_A-1832635"	11	39198281	0.089508
"SNP_A-1937037"	11	39205213	0.737287
"SNP_A-2067672"	11	39211704	0.17373
"SNP_A-1946246"	11	39216547	-0.550943
"SNP_A-4196305"	11	39220545	0.100445
"SNP_A-4229857"	11	39220757	0.185881
"SNP_A-2024362"	11	39221117	-0.215393
"SNP_A-1953148"	11	39227857	0.099313
"SNP_A-4205131"	11	39228248	0.107504
"SNP_A-2203428"	11	39228458	-0.102682
"SNP_A-1918343"	11	39228601	0.239401
"SNP_A-2040679"	11	39228629	-0.38067
"SNP_A-4239681"	11	39232514	0.027109
"SNP_A-2010190"	11	39256145	0.122361
"SNP_A-2104774"	11	39256754	0.013471
"SNP_A-4196294"	11	39299637	0.338616
"SNP_A-1936211"	11	39317948	-0.210258
"SNP_A-2070928"	11	39318257	-0.16103
"SNP_A-1827305"	11	39331428	-0.488576
"SNP_A-2091175"	11	39341866	0.456664
"SNP_A-4222228"	11	39356828	0.131189
"SNP_A-2286997"	11	39393274	-0.116663
"SNP_A-2187766"	11	39397408	0.09729
"SNP_A-2195296"	11	39413566	-0.175438
"SNP_A-2001914"	11	39443642	0.166481
"SNP_A-2001915"	11	39444614	0.53425
"SNP_A-1849638"	11	39477037	0.23954
"SNP_A-2225130"	11	39480443	-0.252378
"SNP_A-4199583"	11	39545471	0.740907
"SNP_A-4214125"	11	39550996	-0.42774
"SNP_A-1905162"	11	39557415	0.341178
"SNP_A-4214969"	11	39567741	0.205246
"SNP_A-1843776"	11	39570496	-0.108599
"SNP_A-2307754"	11	39571507	0.076478
"SNP_A-2029841"	11	39571586	-0.321355
"SNP_A-2157211"	11	39594738	-0.091964
"SNP_A-1828988"	11	39595308	0.179033
"SNP_A-1879834"	11	39621440	0.007816
"SNP_A-4217389"	11	39628630	0.095538
"SNP_A-2010201"	11	39661555	0.167427
"SNP_A-2239458"	11	39685639	-0.130177
"SNP_A-1781425"	11	39685925	0.133518
"SNP_A-4221294"	11	39685970	0.388112
"SNP_A-1855724"	11	39686268	-0.475733
"SNP_A-1885445"	11	39699315	0.267041
"SNP_A-4214971"	11	39702097	-0.428753
"SNP_A-2299923"	11	39702893	0.284393
"SNP_A-2205801"	11	39703104	0.215426
"SNP_A-4232243"	11	39703507	-0.246586
"SNP_A-1929378"	11	39710627	-0.062448
"SNP_A-1831395"	11	39710931	0.154135
"SNP_A-1865909"	11	39711090	0.256563
"SNP_A-4218804"	11	39731673	0.161858
"SNP_A-2065463"	11	39732359	0.093714
"SNP_A-2228637"	11	39739970	0.244418
"SNP_A-1852602"	11	39740411	0.017781
"SNP_A-1917654"	11	39740477	0.393766
"SNP_A-1824872"	11	39743708	0.505064
"SNP_A-2057824"	11	39743980	-0.225704
"SNP_A-2010217"	11	39745674	0.129874
"SNP_A-2085000"	11	39746307	-0.219396
"SNP_A-1797945"	11	39746727	-0.005946
"SNP_A-2124135"	11	39746963	-0.159468
"SNP_A-4220349"	11	39747060	-0.157635
"SNP_A-2022120"	11	39755454	0.13733
"SNP_A-4226656"	11	39756314	0.181981
"SNP_A-1921374"	11	39756648	0.308303
"SNP_A-2010222"	11	39757906	-0.025505
"SNP_A-2089477"	11	39760774	0.262967
"SNP_A-4200202"	11	39760930	0.589852
"SNP_A-2170443"	11	39761095	-0.172177
"SNP_A-2295397"	11	39766288	0.194938
"SNP_A-2149443"	11	39773917	0.363246
"SNP_A-2140229"	11	39773979	-0.294543
"SNP_A-4233622"	11	39774241	0.078356
"SNP_A-2264257"	11	39775273	-0.173135
"SNP_A-1956102"	11	39780965	0.282046
"SNP_A-4214974"	11	39786206	-0.056533
"SNP_A-2075732"	11	39806943	0.045
"SNP_A-4231211"	11	39810717	-0.124461
"SNP_A-2010237"	11	39819939	0.629248
"SNP_A-1845424"	11	39820342	0.220605
"SNP_A-2001916"	11	39821570	0.086182
"SNP_A-4225998"	11	39821602	-0.051152
"SNP_A-4196393"	11	39843451	-0.120679
"SNP_A-2087891"	11	39859120	0.640859
"SNP_A-2175808"	11	39865238	0.114096
"SNP_A-2250343"	11	39865424	-0.192291
"SNP_A-1959459"	11	39879295	0.319172
"SNP_A-1935462"	11	39909360	-0.153307
"SNP_A-2126908"	11	39914011	0.148895
"SNP_A-1905327"	11	39919566	0.232837
"SNP_A-2065152"	11	39949139	0.083306
"SNP_A-2074823"	11	40031169	0.616127
"SNP_A-1886842"	11	40036631	0.044754
"SNP_A-1945810"	11	40037764	0.318704
"SNP_A-1799127"	11	40037806	0.112408
"SNP_A-4221013"	11	40039236	0.47999
"SNP_A-2175355"	11	40073721	0.279339
"SNP_A-1911647"	11	40074055	0.542065
"SNP_A-1941998"	11	40074909	0.349489
"SNP_A-2250003"	11	40099241	0.469906
"SNP_A-1872526"	11	40100335	-0.660727
"SNP_A-4202688"	11	40135941	-0.2295
"SNP_A-4237675"	11	40151885	0.539278
"SNP_A-2049143"	11	40163287	0.118006
"SNP_A-2101136"	11	40194493	-0.127447
"SNP_A-4222151"	11	40198084	0.050379
"SNP_A-2164906"	11	40209366	-0.222065
"SNP_A-4199440"	11	40209482	0.359826
"SNP_A-1815825"	11	40211317	-0.313927
"SNP_A-4214979"	11	40218581	0.369807
"SNP_A-2091942"	11	40229850	-0.052044
"SNP_A-2010275"	11	40262733	-0.147062
"SNP_A-2010276"	11	40275193	-0.014608
"SNP_A-2280800"	11	40286833	-0.203438
"SNP_A-1805935"	11	40293107	-0.344484
"SNP_A-1961516"	11	40297209	-0.300729
"SNP_A-2010277"	11	40303476	-0.176453
"SNP_A-4238166"	11	40306179	0.458559
"SNP_A-2290260"	11	40326133	0.067982
"SNP_A-2249317"	11	40328520	-0.114913
"SNP_A-2027241"	11	40337233	0.170464
"SNP_A-2010281"	11	40358292	0.010866
"SNP_A-1819555"	11	40359450	-0.021549
"SNP_A-4222693"	11	40363313	0.054666
"SNP_A-4204967"	11	40371003	-0.126911
"SNP_A-2209790"	11	40372911	-0.048433
"SNP_A-1932065"	11	40373044	-0.33768
"SNP_A-1913918"	11	40374226	-0.16025
"SNP_A-1828245"	11	40378003	-0.095585
"SNP_A-2169318"	11	40390728	-0.301207
"SNP_A-1944386"	11	40391182	0.531342
"SNP_A-4230350"	11	40393611	-0.10898
"SNP_A-2010290"	11	40428030	0.0895
"SNP_A-2010291"	11	40428089	-0.182489
"SNP_A-2010293"	11	40433344	-0.144679
"SNP_A-2010306"	11	40508320	-0.487403
"SNP_A-2010307"	11	40508422	-0.070836
"SNP_A-2010308"	11	40508499	-0.250858
"SNP_A-2087707"	11	40513956	-0.020352
"SNP_A-1959556"	11	40514015	-0.294159
"SNP_A-4228153"	11	40515421	0.165244
"SNP_A-2024183"	11	40527074	0.109944
"SNP_A-1914777"	11	40527183	-0.1416
"SNP_A-2275341"	11	40527539	0.327788
"SNP_A-1806613"	11	40527735	0.314787
"SNP_A-4203630"	11	40528095	-0.431852
"SNP_A-2040171"	11	40535409	-0.103584
"SNP_A-1929551"	11	40535466	-0.251905
"SNP_A-2281862"	11	40542692	-0.034071
"SNP_A-2123639"	11	40542827	0.446771
"SNP_A-2273814"	11	40542978	0.828751
"SNP_A-1847043"	11	40543235	0.409538
"SNP_A-4230201"	11	40546752	0.300545
"SNP_A-1868851"	11	40548738	0.030781
"SNP_A-2131508"	11	40570563	0.471308
"SNP_A-2042367"	11	40572021	-0.047729
"SNP_A-4214126"	11	40576404	-0.030718
"SNP_A-1856577"	11	40577791	-0.420111
"SNP_A-2262726"	11	40579952	-0.114191
"SNP_A-2154911"	11	40608231	-0.494149
"SNP_A-1842366"	11	40610353	-0.165147
"SNP_A-2234764"	11	40610390	0.255804
"SNP_A-1846045"	11	40615832	-0.02765
"SNP_A-2272826"	11	40616567	0.17556
"SNP_A-4214985"	11	40652704	0.419365
"SNP_A-2138739"	11	40667334	0.136112
"SNP_A-2037659"	11	40690934	0.163465
"SNP_A-2278563"	11	40693286	0.294886
"SNP_A-4217803"	11	40703240	-0.230325
"SNP_A-2266993"	11	40707509	0.089623
"SNP_A-1808095"	11	40719580	-0.012218
"SNP_A-1853434"	11	40761271	-0.233343
"SNP_A-1887448"	11	40765219	0.192583
"SNP_A-4214127"	11	40778035	0.067582
"SNP_A-1885474"	11	40785306	0.167188
"SNP_A-4231327"	11	40785924	-0.03827
"SNP_A-2216849"	11	40786722	-0.096554
"SNP_A-2179227"	11	40788274	-0.166699
"SNP_A-4240067"	11	40790096	0.135193
"SNP_A-2159398"	11	40794105	-0.37203
"SNP_A-2039646"	11	40794289	-0.226346
"SNP_A-1784634"	11	40835136	0.644538
"SNP_A-1947340"	11	40839047	0.048892
"SNP_A-4221370"	11	40868158	0.285709
"SNP_A-2205755"	11	40871880	0.041585
"SNP_A-1823198"	11	40871915	-0.166427
"SNP_A-1796481"	11	40872102	0.298093
"SNP_A-1936487"	11	40886472	0.135212
"SNP_A-1943737"	11	40907010	0.008087
"SNP_A-1940254"	11	40930675	-0.05204
"SNP_A-4202544"	11	40930811	-0.372448
"SNP_A-4214987"	11	40937025	0.418613
"SNP_A-2010350"	11	40937910	0.011726
"SNP_A-2046560"	11	40948310	0.205329
"SNP_A-1921118"	11	40958783	-0.173955
"SNP_A-1924533"	11	40962942	0.06446
"SNP_A-2028196"	11	40976791	-0.370313
"SNP_A-4218346"	11	40977990	-0.14869
"SNP_A-1869355"	11	40978427	0.006711
"SNP_A-2240385"	11	40979726	0.361683
"SNP_A-1877125"	11	40979785	-0.364228
"SNP_A-1840419"	11	40979868	-0.392757
"SNP_A-2029708"	11	40980714	0.059036
"SNP_A-2273319"	11	41000401	0.071886
"SNP_A-2246938"	11	41008596	0.207385
"SNP_A-2097790"	11	41008646	0.020027
"SNP_A-1899826"	11	41014153	-0.702704
"SNP_A-2232065"	11	41015857	0.20272
"SNP_A-1901752"	11	41016316	0.103368
"SNP_A-2022529"	11	41016901	-0.145898
"SNP_A-2296471"	11	41016981	0.21674
"SNP_A-2010361"	11	41017149	0.171311
"SNP_A-2227119"	11	41028089	-0.356001
"SNP_A-2087250"	11	41029432	-0.321177
"SNP_A-4221614"	11	41029538	0.832229
"SNP_A-2145731"	11	41030791	0.08387
"SNP_A-1937562"	11	41031122	-0.032262
"SNP_A-2010370"	11	41085436	0.437779
"SNP_A-1943501"	11	41089364	0.130413
"SNP_A-1845761"	11	41104707	0.494419
"SNP_A-1897929"	11	41105009	0.045227
"SNP_A-1947903"	11	41124659	0.023603
"SNP_A-4229620"	11	41137115	-0.329296
"SNP_A-2288997"	11	41157340	0.014488
"SNP_A-4201614"	11	41158200	0.42002
"SNP_A-2225654"	11	41187277	0.187712
"SNP_A-2142894"	11	41189436	0.212113
"SNP_A-1951580"	11	41191720	-0.146256
"SNP_A-1820096"	11	41205851	0.082798
"SNP_A-2302187"	11	41206487	-0.296729
"SNP_A-2010386"	11	41213470	-0.061111
"SNP_A-2010388"	11	41214907	-0.138567
"SNP_A-2103342"	11	41219695	0.266162
"SNP_A-2089881"	11	41227133	0.071112
"SNP_A-2109618"	11	41230366	0.038889
"SNP_A-1886107"	11	41251030	-0.048058
"SNP_A-2061260"	11	41255413	-0.38192
"SNP_A-1804051"	11	41263067	-0.055906
"SNP_A-2188445"	11	41268545	0.460819
"SNP_A-4203895"	11	41271326	0.717882
"SNP_A-2001923"	11	41279816	-0.124043
"SNP_A-2001925"	11	41302939	0.207486
"SNP_A-2278514"	11	41303862	0.411109
"SNP_A-1912193"	11	41304985	0.059446
"SNP_A-2010398"	11	41311789	0.367971
"SNP_A-2025887"	11	41328063	0.17236
"SNP_A-2085279"	11	41345607	-0.26789
"SNP_A-2147584"	11	41350795	0.070223
"SNP_A-2222062"	11	41362191	0.008505
"SNP_A-2171717"	11	41362617	-0.06014
"SNP_A-2166877"	11	41373419	0.375996
"SNP_A-2129871"	11	41374558	-0.132621
"SNP_A-2181110"	11	41380865	0.080716
"SNP_A-1883330"	11	41381220	0.039628
"SNP_A-4216797"	11	41381621	-0.088883
"SNP_A-1940125"	11	41410084	0.049891
"SNP_A-1885422"	11	41413783	0.019176
"SNP_A-1940938"	11	41421136	0.301839
"SNP_A-2117824"	11	41421246	-0.278218
"SNP_A-2096713"	11	41453266	-0.045596
"SNP_A-2074281"	11	41472127	0.03219
"SNP_A-1928037"	11	41474283	0.393011
"SNP_A-1944521"	11	41484688	0.031588
"SNP_A-4234707"	11	41489575	0.432268
"SNP_A-2066211"	11	41492545	0.366712
"SNP_A-2010428"	11	41512549	0.070704
"SNP_A-1919796"	11	41517565	0.081408
"SNP_A-2044439"	11	41522604	0.288614
"SNP_A-2256696"	11	41529303	0.106652
"SNP_A-4216620"	11	41529450	0.133946
"SNP_A-1791702"	11	41529768	-0.047463
"SNP_A-2252138"	11	41537496	-0.188779
"SNP_A-2275886"	11	41537818	0.030238
"SNP_A-4214994"	11	41542729	-0.265161
"SNP_A-1826991"	11	41551488	0.28171
"SNP_A-2010436"	11	41559783	-0.035683
"SNP_A-2048651"	11	41573774	0.22817
"SNP_A-2010438"	11	41574517	0.039128
"SNP_A-2074198"	11	41576714	-0.220344
"SNP_A-2010442"	11	41588438	-0.309179
"SNP_A-2010446"	11	41597294	0.164183
"SNP_A-2010447"	11	41597685	0.324113
"SNP_A-2010448"	11	41597796	0.170601
"SNP_A-4214997"	11	41598024	0.162578
"SNP_A-2010449"	11	41599050	-0.094364
"SNP_A-2001928"	11	41635839	0.01457
"SNP_A-2010453"	11	41635882	-0.166865
"SNP_A-1918021"	11	41636612	-0.171118
"SNP_A-4240761"	11	41636767	-0.272656
"SNP_A-2023404"	11	41637089	-0.181233
"SNP_A-1801188"	11	41637539	0.247862
"SNP_A-2204859"	11	41691323	0.051994
"SNP_A-2030997"	11	41692856	-0.238516
"SNP_A-1937897"	11	41693779	0.054471
"SNP_A-2141035"	11	41699048	-0.043754
"SNP_A-2001929"	11	41699616	0.07552
"SNP_A-1892496"	11	41726184	0.347515
"SNP_A-1906577"	11	41726762	0.14415
"SNP_A-4226706"	11	41762277	-0.021042
"SNP_A-4234295"	11	41771130	0.452459
"SNP_A-2068037"	11	41771408	0.009337
"SNP_A-1816622"	11	41771426	0.149295
"SNP_A-2076513"	11	41773933	-0.020647
"SNP_A-2048462"	11	41773966	0.109011
"SNP_A-2010472"	11	41788094	-0.199301
"SNP_A-2010473"	11	41789724	0.108205
"SNP_A-2315020"	11	41789771	-0.404993
"SNP_A-2258211"	11	41790350	-0.126441
"SNP_A-2260257"	11	41792409	-0.194586
"SNP_A-2075193"	11	41792460	0.039162
"SNP_A-2010476"	11	41795297	-0.037701
"SNP_A-1932835"	11	41806983	-0.141773
"SNP_A-1866857"	11	41809377	0.183239
"SNP_A-2153346"	11	41842321	-0.702172
"SNP_A-4225342"	11	41843249	0.091234
"SNP_A-2065429"	11	41844503	-0.159461
"SNP_A-1957837"	11	41865058	0.151895
"SNP_A-2119470"	11	41866345	0.202209
"SNP_A-2091993"	11	41868368	0.018549
"SNP_A-2218200"	11	41868675	0.138054
"SNP_A-1888352"	11	41898082	-0.433132
"SNP_A-4230526"	11	41899869	-0.0116
"SNP_A-1815272"	11	41900843	-0.118314
"SNP_A-2313988"	11	41914951	0.039821
"SNP_A-1888030"	11	41915631	0.1864
"SNP_A-2152417"	11	41933085	0.104268
"SNP_A-1824895"	11	41951928	0.588877
"SNP_A-1783245"	11	41971203	0.087639
"SNP_A-4224102"	11	41971770	0.272163
"SNP_A-4221611"	11	41971780	0.364638
"SNP_A-1781220"	11	41989094	0.007223
"SNP_A-2307858"	11	41994582	-0.068958
"SNP_A-1959191"	11	42003382	0.269426
"SNP_A-1845240"	11	42012832	0.062436
"SNP_A-2144930"	11	42017983	0.291354
"SNP_A-1913558"	11	42018659	0.088819
"SNP_A-2089169"	11	42036413	-0.469934
"SNP_A-2137652"	11	42047929	-0.12662
"SNP_A-2057281"	11	42085644	0.32956
"SNP_A-4194078"	11	42085724	-0.10117
"SNP_A-2313512"	11	42088475	0.125466
"SNP_A-4234226"	11	42107883	-0.138545
"SNP_A-2177868"	11	42110089	0.042693
"SNP_A-4178220"	11	42120880	0.467758
"SNP_A-2190314"	11	42125050	0.583883
"SNP_A-1846913"	11	42127518	-0.002915
"SNP_A-2033056"	11	42127790	-0.140655
"SNP_A-1861094"	11	42128259	0.89889
"SNP_A-2130628"	11	42147901	0.027756
"SNP_A-2280121"	11	42148153	-0.192434
"SNP_A-1885313"	11	42148437	0.023024
"SNP_A-4219159"	11	42151394	0.578326
"SNP_A-2112471"	11	42153929	0.125092
"SNP_A-2058777"	11	42167010	0.258572
"SNP_A-2249979"	11	42174140	-0.116081
"SNP_A-4231871"	11	42174168	-0.090534
"SNP_A-1873109"	11	42207074	0.734068
"SNP_A-1787332"	11	42208344	0.070766
"SNP_A-1917031"	11	42222011	-0.069134
"SNP_A-1789785"	11	42243624	0.378572
"SNP_A-4241044"	11	42253906	-0.065058
"SNP_A-2251611"	11	42267144	0.046366
"SNP_A-2076487"	11	42276363	0.159922
"SNP_A-1837406"	11	42277165	0.255764
"SNP_A-2104453"	11	42283729	0.133167
"SNP_A-1929293"	11	42284468	0.39092
"SNP_A-1949009"	11	42284578	0.299723
"SNP_A-1916659"	11	42284603	-0.579237
"SNP_A-1939569"	11	42285070	0.157331
"SNP_A-2119078"	11	42285325	0.153891
"SNP_A-4222802"	11	42286078	0.123951
"SNP_A-1933909"	11	42286247	-0.02328
"SNP_A-1849528"	11	42287702	0.260971
"SNP_A-2311435"	11	42288912	-0.01438
"SNP_A-2149216"	11	42290170	-0.235393
"SNP_A-2057532"	11	42292365	-0.173431
"SNP_A-1902312"	11	42292437	-0.84947
"SNP_A-1938324"	11	42301964	-0.080499
"SNP_A-4234004"	11	42302540	-0.222956
"SNP_A-2081791"	11	42302576	-0.130169
"SNP_A-2269938"	11	42302892	-0.087202
"SNP_A-4238874"	11	42302946	-0.306067
"SNP_A-1957042"	11	42305489	0.068878
"SNP_A-2010566"	11	42306537	0.411582
"SNP_A-2254824"	11	42310100	0.566054
"SNP_A-2139725"	11	42315460	-0.390637
"SNP_A-2113797"	11	42332477	0.067757
"SNP_A-2010568"	11	42342944	0.239425
"SNP_A-2025760"	11	42351372	-0.109884
"SNP_A-2300961"	11	42352143	0.025235
"SNP_A-2089064"	11	42370100	0.11638
"SNP_A-2095533"	11	42387606	0.331894
"SNP_A-1863657"	11	42387880	0.780957
"SNP_A-1924596"	11	42388060	0.24519
"SNP_A-2010569"	11	42388994	0.040113
"SNP_A-2010570"	11	42390481	0.05343
"SNP_A-2010571"	11	42390602	0.513133
"SNP_A-2010572"	11	42391156	-0.018553
"SNP_A-2010573"	11	42391421	0.218644
"SNP_A-2010574"	11	42392093	0.145819
"SNP_A-2010575"	11	42392725	-0.716367
"SNP_A-2260949"	11	42392967	-0.015723
"SNP_A-1791372"	11	42394509	-0.288737
"SNP_A-2212838"	11	42401177	0.328286
"SNP_A-2148911"	11	42404449	-0.036113
"SNP_A-2010577"	11	42407322	-0.178104
"SNP_A-2151034"	11	42415321	0.263659
"SNP_A-1818381"	11	42415513	0.133735
"SNP_A-2233202"	11	42424223	-0.359332
"SNP_A-1933439"	11	42424605	0.056614
"SNP_A-4206633"	11	42424861	-0.256978
"SNP_A-2049354"	11	42439564	0.259708
"SNP_A-1925371"	11	42443253	-0.245173
"SNP_A-1874694"	11	42454759	0.092185
"SNP_A-2207035"	11	42454911	0.00981
"SNP_A-2147569"	11	42455317	-0.251217
"SNP_A-2163926"	11	42469721	0.042957
"SNP_A-1959682"	11	42469749	0.185195
"SNP_A-2260129"	11	42471062	0.024711
"SNP_A-4205970"	11	42476668	0.320122
"SNP_A-2244220"	11	42477007	0.473152
"SNP_A-2188183"	11	42477122	0.251305
"SNP_A-2236580"	11	42478060	0.062903
"SNP_A-1839117"	11	42487064	-0.446886
"SNP_A-2081628"	11	42556303	0.18774
"SNP_A-4233298"	11	42559106	-0.191006
"SNP_A-2190652"	11	42560799	0.143956
"SNP_A-2211762"	11	42561959	0.059598
"SNP_A-4221557"	11	42594324	-0.151236
"SNP_A-4239429"	11	42594339	-0.316709
"SNP_A-4228266"	11	42594425	-0.122485
"SNP_A-2037718"	11	42603868	0.125619
"SNP_A-2001931"	11	42610016	0.909414
"SNP_A-4197038"	11	42649089	-0.201866
"SNP_A-2175005"	11	42649133	-0.043833
"SNP_A-2065788"	11	42656036	0.292962
"SNP_A-1785126"	11	42656248	-0.582592
"SNP_A-4200195"	11	42659391	0.598632
"SNP_A-2245002"	11	42659528	-0.180329
"SNP_A-2214265"	11	42661356	0.164011
"SNP_A-2076785"	11	42662085	0.157066
"SNP_A-2042762"	11	42684236	0.113605
"SNP_A-1821744"	11	42690476	-0.340834
"SNP_A-2085373"	11	42740416	-0.05558
"SNP_A-2277756"	11	42752881	0.407151
"SNP_A-1846051"	11	42753001	0.350247
"SNP_A-1902696"	11	42754300	-0.068941
"SNP_A-2065636"	11	42785686	0.161708
"SNP_A-4219015"	11	42787778	0.152739
"SNP_A-2224392"	11	42787818	0.42549
"SNP_A-4199867"	11	42788059	-0.06401
"SNP_A-2102522"	11	42801979	-0.133879
"SNP_A-1804906"	11	42804069	-0.175786
"SNP_A-1884289"	11	42804174	0.036141
"SNP_A-2001933"	11	42804261	0.089384
"SNP_A-2001934"	11	42804589	0.115657
"SNP_A-2291383"	11	42842529	0.052824
"SNP_A-2151764"	11	42843045	-0.17357
"SNP_A-1823088"	11	42843568	-0.331599
"SNP_A-2030643"	11	42845865	-0.109752
"SNP_A-4214128"	11	42847622	0.095602
"SNP_A-2001935"	11	42847843	0.155198
"SNP_A-2001936"	11	42863390	-0.780283
"SNP_A-1946720"	11	42870205	-0.138294
"SNP_A-4214129"	11	42881146	-0.050899
"SNP_A-2001937"	11	42881262	0.173422
"SNP_A-2178694"	11	42881983	-0.389441
"SNP_A-1827249"	11	42882329	0.035259
"SNP_A-4229392"	11	42890076	-0.122861
"SNP_A-2283496"	11	42904116	-0.106718
"SNP_A-4224557"	11	42904365	-0.45134
"SNP_A-2274694"	11	42926704	-0.373222
"SNP_A-2069682"	11	42927616	-0.028235
"SNP_A-2036666"	11	42927744	0.013267
"SNP_A-4202767"	11	42944099	-0.48004
"SNP_A-2219986"	11	42944666	0.424508
"SNP_A-4223395"	11	42944751	-0.236377
"SNP_A-2103320"	11	42956361	0.153353
"SNP_A-2053056"	11	42957782	0.211941
"SNP_A-2310116"	11	42965537	-0.132989
"SNP_A-2102205"	11	42965695	0.317595
"SNP_A-2179954"	11	42970197	0.344466
"SNP_A-2253427"	11	42996250	0.208641
"SNP_A-2149140"	11	43004045	0.090174
"SNP_A-2309131"	11	43012205	0.046973
"SNP_A-1843465"	11	43027813	0.06789
"SNP_A-2253495"	11	43028014	0.512962
"SNP_A-2084095"	11	43028261	-0.317539
"SNP_A-2312717"	11	43038230	-0.569804
"SNP_A-4215010"	11	43042670	0.310494
"SNP_A-4215011"	11	43042986	0.346462
"SNP_A-2066735"	11	43051952	0.455389
"SNP_A-1959389"	11	43052263	0.185683
"SNP_A-2312374"	11	43052316	0.258909
"SNP_A-4215012"	11	43059474	0.152931
"SNP_A-2041404"	11	43062196	-0.028819
"SNP_A-2205108"	11	43066630	0.589447
"SNP_A-2021855"	11	43067304	0.03699
"SNP_A-1786226"	11	43096817	-0.041774
"SNP_A-2180865"	11	43113488	0.23608
"SNP_A-2080082"	11	43113886	0.342164
"SNP_A-2010607"	11	43116209	-0.05447
"SNP_A-2010608"	11	43116294	0.221993
"SNP_A-4215013"	11	43116332	0.647785
"SNP_A-2310789"	11	43117576	0.038225
"SNP_A-2105727"	11	43118793	-0.044424
"SNP_A-2106730"	11	43124604	0.016982
"SNP_A-2234894"	11	43124635	-0.16523
"SNP_A-2246603"	11	43152928	-0.317813
"SNP_A-4196389"	11	43152967	-0.028594
"SNP_A-4226720"	11	43152977	0.018583
"SNP_A-2212600"	11	43153021	-0.012177
"SNP_A-2162944"	11	43153254	0.411998
"SNP_A-2169555"	11	43153863	0.080861
"SNP_A-1934271"	11	43154329	0.28176
"SNP_A-1875822"	11	43154718	0.137413
"SNP_A-2229092"	11	43154799	0.421577
"SNP_A-1888677"	11	43155260	0.335993
"SNP_A-1932159"	11	43155303	0.266118
"SNP_A-2244679"	11	43164601	0.046215
"SNP_A-4205086"	11	43169005	0.249909
"SNP_A-1949320"	11	43199163	-0.116856
"SNP_A-4238223"	11	43199319	0.486353
"SNP_A-1946599"	11	43203251	-0.020983
"SNP_A-4215016"	11	43221085	0.207183
"SNP_A-2010619"	11	43225971	-0.049748
"SNP_A-2085192"	11	43247044	0.033986
"SNP_A-2217040"	11	43250100	0.21857
"SNP_A-1780570"	11	43279900	-0.009738
"SNP_A-2122131"	11	43282625	-0.142259
"SNP_A-2155421"	11	43301018	0.248609
"SNP_A-2054573"	11	43313507	0.799904
"SNP_A-2154671"	11	43313944	-0.649524
"SNP_A-1956170"	11	43321851	0.150366
"SNP_A-2074386"	11	43339994	0.263042
"SNP_A-1813752"	11	43350275	0.161465
"SNP_A-2010625"	11	43363382	-0.35911
"SNP_A-2313677"	11	43369604	0.558328
"SNP_A-2024409"	11	43376486	0.416381
"SNP_A-1918546"	11	43406666	0.060867
"SNP_A-2289400"	11	43407503	0.058367
"SNP_A-4222363"	11	43408695	0.126773
"SNP_A-4206226"	11	43411627	0.217255
"SNP_A-1845566"	11	43415996	0.259583
"SNP_A-2010627"	11	43420109	0.045713
"SNP_A-1944164"	11	43438525	0.037458
"SNP_A-2010634"	11	43456131	0.306078
"SNP_A-1915710"	11	43464732	0.197918
"SNP_A-2142966"	11	43464788	-0.075894
"SNP_A-2112391"	11	43490999	0.156154
"SNP_A-2165928"	11	43491505	0.196213
"SNP_A-1798843"	11	43491977	-0.196543
"SNP_A-4228612"	11	43502332	0.040845
"SNP_A-2102299"	11	43508148	-0.011572
"SNP_A-2098150"	11	43549586	0.370771
"SNP_A-2010640"	11	43549901	-0.23326
"SNP_A-1862280"	11	43598706	0.375131
"SNP_A-2055550"	11	43614142	-0.149841
"SNP_A-2221171"	11	43621092	0.084856
"SNP_A-4217506"	11	43631506	0.110832
"SNP_A-2050580"	11	43652464	0.291374
"SNP_A-2106941"	11	43653493	0.046736
"SNP_A-4223236"	11	43668966	0.5437
"SNP_A-2010642"	11	43670419	-0.20808
"SNP_A-2010643"	11	43670565	-0.183593
"SNP_A-2185102"	11	43684153	0.410758
"SNP_A-4214130"	11	43723478	-0.18767
"SNP_A-4226347"	11	43739700	0.089859
"SNP_A-4215019"	11	43778564	0.306566
"SNP_A-1935343"	11	43785335	-0.16346
"SNP_A-4217106"	11	43794711	0.035453
"SNP_A-2258366"	11	43796340	-0.329436
"SNP_A-2171053"	11	43796511	-0.189133
"SNP_A-2165943"	11	43807884	-0.05224
"SNP_A-1908477"	11	43825227	0.270325
"SNP_A-2030611"	11	43839340	0.303085
"SNP_A-4239693"	11	43847375	-0.158134
"SNP_A-1937147"	11	43848213	-0.133508
"SNP_A-1904726"	11	43863272	0.221209
"SNP_A-1825250"	11	43877555	0.396205
"SNP_A-4232169"	11	43881654	0.288835
"SNP_A-2304614"	11	43882016	0.234255
"SNP_A-1871419"	11	43886075	0.15442
"SNP_A-1835161"	11	43897220	0.139155
"SNP_A-1823991"	11	43899570	0.118565
"SNP_A-4230043"	11	43912359	0.022749
"SNP_A-1892858"	11	43913512	-0.278782
"SNP_A-1912137"	11	43914401	-0.036211
"SNP_A-2138708"	11	43932318	0.24902
"SNP_A-1874649"	11	43962545	-0.084327
"SNP_A-2178931"	11	43962719	-0.057315
"SNP_A-2227930"	11	43968545	-0.431801
"SNP_A-2114523"	11	43971651	0.032133
"SNP_A-2140355"	11	43972405	-0.051416
"SNP_A-4239426"	11	43972442	-0.112142
"SNP_A-4215022"	11	44005261	-0.395968
"SNP_A-2078011"	11	44005603	-0.139782
"SNP_A-1788185"	11	44009423	0.227583
"SNP_A-2089223"	11	44010073	-0.071877
"SNP_A-1812631"	11	44013635	0.185546
"SNP_A-2078290"	11	44033848	0.080867
"SNP_A-4231919"	11	44036860	-0.043622
"SNP_A-1784126"	11	44037726	-0.168071
"SNP_A-4215023"	11	44041425	0.297236
"SNP_A-2010668"	11	44041945	0.30256
"SNP_A-1821502"	11	44050194	0.049959
"SNP_A-1783781"	11	44050992	0.122342
"SNP_A-2105315"	11	44073698	0.05599
"SNP_A-2137064"	11	44091183	0.16681
"SNP_A-1913507"	11	44098426	-0.176341
"SNP_A-2241622"	11	44114729	0.191103
"SNP_A-4225340"	11	44120413	0.252934
"SNP_A-1938553"	11	44124572	-0.120869
"SNP_A-1902510"	11	44167215	0.235432
"SNP_A-1860317"	11	44207953	0.2548
"SNP_A-1810261"	11	44211556	0.477158
"SNP_A-2151307"	11	44236666	0.205659
"SNP_A-2195009"	11	44249988	0.675667
"SNP_A-2213454"	11	44276734	-0.034931
"SNP_A-1901236"	11	44279769	-0.137616
"SNP_A-1824366"	11	44314287	0.40756
"SNP_A-2250424"	11	44322932	0.035375
"SNP_A-2266887"	11	44323094	0.167768
"SNP_A-4241230"	11	44345817	0.336205
"SNP_A-2294215"	11	44346133	-0.063211
"SNP_A-2269266"	11	44349849	0.4949
"SNP_A-1902049"	11	44352600	0.316359
"SNP_A-4227075"	11	44425274	-0.108989
"SNP_A-2301592"	11	44452486	-0.203012
"SNP_A-2110133"	11	44477173	0.184824
"SNP_A-4227503"	11	44481121	-0.127015
"SNP_A-1939877"	11	44485362	0.042664
"SNP_A-2236050"	11	44487221	0.131508
"SNP_A-4220695"	11	44500425	0.113606
"SNP_A-4201412"	11	44509290	-0.194212
"SNP_A-4227113"	11	44509300	-0.040267
"SNP_A-1866650"	11	44511110	-0.025401
"SNP_A-1821959"	11	44571754	-0.057498
"SNP_A-1826462"	11	44572103	0.341542
"SNP_A-1904451"	11	44589474	-0.093554
"SNP_A-1868333"	11	44589530	0.306275
"SNP_A-2089386"	11	44624950	0.842553
"SNP_A-2023712"	11	44626056	-0.21431
"SNP_A-1923864"	11	44639879	-0.39277
"SNP_A-4231755"	11	44646657	0.6825
"SNP_A-2106498"	11	44669505	0.056729
"SNP_A-1871773"	11	44695831	-0.434939
"SNP_A-1814346"	11	44696286	0.036828
"SNP_A-1810886"	11	44732907	0.067696
"SNP_A-2265407"	11	44733308	-0.167244
"SNP_A-2304064"	11	44739896	-0.070265
"SNP_A-2010702"	11	44741283	0.021292
"SNP_A-4215026"	11	44741862	-0.179667
"SNP_A-2010704"	11	44744691	0.524102
"SNP_A-1785660"	11	44752609	0.218337
"SNP_A-2228878"	11	44757436	0.135608
"SNP_A-4235722"	11	44781630	-0.019319
"SNP_A-2010713"	11	44786673	0.109979
"SNP_A-2132836"	11	44787995	-0.112692
"SNP_A-2077279"	11	44800673	0.122389
"SNP_A-4215027"	11	44804246	-0.02578
"SNP_A-1930940"	11	44854702	-0.23158
"SNP_A-2293789"	11	44879480	0.381347
"SNP_A-1915879"	11	44880047	0.45476
"SNP_A-1836400"	11	44881147	0.272029
"SNP_A-1800921"	11	44881614	-0.02303
"SNP_A-2275670"	11	44887211	0.410255
"SNP_A-1946670"	11	44892047	0.375296
"SNP_A-2141643"	11	44892269	-0.383267
"SNP_A-2190686"	11	44892561	0.190363
"SNP_A-1933105"	11	44900176	0.212632
"SNP_A-1792087"	11	44902262	0.329114
"SNP_A-2291330"	11	44904628	0.370249
"SNP_A-2259657"	11	44956181	0.234213
"SNP_A-2166935"	11	44984291	0.357499
"SNP_A-2276357"	11	45004795	-0.073547
"SNP_A-2306138"	11	45015058	0.001126
"SNP_A-2171753"	11	45015627	-0.361691
"SNP_A-2010735"	11	45018772	0.168194
"SNP_A-4199926"	11	45018827	0.073318
"SNP_A-2058153"	11	45018871	-0.10702
"SNP_A-4219872"	11	45036781	0.15318
"SNP_A-2298032"	11	45041557	0.439854
"SNP_A-2010759"	11	45061617	0.22708
"SNP_A-1936831"	11	45068322	0.086746
"SNP_A-2121343"	11	45069122	0.297532
"SNP_A-2193627"	11	45071998	0.047792
"SNP_A-1886816"	11	45098276	0.300388
"SNP_A-2001948"	11	45108839	0.226552
"SNP_A-2067486"	11	45109401	0.179825
"SNP_A-2272286"	11	45110175	0.104444
"SNP_A-4231698"	11	45111987	0.180972
"SNP_A-2076713"	11	45198157	-0.060946
"SNP_A-2059011"	11	45203752	0.22296
"SNP_A-2230403"	11	45203814	0.126021
"SNP_A-4193009"	11	45210442	0.004552
"SNP_A-2196933"	11	45220853	0.493603
"SNP_A-2010747"	11	45224291	-0.265266
"SNP_A-2035333"	11	45233558	-0.18071
"SNP_A-2108428"	11	45249966	0.327863
"SNP_A-4215031"	11	45254175	0.049955
"SNP_A-2131454"	11	45265438	0.558095
"SNP_A-1844270"	11	45273201	0.042168
"SNP_A-1791952"	11	45273233	0.080357
"SNP_A-2042084"	11	45291240	0.187926
"SNP_A-2134597"	11	45296644	-0.082933
"SNP_A-2312974"	11	45316289	0.096086
"SNP_A-4218438"	11	45325795	0.177381
"SNP_A-1871122"	11	45326080	0.050319
"SNP_A-1810807"	11	45333910	0.047423
"SNP_A-2180056"	11	45394950	-0.128001
"SNP_A-2271056"	11	45397116	0.066987
"SNP_A-2165944"	11	45415858	0.282196
"SNP_A-2268220"	11	45417314	0.150598
"SNP_A-1816638"	11	45450570	0.170502
"SNP_A-2292685"	11	45450639	-0.08083
"SNP_A-4218536"	11	45454720	0.166798
"SNP_A-2283485"	11	45454791	0.082715
"SNP_A-1895498"	11	45455600	0.196338
"SNP_A-2065334"	11	45471324	0.385327
"SNP_A-2082289"	11	45511527	0.533036
"SNP_A-2082236"	11	45516982	0.084321
"SNP_A-2309452"	11	45531150	-0.351743
"SNP_A-2049821"	11	45531240	0.098128
"SNP_A-1896951"	11	45536675	0.353277
"SNP_A-2242922"	11	45599337	0.021365
"SNP_A-1849301"	11	45619494	0.152935
"SNP_A-2091399"	11	45622491	0.313951
"SNP_A-1809392"	11	45622790	0.120474
"SNP_A-4198793"	11	45684135	-0.13617
"SNP_A-2047265"	11	45727585	0.30763
"SNP_A-1845076"	11	45737764	0.209591
"SNP_A-4240301"	11	45750901	0.28766
"SNP_A-2228054"	11	45799628	-0.1389
"SNP_A-1935870"	11	45835037	-0.004165
"SNP_A-2010797"	11	45835452	-0.073912
"SNP_A-1913416"	11	45856538	0.148084
"SNP_A-2055883"	11	45931219	0.12578
"SNP_A-2035729"	11	45940545	0.324093
"SNP_A-2010807"	11	45983752	0.17775
"SNP_A-1942199"	11	45989680	0.304524
"SNP_A-2218093"	11	46028399	0.189786
"SNP_A-2147674"	11	46029113	0.23147
"SNP_A-2023304"	11	46029538	0.003969
"SNP_A-1956307"	11	46029689	-0.086355
"SNP_A-2001953"	11	46045071	0.148526
"SNP_A-2207142"	11	46062264	0.069344
"SNP_A-2181190"	11	46069691	0.18015
"SNP_A-2282404"	11	46078599	-0.107914
"SNP_A-2159132"	11	46083889	0.18042
"SNP_A-2001955"	11	46102077	0.089754
"SNP_A-1814984"	11	46102457	-0.572561
"SNP_A-2156461"	11	46107195	0.172517
"SNP_A-2300870"	11	46147557	-0.278795
"SNP_A-4226249"	11	46155497	0.349339
"SNP_A-1868369"	11	46218598	0.01559
"SNP_A-2010812"	11	46327510	0.166012
"SNP_A-4203778"	11	46421970	0.285913
"SNP_A-2039484"	11	46514097	-0.083338
"SNP_A-4205507"	11	46517877	0.121061
"SNP_A-2314972"	11	46701501	0.307584
"SNP_A-2091572"	11	46708143	0.159584
"SNP_A-2010818"	11	46718081	0.191292
"SNP_A-1842829"	11	46763129	0.055479
"SNP_A-2065742"	11	46816001	0.372609
"SNP_A-2129608"	11	46848477	0.415848
"SNP_A-1829897"	11	46923991	0.402817
"SNP_A-2158992"	11	46955088	0.143681
"SNP_A-2258955"	11	46958733	0.188688
"SNP_A-2010826"	11	47021648	0.119311
"SNP_A-4193059"	11	47086430	0.443905
"SNP_A-1811566"	11	47182572	0.296385
"SNP_A-2085302"	11	47200241	0.126275
"SNP_A-2077738"	11	47208813	0.153115
"SNP_A-2124807"	11	47208830	0.154659
"SNP_A-1786721"	11	47215555	0.338836
"SNP_A-2300510"	11	47263161	-0.009357
"SNP_A-2045352"	11	47268621	-0.104597
"SNP_A-2223392"	11	47281242	-0.309963
"SNP_A-2155489"	11	47316282	0.181919
"SNP_A-1814590"	11	47323947	-0.030868
"SNP_A-2313083"	11	47432953	0.293171
"SNP_A-1859874"	11	47432977	0.075456
"SNP_A-2253678"	11	47461018	0.123637
"SNP_A-2010846"	11	47558317	0.235896
"SNP_A-2099583"	11	47581290	0.272435
"SNP_A-2275512"	11	47595586	-0.020034
"SNP_A-2128615"	11	47641484	0.033178
"SNP_A-2242769"	11	47692599	0.39764
"SNP_A-2093994"	11	47692890	0.067469
"SNP_A-2242080"	11	47709351	-0.119966
"SNP_A-1817808"	11	47812690	-0.284768
"SNP_A-1807379"	11	47830459	0.468498
"SNP_A-1792141"	11	47841423	0.036003
"SNP_A-2226623"	11	47842150	0.299586
"SNP_A-1825214"	11	47845118	-0.039229
"SNP_A-4193740"	11	47849696	0.317031
"SNP_A-1956209"	11	47880179	0.56738
"SNP_A-1959066"	11	47891299	-0.131044
"SNP_A-2074012"	11	47897501	0.040956
"SNP_A-2122390"	11	47919074	0.040939
"SNP_A-1884230"	11	47919955	0.528636
"SNP_A-1792196"	11	47950080	0.03473
"SNP_A-1835718"	11	47950238	0.050722
"SNP_A-2079794"	11	47975973	-0.170532
"SNP_A-1827395"	11	47977119	-0.070529
"SNP_A-1814275"	11	48011952	0.093178
"SNP_A-1912252"	11	48019578	0.522597
"SNP_A-2054925"	11	48042727	0.046844
"SNP_A-1821286"	11	48066619	0.215032
"SNP_A-2067200"	11	48066943	-0.051528
"SNP_A-1921453"	11	48071665	-0.020405
"SNP_A-4231790"	11	48072413	0.566961
"SNP_A-2206374"	11	48072808	0.011882
"SNP_A-4235680"	11	48091847	0.965038
"SNP_A-4195527"	11	48093566	0.415024
"SNP_A-1935912"	11	48094812	0.474265
"SNP_A-1798787"	11	48100690	0.147402
"SNP_A-4238945"	11	48100921	0.395341
"SNP_A-2151399"	11	48105928	0.478643
"SNP_A-1904708"	11	48125240	0.278278
"SNP_A-1784782"	11	48125888	-0.008207
"SNP_A-4232337"	11	48135462	-0.058316
"SNP_A-1795470"	11	48135691	0.190708
"SNP_A-2130679"	11	48145324	-0.247557
"SNP_A-2184330"	11	48161650	-0.127086
"SNP_A-4217610"	11	48175060	-0.178053
"SNP_A-1932898"	11	48185073	0.485373
"SNP_A-2107908"	11	48185364	0.455256
"SNP_A-2273519"	11	48190712	0.072994
"SNP_A-2028206"	11	48190782	-0.141705
"SNP_A-2264029"	11	48191389	-0.307523
"SNP_A-2180440"	11	48198215	-0.289907
"SNP_A-2288645"	11	48216189	0.343766
"SNP_A-2070922"	11	48217317	0.119404
"SNP_A-1787582"	11	48225058	-0.130437
"SNP_A-4215040"	11	48229272	-0.13411
"SNP_A-1922465"	11	48234630	0.519586
"SNP_A-4218489"	11	48235450	-0.059135
"SNP_A-2091454"	11	48235992	0.243022
"SNP_A-2028753"	11	48236531	0.254313
"SNP_A-1848274"	11	48239868	-0.099682
"SNP_A-2314450"	11	48249098	0.337646
"SNP_A-1805014"	11	48249170	0.332879
"SNP_A-2283995"	11	48249377	0.432772
"SNP_A-4194454"	11	48250507	-0.272291
"SNP_A-2243857"	11	48254241	0.131618
"SNP_A-4219010"	11	48359328	0.549049
"SNP_A-4238171"	11	48426575	0.163399
"SNP_A-2239072"	11	48454179	0.133931
"SNP_A-2246292"	11	48454276	0.240493
"SNP_A-2043424"	11	48463528	0.058789
"SNP_A-2217632"	11	48475469	0.278607
"SNP_A-4219377"	11	48477000	0.366678
"SNP_A-1799096"	11	48499155	0.16436
"SNP_A-1836002"	11	48500822	0.12044
"SNP_A-4206481"	11	48518757	0.358372
"SNP_A-1885723"	11	48518828	0.147712
"SNP_A-4195947"	11	48548559	0.279969
"SNP_A-1808596"	11	48548668	0.192554
"SNP_A-2086097"	11	48549011	0.396555
"SNP_A-1828669"	11	48549086	0.037742
"SNP_A-2207310"	11	48549701	-0.489755
"SNP_A-2074519"	11	48568227	0.079831
"SNP_A-1829551"	11	48582997	0.059239
"SNP_A-1949081"	11	48583196	0.373045
"SNP_A-2219688"	11	48586010	0.067346
"SNP_A-1825986"	11	48586741	0.144033
"SNP_A-1884440"	11	48603683	-0.002248
"SNP_A-2235412"	11	48606338	-0.097093
"SNP_A-1894825"	11	48614746	-0.09908
"SNP_A-2163451"	11	48740073	0.104057
"SNP_A-4198132"	11	48848453	0.162198
"SNP_A-2091998"	11	48886497	0.203292
"SNP_A-4232376"	11	48886708	0.260143
"SNP_A-2010895"	11	48924603	-0.062042
"SNP_A-4231061"	11	48929078	-0.203037
"SNP_A-2176844"	11	48939436	0.097736
"SNP_A-4201730"	11	48939775	0.4334
"SNP_A-4201919"	11	48945181	0.040056
"SNP_A-2167185"	11	48960517	0.724271
"SNP_A-2196024"	11	48960601	0.547156
"SNP_A-2010898"	11	48964794	-0.472053
"SNP_A-1844673"	11	48969085	0.442436
"SNP_A-4215042"	11	48970317	0.00822
"SNP_A-2244711"	11	48989918	0.151034
"SNP_A-1876407"	11	48990636	0.385598
"SNP_A-2215461"	11	48995273	0.132842
"SNP_A-1805415"	11	48995428	0.049141
"SNP_A-1864871"	11	49025210	0.193877
"SNP_A-4233274"	11	49107686	0.043078
"SNP_A-2174589"	11	49109173	0.164622
"SNP_A-2183758"	11	49113356	0.31244
"SNP_A-2126454"	11	49118259	0.146831
"SNP_A-2087094"	11	49122246	0.571572
"SNP_A-1821062"	11	49152378	0.181268
"SNP_A-2153526"	11	49154124	-0.148941
"SNP_A-4203945"	11	49185189	0.525193
"SNP_A-4238809"	11	49203555	0.193732
"SNP_A-2176047"	11	49204483	0.871464
"SNP_A-2227628"	11	49204726	0.290987
"SNP_A-2010915"	11	49210238	0.458203
"SNP_A-2258838"	11	49229895	0.15473
"SNP_A-1805106"	11	49252443	-0.011534
"SNP_A-2124416"	11	49256965	-0.11001
"SNP_A-1927553"	11	49257652	0.464948
"SNP_A-2053752"	11	49283110	-0.036372
"SNP_A-2168545"	11	49284551	0.30625
"SNP_A-2128495"	11	49284932	0.046139
"SNP_A-1875841"	11	49355549	-0.087876
"SNP_A-4195426"	11	49359801	-0.242992
"SNP_A-4204244"	11	49364084	0.743749
"SNP_A-2076344"	11	49391209	-0.025899
"SNP_A-2060457"	11	49391431	0.120248
"SNP_A-2221155"	11	49416050	0.157286
"SNP_A-2156462"	11	49430130	0.955813
"SNP_A-2139979"	11	49459424	-0.049398
"SNP_A-1813228"	11	49465032	-0.026314
"SNP_A-2176597"	11	49476735	0.197077
"SNP_A-2133282"	11	49491456	-0.106521
"SNP_A-1852856"	11	49526759	0.153339
"SNP_A-2010951"	11	49539980	0.519674
"SNP_A-4228415"	11	49558594	-0.059043
"SNP_A-1808363"	11	49594788	-0.266348
"SNP_A-1795016"	11	49625902	0.223846
"SNP_A-2184985"	11	49629519	0.263193
"SNP_A-4196845"	11	49642641	0.075828
"SNP_A-1878906"	11	49645899	0.065333
"SNP_A-2055868"	11	49657987	0.40731
"SNP_A-4226320"	11	49696777	0.532574
"SNP_A-2252018"	11	49696806	-0.000616
"SNP_A-4227992"	11	49697210	0.054087
"SNP_A-2255056"	11	49722684	0.169748
"SNP_A-4196416"	11	49726569	-0.194891
"SNP_A-4199933"	11	49726749	-0.044151
"SNP_A-1868134"	11	49726844	-0.168419
"SNP_A-2112252"	11	49763600	-0.110361
"SNP_A-2258537"	11	49816620	-0.635399
"SNP_A-2305903"	11	49817039	0.00258
"SNP_A-2124939"	11	49817338	-0.024115
"SNP_A-1852514"	11	49820388	-0.365073
"SNP_A-2279026"	11	49820773	-0.118607
"SNP_A-4224980"	11	49857065	0.567012
"SNP_A-2239892"	11	49857388	-0.175696
"SNP_A-2146552"	11	49862287	-0.099495
"SNP_A-4204248"	11	49862306	-0.126174
"SNP_A-2208094"	11	49877170	-0.060185
"SNP_A-1811122"	11	49890432	0.062914
"SNP_A-1857774"	11	49901858	-0.177403
"SNP_A-1806360"	11	49970247	-0.10444
"SNP_A-2084440"	11	49992129	0.174387
"SNP_A-4202406"	11	50052671	0.064652
"SNP_A-2026446"	11	50053001	-0.614321
"SNP_A-1810748"	11	50054061	-0.714617
"SNP_A-1830341"	11	50056843	0.098697
"SNP_A-4231127"	11	50080637	0.157837
"SNP_A-4202219"	11	50082300	0.448656
"SNP_A-2188504"	11	50089950	0.295571
"SNP_A-1961652"	11	50097032	-0.514059
"SNP_A-2238802"	11	50103012	0.177214
"SNP_A-2010980"	11	50105616	-0.311092
"SNP_A-2244302"	11	50128453	-0.190583
"SNP_A-4207458"	11	50138940	0.249807
"SNP_A-2128547"	11	50174761	-0.226125
"SNP_A-2010975"	11	50206707	0.224035
"SNP_A-1860756"	11	50208848	-0.093087
"SNP_A-2237882"	11	50234746	0.138286
"SNP_A-1897021"	11	50253581	-0.221324
"SNP_A-2283220"	11	50254042	0.092979
"SNP_A-2048701"	11	50256441	0.203534
"SNP_A-4193038"	11	50256797	-0.036992
"SNP_A-2078841"	11	50259255	-0.132367
"SNP_A-2155507"	11	50301567	0.52181
"SNP_A-2214391"	11	50316695	0.235024
"SNP_A-1859131"	11	50323935	0.07454
"SNP_A-1932318"	11	50330714	0.18408
"SNP_A-4236724"	11	50374125	0.143304
"SNP_A-4203452"	11	50437347	-0.266566
"SNP_A-2011005"	11	50591698	-0.450296
"SNP_A-1782562"	11	51061717	0.329978
"SNP_A-2038289"	11	51084702	0.219862
"SNP_A-1814403"	11	51258029	0.230197
"SNP_A-2011027"	11	51285867	0.1727
"SNP_A-2258536"	11	51287253	0.777635
"SNP_A-2294330"	11	51326553	-0.122617
"SNP_A-1861649"	11	51329228	0.305771
"SNP_A-4192574"	11	51394606	0.366732
"SNP_A-2041992"	11	51419707	0.730163
"SNP_A-4197277"	11	51420212	0.374587
"SNP_A-4204835"	11	54592199	-0.00979
"SNP_A-4233621"	11	54592211	-0.089922
"SNP_A-4228581"	11	54786791	-0.249541
"SNP_A-4230869"	11	54786846	0.302392
"SNP_A-4218985"	11	54803863	-0.042479
"SNP_A-2159340"	11	54807466	-0.074716
"SNP_A-2284568"	11	54814774	0.019544
"SNP_A-1945298"	11	54875843	0.245303
"SNP_A-2011041"	11	54878282	0.364504
"SNP_A-1816899"	11	54937013	0.361444
"SNP_A-2283196"	11	54939553	0.439893
"SNP_A-4232375"	11	54941249	-0.185508
"SNP_A-1915013"	11	54941610	-0.526415
"SNP_A-2285684"	11	54943717	0.313338
"SNP_A-4215059"	11	54951831	0.30169
"SNP_A-4217614"	11	54953687	0.006417
"SNP_A-2098280"	11	54954489	0.29685
"SNP_A-2137326"	11	54954750	-0.08516
"SNP_A-4215061"	11	55004883	0.340789
"SNP_A-2022771"	11	55004920	0.291322
"SNP_A-2266452"	11	55009954	0.187838
"SNP_A-2036166"	11	55017722	0.100555
"SNP_A-2154641"	11	55017848	-0.076181
"SNP_A-1882930"	11	55018481	0.706053
"SNP_A-4203737"	11	55022595	0.22712
"SNP_A-2229007"	11	55033178	0.473476
"SNP_A-1832978"	11	55034193	0.118963
"SNP_A-2242555"	11	55034337	0.173498
"SNP_A-2011062"	11	55035143	-0.163262
"SNP_A-4234040"	11	55046569	0.046824
"SNP_A-1876183"	11	55046721	0.210834
"SNP_A-2194965"	11	55054138	0.136481
"SNP_A-2305239"	11	55060441	0.786385
"SNP_A-4229507"	11	55060735	0.10278
"SNP_A-2144684"	11	55060775	0.206654
"SNP_A-1937981"	11	55060975	0.368485
"SNP_A-2121140"	11	55061223	0.330801
"SNP_A-2011073"	11	55077159	0.138357
"SNP_A-4215062"	11	55077631	0.103316
"SNP_A-1879013"	11	55092454	0.484183
"SNP_A-2098781"	11	55092486	0.070655
"SNP_A-1828055"	11	55110229	0.214966
"SNP_A-4200185"	11	55111788	-0.000615
"SNP_A-2226869"	11	55133582	0.312447
"SNP_A-2101849"	11	55217364	-0.21311
"SNP_A-4222607"	11	55225129	1.113989
"SNP_A-1908182"	11	55232246	0.505445
"SNP_A-2132761"	11	55235425	0.09837
"SNP_A-1845928"	11	55235453	0.257805
"SNP_A-2194491"	11	55235779	0.15351
"SNP_A-2061123"	11	55236535	-0.134632
"SNP_A-2102773"	11	55240119	-0.132839
"SNP_A-2087933"	11	55248683	0.066676
"SNP_A-2137322"	11	55249069	-0.196045
"SNP_A-1805041"	11	55252198	0.278624
"SNP_A-2235841"	11	55258967	-0.070089
"SNP_A-4230721"	11	55263124	-0.379819
"SNP_A-2313532"	11	55264743	0.463314
"SNP_A-4227689"	11	55290645	0.02977
"SNP_A-2249806"	11	55290776	-0.335368
"SNP_A-2231055"	11	55291175	0.420298
"SNP_A-2208160"	11	55303919	0.330384
"SNP_A-2100193"	11	55308342	-0.121208
"SNP_A-1893528"	11	55334274	0.005616
"SNP_A-2011091"	11	55339392	0.204243
"SNP_A-2224159"	11	55344033	-0.162673
"SNP_A-2011093"	11	55346872	-0.150445
"SNP_A-2035578"	11	55364837	-0.015377
"SNP_A-2032030"	11	55377275	0.248047
"SNP_A-1800214"	11	55377435	-0.425969
"SNP_A-1833291"	11	55378348	0.117205
"SNP_A-2205614"	11	55388835	0.298072
"SNP_A-2272403"	11	55394638	-0.039556
"SNP_A-2192757"	11	55394688	0.264168
"SNP_A-2033247"	11	55400743	0.49202
"SNP_A-2251783"	11	55426501	0.084755
"SNP_A-1813785"	11	55434921	-0.116708
"SNP_A-4215068"	11	55437951	0.077378
"SNP_A-4215069"	11	55439180	0.101305
"SNP_A-2011102"	11	55439287	-0.062911
"SNP_A-2011103"	11	55439371	0.031091
"SNP_A-1897747"	11	55440363	0.109977
"SNP_A-2062526"	11	55440561	0.283538
"SNP_A-4201186"	11	55442375	-0.12591
"SNP_A-4236602"	11	55445686	-0.034535
"SNP_A-2083602"	11	55446439	-0.017734
"SNP_A-2071242"	11	55447435	-0.032039
"SNP_A-2136531"	11	55462949	0.13405
"SNP_A-2241666"	11	55464867	0.048386
"SNP_A-1840321"	11	55471771	-0.167089
"SNP_A-1900783"	11	55472273	-0.420689
"SNP_A-4220234"	11	55472402	0.04377
"SNP_A-1914550"	11	55478053	0.436619
"SNP_A-1924451"	11	55478255	-0.302578
"SNP_A-4203372"	11	55478609	0.325111
"SNP_A-1800547"	11	55482226	0.11369
"SNP_A-1891776"	11	55483185	0.097509
"SNP_A-2166569"	11	55496802	0.025782
"SNP_A-4195654"	11	55496824	0.312483
"SNP_A-2288316"	11	55497774	0.172314
"SNP_A-1928815"	11	55507891	0.030038
"SNP_A-2027963"	11	55508168	0.104988
"SNP_A-1821990"	11	55537045	0.146864
"SNP_A-1889494"	11	55537527	-0.072183
"SNP_A-4202744"	11	55569594	-0.029046
"SNP_A-2196007"	11	55569812	-0.021935
"SNP_A-4231748"	11	55586841	0.073411
"SNP_A-2175641"	11	55595074	0.120681
"SNP_A-4215073"	11	55605691	-0.196501
"SNP_A-2011116"	11	55605732	0.15764
"SNP_A-1798608"	11	55606520	0.076911
"SNP_A-1915685"	11	55607598	-0.016185
"SNP_A-1801298"	11	55620737	-0.243488
"SNP_A-2011120"	11	55626765	0.110139
"SNP_A-1938984"	11	55632969	0.03962
"SNP_A-1850997"	11	55636002	-0.008641
"SNP_A-1885177"	11	55636031	0.471788
"SNP_A-2011123"	11	55652225	0.028369
"SNP_A-4217893"	11	55652307	-0.152367
"SNP_A-4237410"	11	55652321	0.124554
"SNP_A-4216408"	11	55652374	0.035536
"SNP_A-2071280"	11	55652591	0.357519
"SNP_A-4235295"	11	55655164	0.105418
"SNP_A-1850454"	11	55658787	-0.09137
"SNP_A-2153044"	11	55684167	0.199375
"SNP_A-2011127"	11	55723767	0.003999
"SNP_A-1952210"	11	55723902	-0.022884
"SNP_A-2126578"	11	55724022	0.460506
"SNP_A-1933209"	11	55728935	0.283314
"SNP_A-2270393"	11	55729437	0.062012
"SNP_A-2174199"	11	55733884	0.005822
"SNP_A-1948860"	11	55736854	-0.394817
"SNP_A-2045408"	11	55759675	0.064404
"SNP_A-2011129"	11	55773069	0.127735
"SNP_A-2011130"	11	55773272	-0.293659
"SNP_A-1916637"	11	55774039	-0.058025
"SNP_A-2220701"	11	55784303	-0.101868
"SNP_A-2149677"	11	55799556	0.312918
"SNP_A-2294225"	11	55834507	-0.348209
"SNP_A-2190793"	11	55837376	0.339167
"SNP_A-2282464"	11	55841568	-0.395483
"SNP_A-4219342"	11	55847156	-0.05609
"SNP_A-4235846"	11	55868601	0.627522
"SNP_A-4215075"	11	55874901	0.346581
"SNP_A-4223647"	11	55879770	0.253471
"SNP_A-2059809"	11	55880498	0.237037
"SNP_A-4239688"	11	55898172	0.172285
"SNP_A-4196823"	11	55912857	0.526279
"SNP_A-2117350"	11	55913335	0.14515
"SNP_A-2072051"	11	55916546	-0.068816
"SNP_A-2074538"	11	55918416	0.242121
"SNP_A-2279578"	11	55922874	0.538635
"SNP_A-1950873"	11	55931434	0.210997
"SNP_A-2285384"	11	55977651	0.598817
"SNP_A-1846313"	11	55977835	0.453054
"SNP_A-2011152"	11	55996534	0.209559
"SNP_A-2234370"	11	56004712	0.081298
"SNP_A-4215078"	11	56004767	0.065044
"SNP_A-2052578"	11	56006283	-0.05466
"SNP_A-4215079"	11	56007810	0.38004
"SNP_A-2270778"	11	56013440	0.101515
"SNP_A-4239557"	11	56018126	0.125055
"SNP_A-1839959"	11	56028414	0.229865
"SNP_A-1855829"	11	56047485	-0.014832
"SNP_A-2132685"	11	56050520	0.21655
"SNP_A-1877118"	11	56050851	0.143533
"SNP_A-1909331"	11	56055687	-0.187962
"SNP_A-1837865"	11	56057460	0.257373
"SNP_A-1910830"	11	56057677	0.166018
"SNP_A-4205400"	11	56063415	-0.147724
"SNP_A-1919699"	11	56066472	-1.354806
"SNP_A-2119473"	11	56070465	0.144148
"SNP_A-1812734"	11	56070539	0.236538
"SNP_A-2244775"	11	56070658	0.211386
"SNP_A-1873351"	11	56104212	0.058596
"SNP_A-2011167"	11	56128209	0.007275
"SNP_A-1852748"	11	56134448	-0.192452
"SNP_A-4230898"	11	56145930	0.201285
"SNP_A-2174183"	11	56170138	0.095804
"SNP_A-1845441"	11	56170701	0.068704
"SNP_A-2011173"	11	56177773	0.437439
"SNP_A-4195069"	11	56219169	0.121303
"SNP_A-1806892"	11	56227770	-0.053972
"SNP_A-1947557"	11	56257951	0.042507
"SNP_A-1787218"	11	56265052	0.324832
"SNP_A-2205762"	11	56265180	0.207968
"SNP_A-2276313"	11	56273685	0.729206
"SNP_A-2271067"	11	56273717	-0.013046
"SNP_A-4204256"	11	56286851	0.666328
"SNP_A-2198486"	11	56297791	0.25299
"SNP_A-2271312"	11	56298572	0.261094
"SNP_A-2141872"	11	56312801	-0.231816
"SNP_A-2261287"	11	56333996	0.017187
"SNP_A-1887907"	11	56339353	-0.259117
"SNP_A-1804353"	11	56340109	0.073126
"SNP_A-1930792"	11	56340128	-0.005916
"SNP_A-4205438"	11	56340225	0.693553
"SNP_A-1949633"	11	56350186	0.076025
"SNP_A-2011193"	11	56379293	0.251923
"SNP_A-1817599"	11	56400162	0.36501
"SNP_A-2152495"	11	56407525	0.116172
"SNP_A-2107757"	11	56418815	0.179737
"SNP_A-2011194"	11	56422765	0.204774
"SNP_A-2080414"	11	56423869	0.148111
"SNP_A-2139255"	11	56424204	0.07696
"SNP_A-4215084"	11	56426406	0.429502
"SNP_A-4215085"	11	56426689	0.082639
"SNP_A-2123437"	11	56427386	0.062781
"SNP_A-2048454"	11	56438326	-0.636235
"SNP_A-2129841"	11	56440326	0.267051
"SNP_A-2259356"	11	56451268	-0.157841
"SNP_A-2258941"	11	56451294	0.307034
"SNP_A-2011200"	11	56460924	0.224164
"SNP_A-1807686"	11	56481201	0.179609
"SNP_A-2011203"	11	56495254	0.215394
"SNP_A-2090336"	11	56530836	0.095988
"SNP_A-4227461"	11	56554576	0.089167
"SNP_A-2262512"	11	56555317	-0.029652
"SNP_A-4193444"	11	56568493	0.110854
"SNP_A-2123647"	11	56573873	0.154066
"SNP_A-2151956"	11	56593862	0.461214
"SNP_A-1881754"	11	56598195	0.181054
"SNP_A-2011206"	11	56613692	0.290808
"SNP_A-4215088"	11	56614019	-0.052999
"SNP_A-2011207"	11	56621831	0.167784
"SNP_A-4215089"	11	56621992	0.067999
"SNP_A-2178276"	11	56623652	0.121549
"SNP_A-2223566"	11	56623756	-0.038792
"SNP_A-2269242"	11	56625962	0.099054
"SNP_A-2218945"	11	56626244	0.202527
"SNP_A-4197180"	11	56633824	0.19795
"SNP_A-2302402"	11	56634066	0.267037
"SNP_A-2313091"	11	56634575	0.100465
"SNP_A-2060354"	11	56650176	0.062162
"SNP_A-2122760"	11	56655592	0.094138
"SNP_A-2205617"	11	56659951	0.102377
"SNP_A-2011213"	11	56661542	-0.093335
"SNP_A-1822844"	11	56662553	-0.194264
"SNP_A-2230191"	11	56679765	0.512417
"SNP_A-2031527"	11	56681597	-0.094724
"SNP_A-2011217"	11	56685349	-0.005707
"SNP_A-1833345"	11	56685561	-0.166697
"SNP_A-2281299"	11	56685585	0.111592
"SNP_A-2254951"	11	56687045	0.245558
"SNP_A-2247269"	11	56687288	-0.23149
"SNP_A-2148384"	11	56690415	-0.27983
"SNP_A-4198824"	11	56706794	0.046573
"SNP_A-2106047"	11	56706840	0.086877
"SNP_A-1799804"	11	56725535	0.232561
"SNP_A-1941972"	11	56734205	0.059597
"SNP_A-2293959"	11	56745027	0.083385
"SNP_A-2282402"	11	56745093	0.622017
"SNP_A-1881449"	11	56774133	-0.182376
"SNP_A-2113974"	11	56779548	0.156507
"SNP_A-2089858"	11	56791325	-0.325263
"SNP_A-2011231"	11	56797296	-0.066373
"SNP_A-2114551"	11	56802859	0.172865
"SNP_A-2232475"	11	56805802	0.160771
"SNP_A-2152684"	11	56810681	0.630763
"SNP_A-4201470"	11	56812626	0.172889
"SNP_A-2011233"	11	56813428	-0.111707
"SNP_A-2030210"	11	56856927	0.285245
"SNP_A-2127720"	11	56876623	-0.218917
"SNP_A-2055713"	11	56903055	-0.013366
"SNP_A-4223485"	11	56904169	0.039177
"SNP_A-2011237"	11	56906588	-0.18793
"SNP_A-1829658"	11	56910093	0.454258
"SNP_A-4236379"	11	56910524	-0.150422
"SNP_A-2189386"	11	56919292	0.260367
"SNP_A-2068072"	11	56920856	-0.004145
"SNP_A-2106661"	11	56924023	0.360515
"SNP_A-1948247"	11	56925282	-0.185889
"SNP_A-1927182"	11	56932687	-0.111667
"SNP_A-2170239"	11	56939672	0.411536
"SNP_A-4224628"	11	56952799	0.216608
"SNP_A-1802565"	11	56963653	-0.139087
"SNP_A-2222747"	11	56964023	0.135777
"SNP_A-2298234"	11	56965044	0.341616
"SNP_A-1881794"	11	57100735	0.321923
"SNP_A-2062344"	11	57101337	0.170254
"SNP_A-2203717"	11	57109138	0.070795
"SNP_A-1844239"	11	57113881	0.277679
"SNP_A-2223346"	11	57237199	-0.067689
"SNP_A-2143344"	11	57305457	0.256428
"SNP_A-1960268"	11	57317028	-0.018941
"SNP_A-1837267"	11	57350416	0.214591
"SNP_A-2199200"	11	57353641	-0.249336
"SNP_A-1790449"	11	57353850	-0.065799
"SNP_A-2100704"	11	57359045	0.265337
"SNP_A-2152598"	11	57359888	0.199983
"SNP_A-2230500"	11	57380391	-0.010752
"SNP_A-1896129"	11	57465060	-0.379702
"SNP_A-2069377"	11	57540883	0.450422
"SNP_A-2286321"	11	57542593	-0.090304
"SNP_A-2237258"	11	57542647	0.257502
"SNP_A-2288697"	11	57564541	-0.028639
"SNP_A-1867135"	11	57564804	-0.040483
"SNP_A-2155896"	11	57579156	0.154279
"SNP_A-1806224"	11	57592084	0.155657
"SNP_A-1813764"	11	57601897	-0.006148
"SNP_A-4216062"	11	57603286	-0.127033
"SNP_A-2139800"	11	57611307	0.505711
"SNP_A-4216305"	11	57616314	-0.038783
"SNP_A-2234699"	11	57619992	0.30513
"SNP_A-2186742"	11	57626964	-0.174094
"SNP_A-4193203"	11	57627458	0.532196
"SNP_A-1948346"	11	57628442	-0.046446
"SNP_A-1911940"	11	57628766	-0.175948
"SNP_A-4228374"	11	57641505	0.153837
"SNP_A-4228039"	11	57657559	0.140768
"SNP_A-2191182"	11	57662037	0.281983
"SNP_A-2066385"	11	57671248	0.529909
"SNP_A-2011259"	11	57675268	0.595512
"SNP_A-2011260"	11	57675726	-0.280608
"SNP_A-2172321"	11	57690523	-0.056507
"SNP_A-2236641"	11	57690666	0.252068
"SNP_A-2036253"	11	57699904	0.165866
"SNP_A-1930516"	11	57701308	-0.102024
"SNP_A-4197597"	11	57701994	0.106512
"SNP_A-4215095"	11	57713408	0.130476
"SNP_A-4215096"	11	57713598	-0.082367
"SNP_A-4215097"	11	57725262	-0.080579
"SNP_A-4230718"	11	57751531	0.739361
"SNP_A-2075987"	11	57758417	0.086267
"SNP_A-1908965"	11	57771695	-0.139213
"SNP_A-1807042"	11	57772107	-0.169974
"SNP_A-2063378"	11	57772714	0.135781
"SNP_A-4238218"	11	57781304	0.398042
"SNP_A-1800767"	11	57783914	-0.039597
"SNP_A-4215098"	11	57797237	-0.000764
"SNP_A-1886005"	11	57812866	-0.253285
"SNP_A-1847320"	11	57813314	-0.173155
"SNP_A-2263507"	11	57819742	0.247884
"SNP_A-2234955"	11	57826280	-0.449309
"SNP_A-4228504"	11	57838246	-0.021243
"SNP_A-2280296"	11	57842774	0.337838
"SNP_A-4218829"	11	57868089	0.200455
"SNP_A-1948960"	11	57875190	-0.143767
"SNP_A-2128041"	11	57882881	-0.184583
"SNP_A-2205336"	11	57888246	-0.373514
"SNP_A-2134848"	11	57897647	0.358695
"SNP_A-1924319"	11	57897694	0.242243
"SNP_A-1876490"	11	57907372	0.249959
"SNP_A-4220768"	11	57907518	0.044486
"SNP_A-2249084"	11	57911077	0.074902
"SNP_A-2208841"	11	57913043	-0.089062
"SNP_A-1802463"	11	57915752	-0.114497
"SNP_A-2145430"	11	57916022	-0.167308
"SNP_A-2022978"	11	57925091	-0.575678
"SNP_A-1813373"	11	57925115	-0.038758
"SNP_A-2074131"	11	57926113	0.013404
"SNP_A-4218551"	11	57926867	-0.156174
"SNP_A-1952756"	11	57926918	0.020021
"SNP_A-2103123"	11	57932828	-0.321357
"SNP_A-1924235"	11	57935163	0.093019
"SNP_A-1956452"	11	57941912	0.187404
"SNP_A-1863105"	11	57950127	0.353265
"SNP_A-2047259"	11	58012299	-0.308825
"SNP_A-2045767"	11	58012339	-0.035937
"SNP_A-2308497"	11	58022525	0.282643
"SNP_A-2077657"	11	58071116	0.240337
"SNP_A-1842870"	11	58083371	-0.019321
"SNP_A-1815361"	11	58104341	0.572596
"SNP_A-2124896"	11	58161043	0.132833
"SNP_A-2103707"	11	58161309	-0.176677
"SNP_A-2306079"	11	58163341	-0.45196
"SNP_A-2296679"	11	58163649	0.097472
"SNP_A-2207234"	11	58164465	-0.376707
"SNP_A-2184070"	11	58165263	-0.209786
"SNP_A-1873022"	11	58165859	0.428969
"SNP_A-2011286"	11	58172052	-0.060838
"SNP_A-2272106"	11	58172084	0.174666
"SNP_A-4220178"	11	58173418	-0.044846
"SNP_A-2262850"	11	58271739	-0.03408
"SNP_A-2034429"	11	58290635	-0.159896
"SNP_A-2199116"	11	58290833	0.018168
"SNP_A-4192642"	11	58318994	0.308599
"SNP_A-4198550"	11	58319222	-0.318238
"SNP_A-1899438"	11	58375642	-0.05935
"SNP_A-2011306"	11	58375953	0.120599
"SNP_A-2011308"	11	58376174	-0.084003
"SNP_A-2011309"	11	58376529	0.353684
"SNP_A-1888988"	11	58385372	0.099119
"SNP_A-4202271"	11	58401674	0.12732
"SNP_A-2085332"	11	58409723	-0.042567
"SNP_A-2011312"	11	58425997	0.094054
"SNP_A-1875111"	11	58426467	-0.128255
"SNP_A-2118449"	11	58434963	0.174361
"SNP_A-1861963"	11	58441710	0.001473
"SNP_A-1838365"	11	58442183	0.167788
"SNP_A-1789006"	11	58444203	-0.069151
"SNP_A-2214515"	11	58460808	0.01981
"SNP_A-4226079"	11	58468640	-0.104422
"SNP_A-2011315"	11	58475626	-0.119915
"SNP_A-2011320"	11	58480552	0.021717
"SNP_A-2101675"	11	58519323	0.297746
"SNP_A-2259566"	11	58519425	-0.050047
"SNP_A-2253535"	11	58529200	-0.145352
"SNP_A-4193623"	11	58532774	0.281384
"SNP_A-1893273"	11	58535219	0.063857
"SNP_A-4194407"	11	58560750	0.377708
"SNP_A-2026042"	11	58597178	0.238376
"SNP_A-1950615"	11	58602767	-0.32673
"SNP_A-2096469"	11	58603752	0.263368
"SNP_A-2030573"	11	58610745	0.199055
"SNP_A-2198593"	11	58647868	0.063259
"SNP_A-4205202"	11	58662121	0.441982
"SNP_A-2142191"	11	58662594	0.283724
"SNP_A-4234372"	11	58662689	0.283056
"SNP_A-2208096"	11	58682436	0.178537
"SNP_A-1783767"	11	58694659	0.367738
"SNP_A-4231656"	11	58700175	0.299304
"SNP_A-2171688"	11	58710351	0.060388
"SNP_A-4239040"	11	58753726	0.009718
"SNP_A-2302682"	11	58771234	0.180038
"SNP_A-1796289"	11	58771325	-0.072468
"SNP_A-2160819"	11	58771545	0.12452
"SNP_A-2190459"	11	58776995	1.053808
"SNP_A-1946817"	11	58779244	0.46456
"SNP_A-4234805"	11	58789204	0.038866
"SNP_A-1950366"	11	58815755	0.112054
"SNP_A-2001971"	11	58847378	0.139466
"SNP_A-2308729"	11	58848003	0.174208
"SNP_A-2234594"	11	58886155	-0.042266
"SNP_A-2011333"	11	58895775	0.128171
"SNP_A-4219245"	11	58912981	0.012075
"SNP_A-2075344"	11	58940768	-0.266849
"SNP_A-2194445"	11	58946488	0.164937
"SNP_A-2138623"	11	58946696	0.069576
"SNP_A-1898664"	11	58947226	-0.011526
"SNP_A-2058544"	11	58947387	0.109806
"SNP_A-1845937"	11	58947816	0.108412
"SNP_A-4216625"	11	58961839	0.587509
"SNP_A-2291812"	11	58977455	0.04732
"SNP_A-2062789"	11	58977581	0.251715
"SNP_A-2026680"	11	58977666	0.17534
"SNP_A-4201634"	11	58979735	0.312309
"SNP_A-2250241"	11	58979964	0.21453
"SNP_A-2248697"	11	58989433	0.372665
"SNP_A-1901089"	11	58996334	0.315349
"SNP_A-2096893"	11	58996415	0.24862
"SNP_A-2001973"	11	58997050	-0.019784
"SNP_A-2144834"	11	59004826	0.216492
"SNP_A-4198211"	11	59048508	0.13348
"SNP_A-1790182"	11	59085889	-0.2361
"SNP_A-4219990"	11	59104974	0.401256
"SNP_A-2130240"	11	59105863	0.004579
"SNP_A-4229032"	11	59127525	0.078026
"SNP_A-1820344"	11	59173747	0.000529
"SNP_A-4222035"	11	59184221	0.514034
"SNP_A-2041944"	11	59186230	-0.347878
"SNP_A-2001974"	11	59217275	-0.209335
"SNP_A-2089253"	11	59224903	0.168028
"SNP_A-1919816"	11	59225126	0.089984
"SNP_A-2141974"	11	59243057	0.367194
"SNP_A-1852976"	11	59243110	0.550485
"SNP_A-2222846"	11	59248249	0.095344
"SNP_A-2189635"	11	59257658	0.024481
"SNP_A-2011357"	11	59266731	-0.365803
"SNP_A-4226233"	11	59275971	0.053282
"SNP_A-4226522"	11	59275986	-0.048767
"SNP_A-1784898"	11	59288303	0.423497
"SNP_A-1958788"	11	59288339	0.175595
"SNP_A-2070382"	11	59290936	0.047097
"SNP_A-2126083"	11	59292478	-0.147288
"SNP_A-2168440"	11	59292638	-0.000778
"SNP_A-2113751"	11	59292755	0.18402
"SNP_A-1825683"	11	59307110	0.368093
"SNP_A-2011365"	11	59307307	0.180717
"SNP_A-2198972"	11	59315463	0.143663
"SNP_A-1813467"	11	59321925	0.060389
"SNP_A-2283394"	11	59327630	0.111837
"SNP_A-1855124"	11	59330533	0.010647
"SNP_A-1894274"	11	59390069	-0.045314
"SNP_A-4220439"	11	59421239	0.148916
"SNP_A-2176935"	11	59444348	0.387522
"SNP_A-4232445"	11	59502269	0.316636
"SNP_A-1832896"	11	59511507	-0.694575
"SNP_A-1867131"	11	59524197	-0.086025
"SNP_A-2011378"	11	59526018	0.362869
"SNP_A-2143783"	11	59534650	0.187082
"SNP_A-2131379"	11	59535439	0.591191
"SNP_A-1933545"	11	59550288	0.025848
"SNP_A-4236095"	11	59550628	0.411337
"SNP_A-2288846"	11	59551250	0.411525
"SNP_A-2100313"	11	59553661	0.317829
"SNP_A-2295280"	11	59553837	-0.03336
"SNP_A-1844657"	11	59554044	0.070924
"SNP_A-2111833"	11	59558458	-0.098111
"SNP_A-2113804"	11	59563222	0.042805
"SNP_A-2220131"	11	59582691	0.470823
"SNP_A-2001975"	11	59583253	-0.269488
"SNP_A-1858146"	11	59586254	-0.006075
"SNP_A-1790245"	11	59586317	0.245431
"SNP_A-2213894"	11	59586380	0.065562
"SNP_A-1919827"	11	59589699	0.254996
"SNP_A-2124082"	11	59602405	0.026465
"SNP_A-4230136"	11	59602611	0.665963
"SNP_A-2011389"	11	59608654	-0.702182
"SNP_A-2011390"	11	59608689	-0.4738
"SNP_A-2272393"	11	59609172	0.388017
"SNP_A-1898269"	11	59612059	-0.01333
"SNP_A-2166100"	11	59616152	-0.343258
"SNP_A-4232210"	11	59632028	-0.139884
"SNP_A-2186134"	11	59632053	-0.039682
"SNP_A-1807112"	11	59634426	0.080854
"SNP_A-4204784"	11	59634553	0.548274
"SNP_A-2046017"	11	59644998	0.397967
"SNP_A-2069153"	11	59645277	0.174628
"SNP_A-2011392"	11	59646711	-0.009284
"SNP_A-2097544"	11	59647250	-0.462146
"SNP_A-2011393"	11	59647664	0.389374
"SNP_A-2258670"	11	59650182	-0.067771
"SNP_A-1943854"	11	59676807	0.056519
"SNP_A-2143975"	11	59704950	-0.291111
"SNP_A-2091313"	11	59706993	0.749455
"SNP_A-4224838"	11	59717720	-0.155559
"SNP_A-2138596"	11	59722301	0.594292
"SNP_A-2151965"	11	59724045	0.085905
"SNP_A-2042032"	11	59740391	0.045986
"SNP_A-2191922"	11	59744211	-0.134847
"SNP_A-1784325"	11	59744929	0.061088
"SNP_A-4215105"	11	59758149	0.325333
"SNP_A-1821034"	11	59763277	-0.283218
"SNP_A-4226821"	11	59763330	-0.042246
"SNP_A-4194766"	11	59763341	0.533586
"SNP_A-2057179"	11	59770433	0.038807
"SNP_A-1818476"	11	59778524	-0.415082
"SNP_A-4224518"	11	59784635	0.332561
"SNP_A-2062568"	11	59784718	-0.097411
"SNP_A-4194693"	11	59787033	0.283895
"SNP_A-2049510"	11	59799549	0.47679
"SNP_A-4220933"	11	59816386	0.081037
"SNP_A-2128293"	11	59833164	0.039861
"SNP_A-1846121"	11	59833336	0.476572
"SNP_A-1821872"	11	59841041	0.195856
"SNP_A-2046432"	11	59842066	0.176124
"SNP_A-2150127"	11	59848025	0.138448
"SNP_A-2102667"	11	59848956	0.314798
"SNP_A-2136154"	11	59849226	0.278396
"SNP_A-2160647"	11	59856386	0.070875
"SNP_A-1791614"	11	59856470	0.347369
"SNP_A-2173035"	11	59857005	0.353361
"SNP_A-2227068"	11	59857140	0.438601
"SNP_A-1925781"	11	59857157	0.54267
"SNP_A-4227150"	11	59858960	-0.073577
"SNP_A-2260408"	11	59863681	0.075708
"SNP_A-4233124"	11	59864323	0.136872
"SNP_A-2270741"	11	59909107	0.286647
"SNP_A-2011419"	11	59909139	0.440549
"SNP_A-2011420"	11	59909160	0.472213
"SNP_A-1915455"	11	59920211	0.130564
"SNP_A-2011421"	11	59920780	-0.031614
"SNP_A-4215108"	11	59921103	0.103065
"SNP_A-4194909"	11	59930826	-0.251129
"SNP_A-4237645"	11	59942605	0.243417
"SNP_A-1814419"	11	59949767	0.300254
"SNP_A-1851332"	11	59951057	0.207215
"SNP_A-2073323"	11	59955622	-0.163129
"SNP_A-2123487"	11	59979459	0.256481
"SNP_A-1805311"	11	59992848	0.212541
"SNP_A-2231169"	11	59994981	-0.534646
"SNP_A-2011431"	11	60004501	0.479258
"SNP_A-2206871"	11	60007978	0.065892
"SNP_A-2047242"	11	60009517	0.327056
"SNP_A-2201056"	11	60020879	0.13083
"SNP_A-2276706"	11	60054544	0.166869
"SNP_A-2085848"	11	60090142	0.271707
"SNP_A-4193812"	11	60113600	0.161303
"SNP_A-4235119"	11	60118192	-0.041006
"SNP_A-1929943"	11	60120537	0.121134
"SNP_A-2143809"	11	60123089	0.105912
"SNP_A-1911386"	11	60123216	1.248661
"SNP_A-2188636"	11	60123247	0.633948
"SNP_A-1827970"	11	60123761	0.452217
"SNP_A-2129346"	11	60124235	0.717675
"SNP_A-4238250"	11	60129700	0.592792
"SNP_A-1842664"	11	60130016	0.042856
"SNP_A-2307266"	11	60151046	0.117738
"SNP_A-4195354"	11	60151786	0.286848
"SNP_A-1884421"	11	60173937	0.156949
"SNP_A-2076285"	11	60222063	0.379852
"SNP_A-1785475"	11	60222990	0.474012
"SNP_A-1789702"	11	60282828	0.146633
"SNP_A-2208053"	11	60284738	0.237248
"SNP_A-4215111"	11	60285833	0.442951
"SNP_A-1784391"	11	60343715	0.510244
"SNP_A-4215112"	11	60348852	0.329718
"SNP_A-1862746"	11	60360223	0.073465
"SNP_A-2274211"	11	60365230	-0.088416
"SNP_A-1915653"	11	60384159	0.010187
"SNP_A-2277605"	11	60405309	0.135362
"SNP_A-1932102"	11	60434481	-0.127824
"SNP_A-2303696"	11	60453714	0.211545
"SNP_A-2299731"	11	60467559	0.062466
"SNP_A-1889358"	11	60479783	0.128039
"SNP_A-4206843"	11	60513164	0.151591
"SNP_A-2301732"	11	60519150	0.599738
"SNP_A-2313198"	11	60521763	0.347198
"SNP_A-2183678"	11	60522129	0.725613
"SNP_A-2148612"	11	60539684	0.235336
"SNP_A-4231762"	11	60556677	0.051538
"SNP_A-2183402"	11	60567333	-0.169668
"SNP_A-2011465"	11	60570507	0.346401
"SNP_A-2099441"	11	60596154	0.232509
"SNP_A-2162496"	11	60598810	-0.065267
"SNP_A-4235345"	11	60599911	0.139329
"SNP_A-2107120"	11	60667167	0.047305
"SNP_A-4221594"	11	60667194	-0.003013
"SNP_A-2199924"	11	60709004	0.273535
"SNP_A-2053355"	11	60709290	0.009114
"SNP_A-4226901"	11	60772098	0.259168
"SNP_A-1792107"	11	60778731	0.326771
"SNP_A-1921782"	11	60943397	0.063526
"SNP_A-2196731"	11	60948930	-0.013838
"SNP_A-2105897"	11	60963374	0.098154
"SNP_A-1866984"	11	60963886	0.13238
"SNP_A-2204792"	11	61010417	0.289402
"SNP_A-1790027"	11	61043268	-0.015709
"SNP_A-2298841"	11	61099233	0.239763
"SNP_A-1902695"	11	61151075	0.201312
"SNP_A-2133800"	11	61195110	-0.044882
"SNP_A-2286260"	11	61237872	0.075355
"SNP_A-1917283"	11	61327359	-0.106306
"SNP_A-1906817"	11	61327924	0.216567
"SNP_A-1791027"	11	61327958	-0.178354
"SNP_A-2166889"	11	61383497	0.029333
"SNP_A-2223997"	11	61426522	0.315563
"SNP_A-4224688"	11	61444250	0.244684
"SNP_A-2149524"	11	61455064	0.161705
"SNP_A-1961552"	11	61461783	0.383951
"SNP_A-4234975"	11	61504642	-0.098777
"SNP_A-2030106"	11	61504845	-0.385351
"SNP_A-2175263"	11	61505378	-0.063629
"SNP_A-1878040"	11	61526164	0.424892
"SNP_A-1932640"	11	61541462	0.249949
"SNP_A-2227589"	11	61581997	0.261491
"SNP_A-1795073"	11	61591999	0.056903
"SNP_A-2138963"	11	61632187	0.018945
"SNP_A-2205766"	11	61655137	0.100203
"SNP_A-4234858"	11	61655332	-0.283822
"SNP_A-2110135"	11	61655435	-0.032517
"SNP_A-2011530"	11	61731675	-0.05254
"SNP_A-1854390"	11	61732257	0.097219
"SNP_A-1800264"	11	61732331	0.375246
"SNP_A-2198943"	11	61755113	0.392356
"SNP_A-2260089"	11	61761131	0.389289
"SNP_A-1785942"	11	61767439	0.289575
"SNP_A-1931122"	11	61773341	0.378243
"SNP_A-2247278"	11	61773470	0.10276
"SNP_A-2001982"	11	61795977	0.289783
"SNP_A-4215118"	11	61840106	0.452844
"SNP_A-4236571"	11	61840118	0.28189
"SNP_A-2185031"	11	61840484	0.094266
"SNP_A-2190789"	11	61841398	0.172904
"SNP_A-4203891"	11	61851638	0.08759
"SNP_A-1878304"	11	61911688	-0.193006
"SNP_A-2067625"	11	61922811	0.143135
"SNP_A-2241391"	11	61955277	-0.034059
"SNP_A-2104520"	11	61956393	-0.087802
"SNP_A-2247321"	11	61957707	0.199823
"SNP_A-4203251"	11	61993893	0.243749
"SNP_A-2165558"	11	62003172	0.282642
"SNP_A-2079458"	11	62011870	-0.409804
"SNP_A-1816852"	11	62027260	0.039575
"SNP_A-2129501"	11	62084614	0.225767
"SNP_A-1872093"	11	62093779	0.442697
"SNP_A-2106575"	11	62120435	0.264734
"SNP_A-1814141"	11	62127103	-0.097511
"SNP_A-1924093"	11	62246795	-0.229351
"SNP_A-4223684"	11	62250162	-0.009046
"SNP_A-4229192"	11	62250176	0.197772
"SNP_A-1861794"	11	62262340	0.402565
"SNP_A-2168108"	11	62360492	0.845321
"SNP_A-2273652"	11	62478226	0.205493
"SNP_A-2289846"	11	62478243	0.358802
"SNP_A-1899399"	11	62527964	0.351166
"SNP_A-2033997"	11	62560101	0.037929
"SNP_A-4239511"	11	62594645	0.019029
"SNP_A-2011567"	11	62605274	0.053575
"SNP_A-4228368"	11	62615249	0.034695
"SNP_A-2128273"	11	62620900	0.21552
"SNP_A-2059072"	11	62620961	0.098655
"SNP_A-2011571"	11	62640257	0.103859
"SNP_A-2292165"	11	62646376	-0.290683
"SNP_A-2032780"	11	62669361	0.214707
"SNP_A-2206904"	11	62670428	0.020402
"SNP_A-1834759"	11	62674829	0.756916
"SNP_A-4230307"	11	62699376	0.224717
"SNP_A-2011576"	11	62706004	0.215341
"SNP_A-2011577"	11	62706153	0.460796
"SNP_A-1939678"	11	62716680	-0.354506
"SNP_A-2294131"	11	62742722	0.037589
"SNP_A-2070906"	11	62761789	0.302338
"SNP_A-1858446"	11	62770983	0.14009
"SNP_A-2130139"	11	62798892	0.193608
"SNP_A-2297077"	11	62806794	0.283634
"SNP_A-2011590"	11	62825185	-0.256215
"SNP_A-2249487"	11	62826291	0.129245
"SNP_A-2160912"	11	62827880	0.338602
"SNP_A-4229855"	11	62828492	0.0802
"SNP_A-1938157"	11	62835562	0.161439
"SNP_A-2001986"	11	62856969	0.392591
"SNP_A-2142452"	11	62876042	0.395896
"SNP_A-2284027"	11	62876062	0.179997
"SNP_A-1794128"	11	62895058	0.108761
"SNP_A-1835083"	11	62933378	-0.079835
"SNP_A-2051744"	11	62938333	-0.274154
"SNP_A-2027466"	11	62938358	0.552031
"SNP_A-1931724"	11	62942205	-0.033435
"SNP_A-1883843"	11	62966674	0.020894
"SNP_A-1800478"	11	63034906	0.045829
"SNP_A-2170311"	11	63035415	-0.136556
"SNP_A-2121757"	11	63036328	0.457188
"SNP_A-2114330"	11	63123634	0.349361
"SNP_A-4199148"	11	63130047	0.065458
"SNP_A-2199164"	11	63261225	0.095917
"SNP_A-4206047"	11	63270497	-0.00856
"SNP_A-1954134"	11	63466592	0.339017
"SNP_A-2078242"	11	63480521	0.02912
"SNP_A-1782479"	11	63515717	0.100623
"SNP_A-4232719"	11	63620787	-0.037288
"SNP_A-2266859"	11	63631519	-0.043453
"SNP_A-1877033"	11	63632032	0.418552
"SNP_A-2204129"	11	63645869	0.251446
"SNP_A-1781210"	11	63667873	0.043519
"SNP_A-1867026"	11	63676628	-0.066875
"SNP_A-2238351"	11	63680778	-0.294823
"SNP_A-4216621"	11	63694525	0.251443
"SNP_A-2314396"	11	63700946	0.053505
"SNP_A-2237630"	11	63954613	0.474155
"SNP_A-2284848"	11	63956955	0.286532
"SNP_A-4202551"	11	63958215	0.156938
"SNP_A-4215126"	11	63959003	-0.110111
"SNP_A-4215127"	11	63959305	-0.197457
"SNP_A-1860250"	11	64017678	-0.180036
"SNP_A-4234771"	11	64047031	0.143719
"SNP_A-4205203"	11	64047043	0.168329
"SNP_A-4194433"	11	64066226	0.180973
"SNP_A-2251068"	11	64113488	-0.157274
"SNP_A-4232140"	11	64113505	-0.017953
"SNP_A-1858755"	11	64171622	-0.078038
"SNP_A-2252373"	11	64195803	-0.40606
"SNP_A-1783038"	11	64286510	0.334335
"SNP_A-1911987"	11	64297129	0.003224
"SNP_A-4215130"	11	64341535	0.257526
"SNP_A-2297364"	11	64341563	0.277477
"SNP_A-2183905"	11	64596273	0.035891
"SNP_A-1794027"	11	64605528	0.138233
"SNP_A-2187661"	11	64653308	0.051116
"SNP_A-4228499"	11	64661484	0.334029
"SNP_A-4233450"	11	64692327	0.029515
"SNP_A-2001994"	11	64697995	0.283734
"SNP_A-2121962"	11	64758255	0.131653
"SNP_A-4202046"	11	64845074	-0.112862
"SNP_A-2001995"	11	64862969	0.131021
"SNP_A-4230781"	11	64891989	0.651943
"SNP_A-1954063"	11	64896785	0.151008
"SNP_A-2035813"	11	64937459	-0.174142
"SNP_A-1863452"	11	64977325	-0.208479
"SNP_A-2037929"	11	65217533	0.098456
"SNP_A-2218731"	11	65232196	0.18023
"SNP_A-4205849"	11	65232392	0.085305
"SNP_A-2035322"	11	65294132	0.087259
"SNP_A-2068146"	11	65351396	0.39053
"SNP_A-2233101"	11	65351703	0.006979
"SNP_A-2145763"	11	65380315	0.174799
"SNP_A-1875050"	11	65430729	-0.240687
"SNP_A-2050546"	11	65440494	-0.081224
"SNP_A-2127840"	11	65446782	-0.010295
"SNP_A-1901767"	11	65449336	-0.060098
"SNP_A-2144707"	11	65544648	0.361064
"SNP_A-4240433"	11	65562466	0.286421
"SNP_A-2114419"	11	65569185	-0.193131
"SNP_A-2184503"	11	65590916	-0.416254
"SNP_A-2083203"	11	65602213	-0.412689
"SNP_A-2011723"	11	65605832	0.432747
"SNP_A-4206606"	11	65612254	0.095186
"SNP_A-1891866"	11	65636930	0.143638
"SNP_A-2011725"	11	65639314	0.050727
"SNP_A-2197233"	11	65642035	0.159459
"SNP_A-1942115"	11	65642148	-0.010044
"SNP_A-2171883"	11	65655207	-0.494417
"SNP_A-2254255"	11	65673660	0.117258
"SNP_A-1794733"	11	65684183	-0.012393
"SNP_A-4215134"	11	65706250	0.281203
"SNP_A-2011734"	11	65750255	-0.197388
"SNP_A-2253724"	11	65823569	0.021134
"SNP_A-1904228"	11	65867827	0.25098
"SNP_A-2161601"	11	65875252	0.126479
"SNP_A-2120607"	11	65885367	0.12481
"SNP_A-2189580"	11	65983760	-0.086005
"SNP_A-2303942"	11	66089648	0.543844
"SNP_A-1841388"	11	66164609	0.329674
"SNP_A-2167037"	11	66164647	0.47622
"SNP_A-2170718"	11	66318824	0.057298
"SNP_A-2150095"	11	66406188	0.111451
"SNP_A-4221565"	11	66442852	0.109976
"SNP_A-1797549"	11	66476057	0.088058
"SNP_A-1843103"	11	66477604	-0.066943
"SNP_A-1854547"	11	66560671	0.027779
"SNP_A-1835191"	11	66589104	0.507637
"SNP_A-2132240"	11	66675854	0.497755
"SNP_A-4200028"	11	66695329	-0.131618
"SNP_A-1923364"	11	66715862	-0.156094
"SNP_A-2270740"	11	66917537	0.763187
"SNP_A-2195455"	11	67014132	0.190265
"SNP_A-1918537"	11	67106475	-0.261446
"SNP_A-1812225"	11	67133439	0.252786
"SNP_A-1790907"	11	67151471	0.151046
"SNP_A-4220082"	11	67180468	0.067322
"SNP_A-2002003"	11	67220113	0.149864
"SNP_A-2314537"	11	67223095	0.122941
"SNP_A-2143616"	11	67259252	0.231667
"SNP_A-4206061"	11	67275623	-0.454144
"SNP_A-1824885"	11	67347957	0.194357
"SNP_A-1866287"	11	67383143	-0.040072
"SNP_A-2011794"	11	67488532	-0.590052
"SNP_A-2188279"	11	67556307	0.304511
"SNP_A-2078285"	11	67556502	0.199404
"SNP_A-2213595"	11	67577612	0.03143
"SNP_A-1813586"	11	67647865	0.363457
"SNP_A-1781521"	11	67685096	0.213619
"SNP_A-1948368"	11	67695424	-0.183092
"SNP_A-2042265"	11	67710160	0.967047
"SNP_A-1848531"	11	67716183	0.375067
"SNP_A-2078796"	11	67736086	-0.026639
"SNP_A-4196810"	11	67771326	-0.09988
"SNP_A-2090318"	11	67784680	0.512556
"SNP_A-1826517"	11	67794461	-0.147065
"SNP_A-1901536"	11	67813346	0.021698
"SNP_A-4193248"	11	67834242	-0.026735
"SNP_A-1934554"	11	67854402	-0.239474
"SNP_A-1894619"	11	67860878	0.182517
"SNP_A-4226096"	11	67865312	0.131542
"SNP_A-2086943"	11	67876553	0.064007
"SNP_A-2232578"	11	67957871	0.315064
"SNP_A-2189629"	11	67979650	-0.166389
"SNP_A-1880350"	11	68053777	0.336702
"SNP_A-1892610"	11	68082812	0.175955
"SNP_A-2011809"	11	68088291	0.010631
"SNP_A-2011812"	11	68107490	0.364455
"SNP_A-1894770"	11	68134178	0.253255
"SNP_A-2011814"	11	68136348	0.328458
"SNP_A-2159098"	11	68144560	-0.140223
"SNP_A-1819290"	11	68170614	0.032449
"SNP_A-2114872"	11	68190757	0.14591
"SNP_A-2093371"	11	68202457	0.428783
"SNP_A-1784963"	11	68202478	0.054901
"SNP_A-2222381"	11	68228055	0.268373
"SNP_A-1854116"	11	68228350	0.37121
"SNP_A-1800511"	11	68232587	0.20233
"SNP_A-2227276"	11	68238806	0.084993
"SNP_A-1891345"	11	68245876	0.188098
"SNP_A-1835360"	11	68256450	-0.109283
"SNP_A-1815297"	11	68304836	-0.110912
"SNP_A-2110749"	11	68305044	-0.25357
"SNP_A-4196392"	11	68312956	0.174867
"SNP_A-2023666"	11	68386858	-0.110576
"SNP_A-2271179"	11	68387450	-0.003214
"SNP_A-4229320"	11	68387816	0.432694
"SNP_A-2090027"	11	68423774	0.484201
"SNP_A-4224215"	11	68438978	-0.030756
"SNP_A-1807913"	11	68457000	-0.419305
"SNP_A-2167826"	11	68486121	-0.03596
"SNP_A-2082788"	11	68502259	-0.007567
"SNP_A-4220704"	11	68506116	0.168035
"SNP_A-1812911"	11	68542057	0.225265
"SNP_A-2166861"	11	68603581	0.004628
"SNP_A-2293872"	11	68612171	0.058933
"SNP_A-2205552"	11	68612530	0.25708
"SNP_A-1921189"	11	68614612	0.16194
"SNP_A-4220856"	11	68614666	-0.114519
"SNP_A-2121040"	11	68617448	0.295714
"SNP_A-1902270"	11	68619206	0.065597
"SNP_A-4197056"	11	68619900	0.314474
"SNP_A-1869248"	11	68620179	-0.111077
"SNP_A-2289541"	11	68642755	0.001498
"SNP_A-2299730"	11	68663146	0.583594
"SNP_A-1824703"	11	68667430	-0.358371
"SNP_A-1794302"	11	68671582	0.163573
"SNP_A-2287210"	11	68671621	0.084526
"SNP_A-2203445"	11	68672423	0.423286
"SNP_A-2050224"	11	68689475	0.005362
"SNP_A-2103003"	11	68716760	-0.469216
"SNP_A-2241153"	11	68723823	0.171176
"SNP_A-1919508"	11	68748325	-0.008492
"SNP_A-2196266"	11	68753085	0.171342
"SNP_A-1842461"	11	68767227	0.309426
"SNP_A-4221739"	11	68772447	-0.269955
"SNP_A-4221885"	11	68781886	-0.268585
"SNP_A-4226569"	11	68857006	0.227152
"SNP_A-4229086"	11	68911784	0.159169
"SNP_A-2281447"	11	68942652	0.200704
"SNP_A-2165770"	11	68950213	0.257584
"SNP_A-1833049"	11	68978397	0.150185
"SNP_A-2202384"	11	68978949	0.219265
"SNP_A-1840658"	11	68984613	0.147659
"SNP_A-2268576"	11	68985046	0.303022
"SNP_A-1862272"	11	69027699	0.063388
"SNP_A-2265270"	11	69034292	1.045941
"SNP_A-2002011"	11	69060902	0.217743
"SNP_A-2011843"	11	69061092	0.077757
"SNP_A-1952937"	11	69067744	0.087793
"SNP_A-2071933"	11	69092909	1.459132
"SNP_A-2038157"	11	69096143	0.375842
"SNP_A-1833002"	11	69108364	0.125212
"SNP_A-4241188"	11	69115451	-0.313405
"SNP_A-1814115"	11	69115806	0.33765
"SNP_A-2172095"	11	69143453	0.159289
"SNP_A-2154685"	11	69156094	-0.041069
"SNP_A-2207967"	11	69198344	-0.030645
"SNP_A-2081462"	11	69199527	0.241639
"SNP_A-4196217"	11	69213458	0.351362
"SNP_A-1886555"	11	69258982	0.202263
"SNP_A-1901357"	11	69262980	0.453957
"SNP_A-2145008"	11	69295251	0.597487
"SNP_A-2166385"	11	69305704	0.327579
"SNP_A-1794059"	11	69333047	0.172025
"SNP_A-2305187"	11	69338136	0.07141
"SNP_A-2142845"	11	69369210	0.334336
"SNP_A-1923860"	11	69378444	0.481786
"SNP_A-1884998"	11	69390999	-0.005255
"SNP_A-2294084"	11	69392754	0.052256
"SNP_A-4201579"	11	69393720	0.369881
"SNP_A-2225032"	11	69408709	0.047972
"SNP_A-2011868"	11	69483918	0.046261
"SNP_A-2011872"	11	69515071	0.211484
"SNP_A-2011873"	11	69515121	0.247752
"SNP_A-2122104"	11	69515299	0.051152
"SNP_A-1884962"	11	69515399	0.014538
"SNP_A-2274774"	11	69521535	0.201969
"SNP_A-2095004"	11	69521761	0.00287
"SNP_A-4231975"	11	69525792	-0.077985
"SNP_A-1815152"	11	69526358	-0.034043
"SNP_A-2171154"	11	69526973	0.089997
"SNP_A-1901501"	11	69527012	0.169855
"SNP_A-1870944"	11	69527082	0.280861
"SNP_A-1794034"	11	69560114	-0.077811
"SNP_A-2093805"	11	69566542	-0.295304
"SNP_A-1919965"	11	69567251	0.023117
"SNP_A-4196474"	11	69634313	-0.350413
"SNP_A-2292806"	11	69652959	0.450432
"SNP_A-1940793"	11	69658777	-0.162976
"SNP_A-4192671"	11	69673853	0.048287
"SNP_A-4201663"	11	69680534	0.012261
"SNP_A-2031754"	11	69705561	-0.00186
"SNP_A-2082606"	11	69713755	0.433545
"SNP_A-2041002"	11	69810428	-0.073442
"SNP_A-2273731"	11	69857933	-0.005878
"SNP_A-2145247"	11	69858241	0.359225
"SNP_A-2180189"	11	69878242	0.232988
"SNP_A-4241008"	11	69901479	-0.28602
"SNP_A-2300888"	11	69902247	0.213857
"SNP_A-4204125"	11	69919583	-0.073334
"SNP_A-4222635"	11	69944674	0.095482
"SNP_A-2217783"	11	69985448	-0.257085
"SNP_A-2062254"	11	70047836	0.244373
"SNP_A-1913089"	11	70074657	0.247287
"SNP_A-4241166"	11	70074717	0.458864
"SNP_A-1802814"	11	70108535	0.123793
"SNP_A-1896885"	11	70136496	-0.372175
"SNP_A-2293652"	11	70138399	0.473106
"SNP_A-4218832"	11	70157135	-0.039887
"SNP_A-2011890"	11	70174289	0.057686
"SNP_A-4236561"	11	70179648	0.140635
"SNP_A-1891797"	11	70242724	-0.319013
"SNP_A-2080115"	11	70244842	0.033207
"SNP_A-2046470"	11	70296631	0.113708
"SNP_A-1860673"	11	70304807	0.346969
"SNP_A-2078879"	11	70315307	0.141271
"SNP_A-4234723"	11	70317497	0.196229
"SNP_A-4199378"	11	70322533	-0.112094
"SNP_A-2011893"	11	70322842	-0.071853
"SNP_A-1893862"	11	70341866	0.416466
"SNP_A-2110327"	11	70342429	0.072041
"SNP_A-1845994"	11	70362788	-0.116957
"SNP_A-2223540"	11	70367626	0.047359
"SNP_A-2235647"	11	70382508	0.308425
"SNP_A-2296789"	11	70420489	0.139695
"SNP_A-1809463"	11	70427941	0.123222
"SNP_A-2078059"	11	70461503	0.039271
"SNP_A-1833574"	11	70464546	-0.158063
"SNP_A-2165350"	11	70464771	0.391733
"SNP_A-4226619"	11	70464861	-0.60567
"SNP_A-2029098"	11	70472913	-0.068786
"SNP_A-2089248"	11	70520424	0.145046
"SNP_A-1940464"	11	70524609	0.057456
"SNP_A-4197758"	11	70549636	0.477497
"SNP_A-2041419"	11	70568692	-0.140011
"SNP_A-2247098"	11	70569383	0.357869
"SNP_A-1846336"	11	70569712	-0.188827
"SNP_A-4241099"	11	70602019	-0.270713
"SNP_A-1781956"	11	70622126	0.205996
"SNP_A-2180731"	11	70653949	0.277504
"SNP_A-1811819"	11	70663065	-0.214729
"SNP_A-2041513"	11	70663371	0.462886
"SNP_A-1839102"	11	70663446	-0.320091
"SNP_A-2011907"	11	70697060	0.070406
"SNP_A-4233519"	11	70700738	-0.165278
"SNP_A-4223860"	11	70705640	0.050731
"SNP_A-1890113"	11	70706636	0.394616
"SNP_A-2053377"	11	70709687	-0.094074
"SNP_A-4197537"	11	70717451	0.456365
"SNP_A-4215153"	11	70727859	0.048108
"SNP_A-1789573"	11	70728329	-0.023513
"SNP_A-2241679"	11	70728576	0.058954
"SNP_A-2178905"	11	70728920	-0.012341
"SNP_A-2252505"	11	70729463	0.249441
"SNP_A-1926963"	11	70735559	0.071193
"SNP_A-1800866"	11	70739707	0.164362
"SNP_A-4199149"	11	70748750	0.030421
"SNP_A-1877334"	11	70766590	-0.418861
"SNP_A-2002018"	11	70766795	0.062508
"SNP_A-4214140"	11	70766858	0.426902
"SNP_A-4232707"	11	70779019	0.142153
"SNP_A-2274116"	11	70787795	-0.124724
"SNP_A-1867184"	11	70795111	0.131169
"SNP_A-4200301"	11	70810865	0.485342
"SNP_A-2217280"	11	70838711	0.053105
"SNP_A-1910893"	11	70857043	0.334251
"SNP_A-2174703"	11	70886523	0.163124
"SNP_A-2195938"	11	70887601	0.198416
"SNP_A-2265326"	11	70887671	0.654948
"SNP_A-1927753"	11	70887718	0.194849
"SNP_A-2178708"	11	70914411	0.039585
"SNP_A-1920894"	11	70924991	-0.227878
"SNP_A-4226375"	11	70956870	0.222376
"SNP_A-2170158"	11	70957961	0.231457
"SNP_A-2216840"	11	70959210	0.24249
"SNP_A-2065047"	11	70961873	-0.019318
"SNP_A-2292192"	11	70964187	0.105045
"SNP_A-2268493"	11	70964468	-0.010572
"SNP_A-4206057"	11	71170266	0.012906
"SNP_A-2304936"	11	71200966	0.349732
"SNP_A-4203671"	11	71205344	0.426818
"SNP_A-2011931"	11	71250854	-0.265264
"SNP_A-1823614"	11	71303737	0.044025
"SNP_A-2176720"	11	71304856	-0.169913
"SNP_A-2097067"	11	71318741	0.061044
"SNP_A-1850924"	11	71319906	-0.131675
"SNP_A-2219920"	11	71320172	0.405508
"SNP_A-2079561"	11	71321606	0.07645
"SNP_A-2199386"	11	71321981	-0.345466
"SNP_A-2110340"	11	71329173	0.197579
"SNP_A-2134057"	11	71354680	0.045295
"SNP_A-4197028"	11	71360879	-0.299674
"SNP_A-1843251"	11	71379015	0.188976
"SNP_A-1905866"	11	71379171	0.21217
"SNP_A-1940777"	11	71420383	0.196922
"SNP_A-2143504"	11	71436735	0.177211
"SNP_A-4227640"	11	71447584	0.337455
"SNP_A-4236447"	11	71447600	0.403245
"SNP_A-4237580"	11	71448250	0.385337
"SNP_A-2088135"	11	71501916	-0.134386
"SNP_A-1815767"	11	71504292	0.044865
"SNP_A-2155006"	11	71515856	-0.18369
"SNP_A-2026748"	11	71517046	0.550962
"SNP_A-2076866"	11	71530273	0.393568
"SNP_A-1941931"	11	71548731	-0.110758
"SNP_A-1889661"	11	71549242	-0.153671
"SNP_A-2054307"	11	71699368	0.211895
"SNP_A-2050780"	11	71726174	0.15939
"SNP_A-2011956"	11	71756829	0.229023
"SNP_A-1868330"	11	71861792	-0.206377
"SNP_A-2194324"	11	71874268	0.405722
"SNP_A-2023074"	11	71875283	-0.237911
"SNP_A-1873999"	11	71876007	-0.147622
"SNP_A-2054127"	11	71885061	0.211027
"SNP_A-4193035"	11	71903445	0.109479
"SNP_A-1794295"	11	71933492	0.207744
"SNP_A-2147242"	11	71935160	0.208879
"SNP_A-4239470"	11	71935566	0.169166
"SNP_A-2051773"	11	71935611	0.301958
"SNP_A-4207259"	11	71936713	0.110921
"SNP_A-2260143"	11	71936754	0.257199
"SNP_A-1889391"	11	71936788	-0.478515
"SNP_A-4238239"	11	71969575	-0.099337
"SNP_A-4195939"	11	71970793	0.183501
"SNP_A-4215155"	11	72010579	0.168109
"SNP_A-4203309"	11	72082606	-0.000921
"SNP_A-2051146"	11	72129028	0.201004
"SNP_A-1797369"	11	72149984	0.162076
"SNP_A-2087886"	11	72198178	0.088091
"SNP_A-1939289"	11	72239956	-0.214075
"SNP_A-2011978"	11	72284885	0.101762
"SNP_A-1786706"	11	72293898	0.199484
"SNP_A-1886919"	11	72364401	-0.0083
"SNP_A-2011979"	11	72377234	0.057131
"SNP_A-2011981"	11	72422164	-0.33509
"SNP_A-2080600"	11	72462321	-0.23535
"SNP_A-4227451"	11	72596949	0.185716
"SNP_A-1907031"	11	72627191	0.12936
"SNP_A-1808553"	11	72651242	0.057408
"SNP_A-2165062"	11	72658137	0.176311
"SNP_A-1904221"	11	72676335	0.209857
"SNP_A-4227835"	11	72676869	0.226119
"SNP_A-2228860"	11	72721891	-0.153745
"SNP_A-2106698"	11	72721999	0.185038
"SNP_A-1789365"	11	72790765	-0.140049
"SNP_A-4238858"	11	72813662	0.151752
"SNP_A-2089069"	11	72896766	0.01056
"SNP_A-2113567"	11	72897065	0.379921
"SNP_A-4215157"	11	72897555	0.175367
"SNP_A-1837239"	11	72954548	0.196728
"SNP_A-2306744"	11	72987532	0.278359
"SNP_A-2030524"	11	73085920	0.159818
"SNP_A-2270982"	11	73090662	-0.095323
"SNP_A-2167934"	11	73090769	0.050053
"SNP_A-1925018"	11	73095320	0.347696
"SNP_A-2230354"	11	73108249	0.250615
"SNP_A-2162626"	11	73112944	0.197739
"SNP_A-1885556"	11	73139583	0.034246
"SNP_A-2175431"	11	73143151	0.247118
"SNP_A-2301642"	11	73145176	0.011815
"SNP_A-2188658"	11	73188293	0.173703
"SNP_A-2139260"	11	73230291	0.290982
"SNP_A-2032196"	11	73254396	0.731326
"SNP_A-2276064"	11	73259191	-0.594239
"SNP_A-1885446"	11	73267958	0.129265
"SNP_A-2258327"	11	73268151	-0.172987
"SNP_A-1903302"	11	73288997	0.062766
"SNP_A-2049045"	11	73289126	0.2008
"SNP_A-1866461"	11	73289168	-0.101036
"SNP_A-2084911"	11	73304603	0.02619
"SNP_A-2314339"	11	73394722	0.038755
"SNP_A-2012007"	11	73400269	0.002232
"SNP_A-2163619"	11	73436539	0.267811
"SNP_A-2276579"	11	73445873	0.030063
"SNP_A-2073470"	11	73455195	-0.035078
"SNP_A-2094324"	11	73464649	0.112221
"SNP_A-1890215"	11	73464972	0.174107
"SNP_A-4215158"	11	73477649	-0.401528
"SNP_A-2030686"	11	73508680	0.149669
"SNP_A-4230783"	11	73530035	0.138441
"SNP_A-2002033"	11	73543430	0.412982
"SNP_A-1913782"	11	73548864	0.129826
"SNP_A-2021995"	11	73549117	0.356665
"SNP_A-1834200"	11	73556336	0.256975
"SNP_A-1918707"	11	73573308	0.054467
"SNP_A-4236254"	11	73618941	0.154256
"SNP_A-1917300"	11	73667046	-0.239299
"SNP_A-2070698"	11	73673344	-0.082793
"SNP_A-1831376"	11	73684573	0.371353
"SNP_A-4236897"	11	73684705	0.403346
"SNP_A-1791092"	11	73685163	0.134681
"SNP_A-2132394"	11	73693247	0.259647
"SNP_A-2248160"	11	73701905	0.031347
"SNP_A-2289557"	11	73710346	0.178162
"SNP_A-4215160"	11	73710714	0.246323
"SNP_A-4215161"	11	73729912	0.152804
"SNP_A-2250540"	11	73746391	0.384197
"SNP_A-1834687"	11	73757755	-0.373701
"SNP_A-4204336"	11	73760259	0.309075
"SNP_A-1837624"	11	73774695	0.190947
"SNP_A-2208990"	11	73776381	0.287511
"SNP_A-2206085"	11	73803671	-0.174278
"SNP_A-2297941"	11	73806589	0.200375
"SNP_A-2012021"	11	73809544	0.165186
"SNP_A-4215162"	11	73830942	-0.183086
"SNP_A-4214144"	11	73882652	0.252514
"SNP_A-4231094"	11	73884054	0.312052
"SNP_A-1862047"	11	73885504	-0.084479
"SNP_A-1828420"	11	73885677	-0.164298
"SNP_A-2094477"	11	73886240	-0.20125
"SNP_A-1861980"	11	73893543	-0.314855
"SNP_A-2181584"	11	73921038	0.460745
"SNP_A-2158080"	11	73923131	0.029276
"SNP_A-1831116"	11	73926404	0.178489
"SNP_A-2021508"	11	73926589	-0.192573
"SNP_A-4240504"	11	73926738	0.102024
"SNP_A-2312547"	11	73934082	0.076175
"SNP_A-2012035"	11	73935137	0.342366
"SNP_A-1792497"	11	74000654	-0.039093
"SNP_A-4220664"	11	74009910	0.366519
"SNP_A-1911741"	11	74023471	0.518265
"SNP_A-1898332"	11	74036330	-0.053813
"SNP_A-1825904"	11	74036714	0.113548
"SNP_A-1958108"	11	74042214	0.310101
"SNP_A-4219735"	11	74042378	-0.168333
"SNP_A-2028181"	11	74043298	0.039768
"SNP_A-2078030"	11	74043387	0.189563
"SNP_A-2207506"	11	74044403	0.268167
"SNP_A-4197818"	11	74053123	0.401938
"SNP_A-2109365"	11	74113509	0.080377
"SNP_A-2179369"	11	74124439	-0.004227
"SNP_A-2165430"	11	74142446	0.201013
"SNP_A-2191834"	11	74158966	-0.203015
"SNP_A-2304363"	11	74159279	0.354546
"SNP_A-4196482"	11	74159411	0.308108
"SNP_A-2160798"	11	74161997	0.136745
"SNP_A-2218882"	11	74163261	0.036191
"SNP_A-4214145"	11	74170424	0.104688
"SNP_A-4215166"	11	74170490	-0.135713
"SNP_A-1797132"	11	74173270	0.061454
"SNP_A-2012057"	11	74186257	0.390648
"SNP_A-4214146"	11	74199889	0.017476
"SNP_A-4215167"	11	74208667	0.341201
"SNP_A-2182816"	11	74211100	0.446065
"SNP_A-2033990"	11	74223026	0.483483
"SNP_A-2100714"	11	74232320	0.115694
"SNP_A-1848349"	11	74240725	-0.051755
"SNP_A-1813175"	11	74282566	0.138609
"SNP_A-4226303"	11	74333254	0.284598
"SNP_A-2012065"	11	74345729	0.460646
"SNP_A-1817208"	11	74367020	0.127004
"SNP_A-2280151"	11	74370568	-0.041052
"SNP_A-4198061"	11	74422150	0.211612
"SNP_A-1898557"	11	74441431	-0.08824
"SNP_A-4205457"	11	74441826	-0.300714
"SNP_A-2012072"	11	74458772	0.13748
"SNP_A-1857793"	11	74463292	-0.007663
"SNP_A-2242145"	11	74463368	-0.007518
"SNP_A-1843617"	11	74476415	0.029194
"SNP_A-1958338"	11	74489669	0.073334
"SNP_A-1808709"	11	74492550	0.104535
"SNP_A-1832631"	11	74497794	-0.051731
"SNP_A-1882499"	11	74514269	-0.040057
"SNP_A-2257245"	11	74515135	-0.03508
"SNP_A-2030578"	11	74515153	0.094668
"SNP_A-1874323"	11	74556238	0.148434
"SNP_A-2106764"	11	74572861	-0.170987
"SNP_A-2281185"	11	74597653	0.969884
"SNP_A-2133680"	11	74605123	-0.212998
"SNP_A-4233855"	11	74682857	1.206383
"SNP_A-2271499"	11	74699149	0.392677
"SNP_A-2113250"	11	74706433	0.78006
"SNP_A-1898325"	11	74706815	0.617676
"SNP_A-2222125"	11	74712634	0.512529
"SNP_A-2243405"	11	74714405	0.742332
"SNP_A-4230715"	11	74722446	0.515469
"SNP_A-2171506"	11	74763438	0.210171
"SNP_A-4206194"	11	74767748	0.945906
"SNP_A-2012089"	11	74773711	0.793597
"SNP_A-1943806"	11	74825309	0.797594
"SNP_A-2083398"	11	74835245	0.825999
"SNP_A-1958518"	11	74835998	0.491501
"SNP_A-4202170"	11	74836097	0.386643
"SNP_A-2269830"	11	74878739	0.881064
"SNP_A-1784677"	11	74882270	1.016863
"SNP_A-2226854"	11	74917551	0.692144
"SNP_A-2182083"	11	74987219	0.675583
"SNP_A-4237217"	11	75018710	1.106759
"SNP_A-4194674"	11	75018835	0.780224
"SNP_A-1955159"	11	75019070	0.705308
"SNP_A-4240448"	11	75019501	0.814029
"SNP_A-1788339"	11	75022554	0.672036
"SNP_A-2012110"	11	75040481	0.756587
"SNP_A-2301578"	11	75048168	1.145988
"SNP_A-2093829"	11	75053404	0.622964
"SNP_A-4215172"	11	75054874	0.897878
"SNP_A-2192008"	11	75069880	0.857806
"SNP_A-4241130"	11	75070050	0.624288
"SNP_A-2136833"	11	75093588	0.525194
"SNP_A-4201396"	11	75095811	0.958974
"SNP_A-2096198"	11	75105260	1.161608
"SNP_A-2101833"	11	75113073	0.689063
"SNP_A-4215173"	11	75123917	0.568319
"SNP_A-2114410"	11	75124598	0.804484
"SNP_A-2167747"	11	75124632	0.510396
"SNP_A-1834113"	11	75129915	0.739571
"SNP_A-2133335"	11	75130012	0.417444
"SNP_A-2012121"	11	75130040	0.700342
"SNP_A-2235351"	11	75133782	0.572456
"SNP_A-2021451"	11	75202444	0.360111
"SNP_A-4220356"	11	75213170	0.564369
"SNP_A-1869713"	11	75234883	0.777079
"SNP_A-1806644"	11	75234949	0.779221
"SNP_A-1876403"	11	75235031	0.692673
"SNP_A-2232880"	11	75235058	0.63962
"SNP_A-2110573"	11	75242906	0.580615
"SNP_A-2071921"	11	75289292	0.275962
"SNP_A-1840718"	11	75290526	0.807874
"SNP_A-1788147"	11	75333086	0.91238
"SNP_A-2227847"	11	75345846	0.654992
"SNP_A-2002047"	11	75346283	0.719134
"SNP_A-2154848"	11	75411066	0.316136
"SNP_A-2070960"	11	75483532	0.589579
"SNP_A-4233269"	11	75483807	0.844639
"SNP_A-2012129"	11	75510520	0.888439
"SNP_A-2012130"	11	75510570	0.873457
"SNP_A-1797352"	11	75542845	0.497665
"SNP_A-2222028"	11	75554459	0.318272
"SNP_A-2101232"	11	75674195	0.357299
"SNP_A-1936546"	11	75724913	0.338034
"SNP_A-1803070"	11	75734104	0.617641
"SNP_A-4214147"	11	75738176	0.036746
"SNP_A-2260455"	11	75777517	0.337798
"SNP_A-1949292"	11	75777845	0.183166
"SNP_A-2225247"	11	75804862	0.292837
"SNP_A-2038238"	11	75808717	0.377155
"SNP_A-4237690"	11	75811213	0.648632
"SNP_A-2131609"	11	75820667	0.609236
"SNP_A-4239264"	11	75841660	0.412691
"SNP_A-2288313"	11	75929466	0.300981
"SNP_A-2144271"	11	75930279	0.794412
"SNP_A-4204453"	11	75934863	0.201694
"SNP_A-4215175"	11	75943820	0.523412
"SNP_A-1900469"	11	75950190	0.420818
"SNP_A-4215176"	11	75951503	0.383277
"SNP_A-2188226"	11	75953351	0.277463
"SNP_A-2057367"	11	75960729	0.557796
"SNP_A-2108724"	11	76003469	0.472187
"SNP_A-4221532"	11	76029213	0.138098
"SNP_A-4192483"	11	76097640	0.648505
"SNP_A-2215573"	11	76098174	0.262109
"SNP_A-2237668"	11	76098367	0.326687
"SNP_A-4232812"	11	76116619	0.58522
"SNP_A-2074969"	11	76116716	0.553499
"SNP_A-2044872"	11	76117431	0.05457
"SNP_A-2266123"	11	76117869	0.180442
"SNP_A-1847952"	11	76117994	-0.012449
"SNP_A-1841378"	11	76118315	0.515908
"SNP_A-4232787"	11	76118517	0.63613
"SNP_A-1839634"	11	76121915	0.440854
"SNP_A-2091995"	11	76125107	0.698098
"SNP_A-4196029"	11	76140459	0.44777
"SNP_A-1913398"	11	76151353	0.364938
"SNP_A-2226733"	11	76157903	0.716742
"SNP_A-1859649"	11	76191470	0.292896
"SNP_A-2295700"	11	76191983	0.452039
"SNP_A-2140640"	11	76192068	0.187105
"SNP_A-2245142"	11	76219326	0.50295
"SNP_A-1793765"	11	76229054	0.403362
"SNP_A-4237204"	11	76229283	0.14378
"SNP_A-1812663"	11	76231265	0.464955
"SNP_A-1890949"	11	76231379	0.593217
"SNP_A-2048194"	11	76233208	0.499731
"SNP_A-2283463"	11	76233350	0.614691
"SNP_A-2021870"	11	76242150	0.416211
"SNP_A-2062441"	11	76270278	0.803704
"SNP_A-4195664"	11	76270482	0.490581
"SNP_A-2260575"	11	76274268	0.639772
"SNP_A-2146771"	11	76306635	0.677576
"SNP_A-1817213"	11	76307515	0.49758
"SNP_A-2012169"	11	76307639	0.237791
"SNP_A-2012170"	11	76307933	-0.089465
"SNP_A-2036668"	11	76338428	0.33049
"SNP_A-2274212"	11	76361694	0.912694
"SNP_A-4222030"	11	76374779	0.419967
"SNP_A-2035746"	11	76378304	0.938207
"SNP_A-2012172"	11	76379013	1.116791
"SNP_A-2012174"	11	76379254	1.097867
"SNP_A-4228391"	11	76390263	0.40448
"SNP_A-1926627"	11	76410432	0.38072
"SNP_A-2109513"	11	76425830	0.754894
"SNP_A-2279822"	11	76437688	0.094111
"SNP_A-4223688"	11	76505640	0.367803
"SNP_A-2271322"	11	76509659	0.487501
"SNP_A-2306921"	11	76510367	0.477151
"SNP_A-2189546"	11	76541520	0.262079
"SNP_A-2292782"	11	76617563	0.285846
"SNP_A-2077144"	11	76621697	0.620835
"SNP_A-1803096"	11	76634474	0.10922
"SNP_A-4220243"	11	76646531	0.555355
"SNP_A-2002059"	11	76655140	0.039966
"SNP_A-2148675"	11	76656566	0.283347
"SNP_A-2258897"	11	76665069	0.465722
"SNP_A-2100520"	11	76676427	0.301335
"SNP_A-1804375"	11	76676506	0.256258
"SNP_A-1917720"	11	76692043	0.399267
"SNP_A-1946566"	11	76703887	0.532784
"SNP_A-2067529"	11	76733974	0.454384
"SNP_A-1940812"	11	76742006	0.166183
"SNP_A-2217835"	11	76745802	0.129729
"SNP_A-2114451"	11	76773451	0.832833
"SNP_A-1819365"	11	76781646	0.464004
"SNP_A-2280623"	11	76793956	0.497457
"SNP_A-1820783"	11	76809623	0.442962
"SNP_A-4215182"	11	76820536	0.589335
"SNP_A-1956139"	11	76856568	0.653985
"SNP_A-4241185"	11	76871480	0.303919
"SNP_A-1835564"	11	76872249	0.37648
"SNP_A-1896817"	11	76873130	0.577289
"SNP_A-1830567"	11	76888784	0.327261
"SNP_A-1823196"	11	76918831	0.368945
"SNP_A-2026558"	11	76977696	0.439508
"SNP_A-2200137"	11	76995927	0.231128
"SNP_A-2142091"	11	77000453	0.264212
"SNP_A-1863154"	11	77012587	0.765341
"SNP_A-2268770"	11	77049813	0.519773
"SNP_A-4207602"	11	77053895	0.579069
"SNP_A-2255855"	11	77057882	0.564751
"SNP_A-2033968"	11	77072900	0.454417
"SNP_A-1783936"	11	77087216	0.406129
"SNP_A-1799411"	11	77131724	0.472767
"SNP_A-2233425"	11	77133991	0.155238
"SNP_A-1785476"	11	77138262	0.154971
"SNP_A-2263423"	11	77183692	0.546154
"SNP_A-2133255"	11	77233004	0.832629
"SNP_A-2240274"	11	77270557	0.541738
"SNP_A-2271177"	11	77297988	0.381731
"SNP_A-4240596"	11	77304611	0.495856
"SNP_A-2157075"	11	77347911	0.101559
"SNP_A-1961164"	11	77374899	0.857107
"SNP_A-1850896"	11	77380132	0.305601
"SNP_A-1825992"	11	77386315	0.490649
"SNP_A-4223028"	11	77404777	0.759679
"SNP_A-1872400"	11	77404931	0.588112
"SNP_A-2239122"	11	77405027	0.352965
"SNP_A-4215183"	11	77409064	0.370979
"SNP_A-2012219"	11	77409403	0.311042
"SNP_A-2211761"	11	77423766	0.265177
"SNP_A-1784694"	11	77423833	0.220137
"SNP_A-1913863"	11	77425002	0.566462
"SNP_A-2184719"	11	77432613	0.61753
"SNP_A-4215184"	11	77447533	0.398422
"SNP_A-1874932"	11	77463587	0.509121
"SNP_A-2012227"	11	77480573	0.501595
"SNP_A-1858161"	11	77486410	1.017524
"SNP_A-2012235"	11	77498655	0.672837
"SNP_A-2240403"	11	77533005	0.691164
"SNP_A-4225070"	11	77543584	0.55239
"SNP_A-2224828"	11	77543609	0.217229
"SNP_A-1924670"	11	77543928	0.400555
"SNP_A-1887610"	11	77555017	0.454089
"SNP_A-1929053"	11	77565918	0.34935
"SNP_A-2157161"	11	77569399	0.534639
"SNP_A-2072050"	11	77580237	0.563045
"SNP_A-4215188"	11	77613814	0.162747
"SNP_A-4239351"	11	77614580	0.203428
"SNP_A-4207161"	11	77621105	0.108696
"SNP_A-2056749"	11	77639123	-0.121435
"SNP_A-1841568"	11	77667908	0.013391
"SNP_A-2112731"	11	77674051	0.006464
"SNP_A-1798033"	11	77677803	-0.120888
"SNP_A-1916526"	11	77685323	0.09533
"SNP_A-1860200"	11	77688478	0.025005
"SNP_A-1781022"	11	77691705	0.06324
"SNP_A-2313615"	11	77722719	0.25081
"SNP_A-2012255"	11	77768798	0.038207
"SNP_A-2228249"	11	77787788	0.343483
"SNP_A-2291991"	11	77788872	-0.208131
"SNP_A-1934420"	11	77802894	0.161079
"SNP_A-2012260"	11	77814934	0.211167
"SNP_A-2012261"	11	77825857	0.086844
"SNP_A-2119600"	11	77839009	0.064858
"SNP_A-1868489"	11	77839100	0.262205
"SNP_A-4215189"	11	77842632	-0.266261
"SNP_A-1842283"	11	77862845	0.269905
"SNP_A-1867409"	11	77880036	0.015338
"SNP_A-1882554"	11	77887527	0.142901
"SNP_A-2072533"	11	77892730	-0.0367
"SNP_A-2050322"	11	77929133	0.135982
"SNP_A-4200786"	11	77934646	0.195703
"SNP_A-1944981"	11	77935156	0.19412
"SNP_A-4235104"	11	77953579	0.643589
"SNP_A-1783496"	11	77954925	0.055547
"SNP_A-4221615"	11	77956215	0.159524
"SNP_A-4207220"	11	77961451	0.248883
"SNP_A-4206173"	11	77962381	0.040341
"SNP_A-1824345"	11	77962744	-0.044412
"SNP_A-4236799"	11	77967016	0.172865
"SNP_A-1869967"	11	77967998	-0.022833
"SNP_A-2179625"	11	77968085	-0.365551
"SNP_A-2267153"	11	78002698	0.219321
"SNP_A-2029315"	11	78018953	-0.295657
"SNP_A-2200718"	11	78061680	-0.056568
"SNP_A-4228588"	11	78062196	-0.006242
"SNP_A-2012270"	11	78089431	0.038586
"SNP_A-2086810"	11	78113779	0.240341
"SNP_A-1927073"	11	78119061	0.079639
"SNP_A-1815699"	11	78133566	0.26601
"SNP_A-2050189"	11	78137267	0.554447
"SNP_A-1809147"	11	78138713	0.784235
"SNP_A-2090898"	11	78138771	0.463276
"SNP_A-4203119"	11	78139491	0.404559
"SNP_A-1809922"	11	78157324	0.261987
"SNP_A-1945574"	11	78157669	0.587767
"SNP_A-2012278"	11	78161815	0.472073
"SNP_A-2251168"	11	78168172	0.374924
"SNP_A-2002062"	11	78188167	0.653417
"SNP_A-2286780"	11	78189753	0.442309
"SNP_A-2048128"	11	78196560	0.440156
"SNP_A-2012283"	11	78210759	0.75031
"SNP_A-1805293"	11	78216763	0.416175
"SNP_A-2173066"	11	78218331	0.517215
"SNP_A-2190117"	11	78226941	0.216253
"SNP_A-4224123"	11	78228896	0.204128
"SNP_A-4235183"	11	78234919	0.505064
"SNP_A-2132000"	11	78243968	0.289366
"SNP_A-2012290"	11	78250827	0.316239
"SNP_A-2148048"	11	78280585	0.595426
"SNP_A-1897002"	11	78290369	0.389472
"SNP_A-1806460"	11	78306794	0.373394
"SNP_A-2012295"	11	78307806	0.433301
"SNP_A-2285158"	11	78308368	0.475056
"SNP_A-1878268"	11	78309106	0.171153
"SNP_A-4236549"	11	78324660	0.607586
"SNP_A-1875165"	11	78339146	0.099956
"SNP_A-2254598"	11	78365427	0.352873
"SNP_A-4235928"	11	78370456	0.526544
"SNP_A-2190936"	11	78390539	0.44642
"SNP_A-2115639"	11	78417470	0.14736
"SNP_A-1810167"	11	78419732	0.268831
"SNP_A-2012313"	11	78431547	0.153773
"SNP_A-2199585"	11	78449282	0.286771
"SNP_A-4199455"	11	78449411	0.180257
"SNP_A-1892237"	11	78454621	0.002137
"SNP_A-4215194"	11	78454695	0.698586
"SNP_A-2012318"	11	78455042	0.06755
"SNP_A-2197845"	11	78481339	0.257921
"SNP_A-2090468"	11	78481706	0.483363
"SNP_A-4199468"	11	78486104	0.512463
"SNP_A-1837727"	11	78490701	0.501118
"SNP_A-2012323"	11	78493948	0.02031
"SNP_A-2012324"	11	78494745	0.536927
"SNP_A-4218668"	11	78494902	0.30066
"SNP_A-4214149"	11	78494917	0.153894
"SNP_A-2002065"	11	78494989	0.270302
"SNP_A-2115177"	11	78495146	0.560328
"SNP_A-2002066"	11	78495261	0.507716
"SNP_A-1932340"	11	78499593	0.50063
"SNP_A-1829391"	11	78503111	0.078443
"SNP_A-2140485"	11	78509455	0.434922
"SNP_A-2012328"	11	78543310	0.186526
"SNP_A-1903991"	11	78546745	0.36333
"SNP_A-4215195"	11	78547293	0.386799
"SNP_A-4215196"	11	78547745	0.370983
"SNP_A-2012329"	11	78548529	0.510892
"SNP_A-2012330"	11	78549550	-0.18802
"SNP_A-2253007"	11	78577027	0.394298
"SNP_A-1790369"	11	78601766	0.842874
"SNP_A-2123724"	11	78605209	0.324816
"SNP_A-2012331"	11	78610717	0.43875
"SNP_A-2002067"	11	78610783	0.796241
"SNP_A-2141759"	11	78620396	-0.350461
"SNP_A-2097785"	11	78628220	0.725874
"SNP_A-1780635"	11	78647923	0.690626
"SNP_A-1880315"	11	78663186	0.376314
"SNP_A-2222373"	11	78663621	0.231567
"SNP_A-2012337"	11	78667249	0.306734
"SNP_A-2075696"	11	78681574	0.577329
"SNP_A-2071617"	11	78681983	0.404404
"SNP_A-1841117"	11	78683236	0.746312
"SNP_A-1837211"	11	78693927	0.65339
"SNP_A-2164949"	11	78708407	0.691464
"SNP_A-2012342"	11	78708426	0.612074
"SNP_A-1916796"	11	78710728	0.319098
"SNP_A-2012344"	11	78714475	0.654924
"SNP_A-2012349"	11	78735227	0.681933
"SNP_A-2012350"	11	78735898	0.408746
"SNP_A-4227189"	11	78746042	0.417536
"SNP_A-2098590"	11	78746092	0.611565
"SNP_A-2080439"	11	78746196	0.427028
"SNP_A-2147405"	11	78764949	0.772471
"SNP_A-2012358"	11	78775749	0.558303
"SNP_A-2012359"	11	78776800	0.46468
"SNP_A-2052617"	11	78779197	0.376285
"SNP_A-2012362"	11	78805883	0.577416
"SNP_A-2100058"	11	78831485	0.561722
"SNP_A-4207721"	11	78847111	0.386087
"SNP_A-2056414"	11	78847551	1.230876
"SNP_A-1901262"	11	78847712	0.196809
"SNP_A-4203455"	11	78852028	0.211061
"SNP_A-1858622"	11	78852425	0.320023
"SNP_A-2029671"	11	78852820	0.626063
"SNP_A-2296581"	11	78887454	0.275871
"SNP_A-1801557"	11	78891243	0.575189
"SNP_A-1923200"	11	78896055	0.192737
"SNP_A-1930938"	11	78896750	0.359893
"SNP_A-2193723"	11	78903676	0.227284
"SNP_A-2055307"	11	78903849	0.497587
"SNP_A-2249968"	11	78906356	0.137813
"SNP_A-2012369"	11	78921073	0.461234
"SNP_A-2012370"	11	78921156	0.459411
"SNP_A-4225217"	11	78921173	0.384754
"SNP_A-2012371"	11	78921649	0.706811
"SNP_A-2078023"	11	78939089	0.41545
"SNP_A-4228719"	11	78951353	0.274286
"SNP_A-2110911"	11	78954091	0.457934
"SNP_A-2081006"	11	78967510	0.208137
"SNP_A-1918665"	11	78972200	0.660716
"SNP_A-1890455"	11	78985265	0.666801
"SNP_A-4217049"	11	78986897	0.620203
"SNP_A-2164118"	11	78989091	0.435286
"SNP_A-1931400"	11	78997494	0.448504
"SNP_A-2281920"	11	78997612	0.260835
"SNP_A-4222218"	11	79007054	0.746628
"SNP_A-4238862"	11	79012998	0.147742
"SNP_A-2012381"	11	79013239	0.57732
"SNP_A-2243867"	11	79016124	0.260773
"SNP_A-4215200"	11	79023671	0.255103
"SNP_A-4222767"	11	79026494	0.382499
"SNP_A-2012387"	11	79032556	0.54539
"SNP_A-2287775"	11	79036261	0.437842
"SNP_A-1874113"	11	79043198	0.606559
"SNP_A-1910489"	11	79050037	0.23431
"SNP_A-4238834"	11	79065602	0.572352
"SNP_A-2228898"	11	79074284	0.42227
"SNP_A-4204919"	11	79077255	0.215792
"SNP_A-4233771"	11	79077271	0.537417
"SNP_A-2002070"	11	79078056	1.01401
"SNP_A-1796025"	11	79078588	1.114038
"SNP_A-2239703"	11	79117090	0.718607
"SNP_A-4193917"	11	79125719	-0.321819
"SNP_A-2100989"	11	79144460	-0.056997
"SNP_A-2209239"	11	79216457	0.216215
"SNP_A-2027390"	11	79226114	0.502093
"SNP_A-2083909"	11	79268635	0.583458
"SNP_A-4217618"	11	79292701	-0.138324
"SNP_A-2190494"	11	79309434	0.072463
"SNP_A-4198993"	11	79309516	0.445709
"SNP_A-1788853"	11	79319295	0.155643
"SNP_A-1809769"	11	79326149	0.574914
"SNP_A-1814032"	11	79326685	0.430682
"SNP_A-4233941"	11	79346381	0.533884
"SNP_A-4215203"	11	79348540	0.475581
"SNP_A-4215204"	11	79348735	0.003692
"SNP_A-2236042"	11	79366452	0.277226
"SNP_A-1802445"	11	79369014	0.42123
"SNP_A-1890633"	11	79383001	0.155
"SNP_A-4228885"	11	79383045	0.59317
"SNP_A-1809923"	11	79392618	0.476048
"SNP_A-4199100"	11	79393052	0.424931
"SNP_A-4214150"	11	79436315	0.295166
"SNP_A-1852067"	11	79436375	0.605808
"SNP_A-4218870"	11	79436480	0.762217
"SNP_A-2257348"	11	79455269	0.036943
"SNP_A-1873426"	11	79455747	0.366812
"SNP_A-1909828"	11	79459595	0.354862
"SNP_A-1911040"	11	79475198	0.464529
"SNP_A-4215205"	11	79477795	-0.071199
"SNP_A-2214731"	11	79486069	0.445586
"SNP_A-4215206"	11	79490000	0.579962
"SNP_A-2247895"	11	79491924	0.442781
"SNP_A-2222521"	11	79494621	0.424804
"SNP_A-2012419"	11	79494759	0.412534
"SNP_A-2271404"	11	79495013	0.199077
"SNP_A-2245153"	11	79504933	0.227207
"SNP_A-4215208"	11	79510935	0.907911
"SNP_A-2094501"	11	79511152	0.470419
"SNP_A-4215209"	11	79512020	0.309508
"SNP_A-4240888"	11	79512458	0.129943
"SNP_A-4238302"	11	79518549	0.320597
"SNP_A-1818545"	11	79546943	0.536753
"SNP_A-2157869"	11	79547548	0.00511
"SNP_A-1846241"	11	79547597	0.77055
"SNP_A-1853190"	11	79547768	0.367371
"SNP_A-2265988"	11	79551179	0.2494
"SNP_A-1803325"	11	79551275	0.392295
"SNP_A-1810877"	11	79553671	0.145983
"SNP_A-2235976"	11	79576466	0.060976
"SNP_A-1931276"	11	79580205	0.363079
"SNP_A-2247630"	11	79596938	0.317709
"SNP_A-1863486"	11	79638323	0.613783
"SNP_A-4228959"	11	79638632	0.229736
"SNP_A-2051509"	11	79639120	0.559257
"SNP_A-1807770"	11	79639797	0.451637
"SNP_A-1927101"	11	79640204	0.136643
"SNP_A-2076222"	11	79644830	0.239318
"SNP_A-2048721"	11	79645152	0.313664
"SNP_A-1958199"	11	79645451	0.666848
"SNP_A-2173187"	11	79653765	0.442532
"SNP_A-2098943"	11	79653808	0.274287
"SNP_A-1912587"	11	79658174	0.160547
"SNP_A-2083691"	11	79658191	0.491118
"SNP_A-1957445"	11	79658888	0.954081
"SNP_A-4215211"	11	79658969	0.516192
"SNP_A-2090922"	11	79660988	0.509438
"SNP_A-2126165"	11	79665876	0.183881
"SNP_A-2151048"	11	79667232	0.758136
"SNP_A-4224819"	11	79682112	0.478638
"SNP_A-1818176"	11	79684411	0.272677
"SNP_A-2012442"	11	79693784	0.218764
"SNP_A-2252211"	11	79694084	0.601933
"SNP_A-1896977"	11	79694202	0.350598
"SNP_A-1949118"	11	79694372	0.389368
"SNP_A-2236238"	11	79694440	0.330014
"SNP_A-4218824"	11	79694559	0.573902
"SNP_A-2280815"	11	79697301	0.625507
"SNP_A-2044465"	11	79697320	0.347398
"SNP_A-2049361"	11	79703169	1.01421
"SNP_A-2012445"	11	79704096	0.648584
"SNP_A-2242498"	11	79718912	0.261444
"SNP_A-4220582"	11	79758219	0.38372
"SNP_A-4196541"	11	79758232	0.650744
"SNP_A-2012458"	11	79777451	0.368281
"SNP_A-2012459"	11	79777810	0.451353
"SNP_A-4240764"	11	79791131	0.113797
"SNP_A-2105639"	11	79791215	0.210857
"SNP_A-4215213"	11	79807806	0.272171
"SNP_A-2189788"	11	79817717	0.29713
"SNP_A-1802590"	11	79818024	0.395517
"SNP_A-1932175"	11	79818081	0.267013
"SNP_A-2065994"	11	79820670	0.419199
"SNP_A-2206446"	11	79820709	0.629124
"SNP_A-2012463"	11	79824932	0.559886
"SNP_A-2012464"	11	79825197	0.511413
"SNP_A-4198809"	11	79832702	0.061361
"SNP_A-1790100"	11	79832847	0.40367
"SNP_A-4218280"	11	79835043	0.285376
"SNP_A-2047148"	11	79838137	0.354634
"SNP_A-1899848"	11	79845596	0.261907
"SNP_A-1944615"	11	79845894	-0.008095
"SNP_A-2257213"	11	79862430	0.721596
"SNP_A-2065509"	11	79864759	0.289305
"SNP_A-2105135"	11	79867858	0.363401
"SNP_A-2287467"	11	79914436	0.230053
"SNP_A-1899516"	11	79926069	0.061203
"SNP_A-1799788"	11	79932357	0.472418
"SNP_A-4223281"	11	79932428	0.51115
"SNP_A-2044766"	11	79932630	0.626533
"SNP_A-4215214"	11	79942088	0.468798
"SNP_A-2135445"	11	79949657	0.2326
"SNP_A-2150677"	11	79957187	0.00748
"SNP_A-2191856"	11	79978021	0.400912
"SNP_A-2268245"	11	79981129	0.404581
"SNP_A-1802655"	11	79994998	0.021231
"SNP_A-1802272"	11	79995138	0.147406
"SNP_A-1938521"	11	80006883	0.290243
"SNP_A-4236578"	11	80012640	0.834825
"SNP_A-1803433"	11	80022511	0.077679
"SNP_A-1857280"	11	80054700	0.128015
"SNP_A-2012484"	11	80063972	0.338191
"SNP_A-1944014"	11	80071915	-0.024361
"SNP_A-1836107"	11	80077061	0.200136
"SNP_A-1798736"	11	80077263	0.067208
"SNP_A-1952814"	11	80080035	-0.007205
"SNP_A-2229143"	11	80080290	0.470797
"SNP_A-2012488"	11	80080706	0.603065
"SNP_A-4231951"	11	80103120	0.28901
"SNP_A-2145246"	11	80104145	0.435605
"SNP_A-1892969"	11	80107175	-0.111186
"SNP_A-1950875"	11	80107445	0.08096
"SNP_A-2119212"	11	80110805	0.237633
"SNP_A-4215218"	11	80139982	0.39325
"SNP_A-2054281"	11	80154062	0.116963
"SNP_A-2185212"	11	80167263	0.828657
"SNP_A-4237470"	11	80168152	0.185405
"SNP_A-1825654"	11	80185112	0.193366
"SNP_A-2012498"	11	80204529	0.432428
"SNP_A-1885600"	11	80204687	0.519906
"SNP_A-2012499"	11	80214984	0.54895
"SNP_A-1952341"	11	80221254	-0.032205
"SNP_A-1798509"	11	80221441	0.649448
"SNP_A-2296068"	11	80228700	0.171414
"SNP_A-2080659"	11	80235814	0.350252
"SNP_A-2159230"	11	80240386	0.498508
"SNP_A-1846757"	11	80244044	0.204276
"SNP_A-2012501"	11	80259294	0.637404
"SNP_A-4233051"	11	80286933	0.219933
"SNP_A-2093003"	11	80287535	0.146541
"SNP_A-2033971"	11	80288442	0.517229
"SNP_A-2109546"	11	80290073	-0.054009
"SNP_A-2012505"	11	80305328	0.131621
"SNP_A-2002080"	11	80321122	0.371574
"SNP_A-2110113"	11	80321886	0.440897
"SNP_A-4215222"	11	80329859	0.309441
"SNP_A-1908004"	11	80330262	0.229801
"SNP_A-2096505"	11	80330685	0.037469
"SNP_A-2289966"	11	80330703	0.252198
"SNP_A-1943156"	11	80331595	0.691297
"SNP_A-2239151"	11	80335038	-0.089627
"SNP_A-1864623"	11	80364882	0.314917
"SNP_A-2128892"	11	80367984	0.523174
"SNP_A-1945356"	11	80385259	0.48114
"SNP_A-1815038"	11	80385408	0.347864
"SNP_A-1872794"	11	80392211	0.426107
"SNP_A-2127153"	11	80399957	0.590282
"SNP_A-2039359"	11	80412964	0.218845
"SNP_A-4217580"	11	80420707	0.383002
"SNP_A-4215223"	11	80428536	0.597116
"SNP_A-2012520"	11	80428698	0.077594
"SNP_A-4224000"	11	80435760	0.466326
"SNP_A-4238083"	11	80435774	-0.141017
"SNP_A-4225562"	11	80439203	0.662658
"SNP_A-2195130"	11	80439486	0.391046
"SNP_A-1919786"	11	80440791	0.613688
"SNP_A-1842828"	11	80442678	0.556072
"SNP_A-2012521"	11	80445478	-0.074773
"SNP_A-4227653"	11	80466288	0.363502
"SNP_A-1879873"	11	80475295	0.161822
"SNP_A-2108723"	11	80476590	0.372722
"SNP_A-1923250"	11	80491274	0.368657
"SNP_A-1826975"	11	80491777	-0.052953
"SNP_A-2270774"	11	80492905	0.265265
"SNP_A-1806697"	11	80493646	0.469786
"SNP_A-2101784"	11	80494792	0.614445
"SNP_A-4199259"	11	80498874	0.67162
"SNP_A-1818959"	11	80518964	0.416881
"SNP_A-2106459"	11	80543007	0.353987
"SNP_A-1928910"	11	80553027	0.597041
"SNP_A-4203396"	11	80553109	-0.003591
"SNP_A-2012529"	11	80571791	0.470998
"SNP_A-2012530"	11	80571878	0.09368
"SNP_A-2012534"	11	80580926	0.08978
"SNP_A-2012535"	11	80581263	0.474276
"SNP_A-4215224"	11	80582116	0.384023
"SNP_A-2102318"	11	80583269	0.636366
"SNP_A-2275759"	11	80593158	0.244477
"SNP_A-4226997"	11	80594278	0.381654
"SNP_A-2232588"	11	80599055	0.202482
"SNP_A-2278592"	11	80610475	0.634621
"SNP_A-1848457"	11	80614927	0.371868
"SNP_A-2154297"	11	80614971	0.486277
"SNP_A-4234439"	11	80615947	0.096177
"SNP_A-2288673"	11	80618353	0.210679
"SNP_A-2191227"	11	80618774	0.36327
"SNP_A-2268308"	11	80629227	0.097979
"SNP_A-4205037"	11	80648789	0.454651
"SNP_A-1929253"	11	80648910	0.271503
"SNP_A-2161584"	11	80649410	0.292056
"SNP_A-2272548"	11	80656128	0.286332
"SNP_A-2029753"	11	80659680	0.599706
"SNP_A-2169553"	11	80665859	0.406069
"SNP_A-2002081"	11	80665959	0.456485
"SNP_A-2289269"	11	80668827	-0.167125
"SNP_A-2012547"	11	80689139	0.518735
"SNP_A-2177901"	11	80715506	0.12698
"SNP_A-1938214"	11	80717988	0.635325
"SNP_A-1808786"	11	80718577	0.233542
"SNP_A-1858871"	11	80718977	0.697571
"SNP_A-2229125"	11	80719096	0.452362
"SNP_A-1785444"	11	80722931	0.306065
"SNP_A-4236687"	11	80723130	0.63737
"SNP_A-2292435"	11	80726392	0.540856
"SNP_A-1883485"	11	80727219	0.665263
"SNP_A-1831880"	11	80727404	0.408287
"SNP_A-2012553"	11	80727426	-0.147663
"SNP_A-4221648"	11	80733254	0.613253
"SNP_A-1786359"	11	80749491	0.228173
"SNP_A-1867770"	11	80758392	0.504609
"SNP_A-4215226"	11	80760044	0.259561
"SNP_A-4221577"	11	80763085	0.094096
"SNP_A-4215227"	11	80766874	0.777553
"SNP_A-2306644"	11	80771281	0.495276
"SNP_A-4215228"	11	80785260	-0.041515
"SNP_A-1929089"	11	80797001	0.086738
"SNP_A-2084047"	11	80807245	0.437498
"SNP_A-2290735"	11	80807898	0.418955
"SNP_A-2012558"	11	80815466	0.626319
"SNP_A-4220953"	11	80822206	0.14191
"SNP_A-2115115"	11	80823716	0.366304
"SNP_A-2258216"	11	80823986	0.018
"SNP_A-1819373"	11	80835810	0.26252
"SNP_A-2250159"	11	80854688	0.938913
"SNP_A-1849821"	11	80860209	0.57241
"SNP_A-4215230"	11	80867902	0.590847
"SNP_A-2149766"	11	80868066	1.014499
"SNP_A-1789991"	11	80878412	0.287636
"SNP_A-1919299"	11	80878462	0.566532
"SNP_A-2111785"	11	80878810	0.315528
"SNP_A-1873511"	11	80878935	0.470134
"SNP_A-2012569"	11	80879280	0.24257
"SNP_A-2012570"	11	80879485	0.399748
"SNP_A-2255230"	11	80882128	0.451737
"SNP_A-2158505"	11	80882256	0.928389
"SNP_A-2299031"	11	80882723	0.375334
"SNP_A-4220239"	11	80907585	0.046229
"SNP_A-2012574"	11	80908562	0.383751
"SNP_A-2012575"	11	80908689	0.516677
"SNP_A-1809253"	11	80912798	0.785036
"SNP_A-1799617"	11	80913682	0.034457
"SNP_A-2027148"	11	80920799	0.474573
"SNP_A-2012581"	11	80937359	0.362622
"SNP_A-2050354"	11	80938325	0.682402
"SNP_A-2150884"	11	80942091	0.186293
"SNP_A-1898222"	11	80946946	0.675549
"SNP_A-1820269"	11	80947175	0.544356
"SNP_A-4220033"	11	80951202	0.429782
"SNP_A-1809673"	11	80954555	0.254033
"SNP_A-1915555"	11	80954950	0.26192
"SNP_A-2135508"	11	80955090	0.457848
"SNP_A-2206619"	11	80955677	0.511121
"SNP_A-1915617"	11	80962575	0.899269
"SNP_A-2025024"	11	80966588	0.476742
"SNP_A-1900703"	11	80968833	0.560371
"SNP_A-2313289"	11	80969287	0.486192
"SNP_A-2012587"	11	80970029	0.239273
"SNP_A-2062529"	11	80981836	0.636838
"SNP_A-2012590"	11	80986103	0.061422
"SNP_A-1781809"	11	80994506	0.274691
"SNP_A-1903130"	11	80994524	0.25952
"SNP_A-4219172"	11	80996713	0.329314
"SNP_A-4238569"	11	81000512	0.668477
"SNP_A-4233278"	11	81001119	0.099083
"SNP_A-4201786"	11	81025884	0.44996
"SNP_A-4200135"	11	81040776	0.288532
"SNP_A-2169323"	11	81046962	-0.066145
"SNP_A-2130548"	11	81047396	0.284358
"SNP_A-2229468"	11	81055751	0.389472
"SNP_A-4195451"	11	81055781	0.570357
"SNP_A-2284489"	11	81055877	0.294012
"SNP_A-1826635"	11	81086335	-0.066717
"SNP_A-4234595"	11	81088141	0.435643
"SNP_A-2160805"	11	81100270	0.492461
"SNP_A-4198644"	11	81100486	0.192079
"SNP_A-2012600"	11	81101717	0.544599
"SNP_A-2012601"	11	81102279	-0.073426
"SNP_A-4215232"	11	81104096	0.400807
"SNP_A-2110943"	11	81107016	0.462523
"SNP_A-2248040"	11	81148189	0.419663
"SNP_A-2033073"	11	81148252	-0.120439
"SNP_A-2057091"	11	81148409	0.168677
"SNP_A-2080486"	11	81151997	0.934305
"SNP_A-2039189"	11	81162644	0.920012
"SNP_A-1928582"	11	81164986	0.44609
"SNP_A-2112966"	11	81168662	0.490112
"SNP_A-2095529"	11	81170733	0.147348
"SNP_A-2273515"	11	81171551	0.518779
"SNP_A-2155563"	11	81171624	0.50645
"SNP_A-1810379"	11	81172161	0.798381
"SNP_A-1914780"	11	81175527	0.280219
"SNP_A-2202149"	11	81175555	0.238455
"SNP_A-4215233"	11	81176206	0.173113
"SNP_A-1850889"	11	81193598	0.126015
"SNP_A-1785828"	11	81202309	0.586765
"SNP_A-2156622"	11	81203885	0.853871
"SNP_A-4224738"	11	81204221	0.338767
"SNP_A-2124479"	11	81210820	0.361488
"SNP_A-2266257"	11	81210889	0.574346
"SNP_A-1945441"	11	81211307	0.577105
"SNP_A-2059624"	11	81211437	0.37021
"SNP_A-2012618"	11	81212151	0.581091
"SNP_A-2012619"	11	81212636	0.410845
"SNP_A-2025924"	11	81236198	0.463967
"SNP_A-1872860"	11	81236297	0.79541
"SNP_A-4220561"	11	81258649	-0.246079
"SNP_A-4222458"	11	81259927	0.044743
"SNP_A-2260822"	11	81260387	0.162783
"SNP_A-2166042"	11	81260844	0.422742
"SNP_A-2012622"	11	81286092	0.313388
"SNP_A-2283138"	11	81294094	0.662634
"SNP_A-2012624"	11	81301888	0.3429
"SNP_A-1808564"	11	81308632	0.572423
"SNP_A-4205851"	11	81313343	0.373697
"SNP_A-2128923"	11	81321421	0.431164
"SNP_A-2117783"	11	81321604	0.194559
"SNP_A-2290631"	11	81327859	0.227128
"SNP_A-2206859"	11	81328339	0.053536
"SNP_A-2264216"	11	81330569	-0.136091
"SNP_A-2273469"	11	81335338	0.512285
"SNP_A-2168408"	11	81335452	0.507113
"SNP_A-2256778"	11	81352907	0.40793
"SNP_A-1822528"	11	81354048	0.726908
"SNP_A-2102491"	11	81364640	0.345727
"SNP_A-2026495"	11	81368200	0.059274
"SNP_A-2012627"	11	81373486	0.642013
"SNP_A-2059752"	11	81380154	0.370042
"SNP_A-4205647"	11	81382548	0.223479
"SNP_A-2012628"	11	81387538	0.403542
"SNP_A-2256867"	11	81404397	0.432216
"SNP_A-2100729"	11	81410035	0.725075
"SNP_A-1896420"	11	81411632	0.276662
"SNP_A-1875622"	11	81470451	0.668203
"SNP_A-1828072"	11	81470868	0.592459
"SNP_A-2138777"	11	81471485	0.033698
"SNP_A-2140806"	11	81475479	0.11908
"SNP_A-1952723"	11	81476838	0.396561
"SNP_A-1882256"	11	81477017	0.181983
"SNP_A-2116313"	11	81478397	0.296302
"SNP_A-2166650"	11	81478417	0.374306
"SNP_A-2143320"	11	81484867	0.719913
"SNP_A-2142704"	11	81485586	0.166689
"SNP_A-2274612"	11	81485898	0.463352
"SNP_A-2155290"	11	81485930	0.061213
"SNP_A-1807403"	11	81486959	0.42751
"SNP_A-2059632"	11	81492960	0.193341
"SNP_A-1933717"	11	81495856	0.370519
"SNP_A-2168375"	11	81503989	0.409594
"SNP_A-1787169"	11	81521808	0.454794
"SNP_A-2031790"	11	81565931	0.19739
"SNP_A-1908929"	11	81574179	0.4659
"SNP_A-2301601"	11	81583395	0.115092
"SNP_A-4206534"	11	81584752	0.838367
"SNP_A-1882494"	11	81584822	0.440543
"SNP_A-2277875"	11	81587436	0.499708
"SNP_A-2230952"	11	81605659	0.343483
"SNP_A-4218813"	11	81616670	0.379797
"SNP_A-4230682"	11	81618130	0.30485
"SNP_A-4219467"	11	81622775	-0.238563
"SNP_A-2312939"	11	81634439	0.579082
"SNP_A-1829599"	11	81674270	0.588228
"SNP_A-1934008"	11	81676593	0.272408
"SNP_A-2246199"	11	81676616	0.593196
"SNP_A-1958008"	11	81677116	0.165812
"SNP_A-1913287"	11	81677632	0.307438
"SNP_A-4238775"	11	81689549	0.632016
"SNP_A-2024314"	11	81690839	0.457628
"SNP_A-1802446"	11	81700679	-0.060295
"SNP_A-2192574"	11	81708426	0.871605
"SNP_A-2115286"	11	81731185	0.29772
"SNP_A-1892017"	11	81742971	-0.352694
"SNP_A-1961607"	11	81751688	-0.293697
"SNP_A-4214152"	11	81766734	0.657663
"SNP_A-1846103"	11	81769400	0.547084
"SNP_A-2237169"	11	81789406	0.323907
"SNP_A-2290073"	11	81820160	0.226211
"SNP_A-2144176"	11	81821631	0.910066
"SNP_A-2012664"	11	81834559	0.378591
"SNP_A-2012665"	11	81836383	-0.397295
"SNP_A-2082885"	11	81855194	0.833329
"SNP_A-2139609"	11	81872423	0.582131
"SNP_A-2111373"	11	81873715	0.034759
"SNP_A-2053510"	11	81901176	0.352131
"SNP_A-1847629"	11	81901634	0.234986
"SNP_A-4223268"	11	81902066	0.316196
"SNP_A-2178688"	11	81902413	0.568777
"SNP_A-1939927"	11	81902547	0.423969
"SNP_A-1945436"	11	81905200	0.45665
"SNP_A-2138929"	11	81934231	0.355482
"SNP_A-2282461"	11	81938459	0.344766
"SNP_A-2012669"	11	81941768	0.430469
"SNP_A-2172766"	11	81942795	0.115099
"SNP_A-1831561"	11	81943459	0.477146
"SNP_A-2012671"	11	81971718	0.254998
"SNP_A-2230227"	11	81991272	0.348547
"SNP_A-1833324"	11	81995875	0.027673
"SNP_A-2104867"	11	81999285	0.4835
"SNP_A-2291347"	11	82001713	0.548134
"SNP_A-2165332"	11	82009307	0.593531
"SNP_A-1907863"	11	82009887	0.376812
"SNP_A-2302388"	11	82024265	0.607445
"SNP_A-2231081"	11	82024853	0.521996
"SNP_A-2196699"	11	82037495	0.617745
"SNP_A-2104296"	11	82090920	0.198438
"SNP_A-2282381"	11	82092175	0.996839
"SNP_A-4215238"	11	82093400	0.216707
"SNP_A-4215239"	11	82100594	0.330732
"SNP_A-2002093"	11	82100988	0.580208
"SNP_A-4238237"	11	82110916	0.625714
"SNP_A-2097484"	11	82218813	0.191986
"SNP_A-2036306"	11	82238458	0.690039
"SNP_A-2012690"	11	82255723	0.457063
"SNP_A-2240787"	11	82256744	0.547798
"SNP_A-2127681"	11	82258679	0.177154
"SNP_A-2117487"	11	82273623	0.580651
"SNP_A-2303827"	11	82274542	0.569009
"SNP_A-1801415"	11	82296165	0.622501
"SNP_A-2231337"	11	82296866	0.25545
"SNP_A-2012693"	11	82318805	0.258505
"SNP_A-1928259"	11	82319012	0.252932
"SNP_A-4193192"	11	82321408	0.553709
"SNP_A-2049804"	11	82337685	0.424607
"SNP_A-2214565"	11	82338007	0.609283
"SNP_A-1898872"	11	82387278	0.637814
"SNP_A-2181312"	11	82387595	0.373334
"SNP_A-2163837"	11	82390266	0.279824
"SNP_A-1939681"	11	82394166	0.342205
"SNP_A-1877602"	11	82401072	0.554896
"SNP_A-4234220"	11	82401555	0.210298
"SNP_A-1909837"	11	82408170	0.685935
"SNP_A-4215241"	11	82412215	-0.032167
"SNP_A-1914993"	11	82413193	0.945557
"SNP_A-1928468"	11	82417764	0.504304
"SNP_A-2123879"	11	82418024	0.346083
"SNP_A-4235753"	11	82430110	0.536453
"SNP_A-4206148"	11	82436533	0.486301
"SNP_A-2302070"	11	82440866	0.637985
"SNP_A-2110507"	11	82444303	0.400727
"SNP_A-1872828"	11	82455078	0.409953
"SNP_A-2075290"	11	82468861	0.241646
"SNP_A-4236664"	11	82491322	0.382819
"SNP_A-2294375"	11	82491595	0.523123
"SNP_A-1956034"	11	82491742	0.608646
"SNP_A-2098422"	11	82501615	0.476354
"SNP_A-1842378"	11	82513517	0.338821
"SNP_A-2041426"	11	82514027	0.629162
"SNP_A-1945284"	11	82538363	0.45618
"SNP_A-1829089"	11	82559055	0.34529
"SNP_A-2237486"	11	82607395	0.17059
"SNP_A-2119689"	11	82611197	0.251332
"SNP_A-2269974"	11	82611255	0.234352
"SNP_A-4224598"	11	82617545	0.50617
"SNP_A-2126306"	11	82624115	0.507263
"SNP_A-2012701"	11	82638706	0.528448
"SNP_A-2012702"	11	82638772	0.641563
"SNP_A-1865178"	11	82654059	0.417023
"SNP_A-2168050"	11	82661314	0.513677
"SNP_A-2012710"	11	82681026	0.458572
"SNP_A-2154775"	11	82696423	0.231569
"SNP_A-2243626"	11	82735162	0.497958
"SNP_A-2070658"	11	82743548	0.655282
"SNP_A-4233099"	11	82799570	0.301058
"SNP_A-1955364"	11	82800200	0.040417
"SNP_A-4215244"	11	82800492	0.027047
"SNP_A-2158183"	11	82843560	0.493917
"SNP_A-2232242"	11	82856041	-0.070309
"SNP_A-2251053"	11	82856844	-0.059858
"SNP_A-2046191"	11	82856909	0.160157
"SNP_A-1920588"	11	82865542	0.375973
"SNP_A-2086681"	11	82869727	0.249468
"SNP_A-2130500"	11	82871413	0.438694
"SNP_A-1915499"	11	82871461	0.489024
"SNP_A-4236971"	11	82877509	0.25002
"SNP_A-1800245"	11	82885773	0.270236
"SNP_A-2196671"	11	82910180	0.655031
"SNP_A-2224815"	11	82921680	0.466387
"SNP_A-2050938"	11	82935550	0.200939
"SNP_A-4215245"	11	82937128	0.585987
"SNP_A-4197197"	11	82945633	0.252684
"SNP_A-4219966"	11	82945731	-0.048385
"SNP_A-4232826"	11	82946169	-0.160324
"SNP_A-4224963"	11	82947338	0.631159
"SNP_A-2083826"	11	82947520	0.51129
"SNP_A-4197920"	11	82960377	0.88334
"SNP_A-2269085"	11	82967642	0.278046
"SNP_A-2087659"	11	82970021	0.190968
"SNP_A-2156896"	11	82970042	0.459524
"SNP_A-2084739"	11	82985330	0.625427
"SNP_A-1823000"	11	82985650	0.119624
"SNP_A-1923258"	11	82990147	-0.117458
"SNP_A-4199372"	11	82991050	0.646689
"SNP_A-2027856"	11	83001968	0.735673
"SNP_A-1939346"	11	83002762	0.32271
"SNP_A-4215249"	11	83018964	-0.135782
"SNP_A-4198871"	11	83021566	0.556445
"SNP_A-1885585"	11	83040073	0.447901
"SNP_A-1789273"	11	83040125	0.415545
"SNP_A-4199690"	11	83043591	-0.174021
"SNP_A-2081875"	11	83049339	0.653076
"SNP_A-2237283"	11	83055612	0.270356
"SNP_A-1781963"	11	83055714	0.205047
"SNP_A-2204690"	11	83080454	0.507735
"SNP_A-1881715"	11	83086000	0.585092
"SNP_A-1953556"	11	83086089	0.529288
"SNP_A-2066751"	11	83095855	0.507822
"SNP_A-2242722"	11	83156600	0.473522
"SNP_A-4233041"	11	83165537	0.329724
"SNP_A-2306201"	11	83165856	0.179153
"SNP_A-2012741"	11	83168621	0.285188
"SNP_A-4215252"	11	83169143	0.532478
"SNP_A-2012742"	11	83179614	0.434503
"SNP_A-2197616"	11	83189802	0.286869
"SNP_A-2162991"	11	83213691	0.29288
"SNP_A-1954002"	11	83218791	0.308339
"SNP_A-4230938"	11	83230307	0.638395
"SNP_A-2042359"	11	83243301	0.627263
"SNP_A-2012748"	11	83256927	0.429494
"SNP_A-1906796"	11	83266085	0.590145
"SNP_A-1837572"	11	83266596	0.140006
"SNP_A-2137954"	11	83269974	0.435068
"SNP_A-2159316"	11	83270161	0.073752
"SNP_A-2269664"	11	83271705	0.266916
"SNP_A-2112900"	11	83278924	0.580636
"SNP_A-1895863"	11	83293397	0.749089
"SNP_A-2057989"	11	83293834	0.510587
"SNP_A-1832025"	11	83294165	0.281332
"SNP_A-4219094"	11	83303264	0.319548
"SNP_A-1883665"	11	83306399	0.319061
"SNP_A-1944710"	11	83311878	0.276501
"SNP_A-1913704"	11	83312631	0.765157
"SNP_A-2056792"	11	83312749	0.623862
"SNP_A-2233520"	11	83312825	0.111826
"SNP_A-2057348"	11	83323901	0.209241
"SNP_A-4196233"	11	83330882	0.578142
"SNP_A-1807698"	11	83340053	0.176061
"SNP_A-2096593"	11	83342163	0.392711
"SNP_A-2126709"	11	83343008	0.291845
"SNP_A-2269465"	11	83343136	0.422386
"SNP_A-2062525"	11	83343181	0.06017
"SNP_A-4230360"	11	83372736	0.409248
"SNP_A-2107643"	11	83373781	0.261816
"SNP_A-2072759"	11	83387642	0.325446
"SNP_A-1796545"	11	83388264	0.888293
"SNP_A-2039505"	11	83403467	0.45308
"SNP_A-2074476"	11	83407890	0.903377
"SNP_A-2261032"	11	83410784	0.663431
"SNP_A-2158577"	11	83436892	0.583931
"SNP_A-2012757"	11	83444686	0.375115
"SNP_A-4193458"	11	83452078	0.648477
"SNP_A-4215253"	11	83479618	0.317667
"SNP_A-2012761"	11	83480119	0.170162
"SNP_A-1906040"	11	83508062	0.176451
"SNP_A-1883000"	11	83508907	0.274193
"SNP_A-1952729"	11	83513249	0.221612
"SNP_A-2133986"	11	83513418	0.160699
"SNP_A-2012766"	11	83517640	0.023903
"SNP_A-2012767"	11	83517920	0.423079
"SNP_A-2002096"	11	83524141	0.204992
"SNP_A-2012768"	11	83525258	0.648848
"SNP_A-2012769"	11	83525615	0.374947
"SNP_A-2012770"	11	83525653	0.333291
"SNP_A-2198622"	11	83542529	0.518611
"SNP_A-1943801"	11	83556330	0.204174
"SNP_A-4231990"	11	83557492	0.447482
"SNP_A-2274380"	11	83566224	0.512883
"SNP_A-2012775"	11	83581808	0.50668
"SNP_A-4228421"	11	83595987	0.48597
"SNP_A-2028657"	11	83596954	0.430833
"SNP_A-1907878"	11	83597820	0.693196
"SNP_A-2281024"	11	83598063	0.261158
"SNP_A-1818883"	11	83603859	0.316694
"SNP_A-2203793"	11	83604806	0.475093
"SNP_A-2209132"	11	83609529	0.297276
"SNP_A-2012782"	11	83623412	0.881709
"SNP_A-1796633"	11	83625484	0.651614
"SNP_A-1865953"	11	83629933	0.383935
"SNP_A-2002097"	11	83632372	0.392522
"SNP_A-1941883"	11	83639308	-0.172792
"SNP_A-2142804"	11	83645884	0.318762
"SNP_A-2214430"	11	83662736	-0.17669
"SNP_A-4215256"	11	83679509	0.048308
"SNP_A-2027505"	11	83745645	0.249932
"SNP_A-4193665"	11	83770628	0.250666
"SNP_A-2055440"	11	83789032	0.543797
"SNP_A-2048096"	11	83789293	0.466147
"SNP_A-2083263"	11	83790238	0.582188
"SNP_A-2012803"	11	83791078	0.424606
"SNP_A-4192932"	11	83793945	0.216132
"SNP_A-2063924"	11	83797302	0.699425
"SNP_A-2254163"	11	83798629	0.711483
"SNP_A-4226210"	11	83807601	0.296838
"SNP_A-2012805"	11	83813054	0.578499
"SNP_A-2064377"	11	83839609	0.379651
"SNP_A-2012806"	11	83842180	0.502331
"SNP_A-2066379"	11	83852697	0.411427
"SNP_A-1911295"	11	83852803	0.274011
"SNP_A-1918774"	11	83857199	0.761406
"SNP_A-2012809"	11	83858905	0.023996
"SNP_A-2184002"	11	83859087	-0.044123
"SNP_A-1928081"	11	83900085	0.215239
"SNP_A-4201522"	11	83926033	0.23865
"SNP_A-2012812"	11	83930298	0.466648
"SNP_A-2105600"	11	83936804	0.547614
"SNP_A-2012813"	11	83941704	0.280185
"SNP_A-2099945"	11	83963664	0.596564
"SNP_A-1885384"	11	83990352	0.343603
"SNP_A-2250176"	11	84036809	0.350592
"SNP_A-4231621"	11	84037744	0.156075
"SNP_A-2012817"	11	84048322	0.045072
"SNP_A-2192029"	11	84048781	0.310535
"SNP_A-2101798"	11	84053507	0.257689
"SNP_A-1907740"	11	84058269	0.273846
"SNP_A-2075154"	11	84063924	0.308682
"SNP_A-4202837"	11	84069547	0.306605
"SNP_A-2274114"	11	84072167	0.155572
"SNP_A-2221247"	11	84077677	0.215782
"SNP_A-1958847"	11	84089905	0.603313
"SNP_A-2088366"	11	84151075	0.535171
"SNP_A-1938295"	11	84153124	0.333473
"SNP_A-1882769"	11	84177194	0.268092
"SNP_A-2091561"	11	84189314	0.437374
"SNP_A-2021937"	11	84210011	0.597949
"SNP_A-2090843"	11	84211479	0.3178
"SNP_A-1848611"	11	84214566	-0.460237
"SNP_A-4215260"	11	84233615	0.379622
"SNP_A-2012833"	11	84236319	0.635991
"SNP_A-2012834"	11	84236523	0.516367
"SNP_A-1831794"	11	84240936	0.123695
"SNP_A-1938566"	11	84247391	0.654057
"SNP_A-1954208"	11	84271204	0.259962
"SNP_A-1951042"	11	84271303	0.532392
"SNP_A-2149391"	11	84271398	0.71068
"SNP_A-2012839"	11	84276593	0.684446
"SNP_A-2012840"	11	84276650	0.413678
"SNP_A-2264893"	11	84281431	0.489103
"SNP_A-1783148"	11	84281964	0.517567
"SNP_A-4206230"	11	84282001	0.824081
"SNP_A-2138524"	11	84283401	0.580931
"SNP_A-2076794"	11	84304683	0.369596
"SNP_A-4207001"	11	84305742	0.451303
"SNP_A-2029798"	11	84308210	0.466506
"SNP_A-1840147"	11	84314134	0.659629
"SNP_A-1828936"	11	84314297	0.181362
"SNP_A-2068938"	11	84314713	0.397499
"SNP_A-2265049"	11	84319720	0.378647
"SNP_A-2026858"	11	84319811	0.422543
"SNP_A-1879391"	11	84337570	0.230553
"SNP_A-2029333"	11	84379747	0.525991
"SNP_A-1918288"	11	84390267	0.222258
"SNP_A-4232341"	11	84395787	0.278013
"SNP_A-2012859"	11	84403476	0.419604
"SNP_A-2051638"	11	84412643	0.603059
"SNP_A-2012861"	11	84425370	0.595166
"SNP_A-4222786"	11	84432745	0.765142
"SNP_A-2012862"	11	84433373	0.21452
"SNP_A-4215264"	11	84433725	0.646885
"SNP_A-1921611"	11	84436639	0.208595
"SNP_A-4220303"	11	84439577	0.411676
"SNP_A-2126111"	11	84440339	0.014296
"SNP_A-2154542"	11	84443519	0.18046
"SNP_A-2012865"	11	84463639	0.312995
"SNP_A-2012866"	11	84463780	0.362373
"SNP_A-2012867"	11	84463859	0.481991
"SNP_A-4215265"	11	84468686	0.222994
"SNP_A-2012870"	11	84468782	0.614005
"SNP_A-4231242"	11	84473132	0.492196
"SNP_A-1793485"	11	84477522	0.341844
"SNP_A-2012871"	11	84478951	0.396263
"SNP_A-2012872"	11	84478981	0.172614
"SNP_A-4215266"	11	84479086	0.01479
"SNP_A-1943062"	11	84489649	0.299006
"SNP_A-2012874"	11	84499629	0.686827
"SNP_A-2183821"	11	84503215	0.396195
"SNP_A-2060125"	11	84514873	0.525254
"SNP_A-2222159"	11	84515546	0.602237
"SNP_A-1834091"	11	84523573	0.298034
"SNP_A-4215268"	11	84524752	0.006917
"SNP_A-2012877"	11	84552437	-0.403953
"SNP_A-2087331"	11	84553857	0.568656
"SNP_A-4200389"	11	84554869	0.503444
"SNP_A-2234888"	11	84575380	0.420593
"SNP_A-4193148"	11	84589194	0.339844
"SNP_A-2012881"	11	84620725	0.777673
"SNP_A-2199133"	11	84623871	0.720191
"SNP_A-2231677"	11	84640690	0.649363
"SNP_A-4206292"	11	84655575	0.741679
"SNP_A-1780560"	11	84655656	0.966651
"SNP_A-1876125"	11	84656628	0.557811
"SNP_A-2090887"	11	84670287	0.075916
"SNP_A-2256640"	11	84671291	1.14613
"SNP_A-1933936"	11	84682617	0.598448
"SNP_A-2201025"	11	84684619	0.137516
"SNP_A-1828587"	11	84684674	-0.155936
"SNP_A-4215269"	11	84688230	0.353335
"SNP_A-4218435"	11	84695760	0.119604
"SNP_A-4203162"	11	84697339	0.418297
"SNP_A-1851089"	11	84723894	0.80056
"SNP_A-2121609"	11	84749158	0.2225
"SNP_A-4206944"	11	84751918	0.733564
"SNP_A-1879906"	11	84752139	0.601109
"SNP_A-2155013"	11	84765058	0.206755
"SNP_A-2297511"	11	84768438	0.446577
"SNP_A-2211326"	11	84820776	0.270857
"SNP_A-1947003"	11	84869209	0.429235
"SNP_A-2073083"	11	84869633	0.435848
"SNP_A-4207136"	11	84882119	0.568913
"SNP_A-4216319"	11	84883455	-0.142421
"SNP_A-1846622"	11	84884003	0.253437
"SNP_A-1932362"	11	84913980	0.717302
"SNP_A-2286713"	11	84965592	0.374166
"SNP_A-4233483"	11	84968560	0.546182
"SNP_A-1806090"	11	84980802	0.109291
"SNP_A-2189823"	11	84981803	0.434411
"SNP_A-2142639"	11	85042204	0.480289
"SNP_A-1804829"	11	85056699	0.74989
"SNP_A-4201335"	11	85057159	0.342066
"SNP_A-2054209"	11	85058218	0.477857
"SNP_A-2012905"	11	85068317	0.2855
"SNP_A-2102513"	11	85073366	0.449959
"SNP_A-2012908"	11	85114516	0.509012
"SNP_A-1957463"	11	85125259	0.472672
"SNP_A-4219213"	11	85133844	0.541666
"SNP_A-4197278"	11	85134351	0.545875
"SNP_A-2250035"	11	85148541	0.618515
"SNP_A-1796826"	11	85164514	0.729389
"SNP_A-4206176"	11	85181108	0.23041
"SNP_A-1884852"	11	85187454	0.169798
"SNP_A-2131385"	11	85189805	0.672438
"SNP_A-2141570"	11	85203217	0.568515
"SNP_A-2265735"	11	85210345	0.190924
"SNP_A-4196088"	11	85212194	0.695237
"SNP_A-2125991"	11	85217265	0.009688
"SNP_A-2305159"	11	85234807	0.37039
"SNP_A-1877415"	11	85250607	0.337529
"SNP_A-2012918"	11	85250900	0.194701
"SNP_A-2115684"	11	85252758	0.403413
"SNP_A-1845233"	11	85253775	0.586858
"SNP_A-2227958"	11	85272986	0.636125
"SNP_A-2115723"	11	85274572	0.650402
"SNP_A-2012925"	11	85287454	0.087628
"SNP_A-1818097"	11	85287757	0.466011
"SNP_A-2041533"	11	85320092	0.479413
"SNP_A-2134386"	11	85320411	0.063242
"SNP_A-1829668"	11	85335549	0.788579
"SNP_A-2046370"	11	85350772	0.207808
"SNP_A-2012934"	11	85359037	0.565352
"SNP_A-4215276"	11	85359564	0.320456
"SNP_A-1800769"	11	85367433	0.249595
"SNP_A-4229519"	11	85367660	0.606058
"SNP_A-1914271"	11	85367689	0.57828
"SNP_A-1934857"	11	85415613	0.746944
"SNP_A-2168609"	11	85432210	0.377278
"SNP_A-1944914"	11	85432369	0.63357
"SNP_A-2012946"	11	85435237	0.745488
"SNP_A-2012947"	11	85452707	0.503856
"SNP_A-2012948"	11	85455489	0.335426
"SNP_A-1928731"	11	85460233	0.336797
"SNP_A-2287895"	11	85465472	0.502169
"SNP_A-2242412"	11	85465999	0.621946
"SNP_A-4223651"	11	85488111	0.036657
"SNP_A-2076721"	11	85488474	0.5389
"SNP_A-4196303"	11	85497725	0.412815
"SNP_A-1944256"	11	85525529	0.403352
"SNP_A-2090983"	11	85533835	0.895621
"SNP_A-1790106"	11	85537131	0.281614
"SNP_A-1893645"	11	85539067	-0.342318
"SNP_A-4218188"	11	85542839	0.51762
"SNP_A-2050001"	11	85547385	0.243178
"SNP_A-2051044"	11	85547592	0.215965
"SNP_A-1857069"	11	85556553	0.869591
"SNP_A-2254405"	11	85586897	-0.092789
"SNP_A-2073878"	11	85600090	0.463874
"SNP_A-1927096"	11	85637012	0.024283
"SNP_A-4207076"	11	85650126	0.193519
"SNP_A-2251314"	11	85650587	0.32905
"SNP_A-1883141"	11	85654185	0.865495
"SNP_A-2145858"	11	85733549	1.401981
"SNP_A-2308968"	11	85734054	0.484731
"SNP_A-4192515"	11	85762792	-0.124846
"SNP_A-4236924"	11	85794285	0.314223
"SNP_A-2012972"	11	85851213	0.329468
"SNP_A-2289340"	11	85854703	0.527527
"SNP_A-1928250"	11	85860589	0.363217
"SNP_A-4238271"	11	85861280	0.615873
"SNP_A-2088080"	11	85865800	-0.215024
"SNP_A-2311831"	11	85869068	0.428536
"SNP_A-1904343"	11	85886292	0.36036
"SNP_A-1788288"	11	85886545	-0.081294
"SNP_A-2274605"	11	85887204	0.32131
"SNP_A-4205910"	11	85888725	0.192562
"SNP_A-4226225"	11	85895409	0.826707
"SNP_A-2076573"	11	85903240	0.638736
"SNP_A-2273963"	11	85904246	0.265706
"SNP_A-2033747"	11	85904293	0.374876
"SNP_A-2287121"	11	85905454	0.589195
"SNP_A-1809838"	11	85908546	0.18565
"SNP_A-2012983"	11	85910316	0.730429
"SNP_A-4215281"	11	85931243	0.536473
"SNP_A-2173073"	11	85942143	0.429561
"SNP_A-2191141"	11	85945281	0.175488
"SNP_A-1915161"	11	85947733	0.090047
"SNP_A-4236697"	11	85951024	0.263484
"SNP_A-4215283"	11	85969273	0.473306
"SNP_A-2012997"	11	85969331	-0.104031
"SNP_A-4215284"	11	85983465	0.072739
"SNP_A-1876503"	11	85996195	0.400201
"SNP_A-1827519"	11	85998560	0.04015
"SNP_A-1918723"	11	85998641	0.512698
"SNP_A-1952367"	11	86009280	0.258231
"SNP_A-2012999"	11	86017706	0.144925
"SNP_A-2013001"	11	86022731	0.309698
"SNP_A-2013004"	11	86028675	0.267187
"SNP_A-2013005"	11	86028834	0.557216
"SNP_A-4196322"	11	86028952	0.175578
"SNP_A-4202057"	11	86029019	0.437475
"SNP_A-4215285"	11	86029148	0.284727
"SNP_A-4238652"	11	86051465	0.32417
"SNP_A-4220091"	11	86076713	-0.017075
"SNP_A-2220309"	11	86076975	0.662748
"SNP_A-2299530"	11	86077011	0.277202
"SNP_A-4221169"	11	86090330	0.768508
"SNP_A-4231500"	11	86090346	0.046766
"SNP_A-2296350"	11	86090528	0.306964
"SNP_A-2054955"	11	86090889	-0.045696
"SNP_A-4203736"	11	86106741	0.567192
"SNP_A-2233654"	11	86116532	0.555254
"SNP_A-2095226"	11	86117396	0.044606
"SNP_A-2311642"	11	86124131	0.637945
"SNP_A-2131682"	11	86124216	0.496902
"SNP_A-2132758"	11	86125313	0.52008
"SNP_A-2306318"	11	86134174	0.071689
"SNP_A-1918427"	11	86135305	0.614878
"SNP_A-2002105"	11	86139613	0.135384
"SNP_A-2013013"	11	86148471	0.328549
"SNP_A-1904771"	11	86176062	0.208956
"SNP_A-2068397"	11	86206776	0.592149
"SNP_A-1839827"	11	86207251	0.318154
"SNP_A-2132009"	11	86233139	0.459954
"SNP_A-4206002"	11	86233253	0.486149
"SNP_A-2150581"	11	86254999	0.318707
"SNP_A-2135853"	11	86285448	0.586734
"SNP_A-4193044"	11	86287895	0.759632
"SNP_A-2283050"	11	86291082	-0.159124
"SNP_A-1858244"	11	86292677	0.412496
"SNP_A-1929431"	11	86296526	0.397928
"SNP_A-4203810"	11	86310046	0.533216
"SNP_A-4219686"	11	86311220	0.39799
"SNP_A-1811599"	11	86346094	0.315123
"SNP_A-2274223"	11	86371504	0.725886
"SNP_A-2013035"	11	86389142	0.257363
"SNP_A-2259515"	11	86393504	0.493118
"SNP_A-2013036"	11	86402152	0.198085
"SNP_A-4215287"	11	86402360	0.361826
"SNP_A-1838309"	11	86404674	0.288328
"SNP_A-1918450"	11	86407175	0.794507
"SNP_A-2313477"	11	86414539	0.356935
"SNP_A-2190877"	11	86418221	0.405495
"SNP_A-2220045"	11	86421390	0.253302
"SNP_A-1912420"	11	86448855	0.43619
"SNP_A-2094634"	11	86449136	0.489113
"SNP_A-1827916"	11	86467651	0.269736
"SNP_A-2013045"	11	86472504	0.631488
"SNP_A-2255549"	11	86486132	0.453831
"SNP_A-4196220"	11	86489947	0.557551
"SNP_A-2185510"	11	86503517	0.608659
"SNP_A-2013050"	11	86516745	0.489427
"SNP_A-2165367"	11	86517029	0.248721
"SNP_A-2129816"	11	86517184	0.790181
"SNP_A-2095617"	11	86517746	0.185048
"SNP_A-4194870"	11	86521022	0.710452
"SNP_A-2122019"	11	86528384	-0.062071
"SNP_A-4205581"	11	86531957	0.199652
"SNP_A-2141714"	11	86533338	0.710795
"SNP_A-1911899"	11	86535498	0.338278
"SNP_A-2044306"	11	86537892	0.455611
"SNP_A-1836054"	11	86541022	0.216557
"SNP_A-2107951"	11	86548363	0.680494
"SNP_A-1946626"	11	86548496	0.639403
"SNP_A-1959273"	11	86562473	-0.150772
"SNP_A-2021355"	11	86562729	0.019317
"SNP_A-2060640"	11	86565816	0.421897
"SNP_A-2291353"	11	86566310	0.582697
"SNP_A-2048669"	11	86589567	0.125176
"SNP_A-1827222"	11	86595269	0.576309
"SNP_A-2049588"	11	86597643	0.366951
"SNP_A-2054172"	11	86609165	0.379396
"SNP_A-4215289"	11	86613742	0.452223
"SNP_A-4215290"	11	86624637	0.223459
"SNP_A-4215291"	11	86624672	0.634167
"SNP_A-1843067"	11	86625265	0.494407
"SNP_A-2002110"	11	86640026	0.540022
"SNP_A-1860815"	11	86640153	0.269825
"SNP_A-4215292"	11	86641586	0.571418
"SNP_A-1926543"	11	86642246	-0.04861
"SNP_A-2065872"	11	86643039	0.471587
"SNP_A-2244938"	11	86643981	0.419799
"SNP_A-2279542"	11	86645821	0.32735
"SNP_A-1799976"	11	86650836	0.346357
"SNP_A-4218689"	11	86651489	0.302875
"SNP_A-4198987"	11	86657479	0.340207
"SNP_A-1880288"	11	86663229	0.35496
"SNP_A-1954724"	11	86663657	0.465436
"SNP_A-1869856"	11	86663973	0.460567
"SNP_A-2171525"	11	86669381	-0.03029
"SNP_A-2275736"	11	86669542	0.347405
"SNP_A-1961476"	11	86669991	-0.173112
"SNP_A-4229056"	11	86670724	0.220558
"SNP_A-2142869"	11	86670878	0.434666
"SNP_A-2230068"	11	86686386	0.272157
"SNP_A-2100994"	11	86693120	0.429145
"SNP_A-1844113"	11	86712858	0.268618
"SNP_A-2013071"	11	86714943	0.53672
"SNP_A-2013072"	11	86714986	0.306928
"SNP_A-2013073"	11	86715213	0.446166
"SNP_A-2277601"	11	86727079	0.321676
"SNP_A-4204551"	11	86728184	0.475041
"SNP_A-2078316"	11	86758361	0.206116
"SNP_A-2314273"	11	86759018	0.38043
"SNP_A-2159156"	11	86759672	0.296292
"SNP_A-1899109"	11	86760800	0.312837
"SNP_A-2013079"	11	86789967	-0.288199
"SNP_A-2143418"	11	86793506	-0.240824
"SNP_A-4232776"	11	86825398	0.609206
"SNP_A-4205160"	11	86851130	0.449716
"SNP_A-4240691"	11	86851141	0.47725
"SNP_A-2221539"	11	86852052	0.36503
"SNP_A-2298352"	11	86852168	0.429476
"SNP_A-2070273"	11	86863653	0.181534
"SNP_A-2101186"	11	86864830	0.398001
"SNP_A-1932536"	11	86864954	0.813812
"SNP_A-2252070"	11	86874972	0.394756
"SNP_A-2013084"	11	86884024	0.274714
"SNP_A-2161518"	11	86884878	0.067147
"SNP_A-2104049"	11	86895273	0.235251
"SNP_A-1921870"	11	86898285	0.421452
"SNP_A-2285633"	11	86898392	0.368163
"SNP_A-4236430"	11	86898561	0.413256
"SNP_A-1877854"	11	86898634	0.433794
"SNP_A-1950602"	11	86899326	0.291346
"SNP_A-1960826"	11	86899427	0.181634
"SNP_A-4198056"	11	86899478	0.292904
"SNP_A-4230380"	11	86903244	0.554422
"SNP_A-2164368"	11	86903393	-0.245553
"SNP_A-2280010"	11	86904123	0.542363
"SNP_A-4196619"	11	86904392	0.831235
"SNP_A-1914983"	11	86904811	0.282588
"SNP_A-2167811"	11	86907172	0.499621
"SNP_A-4233672"	11	86917389	0.173801
"SNP_A-4195729"	11	86953503	0.633875
"SNP_A-1863771"	11	86953923	0.512274
"SNP_A-2121719"	11	86955572	-0.022268
"SNP_A-4218807"	11	86961994	0.261727
"SNP_A-4206597"	11	86963038	0.004247
"SNP_A-4221626"	11	86978048	0.395858
"SNP_A-2038615"	11	86983865	-0.138775
"SNP_A-2158224"	11	86990073	0.301612
"SNP_A-1854373"	11	86990429	-0.157007
"SNP_A-4220265"	11	86995917	0.020195
"SNP_A-1796026"	11	87002139	-0.191684
"SNP_A-1787354"	11	87002971	0.372841
"SNP_A-1896346"	11	87022155	0.320048
"SNP_A-1802212"	11	87022282	0.109256
"SNP_A-1785176"	11	87022469	0.425059
"SNP_A-2087447"	11	87022511	0.01361
"SNP_A-4235120"	11	87022900	0.018661
"SNP_A-1898836"	11	87048850	0.29548
"SNP_A-1895688"	11	87055426	0.593367
"SNP_A-2013091"	11	87055831	0.40625
"SNP_A-4195565"	11	87071798	0.381585
"SNP_A-4200908"	11	87081049	0.604641
"SNP_A-2280694"	11	87086232	0.399429
"SNP_A-4237714"	11	87101214	0.430543
"SNP_A-1906307"	11	87104730	0.416551
"SNP_A-2284662"	11	87104758	0.389905
"SNP_A-4201622"	11	87104853	0.276359
"SNP_A-1830427"	11	87105533	0.465104
"SNP_A-4201538"	11	87113083	0.611901
"SNP_A-4215294"	11	87117263	0.441559
"SNP_A-4220260"	11	87117771	0.362178
"SNP_A-2027144"	11	87132574	0.34551
"SNP_A-2228398"	11	87138312	0.439587
"SNP_A-1835789"	11	87146080	0.432531
"SNP_A-2181762"	11	87159566	0.160431
"SNP_A-1839716"	11	87164250	0.311172
"SNP_A-2021889"	11	87166652	0.106175
"SNP_A-2079028"	11	87167052	0.363255
"SNP_A-4226483"	11	87197177	0.42559
"SNP_A-4215295"	11	87201391	0.122378
"SNP_A-4215296"	11	87201552	0.219707
"SNP_A-2013103"	11	87201589	0.174433
"SNP_A-1788657"	11	87202724	0.529918
"SNP_A-2128974"	11	87202808	0.277472
"SNP_A-2260155"	11	87202913	0.692567
"SNP_A-2013104"	11	87203798	0.585325
"SNP_A-4199264"	11	87212306	0.17893
"SNP_A-4219558"	11	87239520	0.235391
"SNP_A-4206849"	11	87250138	0.163983
"SNP_A-2116402"	11	87292778	0.282885
"SNP_A-4199832"	11	87322406	0.495853
"SNP_A-2304977"	11	87334711	0.301214
"SNP_A-2131539"	11	87351243	0.249084
"SNP_A-4196381"	11	87351896	0.545415
"SNP_A-4218054"	11	87354387	0.57392
"SNP_A-1786980"	11	87391146	0.411432
"SNP_A-2221260"	11	87422928	0.392162
"SNP_A-2197948"	11	87423992	0.122188
"SNP_A-4217055"	11	87424069	-0.239472
"SNP_A-2013115"	11	87428540	0.432103
"SNP_A-2229868"	11	87430633	0.180264
"SNP_A-2197920"	11	87431084	0.214814
"SNP_A-1835296"	11	87431135	-0.111832
"SNP_A-2013117"	11	87436791	0.156717
"SNP_A-2171965"	11	87438212	-0.031004
"SNP_A-4215298"	11	87444914	0.584089
"SNP_A-2013120"	11	87445084	0.522392
"SNP_A-2199955"	11	87450170	0.460663
"SNP_A-1829419"	11	87454812	0.207758
"SNP_A-1888246"	11	87463969	0.565033
"SNP_A-1782239"	11	87475648	0.078281
"SNP_A-2028214"	11	87486451	0.423657
"SNP_A-4197348"	11	87500348	0.460758
"SNP_A-2013129"	11	87509227	0.16809
"SNP_A-4215299"	11	87513536	0.01705
"SNP_A-1807740"	11	87518723	0.320857
"SNP_A-2249564"	11	87523941	0.263308
"SNP_A-4215300"	11	87530015	0.668547
"SNP_A-2146612"	11	87538077	0.32127
"SNP_A-2121285"	11	87538100	0.186205
"SNP_A-4235557"	11	87542427	0.413348
"SNP_A-2266881"	11	87542538	0.422127
"SNP_A-4229603"	11	87545638	0.417303
"SNP_A-1860075"	11	87553980	0.440756
"SNP_A-1803549"	11	87556151	0.230942
"SNP_A-2278810"	11	87556320	0.041087
"SNP_A-1782275"	11	87561811	0.280192
"SNP_A-1860493"	11	87562602	0.262265
"SNP_A-1928560"	11	87562831	0.39739
"SNP_A-1849100"	11	87575672	0.517735
"SNP_A-1875063"	11	87575838	0.6542
"SNP_A-1836957"	11	87576421	0.180846
"SNP_A-2263681"	11	87577169	0.194465
"SNP_A-2013139"	11	87578579	0.336497
"SNP_A-2013141"	11	87588117	0.141867
"SNP_A-2013142"	11	87588633	0.424091
"SNP_A-2186954"	11	87597469	0.30576
"SNP_A-4215301"	11	87628608	0.35725
"SNP_A-2013147"	11	87659624	0.25282
"SNP_A-2121755"	11	87662636	0.73429
"SNP_A-1814694"	11	87662821	0.346926
"SNP_A-2013151"	11	87684092	0.760295
"SNP_A-2242181"	11	87684152	0.516758
"SNP_A-1871102"	11	87693704	0.114719
"SNP_A-2013153"	11	87699848	0.50847
"SNP_A-2259335"	11	87700147	0.253386
"SNP_A-2205245"	11	87729400	0.538855
"SNP_A-4215302"	11	87740895	0.729313
"SNP_A-2013160"	11	87741033	0.406211
"SNP_A-2013161"	11	87741292	0.502597
"SNP_A-1959441"	11	87741557	-0.08052
"SNP_A-1816260"	11	87742130	0.578014
"SNP_A-2033928"	11	87742387	0.414963
"SNP_A-1884511"	11	87778667	0.094229
"SNP_A-2013163"	11	87787086	0.541484
"SNP_A-2013164"	11	87787221	0.235167
"SNP_A-2013168"	11	87787494	0.750242
"SNP_A-2013169"	11	87787617	0.023463
"SNP_A-2029135"	11	87791355	0.867801
"SNP_A-2132650"	11	87791549	0.244334
"SNP_A-4200902"	11	87815416	0.752873
"SNP_A-1937555"	11	87855189	0.501245
"SNP_A-1865505"	11	87855405	0.456719
"SNP_A-1915448"	11	87855498	0.161711
"SNP_A-2151190"	11	87855625	-0.108637
"SNP_A-2299874"	11	87856424	0.456845
"SNP_A-1869162"	11	87866611	0.048186
"SNP_A-2283055"	11	87869279	0.401882
"SNP_A-1802916"	11	87892292	0.317766
"SNP_A-1827728"	11	87897830	0.268954
"SNP_A-1865525"	11	87926085	0.249067
"SNP_A-2013197"	11	87927099	0.203703
"SNP_A-2135056"	11	87927999	0.377876
"SNP_A-4215306"	11	87928204	0.290079
"SNP_A-1919170"	11	87934699	0.566288
"SNP_A-1926489"	11	87948954	0.153298
"SNP_A-2146014"	11	87949324	-0.333743
"SNP_A-1837996"	11	87959264	0.273186
"SNP_A-1874584"	11	87961372	0.998352
"SNP_A-2013200"	11	87971149	0.778053
"SNP_A-2237916"	11	87977761	0.656263
"SNP_A-2013206"	11	88000501	0.379348
"SNP_A-2122098"	11	88004946	0.159957
"SNP_A-4207207"	11	88013500	0.332088
"SNP_A-2120393"	11	88013717	0.23254
"SNP_A-2013208"	11	88014699	0.397434
"SNP_A-2013212"	11	88018176	0.406401
"SNP_A-4197142"	11	88038106	0.345559
"SNP_A-2080234"	11	88039390	0.459372
"SNP_A-2002116"	11	88049581	0.345666
"SNP_A-1897098"	11	88057324	0.219601
"SNP_A-2084419"	11	88057432	0.255298
"SNP_A-4203992"	11	88061050	0.296989
"SNP_A-1905575"	11	88067683	0.496539
"SNP_A-2102216"	11	88069567	-0.034582
"SNP_A-1903890"	11	88073130	0.428383
"SNP_A-2256340"	11	88073510	0.123179
"SNP_A-4201030"	11	88075387	0.07089
"SNP_A-2052724"	11	88075857	0.338304
"SNP_A-2160042"	11	88076644	0.668668
"SNP_A-1792321"	11	88076669	0.444565
"SNP_A-2305037"	11	88086290	0.482606
"SNP_A-4199596"	11	88087294	0.528486
"SNP_A-4224421"	11	88087716	-0.113649
"SNP_A-4227517"	11	88087865	-0.126059
"SNP_A-1797131"	11	88094126	0.357302
"SNP_A-2212075"	11	88094174	0.177528
"SNP_A-2303366"	11	88095026	0.155188
"SNP_A-1780471"	11	88109811	0.576347
"SNP_A-1901333"	11	88110050	0.439406
"SNP_A-2013224"	11	88119830	0.243178
"SNP_A-2013225"	11	88120139	0.344617
"SNP_A-2260087"	11	88129960	0.667179
"SNP_A-1802638"	11	88143018	0.210206
"SNP_A-1818296"	11	88143070	0.283574
"SNP_A-2167317"	11	88144182	0.491305
"SNP_A-4239273"	11	88154167	0.606723
"SNP_A-2155665"	11	88154399	0.453465
"SNP_A-2057009"	11	88167087	-0.351617
"SNP_A-2013235"	11	88183363	0.702722
"SNP_A-1901835"	11	88192675	0.113673
"SNP_A-2013236"	11	88198124	0.304131
"SNP_A-2222026"	11	88198927	0.404634
"SNP_A-2013237"	11	88199799	0.735988
"SNP_A-2150836"	11	88200081	0.35442
"SNP_A-4192479"	11	88200603	0.334841
"SNP_A-1874993"	11	88200632	0.098928
"SNP_A-1908050"	11	88202679	0.228105
"SNP_A-1891989"	11	88207021	0.197394
"SNP_A-2033297"	11	88215613	0.400283
"SNP_A-2076440"	11	88253351	0.172583
"SNP_A-1864388"	11	88282233	0.389294
"SNP_A-2124341"	11	88290695	0.20025
"SNP_A-1924769"	11	88301092	0.47932
"SNP_A-2191260"	11	88310071	0.270518
"SNP_A-2281142"	11	88319446	0.657207
"SNP_A-4220989"	11	88324047	0.331461
"SNP_A-2099132"	11	88324468	0.289815
"SNP_A-2080417"	11	88333920	0.180501
"SNP_A-2137336"	11	88387196	0.438274
"SNP_A-4215315"	11	88387810	0.444247
"SNP_A-2040430"	11	88394996	-0.072171
"SNP_A-2092442"	11	88398239	0.563454
"SNP_A-2013268"	11	88408328	-0.017757
"SNP_A-2157885"	11	88432121	0.03317
"SNP_A-1820881"	11	88432967	0.391167
"SNP_A-4215316"	11	88433828	0.561569
"SNP_A-2063065"	11	88437169	0.405846
"SNP_A-2125276"	11	88470985	0.037471
"SNP_A-4201076"	11	88511152	0.285271
"SNP_A-2268591"	11	88536257	0.216634
"SNP_A-2287941"	11	88548553	0.063414
"SNP_A-4196760"	11	88555218	0.468205
"SNP_A-4206798"	11	88561729	0.530727
"SNP_A-1792163"	11	88590980	0.200502
"SNP_A-1868204"	11	88591680	0.288546
"SNP_A-2158165"	11	88600836	0.452509
"SNP_A-1883085"	11	88624632	0.429584
"SNP_A-2082366"	11	88624783	0.440558
"SNP_A-2154327"	11	88633948	-0.204861
"SNP_A-2013289"	11	88664103	-0.011095
"SNP_A-2013293"	11	88677208	-0.190215
"SNP_A-4234748"	11	88734254	0.810307
"SNP_A-2146304"	11	88734538	0.119544
"SNP_A-1804212"	11	88750955	-0.069412
"SNP_A-2245367"	11	88751030	0.013781
"SNP_A-1893193"	11	88774067	0.463852
"SNP_A-2024970"	11	88778861	0.236259
"SNP_A-1920022"	11	88780016	0.176771
"SNP_A-1797088"	11	88781154	0.49148
"SNP_A-4228503"	11	88790071	0.777141
"SNP_A-2096778"	11	88807317	0.723056
"SNP_A-2013306"	11	88815035	0.355331
"SNP_A-2177237"	11	88824176	0.386514
"SNP_A-1898475"	11	88837210	0.594636
"SNP_A-2197080"	11	88837360	0.556989
"SNP_A-2225601"	11	88853762	0.219943
"SNP_A-1843198"	11	88857356	0.054762
"SNP_A-2170473"	11	88857515	0.508743
"SNP_A-1849280"	11	88871397	0.347462
"SNP_A-1830411"	11	88877494	0.197806
"SNP_A-2210937"	11	88889587	0.07401
"SNP_A-1913374"	11	88904815	0.100698
"SNP_A-2025298"	11	88915360	0.324153
"SNP_A-1833352"	11	88915814	0.930101
"SNP_A-4226379"	11	88937396	0.379773
"SNP_A-2063228"	11	88973482	-0.037383
"SNP_A-4199035"	11	88978370	0.508335
"SNP_A-2179401"	11	88980209	0.457598
"SNP_A-2178213"	11	88987781	-0.085305
"SNP_A-4196848"	11	88988935	0.34334
"SNP_A-2148192"	11	89020533	0.386008
"SNP_A-4215320"	11	89023502	0.111285
"SNP_A-2204577"	11	89032447	0.336771
"SNP_A-2239697"	11	89082984	0.026334
"SNP_A-1861945"	11	89083842	0.312832
"SNP_A-2140525"	11	89095092	0.158622
"SNP_A-2154702"	11	89471689	-0.063115
"SNP_A-4224094"	11	89474915	0.572312
"SNP_A-4238018"	11	89482261	0.53305
"SNP_A-1920880"	11	89483126	0.339348
"SNP_A-2106629"	11	89508403	0.213797
"SNP_A-4235426"	11	89525448	0.201208
"SNP_A-2028955"	11	89525932	0.399302
"SNP_A-2221870"	11	89526602	0.18733
"SNP_A-1878053"	11	89535588	0.150194
"SNP_A-2274076"	11	89538230	0.666583
"SNP_A-2083605"	11	89538330	0.328215
"SNP_A-1945681"	11	89538451	0.514325
"SNP_A-2036132"	11	89564827	0.517675
"SNP_A-2139842"	11	89581710	0.39049
"SNP_A-1826210"	11	89588745	0.291593
"SNP_A-2013366"	11	89599131	0.251906
"SNP_A-2277353"	11	89603003	0.16639
"SNP_A-2055457"	11	89614747	0.222485
"SNP_A-1930476"	11	89619726	0.501082
"SNP_A-4228306"	11	89628806	-0.190633
"SNP_A-4232957"	11	89629135	0.590796
"SNP_A-2124621"	11	89647811	-0.026472
"SNP_A-2128663"	11	89682187	0.324961
"SNP_A-1813971"	11	89693979	0.349536
"SNP_A-4221276"	11	89694233	0.145565
"SNP_A-2178977"	11	89712486	0.395362
"SNP_A-2032889"	11	89722323	0.035177
"SNP_A-1820664"	11	89730130	0.57255
"SNP_A-1945098"	11	89748363	0.516316
"SNP_A-2160678"	11	89761523	-0.038224
"SNP_A-2054528"	11	89769292	0.611242
"SNP_A-1919367"	11	89770013	0.991823
"SNP_A-2208916"	11	89787097	0.590989
"SNP_A-2013378"	11	89792079	0.294194
"SNP_A-4204198"	11	89796237	0.490659
"SNP_A-1934604"	11	89797166	0.278194
"SNP_A-4195705"	11	89806035	0.35542
"SNP_A-2256211"	11	89806845	-0.167385
"SNP_A-2293775"	11	89807187	0.274278
"SNP_A-1952059"	11	89814320	0.221529
"SNP_A-4240795"	11	89819048	0.555877
"SNP_A-2272823"	11	89819115	0.447593
"SNP_A-1800450"	11	89819814	0.147922
"SNP_A-2135245"	11	89822821	0.116585
"SNP_A-2229271"	11	89823524	0.235017
"SNP_A-1930597"	11	89823633	0.43896
"SNP_A-4215324"	11	89823693	0.511707
"SNP_A-2013380"	11	89826508	1.040676
"SNP_A-4204997"	11	89842824	0.391638
"SNP_A-2013386"	11	89854990	0.359247
"SNP_A-2134919"	11	89855586	0.703561
"SNP_A-1815694"	11	89857625	0.442628
"SNP_A-4202651"	11	89873183	0.531057
"SNP_A-2116695"	11	89873859	0.377335
"SNP_A-1905686"	11	89873977	0.227759
"SNP_A-4194272"	11	89875357	0.05812
"SNP_A-1901078"	11	89875441	0.524939
"SNP_A-1818605"	11	89875653	0.685217
"SNP_A-4197238"	11	89877083	0.206638
"SNP_A-2103418"	11	89880382	0.575789
"SNP_A-2094780"	11	89881547	0.306004
"SNP_A-2084343"	11	89881594	0.512347
"SNP_A-1873235"	11	89882297	0.185642
"SNP_A-1889858"	11	89887250	0.309507
"SNP_A-2052547"	11	89887386	0.295206
"SNP_A-1871674"	11	89888327	0.59457
"SNP_A-1832562"	11	89890560	0.30607
"SNP_A-1831322"	11	89903904	0.311398
"SNP_A-1898441"	11	89912600	0.798183
"SNP_A-4215325"	11	89921579	0.652436
"SNP_A-2013400"	11	89921778	0.538244
"SNP_A-4202563"	11	89941007	0.120817
"SNP_A-2013403"	11	89948043	0.137797
"SNP_A-2013404"	11	89949546	0.613833
"SNP_A-4201266"	11	89962752	0.553046
"SNP_A-4215326"	11	89965850	0.675532
"SNP_A-2013406"	11	89966137	0.610543
"SNP_A-4214157"	11	89966359	0.340557
"SNP_A-4195028"	11	89967297	0.52761
"SNP_A-2283940"	11	89968188	0.214354
"SNP_A-2281107"	11	89968444	0.717176
"SNP_A-4195945"	11	89968763	0.065148
"SNP_A-2290391"	11	89969003	0.385243
"SNP_A-1894987"	11	89969033	0.529675
"SNP_A-4215327"	11	89982407	0.443195
"SNP_A-4236108"	11	89996935	0.340281
"SNP_A-4238173"	11	90000540	0.235209
"SNP_A-4237383"	11	90001747	-0.045962
"SNP_A-2194473"	11	90003224	0.611623
"SNP_A-1958352"	11	90003580	0.104924
"SNP_A-2013412"	11	90007721	0.24215
"SNP_A-2013417"	11	90015379	0.209293
"SNP_A-2013418"	11	90015493	0.55611
"SNP_A-2013419"	11	90015543	0.272716
"SNP_A-2013421"	11	90016059	0.535893
"SNP_A-2026090"	11	90043760	0.344748
"SNP_A-1873502"	11	90043872	0.370662
"SNP_A-2149042"	11	90044316	-0.320873
"SNP_A-2184014"	11	90049173	0.28462
"SNP_A-2013422"	11	90049772	0.741615
"SNP_A-2202975"	11	90073839	0.332433
"SNP_A-2013426"	11	90079281	0.267557
"SNP_A-2043890"	11	90093266	0.21418
"SNP_A-2125988"	11	90097831	0.593247
"SNP_A-4226990"	11	90106033	0.058918
"SNP_A-1818369"	11	90109055	0.517476
"SNP_A-4215328"	11	90110882	0.560824
"SNP_A-2013433"	11	90112484	0.421369
"SNP_A-4215329"	11	90112623	0.179341
"SNP_A-2013434"	11	90113004	0.532377
"SNP_A-2013435"	11	90113605	0.542063
"SNP_A-4215330"	11	90114185	0.626846
"SNP_A-4215331"	11	90130511	0.038308
"SNP_A-2013442"	11	90130888	0.348514
"SNP_A-2070234"	11	90131048	0.406955
"SNP_A-2013443"	11	90137667	0.570813
"SNP_A-2013444"	11	90137875	0.433919
"SNP_A-2029887"	11	90139758	0.252929
"SNP_A-2256909"	11	90140993	0.05202
"SNP_A-2013446"	11	90157950	0.30053
"SNP_A-2194590"	11	90171226	0.595078
"SNP_A-2037576"	11	90171699	0.193942
"SNP_A-1856067"	11	90171844	0.1034
"SNP_A-1903260"	11	90177747	0.366899
"SNP_A-2013453"	11	90177906	0.695929
"SNP_A-4215334"	11	90189851	0.306572
"SNP_A-2311502"	11	90191345	0.38613
"SNP_A-1832937"	11	90203569	0.469429
"SNP_A-4193398"	11	90211896	0.017986
"SNP_A-2223684"	11	90214964	0.394115
"SNP_A-2228843"	11	90221360	0.643478
"SNP_A-1960653"	11	90261735	0.316243
"SNP_A-4206355"	11	90292378	0.209327
"SNP_A-2302788"	11	90292580	0.746386
"SNP_A-1835611"	11	90292641	0.470843
"SNP_A-1845588"	11	90294922	0.393804
"SNP_A-4203101"	11	90295156	0.102146
"SNP_A-2229601"	11	90295215	0.142854
"SNP_A-4227452"	11	90295653	0.492714
"SNP_A-2225877"	11	90296858	0.043177
"SNP_A-2013467"	11	90311361	0.223338
"SNP_A-4207665"	11	90311511	0.443925
"SNP_A-1813009"	11	90311601	0.049748
"SNP_A-4234636"	11	90314692	0.218065
"SNP_A-1845898"	11	90315308	0.127058
"SNP_A-1917602"	11	90317354	0.505307
"SNP_A-1841643"	11	90317539	0.373645
"SNP_A-4222209"	11	90319104	0.252894
"SNP_A-2013480"	11	90325348	0.497443
"SNP_A-2095522"	11	90325638	0.430601
"SNP_A-1819473"	11	90325999	0.394728
"SNP_A-2228456"	11	90326855	0.171556
"SNP_A-2131069"	11	90356305	0.430148
"SNP_A-2258831"	11	90356779	0.638967
"SNP_A-2013482"	11	90364693	0.319281
"SNP_A-2230332"	11	90370901	0.260158
"SNP_A-1840634"	11	90387577	0.167093
"SNP_A-1816883"	11	90401286	0.670944
"SNP_A-1843418"	11	90403760	0.365119
"SNP_A-2288602"	11	90411950	0.08702
"SNP_A-4214158"	11	90424008	0.304082
"SNP_A-4236746"	11	90426755	0.460754
"SNP_A-4200351"	11	90426842	0.590784
"SNP_A-4216396"	11	90440223	0.605769
"SNP_A-2013492"	11	90451494	0.070879
"SNP_A-2013493"	11	90451626	0.106712
"SNP_A-4194795"	11	90451932	0.513116
"SNP_A-4222057"	11	90452180	0.54266
"SNP_A-2013494"	11	90452248	0.398245
"SNP_A-2097461"	11	90469238	0.192265
"SNP_A-4220433"	11	90495591	0.402954
"SNP_A-1815071"	11	90497312	0.447019
"SNP_A-1925977"	11	90501520	0.501611
"SNP_A-1832551"	11	90504977	0.099456
"SNP_A-2013506"	11	90505979	0.292842
"SNP_A-2030843"	11	90507475	0.170664
"SNP_A-4197923"	11	90507784	0.655169
"SNP_A-1931193"	11	90508839	0.57435
"SNP_A-4233522"	11	90521687	-0.006747
"SNP_A-4236267"	11	90521817	0.103561
"SNP_A-1815417"	11	90522480	0.269632
"SNP_A-1886938"	11	90536915	0.311742
"SNP_A-4203215"	11	90539624	0.635455
"SNP_A-2302369"	11	90573445	0.527404
"SNP_A-2101837"	11	90589604	0.399415
"SNP_A-2013512"	11	90594916	0.323382
"SNP_A-2013513"	11	90595620	0.405035
"SNP_A-2175819"	11	90605720	0.316829
"SNP_A-2214642"	11	90630533	0.568712
"SNP_A-1847371"	11	90636867	0.969213
"SNP_A-1932368"	11	90637022	0.14902
"SNP_A-2191624"	11	90638615	0.695452
"SNP_A-2114193"	11	90664116	0.057905
"SNP_A-2285739"	11	90664370	-0.325322
"SNP_A-1921735"	11	90664618	0.73066
"SNP_A-2207519"	11	90668486	0.366451
"SNP_A-2273932"	11	90686353	0.468825
"SNP_A-2190298"	11	90686554	0.575856
"SNP_A-4239578"	11	90686768	0.360791
"SNP_A-2215038"	11	90699836	-0.127401
"SNP_A-2059369"	11	90701357	0.326981
"SNP_A-1781852"	11	90702192	0.228771
"SNP_A-1931522"	11	90720001	0.149029
"SNP_A-1874149"	11	90726335	0.37101
"SNP_A-4221312"	11	90744069	0.56825
"SNP_A-4227115"	11	90761269	0.283297
"SNP_A-4221803"	11	90798381	0.051208
"SNP_A-2259501"	11	90812005	0.252997
"SNP_A-2152017"	11	90831866	0.388914
"SNP_A-1941711"	11	90843529	0.370074
"SNP_A-1857467"	11	90854077	0.480401
"SNP_A-2175289"	11	90855366	0.398181
"SNP_A-2064504"	11	90868132	0.303248
"SNP_A-1833731"	11	90868567	0.468325
"SNP_A-4228002"	11	90875340	0.311163
"SNP_A-2139869"	11	90876747	0.358772
"SNP_A-4232516"	11	90885957	0.5075
"SNP_A-1902037"	11	90891288	0.428706
"SNP_A-2125716"	11	90891749	0.354706
"SNP_A-1800417"	11	90897712	0.591898
"SNP_A-2075912"	11	90897951	0.560693
"SNP_A-4207705"	11	90910018	-0.117512
"SNP_A-1870428"	11	90915269	0.515617
"SNP_A-4215338"	11	90921055	0.649458
"SNP_A-2033181"	11	90923220	0.292134
"SNP_A-2237535"	11	90945600	0.261574
"SNP_A-4215341"	11	90967163	0.200166
"SNP_A-1809490"	11	91005196	0.339045
"SNP_A-2013544"	11	91018606	0.426881
"SNP_A-4238189"	11	91022224	0.434686
"SNP_A-1945147"	11	91023308	0.030317
"SNP_A-4241053"	11	91067737	0.588149
"SNP_A-2059834"	11	91080021	0.40535
"SNP_A-1959904"	11	91122465	0.403947
"SNP_A-4227636"	11	91122769	-0.194498
"SNP_A-1826410"	11	91122986	0.243366
"SNP_A-2013549"	11	91126371	0.461221
"SNP_A-2244128"	11	91136503	0.511681
"SNP_A-1831538"	11	91148600	0.336852
"SNP_A-1819129"	11	91151406	0.330212
"SNP_A-2274224"	11	91151708	0.449769
"SNP_A-2013551"	11	91157628	0.02911
"SNP_A-1846588"	11	91157828	0.424711
"SNP_A-4215342"	11	91158333	0.429831
"SNP_A-2013552"	11	91158549	0.673659
"SNP_A-4215343"	11	91159294	0.19976
"SNP_A-4215344"	11	91161224	0.342679
"SNP_A-2013554"	11	91161681	0.135048
"SNP_A-2166990"	11	91189757	0.437394
"SNP_A-4215345"	11	91202748	0.595401
"SNP_A-2229031"	11	91213375	0.453779
"SNP_A-1924932"	11	91224082	0.24563
"SNP_A-2205268"	11	91230298	0.236134
"SNP_A-1863775"	11	91230334	-0.138582
"SNP_A-1808489"	11	91250952	0.162646
"SNP_A-2013563"	11	91252687	0.309029
"SNP_A-4215348"	11	91252905	0.288509
"SNP_A-4240842"	11	91256822	-0.312147
"SNP_A-4238921"	11	91260046	0.378307
"SNP_A-2013568"	11	91260390	-0.058947
"SNP_A-4215349"	11	91260428	0.504038
"SNP_A-2013570"	11	91260476	0.553568
"SNP_A-2013571"	11	91260815	0.548652
"SNP_A-4215350"	11	91260858	0.203117
"SNP_A-2073816"	11	91261350	0.300808
"SNP_A-2184706"	11	91261483	0.450721
"SNP_A-4199669"	11	91263109	0.301218
"SNP_A-4215351"	11	91265297	0.269214
"SNP_A-4196909"	11	91265310	0.334012
"SNP_A-2234851"	11	91268260	0.275872
"SNP_A-4203322"	11	91322451	0.138514
"SNP_A-1854741"	11	91323684	0.139943
"SNP_A-1836619"	11	91323958	0.378959
"SNP_A-4230186"	11	91380355	0.197824
"SNP_A-1956821"	11	91405890	0.552564
"SNP_A-1881236"	11	91406072	0.58898
"SNP_A-2228953"	11	91406306	0.346276
"SNP_A-2093509"	11	91406365	0.427613
"SNP_A-1896387"	11	91406410	0.340345
"SNP_A-2104440"	11	91406463	-0.163631
"SNP_A-1822578"	11	91406757	-0.057433
"SNP_A-1797230"	11	91414581	0.490645
"SNP_A-1894775"	11	91421460	0.429101
"SNP_A-4233362"	11	91421486	0.280728
"SNP_A-2302044"	11	91425076	0.136633
"SNP_A-1816186"	11	91429865	0.19144
"SNP_A-1913907"	11	91443953	0.799111
"SNP_A-2084939"	11	91444129	0.393416
"SNP_A-4196473"	11	91455249	0.099892
"SNP_A-2243752"	11	91456251	0.321534
"SNP_A-1864379"	11	91464042	0.210847
"SNP_A-4225238"	11	91469745	0.436946
"SNP_A-1851234"	11	91470306	0.663638
"SNP_A-1830497"	11	91473668	0.227403
"SNP_A-1793321"	11	91473894	0.536684
"SNP_A-1880748"	11	91473991	0.201886
"SNP_A-2079646"	11	91483090	-0.095201
"SNP_A-1868441"	11	91483178	0.377536
"SNP_A-1854108"	11	91494391	0.645709
"SNP_A-2088238"	11	91494410	0.350377
"SNP_A-2253248"	11	91494641	0.350665
"SNP_A-1910941"	11	91494783	0.185015
"SNP_A-1831469"	11	91498639	0.886816
"SNP_A-2069188"	11	91508604	-0.034773
"SNP_A-2157747"	11	91512635	0.651862
"SNP_A-4215356"	11	91525144	0.663343
"SNP_A-4234441"	11	91562164	0.594663
"SNP_A-1801096"	11	91609851	0.590179
"SNP_A-2155655"	11	91610368	0.530416
"SNP_A-1877088"	11	91610846	0.39762
"SNP_A-2310778"	11	91618768	0.325192
"SNP_A-1886042"	11	91631692	0.389591
"SNP_A-2013631"	11	91637389	0.086604
"SNP_A-1892899"	11	91640747	0.110259
"SNP_A-1824663"	11	91651510	0.397116
"SNP_A-2051221"	11	91652200	0.449216
"SNP_A-2055220"	11	91664434	0.363706
"SNP_A-2013634"	11	91668848	0.462249
"SNP_A-2023758"	11	91682927	0.09543
"SNP_A-1854796"	11	91692082	0.363215
"SNP_A-1851487"	11	91692368	0.484155
"SNP_A-2013636"	11	91697758	0.495108
"SNP_A-2052683"	11	91712390	0.425682
"SNP_A-2030581"	11	91730137	0.534077
"SNP_A-1948116"	11	91730174	0.643608
"SNP_A-2102258"	11	91737172	0.515047
"SNP_A-2062721"	11	91737760	0.174704
"SNP_A-2165449"	11	91739027	0.213326
"SNP_A-1853632"	11	91747169	0.391206
"SNP_A-1925081"	11	91747352	0.509016
"SNP_A-2312422"	11	91755571	0.324748
"SNP_A-1843296"	11	91756844	0.085522
"SNP_A-1950868"	11	91766552	0.556222
"SNP_A-1805921"	11	91795688	0.447334
"SNP_A-2013659"	11	91811654	0.529964
"SNP_A-2162722"	11	91811909	0.272244
"SNP_A-4215364"	11	91811968	0.287551
"SNP_A-1893034"	11	91826953	0.461777
"SNP_A-2135144"	11	91827532	0.074631
"SNP_A-1838283"	11	91853376	0.215524
"SNP_A-4219614"	11	91856736	0.376062
"SNP_A-2229379"	11	91891812	0.522117
"SNP_A-4194721"	11	91899204	0.388997
"SNP_A-2046467"	11	91906777	0.702071
"SNP_A-2132474"	11	91909749	0.629065
"SNP_A-2013669"	11	91914850	0.499448
"SNP_A-2312445"	11	91917980	-0.005295
"SNP_A-2002132"	11	91919530	0.326211
"SNP_A-1928040"	11	91931151	0.285171
"SNP_A-2127590"	11	91931282	0.395395
"SNP_A-2303842"	11	91931327	0.381377
"SNP_A-4195550"	11	91941298	0.042978
"SNP_A-2293329"	11	91941591	-0.114581
"SNP_A-2013673"	11	91941946	0.215016
"SNP_A-2013674"	11	91942082	0.194103
"SNP_A-2209218"	11	91945022	0.602997
"SNP_A-2013678"	11	91957013	0.131016
"SNP_A-2013679"	11	91957395	0.502414
"SNP_A-2031216"	11	91967526	-0.027297
"SNP_A-2002133"	11	91975719	0.632631
"SNP_A-1887084"	11	91976669	0.329509
"SNP_A-2062922"	11	91978316	0.205837
"SNP_A-2041537"	11	91981155	0.023215
"SNP_A-2037540"	11	91981191	-0.041487
"SNP_A-2045291"	11	91985824	0.221161
"SNP_A-4215368"	11	91996379	-0.081342
"SNP_A-2309089"	11	92014166	0.202227
"SNP_A-2072544"	11	92023979	0.466479
"SNP_A-1824426"	11	92037059	0.26787
"SNP_A-4215369"	11	92067833	0.321249
"SNP_A-2013692"	11	92070494	0.320805
"SNP_A-2142354"	11	92070845	0.335164
"SNP_A-2002135"	11	92083057	0.296117
"SNP_A-2252436"	11	92089015	0.280534
"SNP_A-1780524"	11	92089066	0.26106
"SNP_A-2013695"	11	92092804	0.420903
"SNP_A-2119715"	11	92093407	0.226432
"SNP_A-2266264"	11	92103764	0.611145
"SNP_A-1851097"	11	92121362	0.111557
"SNP_A-2099372"	11	92133429	0.243358
"SNP_A-4221809"	11	92137045	0.30411
"SNP_A-2281774"	11	92137638	0.350664
"SNP_A-2079992"	11	92139620	0.271984
"SNP_A-1880799"	11	92151088	0.192815
"SNP_A-2314702"	11	92171004	0.27278
"SNP_A-2201397"	11	92190876	0.325888
"SNP_A-2216404"	11	92195396	0.138013
"SNP_A-2057265"	11	92197672	0.150259
"SNP_A-1805778"	11	92212927	0.314166
"SNP_A-2081284"	11	92213559	0.401164
"SNP_A-1934213"	11	92218633	0.312471
"SNP_A-2245272"	11	92221988	0.484549
"SNP_A-2013704"	11	92224523	0.289479
"SNP_A-1903432"	11	92247198	0.264452
"SNP_A-2013706"	11	92257920	0.404192
"SNP_A-1900110"	11	92261181	0.594239
"SNP_A-4202327"	11	92263141	0.519751
"SNP_A-4200991"	11	92269247	0.586779
"SNP_A-2081054"	11	92277315	0.60054
"SNP_A-1789648"	11	92280435	0.363824
"SNP_A-1861862"	11	92295522	0.564018
"SNP_A-2292713"	11	92306211	0.555708
"SNP_A-2293332"	11	92307378	0.417559
"SNP_A-1891538"	11	92308474	0.13928
"SNP_A-4194508"	11	92345492	0.32194
"SNP_A-2279212"	11	92345823	-0.146547
"SNP_A-1936971"	11	92346565	0.157273
"SNP_A-2171850"	11	92358855	0.541768
"SNP_A-1832461"	11	92359329	0.511563
"SNP_A-2249793"	11	92380129	0.364115
"SNP_A-4216974"	11	92381970	-0.238769
"SNP_A-2013721"	11	92422987	0.218143
"SNP_A-2188065"	11	92430452	0.357657
"SNP_A-2013724"	11	92434860	0.531595
"SNP_A-4200181"	11	92437418	0.521507
"SNP_A-2132189"	11	92440995	0.495003
"SNP_A-1957465"	11	92443346	0.282796
"SNP_A-2062211"	11	92443592	0.457621
"SNP_A-4194106"	11	92444531	0.233946
"SNP_A-2058594"	11	92444876	0.328584
"SNP_A-1922787"	11	92446435	0.376481
"SNP_A-2303363"	11	92446618	0.403226
"SNP_A-2263524"	11	92447014	0.412446
"SNP_A-2296413"	11	92447327	0.41082
"SNP_A-1839867"	11	92458297	0.335389
"SNP_A-2140023"	11	92473846	0.516346
"SNP_A-2312936"	11	92498626	-0.073172
"SNP_A-2138477"	11	92502946	0.365448
"SNP_A-2154023"	11	92516414	0.306492
"SNP_A-4193002"	11	92523249	0.321751
"SNP_A-1940569"	11	92526296	0.330496
"SNP_A-2013729"	11	92527289	0.073653
"SNP_A-2013730"	11	92527611	0.346162
"SNP_A-1814939"	11	92528094	0.314113
"SNP_A-1804092"	11	92533302	0.302038
"SNP_A-2066270"	11	92534095	0.254383
"SNP_A-1824201"	11	92537990	0.233435
"SNP_A-2086547"	11	92539237	0.211809
"SNP_A-2013731"	11	92542374	0.501423
"SNP_A-4198329"	11	92554665	0.375333
"SNP_A-1885402"	11	92603598	0.487258
"SNP_A-2084854"	11	92629460	0.326318
"SNP_A-2172561"	11	92629506	0.447945
"SNP_A-1863612"	11	92645259	0.196366
"SNP_A-2138936"	11	92655413	0.21788
"SNP_A-1913421"	11	92722365	0.338146
"SNP_A-2120303"	11	92752096	0.488701
"SNP_A-2046164"	11	92752254	0.460047
"SNP_A-2226653"	11	92754811	0.38299
"SNP_A-2179705"	11	92768927	0.20101
"SNP_A-2077030"	11	92780634	0.459533
"SNP_A-2047572"	11	92788071	-0.067317
"SNP_A-2219428"	11	92788313	0.522653
"SNP_A-2171305"	11	92788596	0.091557
"SNP_A-1901317"	11	92802785	0.319347
"SNP_A-2251173"	11	92845079	0.347651
"SNP_A-2231961"	11	92858899	0.371598
"SNP_A-4221590"	11	92859590	0.105176
"SNP_A-4228029"	11	92880495	0.416034
"SNP_A-2291614"	11	92884471	0.239928
"SNP_A-2239335"	11	92886849	0.487143
"SNP_A-2274702"	11	92893551	0.275014
"SNP_A-1840083"	11	92913377	0.407677
"SNP_A-1820800"	11	92937042	0.474391
"SNP_A-2123923"	11	92968525	0.422565
"SNP_A-2267698"	11	92971960	0.005019
"SNP_A-1897561"	11	92971984	0.670069
"SNP_A-2294807"	11	92978289	0.564856
"SNP_A-1888336"	11	92995557	0.2467
"SNP_A-4202769"	11	93006972	0.347094
"SNP_A-2065001"	11	93007737	0.194065
"SNP_A-4221969"	11	93008953	0.402635
"SNP_A-1935553"	11	93009234	0.465463
"SNP_A-2248024"	11	93027722	0.339915
"SNP_A-4229894"	11	93030730	0.421189
"SNP_A-4215377"	11	93031602	0.392639
"SNP_A-4215378"	11	93032486	0.397028
"SNP_A-2013762"	11	93032844	0.318626
"SNP_A-2275610"	11	93048479	0.348201
"SNP_A-2145518"	11	93094172	0.601366
"SNP_A-4215381"	11	93102255	0.633315
"SNP_A-2272962"	11	93115440	0.504996
"SNP_A-2043781"	11	93117781	0.599856
"SNP_A-2096178"	11	93117990	0.45135
"SNP_A-2290454"	11	93135623	0.562532
"SNP_A-1941768"	11	93135831	0.676016
"SNP_A-1942862"	11	93138481	0.361889
"SNP_A-4201926"	11	93145682	0.141008
"SNP_A-2126053"	11	93157112	0.080335
"SNP_A-2157992"	11	93169282	-0.037269
"SNP_A-1888358"	11	93221536	0.621687
"SNP_A-4202350"	11	93226777	0.236607
"SNP_A-2210712"	11	93232188	0.505234
"SNP_A-2292458"	11	93235395	0.061628
"SNP_A-1902862"	11	93237334	-0.004101
"SNP_A-4239964"	11	93238941	0.433806
"SNP_A-2069121"	11	93292359	0.111839
"SNP_A-1910016"	11	93292896	0.426768
"SNP_A-4215386"	11	93305911	-0.247905
"SNP_A-1929302"	11	93308703	0.51238
"SNP_A-2013803"	11	93315872	0.654797
"SNP_A-1797693"	11	93316439	0.474864
"SNP_A-2096982"	11	93321480	0.402957
"SNP_A-2204150"	11	93337708	0.100441
"SNP_A-1838156"	11	93361707	0.317798
"SNP_A-2215198"	11	93371107	0.381578
"SNP_A-2186027"	11	93373126	0.011289
"SNP_A-2013817"	11	93385712	0.30018
"SNP_A-2013820"	11	93396703	0.523507
"SNP_A-2204989"	11	93427190	0.301959
"SNP_A-2024574"	11	93436992	0.099217
"SNP_A-2164778"	11	93437267	0.43275
"SNP_A-2191150"	11	93441321	0.329343
"SNP_A-2059671"	11	93462883	0.362259
"SNP_A-4236840"	11	93465248	0.430032
"SNP_A-2013831"	11	93466161	0.124595
"SNP_A-4200359"	11	93476626	0.223098
"SNP_A-4195525"	11	93483682	0.799987
"SNP_A-1856171"	11	93504930	0.634257
"SNP_A-2131503"	11	93509622	0.582038
"SNP_A-4224663"	11	93520985	-0.069323
"SNP_A-2119734"	11	93537561	0.049559
"SNP_A-2122707"	11	93566105	0.455768
"SNP_A-4239047"	11	93566304	0.346301
"SNP_A-2070988"	11	93568435	0.347565
"SNP_A-4215390"	11	93574193	0.387381
"SNP_A-2013838"	11	93574371	0.394561
"SNP_A-1872872"	11	93585382	0.509032
"SNP_A-4227672"	11	93585419	0.048179
"SNP_A-2110792"	11	93588180	0.490411
"SNP_A-2126447"	11	93593885	0.081366
"SNP_A-2293155"	11	93593964	0.243414
"SNP_A-2058943"	11	93604100	0.26441
"SNP_A-2067794"	11	93615807	-0.038237
"SNP_A-2066845"	11	93635730	0.301438
"SNP_A-2108884"	11	93656256	0.432001
"SNP_A-4196401"	11	93700050	0.458132
"SNP_A-2045614"	11	93707471	0.538868
"SNP_A-2053341"	11	93716678	0.520387
"SNP_A-2013861"	11	93732936	0.365114
"SNP_A-2092822"	11	93738002	0.35894
"SNP_A-2002147"	11	93739906	-0.001213
"SNP_A-4215393"	11	93741352	0.258499
"SNP_A-2214636"	11	93752416	-0.0771
"SNP_A-2308029"	11	93752531	-0.035308
"SNP_A-2238973"	11	93752719	0.053776
"SNP_A-4224296"	11	93767062	0.349415
"SNP_A-2041731"	11	93770133	0.576058
"SNP_A-2131491"	11	93775003	0.230204
"SNP_A-4204387"	11	93785825	0.134139
"SNP_A-2262951"	11	93786681	0.504754
"SNP_A-2131935"	11	93787112	0.305836
"SNP_A-4197466"	11	93794550	0.426411
"SNP_A-2262150"	11	93795225	0.187304
"SNP_A-2145732"	11	93797682	0.128177
"SNP_A-2013874"	11	93817070	0.583057
"SNP_A-4204093"	11	93821645	0.324399
"SNP_A-2233354"	11	93843516	0.190822
"SNP_A-1785116"	11	93880415	0.132866
"SNP_A-2276197"	11	93889712	0.576992
"SNP_A-4192897"	11	93890027	0.607238
"SNP_A-2127979"	11	93890094	0.298472
"SNP_A-1822155"	11	93890123	0.06964
"SNP_A-2115504"	11	93892736	0.42678
"SNP_A-2309699"	11	93894907	-0.006792
"SNP_A-1818411"	11	93906765	0.093562
"SNP_A-2056986"	11	93906824	0.533222
"SNP_A-1814026"	11	93909214	0.299161
"SNP_A-2055350"	11	93912800	0.399747
"SNP_A-1877634"	11	93919433	0.472684
"SNP_A-2191413"	11	93919837	0.498224
"SNP_A-2038552"	11	93948540	0.92415
"SNP_A-1939336"	11	93954125	0.197036
"SNP_A-1857840"	11	93957103	0.407288
"SNP_A-1864859"	11	93960356	0.311698
"SNP_A-4224607"	11	93968299	0.672206
"SNP_A-2235328"	11	93972379	0.407119
"SNP_A-2264110"	11	93974725	0.358274
"SNP_A-2224843"	11	93994127	0.159689
"SNP_A-1911669"	11	93994290	0.657998
"SNP_A-1878058"	11	93994606	0.592814
"SNP_A-2062683"	11	93994962	0.331371
"SNP_A-4206801"	11	93995077	0.517947
"SNP_A-4227355"	11	94012091	0.485165
"SNP_A-2194504"	11	94019752	0.247838
"SNP_A-1890996"	11	94033799	0.276878
"SNP_A-2300189"	11	94033821	-0.177924
"SNP_A-2064750"	11	94034325	0.59779
"SNP_A-2289590"	11	94037644	0.50979
"SNP_A-1937445"	11	94037947	0.328167
"SNP_A-2258976"	11	94037975	-0.178167
"SNP_A-2111354"	11	94038275	0.710917
"SNP_A-4218619"	11	94040786	0.517268
"SNP_A-2013909"	11	94053786	0.544487
"SNP_A-2013910"	11	94054046	0.838425
"SNP_A-4215398"	11	94077583	-0.076363
"SNP_A-2055642"	11	94078109	0.341102
"SNP_A-1942761"	11	94100171	0.411084
"SNP_A-2126047"	11	94100233	0.5047
"SNP_A-2233761"	11	94102123	0.433937
"SNP_A-4215400"	11	94102741	0.09958
"SNP_A-1865335"	11	94119009	0.914624
"SNP_A-2058066"	11	94119744	0.061948
"SNP_A-2013920"	11	94149513	0.131303
"SNP_A-2179786"	11	94151826	0.220932
"SNP_A-2127609"	11	94179580	0.484252
"SNP_A-2265967"	11	94209682	0.762988
"SNP_A-1891119"	11	94209857	0.944911
"SNP_A-1894078"	11	94219053	0.400838
"SNP_A-2209545"	11	94225561	0.5336
"SNP_A-1825985"	11	94235199	0.274992
"SNP_A-4230405"	11	94241583	0.103238
"SNP_A-1784861"	11	94250041	0.425712
"SNP_A-2013933"	11	94250225	0.439457
"SNP_A-2134090"	11	94255219	0.323394
"SNP_A-2191349"	11	94260127	0.648342
"SNP_A-2079235"	11	94260305	0.744901
"SNP_A-2013939"	11	94289882	0.765018
"SNP_A-1890821"	11	94295632	0.22142
"SNP_A-2186633"	11	94296798	0.163659
"SNP_A-2202520"	11	94307359	0.177934
"SNP_A-2098244"	11	94311886	0.433923
"SNP_A-2188240"	11	94324949	-0.015357
"SNP_A-1819382"	11	94336790	0.591435
"SNP_A-4220455"	11	94339633	0.246813
"SNP_A-2013946"	11	94362363	0.495719
"SNP_A-2093616"	11	94389618	0.4982
"SNP_A-2221553"	11	94406592	0.286125
"SNP_A-2150604"	11	94418183	0.535886
"SNP_A-2002148"	11	94419253	0.131776
"SNP_A-1939294"	11	94444156	0.620593
"SNP_A-1855523"	11	94446370	0.152317
"SNP_A-4237013"	11	94447229	0.333346
"SNP_A-1789796"	11	94448093	0.50916
"SNP_A-2013951"	11	94469259	0.423935
"SNP_A-2002150"	11	94485121	0.561603
"SNP_A-1815823"	11	94498067	0.527915
"SNP_A-2077053"	11	94500347	0.529689
"SNP_A-2013955"	11	94516632	0.060064
"SNP_A-2211191"	11	94534584	0.22732
"SNP_A-2041697"	11	94534611	0.494468
"SNP_A-2282695"	11	94541819	0.436484
"SNP_A-2129472"	11	94545759	0.311337
"SNP_A-4220506"	11	94548306	0.786079
"SNP_A-2182581"	11	94602075	0.644086
"SNP_A-2013965"	11	94616661	1.546512
"SNP_A-2137385"	11	94623763	0.370777
"SNP_A-4196851"	11	94638271	0.422552
"SNP_A-2215031"	11	94662300	0.668865
"SNP_A-2308233"	11	94667805	0.594362
"SNP_A-2237755"	11	94692946	0.666072
"SNP_A-2087848"	11	94704374	0.843216
"SNP_A-2231475"	11	94706808	0.077388
"SNP_A-2013972"	11	94709513	0.500633
"SNP_A-2013973"	11	94709817	0.500787
"SNP_A-1856000"	11	94710862	0.368311
"SNP_A-2050041"	11	94712679	0.525459
"SNP_A-4239195"	11	94713908	0.58171
"SNP_A-2013975"	11	94716912	0.516847
"SNP_A-2013976"	11	94717537	0.244392
"SNP_A-2034012"	11	94729530	0.276185
"SNP_A-2213064"	11	94729738	0.52231
"SNP_A-1874536"	11	94737894	0.245025
"SNP_A-2013987"	11	94785209	0.943114
"SNP_A-2013988"	11	94785459	0.541017
"SNP_A-2164342"	11	94785851	0.222101
"SNP_A-2272657"	11	94788916	0.392485
"SNP_A-1823611"	11	94815331	0.617172
"SNP_A-1808182"	11	94829453	0.226675
"SNP_A-2293628"	11	94836868	0.6933
"SNP_A-4197088"	11	94841870	0.410898
"SNP_A-2002152"	11	94850351	0.319296
"SNP_A-1883532"	11	94862022	0.181082
"SNP_A-2161781"	11	94871654	0.29303
"SNP_A-2153057"	11	94872303	0.382567
"SNP_A-1919543"	11	94872381	0.643257
"SNP_A-2034502"	11	94872515	0.541608
"SNP_A-2100532"	11	94877302	0.308002
"SNP_A-2135263"	11	94878719	0.764784
"SNP_A-2013996"	11	94881727	0.568285
"SNP_A-4215402"	11	94881851	0.07114
"SNP_A-2013998"	11	94884912	0.461831
"SNP_A-1919240"	11	94891075	-0.478531
"SNP_A-1862694"	11	94891238	0.266778
"SNP_A-4215403"	11	94891855	0.49532
"SNP_A-2163869"	11	94895134	0.277226
"SNP_A-2200607"	11	94895185	0.592024
"SNP_A-1809186"	11	94899267	0.154634
"SNP_A-1904388"	11	94899846	0.04388
"SNP_A-4200354"	11	94905893	0.523955
"SNP_A-4225398"	11	94908145	0.946458
"SNP_A-2128906"	11	94916880	0.611113
"SNP_A-1826876"	11	94917555	0.561968
"SNP_A-2130059"	11	94917708	0.591694
"SNP_A-4194592"	11	94922527	0.365211
"SNP_A-2079536"	11	94922964	0.126796
"SNP_A-2170616"	11	94923085	0.64344
"SNP_A-4193138"	11	94927366	0.508196
"SNP_A-1939492"	11	94927790	0.687504
"SNP_A-1849334"	11	94930943	0.707467
"SNP_A-2157786"	11	94941101	0.374383
"SNP_A-1831179"	11	94941605	0.252097
"SNP_A-2014006"	11	94949309	-0.144615
"SNP_A-2289944"	11	94959838	0.271896
"SNP_A-4196951"	11	94960456	0.335314
"SNP_A-2105664"	11	94960634	0.748305
"SNP_A-2057090"	11	94963756	0.530255
"SNP_A-2298421"	11	94965059	0.805307
"SNP_A-1936027"	11	94967022	0.371745
"SNP_A-2156035"	11	94967616	0.516477
"SNP_A-2194870"	11	94989860	1.052134
"SNP_A-2164485"	11	94990166	0.095812
"SNP_A-2167489"	11	95008102	0.745939
"SNP_A-2014016"	11	95014461	0.331008
"SNP_A-2176775"	11	95016096	0.605791
"SNP_A-2081257"	11	95025261	0.441913
"SNP_A-2189855"	11	95030832	0.320452
"SNP_A-2014018"	11	95040116	0.329519
"SNP_A-2271006"	11	95042333	-0.05567
"SNP_A-2022947"	11	95056941	0.420779
"SNP_A-1847225"	11	95057491	0.086702
"SNP_A-1818102"	11	95058694	0.72001
"SNP_A-4193284"	11	95090523	0.605542
"SNP_A-4197398"	11	95103280	-0.104287
"SNP_A-1794125"	11	95106910	0.503303
"SNP_A-2014025"	11	95107084	0.240679
"SNP_A-2304350"	11	95114412	-0.101601
"SNP_A-2254841"	11	95130402	0.220117
"SNP_A-1851471"	11	95158805	0.370889
"SNP_A-2055930"	11	95158843	0.764361
"SNP_A-2141746"	11	95158891	0.600871
"SNP_A-2168732"	11	95159435	0.874503
"SNP_A-2014035"	11	95180213	0.175007
"SNP_A-1912873"	11	95184988	0.639959
"SNP_A-2119584"	11	95204936	0.656408
"SNP_A-1820904"	11	95207036	0.541026
"SNP_A-2248213"	11	95209096	0.236648
"SNP_A-2265476"	11	95223643	0.72297
"SNP_A-2237977"	11	95229319	0.329934
"SNP_A-2044855"	11	95229583	-0.010339
"SNP_A-2014043"	11	95242403	0.693351
"SNP_A-2002153"	11	95243087	0.307905
"SNP_A-2014044"	11	95255004	0.541305
"SNP_A-2014052"	11	95283425	0.260799
"SNP_A-2049132"	11	95293939	0.347603
"SNP_A-4240205"	11	95301606	0.161512
"SNP_A-4222450"	11	95337733	0.594434
"SNP_A-2049681"	11	95341243	1.01915
"SNP_A-2188987"	11	95345679	0.354943
"SNP_A-2129483"	11	95345902	0.346783
"SNP_A-4239924"	11	95346424	0.695215
"SNP_A-4204765"	11	95350141	0.462441
"SNP_A-4215408"	11	95369524	0.444502
"SNP_A-2045883"	11	95375261	0.511138
"SNP_A-2267336"	11	95386077	0.533409
"SNP_A-1937590"	11	95386645	0.515738
"SNP_A-2014058"	11	95387950	0.329932
"SNP_A-2014060"	11	95388109	0.513363
"SNP_A-2217806"	11	95396060	-0.102349
"SNP_A-2227030"	11	95396537	0.638202
"SNP_A-2014063"	11	95410633	0.165438
"SNP_A-2014065"	11	95410733	0.585708
"SNP_A-2124929"	11	95420099	0.310821
"SNP_A-2080996"	11	95424092	0.040849
"SNP_A-1884065"	11	95429451	0.33427
"SNP_A-1803316"	11	95429607	0.615467
"SNP_A-2014066"	11	95433295	0.635301
"SNP_A-1783842"	11	95435937	0.635012
"SNP_A-2290708"	11	95466766	0.610671
"SNP_A-2035433"	11	95467204	0.482909
"SNP_A-2118919"	11	95467387	0.474755
"SNP_A-2035443"	11	95470671	0.462358
"SNP_A-2131798"	11	95476232	0.46853
"SNP_A-1878862"	11	95476505	0.38718
"SNP_A-2289714"	11	95476732	0.624087
"SNP_A-1881210"	11	95488998	0.044748
"SNP_A-2178182"	11	95495667	0.329748
"SNP_A-2233767"	11	95495897	0.693684
"SNP_A-1908111"	11	95498622	0.457913
"SNP_A-1815184"	11	95499024	-0.324894
"SNP_A-4237737"	11	95500304	0.563106
"SNP_A-1852141"	11	95501299	0.353437
"SNP_A-1876365"	11	95502194	0.313311
"SNP_A-2153106"	11	95505215	0.542965
"SNP_A-1894492"	11	95506348	0.229977
"SNP_A-2129351"	11	95507276	0.700727
"SNP_A-1954566"	11	95523665	0.36411
"SNP_A-2296121"	11	95523805	0.571124
"SNP_A-1846632"	11	95524215	0.377699
"SNP_A-2014074"	11	95560647	0.528081
"SNP_A-2225198"	11	95563368	0.527927
"SNP_A-2096790"	11	95569593	0.321261
"SNP_A-1957967"	11	95569720	0.524473
"SNP_A-1914667"	11	95570173	0.336993
"SNP_A-1841923"	11	95571507	0.524456
"SNP_A-1872215"	11	95578066	0.466147
"SNP_A-4180285"	11	95592312	0.458238
"SNP_A-2232458"	11	95593141	0.275725
"SNP_A-2134397"	11	95594391	0.550861
"SNP_A-1925502"	11	95596852	0.378193
"SNP_A-2248594"	11	95596877	0.451158
"SNP_A-2254761"	11	95597312	0.321983
"SNP_A-1849581"	11	95597365	0.264954
"SNP_A-1838867"	11	95616388	0.445882
"SNP_A-2089215"	11	95624336	0.541941
"SNP_A-1931288"	11	95624950	0.223287
"SNP_A-4215410"	11	95630536	0.697479
"SNP_A-2290550"	11	95631777	0.498457
"SNP_A-2014098"	11	95650999	0.472736
"SNP_A-1844398"	11	95668260	0.42009
"SNP_A-2213898"	11	95669130	0.124459
"SNP_A-4194987"	11	95673652	0.395532
"SNP_A-4201269"	11	95755869	0.383429
"SNP_A-4217191"	11	95773217	0.85843
"SNP_A-2119377"	11	95814925	0.213607
"SNP_A-1801072"	11	95827023	0.36684
"SNP_A-2096484"	11	95833507	0.423887
"SNP_A-2103741"	11	95840578	0.511245
"SNP_A-1873561"	11	95841062	0.417251
"SNP_A-4215412"	11	95842433	0.227856
"SNP_A-1927397"	11	95844429	0.504548
"SNP_A-1847437"	11	95866472	0.240556
"SNP_A-1956553"	11	95878920	0.546497
"SNP_A-1924763"	11	95888376	0.094202
"SNP_A-2247944"	11	95900257	0.411562
"SNP_A-2249754"	11	95972342	0.639567
"SNP_A-2281539"	11	95972541	0.404519
"SNP_A-2268556"	11	96027660	0.281898
"SNP_A-1920898"	11	96028739	0.381872
"SNP_A-1860126"	11	96032995	0.328343
"SNP_A-2045625"	11	96033229	0.604086
"SNP_A-2168097"	11	96033491	0.578073
"SNP_A-1939118"	11	96050246	0.29205
"SNP_A-2002157"	11	96053431	0.684754
"SNP_A-1959535"	11	96065147	0.42111
"SNP_A-2137299"	11	96076757	0.320331
"SNP_A-4222139"	11	96077082	0.307262
"SNP_A-2279891"	11	96078097	0.411984
"SNP_A-2261448"	11	96084887	-0.010076
"SNP_A-2230523"	11	96086712	0.591838
"SNP_A-4198375"	11	96087142	0.014436
"SNP_A-1882931"	11	96087214	0.789633
"SNP_A-4236674"	11	96105483	0.419041
"SNP_A-4229106"	11	96106024	1.163086
"SNP_A-4193715"	11	96106112	-0.313542
"SNP_A-4221964"	11	96106401	0.20558
"SNP_A-1949218"	11	96106466	0.508663
"SNP_A-2221953"	11	96135671	0.399718
"SNP_A-1928184"	11	96139533	0.444394
"SNP_A-1832331"	11	96146928	0.49452
"SNP_A-2014146"	11	96147034	0.059884
"SNP_A-1940184"	11	96147472	0.080844
"SNP_A-2166644"	11	96157183	0.486004
"SNP_A-2231504"	11	96161682	0.444457
"SNP_A-2042504"	11	96162242	0.510429
"SNP_A-2286517"	11	96162329	0.292228
"SNP_A-2014147"	11	96162500	0.893841
"SNP_A-2014148"	11	96163346	0.402091
"SNP_A-1957966"	11	96175007	0.294244
"SNP_A-1885109"	11	96179642	0.214124
"SNP_A-2085763"	11	96185104	-0.177949
"SNP_A-2208308"	11	96185540	-0.255077
"SNP_A-4198210"	11	96187042	0.371896
"SNP_A-2277727"	11	96188007	0.235696
"SNP_A-1824589"	11	96191471	0.495997
"SNP_A-4231563"	11	96192081	0.403201
"SNP_A-2282817"	11	96193942	0.637243
"SNP_A-1926381"	11	96194712	0.364596
"SNP_A-2014155"	11	96194995	0.229729
"SNP_A-2014156"	11	96195022	0.438141
"SNP_A-2024612"	11	96195211	0.073584
"SNP_A-1808195"	11	96195320	0.277509
"SNP_A-2014157"	11	96195684	0.583706
"SNP_A-1871475"	11	96210054	0.163428
"SNP_A-1960195"	11	96219497	0.569888
"SNP_A-2014164"	11	96223356	0.486476
"SNP_A-1844725"	11	96230216	0.366542
"SNP_A-4215418"	11	96230931	0.281574
"SNP_A-2177000"	11	96262448	0.592602
"SNP_A-1947578"	11	96262481	0.577581
"SNP_A-2190742"	11	96263221	0.459796
"SNP_A-2247228"	11	96263426	0.504758
"SNP_A-2056884"	11	96271873	0.244803
"SNP_A-1861859"	11	96279383	0.654637
"SNP_A-1780457"	11	96309829	0.439028
"SNP_A-4193968"	11	96314240	0.346199
"SNP_A-1923905"	11	96315362	0.58412
"SNP_A-2014181"	11	96326412	0.208958
"SNP_A-2014182"	11	96327265	0.239142
"SNP_A-2083524"	11	96328234	0.443903
"SNP_A-1906323"	11	96328312	0.453654
"SNP_A-2094258"	11	96328597	0.702978
"SNP_A-2311984"	11	96344899	0.407727
"SNP_A-1800858"	11	96345536	0.187714
"SNP_A-1917954"	11	96345654	0.00419
"SNP_A-1875406"	11	96375065	0.241661
"SNP_A-4215419"	11	96375443	0.351054
"SNP_A-4234645"	11	96450510	0.442117
"SNP_A-2297690"	11	96463717	0.672095
"SNP_A-4232673"	11	96479430	0.152737
"SNP_A-1930225"	11	96480303	-0.05079
"SNP_A-2014195"	11	96499035	0.062954
"SNP_A-2014197"	11	96499058	0.191718
"SNP_A-2306714"	11	96511512	0.171765
"SNP_A-1957700"	11	96515426	0.546655
"SNP_A-2130536"	11	96522782	0.570763
"SNP_A-2264098"	11	96530927	0.106904
"SNP_A-1792258"	11	96536626	0.179697
"SNP_A-2014201"	11	96544282	0.399563
"SNP_A-1924241"	11	96544793	-0.245735
"SNP_A-2025640"	11	96545073	0.398351
"SNP_A-4206740"	11	96548744	0.031106
"SNP_A-1860963"	11	96549003	0.095862
"SNP_A-1885129"	11	96549641	0.383192
"SNP_A-2312637"	11	96554934	0.240454
"SNP_A-2281756"	11	96555001	0.101395
"SNP_A-1936820"	11	96559236	0.346085
"SNP_A-2096660"	11	96580285	0.330526
"SNP_A-1816171"	11	96602243	0.090374
"SNP_A-2076154"	11	96606101	0.412418
"SNP_A-2120533"	11	96611060	0.44875
"SNP_A-2159221"	11	96613483	0.238849
"SNP_A-1810062"	11	96613596	0.635236
"SNP_A-4215423"	11	96614453	0.525015
"SNP_A-4196704"	11	96631600	0.400578
"SNP_A-2022927"	11	96640494	0.341756
"SNP_A-2178540"	11	96642470	0.590364
"SNP_A-2014211"	11	96645408	0.313562
"SNP_A-2014212"	11	96647879	0.454772
"SNP_A-1803720"	11	96680929	0.36933
"SNP_A-1923692"	11	96681104	0.503136
"SNP_A-1903778"	11	96681529	0.339676
"SNP_A-1861423"	11	96688493	0.376916
"SNP_A-2176586"	11	96690263	0.431529
"SNP_A-2178623"	11	96690356	0.369607
"SNP_A-4239893"	11	96696983	0.089108
"SNP_A-2014214"	11	96720218	0.359434
"SNP_A-2132144"	11	96721189	0.15045
"SNP_A-2271043"	11	96721357	0.303208
"SNP_A-4196729"	11	96721662	0.039115
"SNP_A-2127180"	11	96732077	-0.182596
"SNP_A-2024441"	11	96749318	-0.035919
"SNP_A-1796227"	11	96753383	0.377438
"SNP_A-4231818"	11	96754085	-0.02093
"SNP_A-2059098"	11	96761688	0.585131
"SNP_A-2032295"	11	96761758	0.151442
"SNP_A-2097778"	11	96762309	0.745425
"SNP_A-4193250"	11	96762331	0.412527
"SNP_A-1917999"	11	96777562	0.69462
"SNP_A-1798279"	11	96778981	0.537403
"SNP_A-2080059"	11	96779309	0.477151
"SNP_A-2063515"	11	96780363	0.829497
"SNP_A-2031327"	11	96801114	0.347245
"SNP_A-4207359"	11	96802549	0.608452
"SNP_A-1861008"	11	96807724	0.554546
"SNP_A-2209507"	11	96807894	0.320916
"SNP_A-2115572"	11	96810811	0.363872
"SNP_A-2071931"	11	96811368	0.507865
"SNP_A-2002163"	11	96817592	0.375917
"SNP_A-1844335"	11	96828210	0.192626
"SNP_A-2014230"	11	96854460	0.688366
"SNP_A-2211988"	11	96877206	0.250889
"SNP_A-2161838"	11	96887505	0.40604
"SNP_A-1850693"	11	96888947	-0.094143
"SNP_A-2072832"	11	96906119	0.580824
"SNP_A-1934428"	11	96906155	-0.075377
"SNP_A-1789938"	11	96913054	-0.12345
"SNP_A-1940928"	11	96946561	0.135855
"SNP_A-2259859"	11	96953573	0.225183
"SNP_A-1946570"	11	96977664	0.274495
"SNP_A-2079208"	11	96977941	0.225601
"SNP_A-1833836"	11	96998668	0.180288
"SNP_A-4215425"	11	97005057	0.40104
"SNP_A-2246332"	11	97024267	0.379362
"SNP_A-4220792"	11	97101729	0.397886
"SNP_A-2278537"	11	97109491	0.318803
"SNP_A-2247190"	11	97113832	0.271847
"SNP_A-1792566"	11	97113914	0.302072
"SNP_A-2002165"	11	97118995	0.201634
"SNP_A-2192305"	11	97129759	0.257708
"SNP_A-2036444"	11	97138179	0.158823
"SNP_A-1923526"	11	97140880	0.318058
"SNP_A-2087629"	11	97140986	0.44364
"SNP_A-2137153"	11	97170267	0.183191
"SNP_A-4206657"	11	97178635	0.341533
"SNP_A-1839793"	11	97193277	0.210758
"SNP_A-4220553"	11	97211948	0.588375
"SNP_A-2132537"	11	97222818	0.121387
"SNP_A-1920576"	11	97227948	0.576523
"SNP_A-4205526"	11	97228603	-0.021751
"SNP_A-2086605"	11	97233653	0.323196
"SNP_A-1875147"	11	97249540	0.580918
"SNP_A-4219220"	11	97249579	1.148155
"SNP_A-1960760"	11	97270056	0.552962
"SNP_A-4222518"	11	97270352	0.262867
"SNP_A-4215426"	11	97272227	0.217415
"SNP_A-4217590"	11	97283012	-0.332759
"SNP_A-1845825"	11	97308624	-0.148195
"SNP_A-2273409"	11	97308924	0.300653
"SNP_A-2268719"	11	97309468	-0.103935
"SNP_A-1838968"	11	97316135	0.792885
"SNP_A-2043673"	11	97323161	0.264488
"SNP_A-4234185"	11	97323686	0.166398
"SNP_A-1853666"	11	97323842	0.651404
"SNP_A-1817647"	11	97323933	0.372386
"SNP_A-2268053"	11	97346518	0.261274
"SNP_A-4221226"	11	97347570	0.452458
"SNP_A-1851536"	11	97353713	0.42024
"SNP_A-2294123"	11	97357708	0.335695
"SNP_A-2109617"	11	97360772	0.96555
"SNP_A-2047234"	11	97367765	0.243969
"SNP_A-2247367"	11	97368202	0.459017
"SNP_A-2158045"	11	97368312	0.181068
"SNP_A-1916002"	11	97368355	0.243164
"SNP_A-1836999"	11	97369004	0.444958
"SNP_A-2253801"	11	97375289	0.137328
"SNP_A-4197627"	11	97376994	0.481918
"SNP_A-4215427"	11	97377208	0.505348
"SNP_A-2014242"	11	97377410	-0.100498
"SNP_A-2193693"	11	97379032	0.271063
"SNP_A-1939552"	11	97384974	0.107807
"SNP_A-1882242"	11	97398148	0.424186
"SNP_A-4230927"	11	97400330	0.321109
"SNP_A-2064865"	11	97405432	0.34484
"SNP_A-2121305"	11	97407137	0.79365
"SNP_A-2014243"	11	97408057	0.092133
"SNP_A-2014244"	11	97410283	0.517129
"SNP_A-2262458"	11	97422223	0.165444
"SNP_A-1891006"	11	97422253	0.569083
"SNP_A-2251616"	11	97422335	0.349122
"SNP_A-1932267"	11	97429337	0.841184
"SNP_A-2258178"	11	97429607	0.311418
"SNP_A-2038590"	11	97435000	0.487893
"SNP_A-4219215"	11	97435520	0.105821
"SNP_A-4220919"	11	97436739	0.412243
"SNP_A-4197921"	11	97437011	0.275991
"SNP_A-1793847"	11	97450907	0.604985
"SNP_A-2014246"	11	97458616	0.710289
"SNP_A-2014247"	11	97474191	0.220812
"SNP_A-2014248"	11	97474361	0.744968
"SNP_A-4216147"	11	97481649	0.065939
"SNP_A-2014249"	11	97492368	0.597055
"SNP_A-2247154"	11	97492454	0.689538
"SNP_A-2090144"	11	97516991	0.285035
"SNP_A-4220048"	11	97517826	0.818075
"SNP_A-2206677"	11	97518412	0.505855
"SNP_A-1943999"	11	97518777	0.307641
"SNP_A-2014251"	11	97525034	0.334459
"SNP_A-4199940"	11	97530485	0.518687
"SNP_A-1798471"	11	97530735	0.428517
"SNP_A-2035542"	11	97531027	0.436747
"SNP_A-2214096"	11	97543295	0.714172
"SNP_A-4233313"	11	97548590	0.51943
"SNP_A-2148581"	11	97548641	0.790616
"SNP_A-2042228"	11	97552590	0.998449
"SNP_A-2146883"	11	97561978	0.305189
"SNP_A-4197406"	11	97562149	0.63287
"SNP_A-4229854"	11	97562723	0.881043
"SNP_A-2275232"	11	97569255	0.373531
"SNP_A-4198111"	11	97571850	-0.118487
"SNP_A-4228857"	11	97599883	0.729862
"SNP_A-2014253"	11	97603281	0.117216
"SNP_A-2014254"	11	97609750	0.371471
"SNP_A-2014255"	11	97609815	-0.125002
"SNP_A-2014256"	11	97610250	0.447097
"SNP_A-2028741"	11	97618389	0.479765
"SNP_A-1950834"	11	97619226	0.645431
"SNP_A-2252014"	11	97628714	-0.280532
"SNP_A-1939724"	11	97630614	-0.027772
"SNP_A-2150635"	11	97635266	0.395523
"SNP_A-1919664"	11	97646910	0.449287
"SNP_A-2285340"	11	97653742	0.375487
"SNP_A-2115741"	11	97656872	0.645236
"SNP_A-2078719"	11	97658618	0.205691
"SNP_A-4240016"	11	97659196	0.360948
"SNP_A-1844857"	11	97666392	0.508701
"SNP_A-1856213"	11	97668894	0.691374
"SNP_A-1839180"	11	97681490	0.350874
"SNP_A-4222692"	11	97684699	0.580661
"SNP_A-4207521"	11	97695421	0.307786
"SNP_A-2092834"	11	97718006	0.530785
"SNP_A-1857855"	11	97731973	0.609903
"SNP_A-1902884"	11	97732032	0.451759
"SNP_A-2014267"	11	97734471	0.35114
"SNP_A-2152217"	11	97745273	0.565156
"SNP_A-2131638"	11	97751633	0.583343
"SNP_A-1798762"	11	97752300	-0.340578
"SNP_A-4215428"	11	97756876	0.396397
"SNP_A-2014268"	11	97756979	0.387511
"SNP_A-4215429"	11	97757171	0.430996
"SNP_A-2209685"	11	97760915	0.212707
"SNP_A-2102364"	11	97767331	0.261333
"SNP_A-1812366"	11	97774569	0.051184
"SNP_A-1921539"	11	97774639	0.479874
"SNP_A-1878154"	11	97774768	0.297326
"SNP_A-4225154"	11	97774903	0.231309
"SNP_A-2303143"	11	97785825	0.696329
"SNP_A-2233982"	11	97785916	0.60644
"SNP_A-2291600"	11	97833196	0.602672
"SNP_A-1831418"	11	97848847	0.724162
"SNP_A-4204268"	11	97873703	0.262426
"SNP_A-4240956"	11	97874102	0.037138
"SNP_A-2151264"	11	97875050	0.251995
"SNP_A-4207307"	11	97891877	0.713018
"SNP_A-1925169"	11	97892285	0.471504
"SNP_A-2014275"	11	97895939	0.161244
"SNP_A-2014277"	11	97912004	0.31858
"SNP_A-2014278"	11	97912117	0.557936
"SNP_A-4220899"	11	97937406	0.413706
"SNP_A-4226055"	11	97953524	0.23678
"SNP_A-4194144"	11	97953696	0.407779
"SNP_A-4199063"	11	97953885	0.437652
"SNP_A-1824931"	11	97966670	0.546339
"SNP_A-2061672"	11	97973277	0.093686
"SNP_A-2121060"	11	98001115	-0.160769
"SNP_A-1945188"	11	98008403	0.232869
"SNP_A-1816990"	11	98010959	-0.10013
"SNP_A-4198476"	11	98021188	0.687818
"SNP_A-1898807"	11	98021239	0.32505
"SNP_A-2214202"	11	98027750	-0.1044
"SNP_A-1945456"	11	98045088	0.03279
"SNP_A-1821362"	11	98048428	0.360825
"SNP_A-1842757"	11	98061917	-0.427841
"SNP_A-2184506"	11	98067603	0.095989
"SNP_A-1826291"	11	98067775	0.418291
"SNP_A-2237538"	11	98069327	0.145188
"SNP_A-4204807"	11	98095463	0.831588
"SNP_A-2131258"	11	98103752	0.443851
"SNP_A-4222535"	11	98104490	0.535472
"SNP_A-4199584"	11	98109913	0.055681
"SNP_A-1947015"	11	98110341	0.280541
"SNP_A-2148629"	11	98111033	-0.003552
"SNP_A-2014289"	11	98111292	0.226207
"SNP_A-2014290"	11	98111333	0.474359
"SNP_A-1894290"	11	98158929	0.238401
"SNP_A-2088483"	11	98162344	0.259677
"SNP_A-2025787"	11	98184636	0.030544
"SNP_A-4197683"	11	98192714	0.185856
"SNP_A-4201633"	11	98192724	0.426551
"SNP_A-2014308"	11	98197535	0.585621
"SNP_A-1840929"	11	98197674	0.419822
"SNP_A-4215436"	11	98207847	0.514897
"SNP_A-2014309"	11	98208057	0.400306
"SNP_A-2104613"	11	98215878	0.361536
"SNP_A-2136373"	11	98225731	0.231679
"SNP_A-1847105"	11	98228426	0.151939
"SNP_A-2026753"	11	98237854	0.478927
"SNP_A-2002172"	11	98239006	0.510405
"SNP_A-4215437"	11	98252747	0.327567
"SNP_A-4235734"	11	98275282	0.591448
"SNP_A-1936371"	11	98279344	0.389268
"SNP_A-1921108"	11	98279373	-0.235734
"SNP_A-2060606"	11	98281927	0.46822
"SNP_A-1818802"	11	98282441	0.487413
"SNP_A-4225001"	11	98287126	0.154904
"SNP_A-4227650"	11	98287203	0.094812
"SNP_A-4215439"	11	98298555	0.430684
"SNP_A-4198155"	11	98310378	0.725636
"SNP_A-4214160"	11	98316470	0.390848
"SNP_A-2234487"	11	98319393	0.456055
"SNP_A-2305341"	11	98332556	0.585827
"SNP_A-4225511"	11	98348776	0.386734
"SNP_A-2266698"	11	98355200	0.325151
"SNP_A-1870173"	11	98355260	0.121701
"SNP_A-2167047"	11	98363333	0.538728
"SNP_A-2261205"	11	98384320	0.70548
"SNP_A-1848749"	11	98384654	0.422813
"SNP_A-2070675"	11	98389820	0.309976
"SNP_A-1910281"	11	98399232	0.199509
"SNP_A-2014331"	11	98399659	0.309094
"SNP_A-4228521"	11	98400415	-0.037527
"SNP_A-4215441"	11	98400429	0.296878
"SNP_A-4215442"	11	98413115	0.937649
"SNP_A-2069787"	11	98432324	0.426002
"SNP_A-1840373"	11	98438373	0.703966
"SNP_A-1850278"	11	98438410	0.443421
"SNP_A-2014332"	11	98439863	0.513514
"SNP_A-2080986"	11	98440063	-0.420638
"SNP_A-2014333"	11	98440413	0.019964
"SNP_A-1841557"	11	98441156	0.366609
"SNP_A-4229373"	11	98450710	0.332552
"SNP_A-2014336"	11	98451612	0.712774
"SNP_A-2025030"	11	98457727	0.44727
"SNP_A-2101116"	11	98458577	0.233654
"SNP_A-2105556"	11	98464557	0.308682
"SNP_A-1825289"	11	98465267	0.542913
"SNP_A-2069661"	11	98468700	0.452843
"SNP_A-4238692"	11	98468771	0.314061
"SNP_A-4194997"	11	98486695	0.39698
"SNP_A-4232561"	11	98495468	-0.085647
"SNP_A-4199422"	11	98495591	0.612923
"SNP_A-1927901"	11	98496322	0.211385
"SNP_A-1927137"	11	98498142	0.076553
"SNP_A-2091403"	11	98503163	0.584674
"SNP_A-2014347"	11	98510846	0.549559
"SNP_A-2065862"	11	98511027	0.553248
"SNP_A-1946003"	11	98519105	0.276733
"SNP_A-2101018"	11	98519399	0.043487
"SNP_A-4226574"	11	98527406	0.361874
"SNP_A-4225394"	11	98533606	0.566779
"SNP_A-4222682"	11	98534019	0.336073
"SNP_A-2243503"	11	98544867	0.370256
"SNP_A-2041148"	11	98545482	0.395285
"SNP_A-2232145"	11	98567845	0.141643
"SNP_A-2014349"	11	98569261	-0.102264
"SNP_A-2187037"	11	98582147	0.922798
"SNP_A-2095877"	11	98593201	0.441104
"SNP_A-2189706"	11	98593257	0.71311
"SNP_A-4231993"	11	98594057	0.305899
"SNP_A-2155797"	11	98598888	0.614591
"SNP_A-2181881"	11	98602409	0.4639
"SNP_A-2088381"	11	98602502	0.4192
"SNP_A-2246917"	11	98602848	0.218377
"SNP_A-2205730"	11	98602909	0.129402
"SNP_A-2083878"	11	98602939	0.430944
"SNP_A-1851935"	11	98603862	0.430103
"SNP_A-4198579"	11	98620869	0.411504
"SNP_A-2023235"	11	98620980	0.49223
"SNP_A-2175216"	11	98627614	0.493135
"SNP_A-2066514"	11	98634486	0.62277
"SNP_A-2057724"	11	98634634	0.080485
"SNP_A-2119249"	11	98646028	0.530812
"SNP_A-1840655"	11	98660083	0.605958
"SNP_A-1858992"	11	98674719	-0.023724
"SNP_A-1798654"	11	98690633	0.184397
"SNP_A-4215444"	11	98692862	0.656626
"SNP_A-2002173"	11	98707009	0.586232
"SNP_A-1780939"	11	98707897	0.022852
"SNP_A-2125076"	11	98711097	0.303364
"SNP_A-4229751"	11	98725127	0.475759
"SNP_A-2171616"	11	98727592	1.047072
"SNP_A-2134755"	11	98742067	0.474879
"SNP_A-2035682"	11	98765668	0.132685
"SNP_A-4227996"	11	98788233	0.393857
"SNP_A-1828435"	11	98808019	0.032895
"SNP_A-2126878"	11	98814153	0.314178
"SNP_A-2173353"	11	98818546	0.388763
"SNP_A-2041553"	11	98818779	0.27518
"SNP_A-2030807"	11	98819238	0.396168
"SNP_A-2262633"	11	98827292	0.503594
"SNP_A-1794806"	11	98835676	0.752026
"SNP_A-1926457"	11	98877941	0.55756
"SNP_A-2139691"	11	98884384	0.466383
"SNP_A-4225206"	11	98888320	-0.175973
"SNP_A-1905741"	11	98892027	0.480522
"SNP_A-2298267"	11	98904400	0.50083
"SNP_A-2197332"	11	98916596	0.63342
"SNP_A-2295646"	11	98916620	0.430778
"SNP_A-1948852"	11	98916830	0.779633
"SNP_A-2244090"	11	98926233	0.457708
"SNP_A-2296212"	11	98939427	0.400241
"SNP_A-4194981"	11	98939765	-0.297901
"SNP_A-4193093"	11	98971789	0.43346
"SNP_A-2058805"	11	98972900	0.490103
"SNP_A-4215446"	11	98972936	0.019946
"SNP_A-1913694"	11	98991059	0.725841
"SNP_A-2193943"	11	98994224	0.647034
"SNP_A-2152685"	11	98994359	0.470916
"SNP_A-2014400"	11	98994584	0.376291
"SNP_A-2141810"	11	98996747	0.507985
"SNP_A-4232977"	11	98996941	0.443503
"SNP_A-1923431"	11	98996969	0.489529
"SNP_A-2253674"	11	98997685	0.225856
"SNP_A-4199645"	11	99004320	0.191909
"SNP_A-2014409"	11	99008430	0.511095
"SNP_A-2066709"	11	99008776	0.100344
"SNP_A-4228543"	11	99008862	0.447178
"SNP_A-1843931"	11	99008977	0.266384
"SNP_A-4225686"	11	99013018	0.292794
"SNP_A-1894578"	11	99014102	0.355343
"SNP_A-2150143"	11	99017466	-0.082845
"SNP_A-2262536"	11	99017521	0.126183
"SNP_A-1881357"	11	99017547	0.617576
"SNP_A-2149792"	11	99017764	0.347577
"SNP_A-2285883"	11	99017836	0.124943
"SNP_A-2014412"	11	99019303	0.291132
"SNP_A-4202364"	11	99020078	0.722449
"SNP_A-2107582"	11	99026041	0.431345
"SNP_A-1929965"	11	99026265	0.211
"SNP_A-2126567"	11	99031643	0.715813
"SNP_A-2014414"	11	99038957	0.438109
"SNP_A-2002176"	11	99039999	0.15204
"SNP_A-1878618"	11	99040859	0.338068
"SNP_A-2119056"	11	99046613	0.384634
"SNP_A-1892393"	11	99046988	0.221066
"SNP_A-1956230"	11	99070312	0.595814
"SNP_A-4215447"	11	99079899	0.014493
"SNP_A-2214088"	11	99081482	0.360209
"SNP_A-4193479"	11	99082600	0.267503
"SNP_A-4232403"	11	99086147	0.062026
"SNP_A-1875723"	11	99092323	0.633995
"SNP_A-2132562"	11	99098925	0.325359
"SNP_A-2095873"	11	99103335	0.380302
"SNP_A-4215448"	11	99105568	-0.048453
"SNP_A-2187513"	11	99106275	0.407227
"SNP_A-1901998"	11	99106399	0.500772
"SNP_A-1806633"	11	99106430	0.401898
"SNP_A-2156380"	11	99114856	0.315484
"SNP_A-1958526"	11	99115376	0.362532
"SNP_A-4194362"	11	99143689	0.028388
"SNP_A-2184570"	11	99148202	0.342146
"SNP_A-2175805"	11	99166435	0.481629
"SNP_A-1781252"	11	99176779	-0.093161
"SNP_A-4233286"	11	99178231	0.234025
"SNP_A-2182714"	11	99184328	0.617184
"SNP_A-4193528"	11	99187956	0.039217
"SNP_A-2162187"	11	99188255	0.022495
"SNP_A-4204776"	11	99188491	0.142315
"SNP_A-1830100"	11	99218429	0.072464
"SNP_A-2014439"	11	99240362	0.385915
"SNP_A-2256825"	11	99245502	0.207924
"SNP_A-2159459"	11	99245527	0.311449
"SNP_A-4235602"	11	99261000	0.038114
"SNP_A-2156643"	11	99289243	0.607322
"SNP_A-2305853"	11	99309814	0.463813
"SNP_A-2196867"	11	99333169	0.730878
"SNP_A-2205769"	11	99344714	0.281137
"SNP_A-4234024"	11	99365360	0.735836
"SNP_A-2212845"	11	99366265	-0.06649
"SNP_A-1874989"	11	99366485	0.181949
"SNP_A-2089051"	11	99366936	0.269185
"SNP_A-4224854"	11	99367917	0.559794
"SNP_A-4198622"	11	99367995	0.32642
"SNP_A-2144165"	11	99372528	0.058977
"SNP_A-1958361"	11	99377024	-0.117563
"SNP_A-2029258"	11	99378221	0.116341
"SNP_A-1827715"	11	99381367	0.65461
"SNP_A-1884849"	11	99388908	0.453199
"SNP_A-4230010"	11	99389114	0.409255
"SNP_A-1944354"	11	99389393	0.24452
"SNP_A-4237482"	11	99389482	0.498567
"SNP_A-4222417"	11	99389995	0.957517
"SNP_A-2014462"	11	99391490	0.493639
"SNP_A-4215452"	11	99391536	0.512564
"SNP_A-4215453"	11	99392893	0.84327
"SNP_A-2014467"	11	99393600	0.08121
"SNP_A-2014469"	11	99393676	0.201212
"SNP_A-2177658"	11	99420207	0.18566
"SNP_A-4219861"	11	99420606	-0.133442
"SNP_A-4199999"	11	99421096	-0.109017
"SNP_A-2292864"	11	99426694	0.180493
"SNP_A-1848546"	11	99431652	0.330709
"SNP_A-2014477"	11	99440128	0.666111
"SNP_A-2163652"	11	99447958	0.523324
"SNP_A-2140083"	11	99467219	0.536062
"SNP_A-4225138"	11	99467344	0.566337
"SNP_A-2172823"	11	99472054	0.175765
"SNP_A-1925158"	11	99472494	0.262006
"SNP_A-1935489"	11	99484065	0.598403
"SNP_A-1856312"	11	99484141	0.347921
"SNP_A-1877376"	11	99502264	0.638275
"SNP_A-4215455"	11	99506011	0.459577
"SNP_A-4240356"	11	99507222	0.377324
"SNP_A-1805450"	11	99510757	0.516116
"SNP_A-4197110"	11	99528706	0.297104
"SNP_A-4215456"	11	99533927	0.133768
"SNP_A-4215457"	11	99550472	0.317792
"SNP_A-4215458"	11	99550539	0.595984
"SNP_A-2014485"	11	99550634	0.496674
"SNP_A-2126375"	11	99557499	0.058017
"SNP_A-1822161"	11	99559917	0.231084
"SNP_A-4215459"	11	99561955	0.550855
"SNP_A-2073070"	11	99565104	0.305506
"SNP_A-1947752"	11	99574124	0.603671
"SNP_A-1843196"	11	99584933	0.398967
"SNP_A-4215460"	11	99586523	0.453431
"SNP_A-2014490"	11	99586799	0.166203
"SNP_A-2189792"	11	99593545	0.064618
"SNP_A-2135746"	11	99599622	0.448878
"SNP_A-2141389"	11	99600926	-0.337944
"SNP_A-2172441"	11	99660710	0.113741
"SNP_A-2014497"	11	99672204	0.403427
"SNP_A-1824876"	11	99676655	0.395286
"SNP_A-1961186"	11	99679552	-0.028946
"SNP_A-2137983"	11	99688595	-0.258604
"SNP_A-4216781"	11	99697471	0.920496
"SNP_A-2223641"	11	99712710	0.791709
"SNP_A-2314324"	11	99748186	0.521328
"SNP_A-2294984"	11	99748688	0.036735
"SNP_A-2234326"	11	99750118	0.107656
"SNP_A-1819638"	11	99794679	0.443822
"SNP_A-2030747"	11	99803631	0.795347
"SNP_A-1823995"	11	99803668	0.830423
"SNP_A-4200039"	11	99823227	0.66017
"SNP_A-2047559"	11	99823384	0.666889
"SNP_A-1793147"	11	99823653	0.779866
"SNP_A-2292249"	11	99835818	0.84158
"SNP_A-1831279"	11	99837966	0.639722
"SNP_A-4194181"	11	99849358	0.380249
"SNP_A-4219182"	11	99849414	0.10452
"SNP_A-1781271"	11	99850196	0.537137
"SNP_A-2230985"	11	99850648	0.690798
"SNP_A-1860196"	11	99957205	0.311841
"SNP_A-1824061"	11	99976146	0.680444
"SNP_A-2101913"	11	99998450	0.335872
"SNP_A-1852325"	11	99999205	0.387172
"SNP_A-2190879"	11	100001885	0.691282
"SNP_A-2118643"	11	100014739	0.409177
"SNP_A-1901512"	11	100021210	0.544708
"SNP_A-2064825"	11	100021892	0.249643
"SNP_A-2300110"	11	100026021	0.758482
"SNP_A-1853576"	11	100039842	0.440457
"SNP_A-2216423"	11	100040190	0.467731
"SNP_A-4235673"	11	100040307	0.655361
"SNP_A-2066008"	11	100045570	0.412274
"SNP_A-1951831"	11	100049502	0.422113
"SNP_A-4220520"	11	100055656	0.551508
"SNP_A-1850507"	11	100061343	0.642813
"SNP_A-2293433"	11	100085835	0.285336
"SNP_A-1955478"	11	100090635	0.431246
"SNP_A-4215462"	11	100108384	0.471681
"SNP_A-4196735"	11	100108399	0.740447
"SNP_A-2014536"	11	100108524	0.258087
"SNP_A-2236541"	11	100138874	0.527791
"SNP_A-2162251"	11	100141788	0.167395
"SNP_A-4223201"	11	100146004	0.449276
"SNP_A-1921769"	11	100162564	0.552498
"SNP_A-1884398"	11	100164369	0.319732
"SNP_A-4194416"	11	100164979	0.525713
"SNP_A-2275548"	11	100182372	0.298019
"SNP_A-1928666"	11	100189519	0.146583
"SNP_A-2237057"	11	100191329	0.057142
"SNP_A-1871532"	11	100191486	0.474156
"SNP_A-2014542"	11	100216692	0.443042
"SNP_A-2252115"	11	100218437	0.241268
"SNP_A-4215464"	11	100221671	0.252153
"SNP_A-2014543"	11	100222353	0.149866
"SNP_A-1935037"	11	100226737	0.813844
"SNP_A-1941522"	11	100228316	0.57388
"SNP_A-2054564"	11	100238330	0.455683
"SNP_A-2014544"	11	100245140	0.575083
"SNP_A-2014545"	11	100245404	0.51307
"SNP_A-2158320"	11	100248822	0.311019
"SNP_A-4195244"	11	100249408	0.458733
"SNP_A-4199514"	11	100282500	0.337027
"SNP_A-2032337"	11	100306006	0.403592
"SNP_A-2031465"	11	100307731	0.41218
"SNP_A-2146273"	11	100307922	0.407961
"SNP_A-2155104"	11	100311679	0.707774
"SNP_A-1813270"	11	100311747	0.539377
"SNP_A-1817130"	11	100312457	0.818867
"SNP_A-2144868"	11	100312676	0.93458
"SNP_A-4204330"	11	100312731	-0.085044
"SNP_A-2238259"	11	100315104	0.32637
"SNP_A-1958975"	11	100316139	0.066463
"SNP_A-2014554"	11	100319780	0.733343
"SNP_A-4219030"	11	100319819	0.107577
"SNP_A-4235111"	11	100322865	0.433238
"SNP_A-2229672"	11	100322922	0.489113
"SNP_A-2063257"	11	100323652	0.263224
"SNP_A-1816366"	11	100329024	0.174883
"SNP_A-4215466"	11	100329496	0.360143
"SNP_A-2279427"	11	100331584	0.28773
"SNP_A-1822017"	11	100331839	0.56491
"SNP_A-2014556"	11	100340465	0.539961
"SNP_A-2072054"	11	100355412	0.160058
"SNP_A-1863927"	11	100355794	0.475046
"SNP_A-4215467"	11	100362165	0.735897
"SNP_A-1871148"	11	100369356	0.249769
"SNP_A-2189702"	11	100372307	0.339723
"SNP_A-2280323"	11	100375744	0.461565
"SNP_A-2212355"	11	100379529	0.307134
"SNP_A-2014561"	11	100384527	0.50669
"SNP_A-1781508"	11	100396203	0.699183
"SNP_A-2014564"	11	100396455	0.854755
"SNP_A-2014565"	11	100415679	0.738233
"SNP_A-1906095"	11	100418658	0.259463
"SNP_A-2014568"	11	100435947	0.217154
"SNP_A-2088274"	11	100436925	0.188061
"SNP_A-2117890"	11	100438110	0.461648
"SNP_A-2029133"	11	100439141	0.109967
"SNP_A-1842396"	11	100441139	1.184946
"SNP_A-1803090"	11	100441556	0.211406
"SNP_A-1863711"	11	100442517	0.383677
"SNP_A-1791060"	11	100443100	0.552856
"SNP_A-2014570"	11	100453320	0.372255
"SNP_A-4218318"	11	100468083	0.590793
"SNP_A-1919861"	11	100474570	0.304998
"SNP_A-2147040"	11	100474716	0.046732
"SNP_A-4195418"	11	100496895	0.868213
"SNP_A-2125067"	11	100497344	0.269769
"SNP_A-2014574"	11	100513712	0.308169
"SNP_A-2074015"	11	100532322	0.192052
"SNP_A-1841952"	11	100558021	0.106525
"SNP_A-1788730"	11	100561549	0.457732
"SNP_A-2014575"	11	100563728	0.660786
"SNP_A-1787234"	11	100595930	0.301827
"SNP_A-1862063"	11	100596067	0.466783
"SNP_A-1921085"	11	100619729	0.542451
"SNP_A-1925206"	11	100648482	0.345682
"SNP_A-1797266"	11	100648661	0.462702
"SNP_A-2230729"	11	100650873	0.193554
"SNP_A-2014581"	11	100653042	0.139848
"SNP_A-2014582"	11	100653460	0.63441
"SNP_A-1873947"	11	100660082	0.353843
"SNP_A-2077537"	11	100664515	0.49602
"SNP_A-1878512"	11	100664633	-0.020882
"SNP_A-1851571"	11	100666168	0.393964
"SNP_A-2014585"	11	100682646	0.545187
"SNP_A-4200618"	11	100702486	0.406688
"SNP_A-1843328"	11	100713940	0.138349
"SNP_A-1831619"	11	100713984	0.358194
"SNP_A-2002185"	11	100715630	0.764305
"SNP_A-1954741"	11	100720320	0.288873
"SNP_A-2248183"	11	100733722	0.35813
"SNP_A-1949106"	11	100748743	0.709178
"SNP_A-2281542"	11	100748854	0.705461
"SNP_A-4216589"	11	100755010	0.977718
"SNP_A-1957458"	11	100755983	0.287964
"SNP_A-2014595"	11	100760202	0.423148
"SNP_A-2041163"	11	100767635	0.489875
"SNP_A-2014596"	11	100773876	0.439828
"SNP_A-2014597"	11	100774097	0.458864
"SNP_A-1807564"	11	100780862	0.434226
"SNP_A-2072827"	11	100805397	0.278769
"SNP_A-4215468"	11	100809731	0.652359
"SNP_A-2160634"	11	100815800	0.285238
"SNP_A-2114188"	11	100816569	0.318787
"SNP_A-4196657"	11	100824107	0.539134
"SNP_A-2148404"	11	100843783	0.417031
"SNP_A-1855616"	11	100844982	0.12095
"SNP_A-2259796"	11	100869713	0.195119
"SNP_A-2014602"	11	100870367	0.175577
"SNP_A-4215470"	11	100870413	0.415617
"SNP_A-2296197"	11	100870942	0.372875
"SNP_A-2014603"	11	100871684	0.136286
"SNP_A-2120495"	11	100876713	0.51003
"SNP_A-4224253"	11	100877138	0.216922
"SNP_A-2116134"	11	100877985	0.366132
"SNP_A-2095603"	11	100878303	0.6515
"SNP_A-2024050"	11	100878385	0.018644
"SNP_A-2057042"	11	100883042	0.396493
"SNP_A-4201133"	11	100888916	0.468647
"SNP_A-2049458"	11	100889822	0.397233
"SNP_A-2309209"	11	100893168	0.097637
"SNP_A-2119679"	11	100922550	0.619392
"SNP_A-1903693"	11	100929691	0.61086
"SNP_A-1949554"	11	100931749	0.518635
"SNP_A-1854405"	11	100957403	0.429138
"SNP_A-2285227"	11	100957541	0.408005
"SNP_A-4194456"	11	100974061	0.442843
"SNP_A-2059934"	11	100982114	0.543835
"SNP_A-2121868"	11	101002347	0.083525
"SNP_A-2276875"	11	101002606	0.471201
"SNP_A-2026841"	11	101028632	0.610755
"SNP_A-2071584"	11	101032911	0.199633
"SNP_A-4215473"	11	101044685	0.272423
"SNP_A-1806788"	11	101048145	0.512685
"SNP_A-2014626"	11	101052933	0.286316
"SNP_A-2292159"	11	101096133	0.129146
"SNP_A-2263805"	11	101097411	0.821119
"SNP_A-1850586"	11	101098635	0.295884
"SNP_A-2289937"	11	101098747	0.001795
"SNP_A-2014632"	11	101130121	0.718457
"SNP_A-2014633"	11	101131785	0.943702
"SNP_A-2014634"	11	101131811	0.374551
"SNP_A-1901874"	11	101137143	0.360948
"SNP_A-2194508"	11	101137993	0.880884
"SNP_A-2036857"	11	101138371	0.416743
"SNP_A-2121474"	11	101149102	0.348352
"SNP_A-4215474"	11	101150267	0.58108
"SNP_A-4197622"	11	101156016	0.203639
"SNP_A-1953995"	11	101176555	0.492325
"SNP_A-2106533"	11	101177211	-0.000764
"SNP_A-1940071"	11	101183811	0.355015
"SNP_A-2172013"	11	101184412	0.022053
"SNP_A-1938990"	11	101189112	0.240051
"SNP_A-1861978"	11	101189351	0.235712
"SNP_A-4198379"	11	101190876	0.55962
"SNP_A-1911107"	11	101190962	0.67919
"SNP_A-2174780"	11	101192940	0.639188
"SNP_A-2056371"	11	101193557	0.036687
"SNP_A-2246740"	11	101193745	0.51677
"SNP_A-2231235"	11	101193835	0.457419
"SNP_A-1909427"	11	101194004	0.078499
"SNP_A-4204412"	11	101197881	0.123521
"SNP_A-2014644"	11	101224438	0.335458
"SNP_A-2277500"	11	101238753	0.477663
"SNP_A-1903488"	11	101239418	0.655203
"SNP_A-1836743"	11	101239660	1.638104
"SNP_A-1821154"	11	101246901	0.564483
"SNP_A-2138662"	11	101247149	0.036931
"SNP_A-1806623"	11	101247223	0.593509
"SNP_A-1867602"	11	101256451	0.121247
"SNP_A-1804084"	11	101257871	0.351959
"SNP_A-2141553"	11	101294903	0.395892
"SNP_A-2098633"	11	101295881	0.71529
"SNP_A-1866661"	11	101323683	1.161023
"SNP_A-2193110"	11	101324565	0.280649
"SNP_A-2073927"	11	101326654	0.594395
"SNP_A-1788241"	11	101333625	0.462143
"SNP_A-1820717"	11	101365001	0.083568
"SNP_A-2258728"	11	101432254	0.248314
"SNP_A-1900115"	11	101440077	0.187183
"SNP_A-1956596"	11	101478647	0.257135
"SNP_A-1818734"	11	101483614	0.781405
"SNP_A-2195998"	11	101489838	0.559818
"SNP_A-2038148"	11	101489928	-0.366477
"SNP_A-1788141"	11	101491854	0.68267
"SNP_A-1921075"	11	101502153	0.50928
"SNP_A-2074676"	11	101506893	0.12326
"SNP_A-4240118"	11	101522929	0.138777
"SNP_A-2253867"	11	101526011	0.586683
"SNP_A-1895677"	11	101533105	0.425667
"SNP_A-2194336"	11	101568427	0.711075
"SNP_A-2233412"	11	101568647	0.472391
"SNP_A-1933536"	11	101593545	0.364998
"SNP_A-2108287"	11	101610883	0.434628
"SNP_A-1847583"	11	101648613	0.264486
"SNP_A-4205329"	11	101742930	0.430355
"SNP_A-1959181"	11	101752886	0.483503
"SNP_A-2071233"	11	101803212	0.874657
"SNP_A-1814564"	11	101832951	0.497146
"SNP_A-2119324"	11	101833940	0.22242
"SNP_A-1813128"	11	101842658	0.733889
"SNP_A-2300287"	11	101850209	0.608625
"SNP_A-2189549"	11	101850444	0.481178
"SNP_A-1864020"	11	101850484	0.007299
"SNP_A-2271678"	11	101865657	0.465794
"SNP_A-2100243"	11	101897590	0.586633
"SNP_A-1816166"	11	101897866	0.516614
"SNP_A-2224845"	11	101898265	0.410036
"SNP_A-1912829"	11	101901457	0.069834
"SNP_A-2014709"	11	101903803	0.119476
"SNP_A-2155134"	11	101904688	0.827435
"SNP_A-1829507"	11	101904800	0.654115
"SNP_A-1795971"	11	101923370	0.640202
"SNP_A-2171593"	11	101923574	0.403276
"SNP_A-2232304"	11	101926757	0.732094
"SNP_A-4215476"	11	101930618	0.492488
"SNP_A-2215169"	11	101932590	-0.039708
"SNP_A-1914808"	11	101957441	0.448518
"SNP_A-4197953"	11	101957485	0.893297
"SNP_A-2153161"	11	101974127	0.012404
"SNP_A-4217072"	11	101974572	0.463338
"SNP_A-2098093"	11	102009489	0.355116
"SNP_A-2114202"	11	102009681	0.45154
"SNP_A-4224624"	11	102010092	0.485224
"SNP_A-1884222"	11	102013558	0.060499
"SNP_A-2044495"	11	102017296	0.354221
"SNP_A-2031847"	11	102017324	0.02389
"SNP_A-2054964"	11	102034422	0.363535
"SNP_A-4227170"	11	102035641	0.432961
"SNP_A-1842395"	11	102035796	0.311542
"SNP_A-2171710"	11	102036215	0.090026
"SNP_A-4239715"	11	102056919	0.488546
"SNP_A-1865802"	11	102062994	0.119806
"SNP_A-2074140"	11	102079814	0.211086
"SNP_A-4192856"	11	102080949	0.459423
"SNP_A-4238577"	11	102080964	0.569086
"SNP_A-2198859"	11	102097204	0.510468
"SNP_A-2134646"	11	102104069	0.569301
"SNP_A-2051615"	11	102104151	0.539272
"SNP_A-1902708"	11	102140448	0.324087
"SNP_A-4239610"	11	102140711	0.219734
"SNP_A-1878130"	11	102141427	0.926608
"SNP_A-2144072"	11	102141584	0.599377
"SNP_A-2118953"	11	102141752	0.400483
"SNP_A-2248625"	11	102145672	0.174332
"SNP_A-1871747"	11	102146662	0.294789
"SNP_A-1945212"	11	102153737	0.294981
"SNP_A-2014739"	11	102155634	0.007446
"SNP_A-4215479"	11	102166309	0.24289
"SNP_A-4215480"	11	102166805	0.722048
"SNP_A-1784506"	11	102171526	0.409326
"SNP_A-1862113"	11	102176388	0.576954
"SNP_A-2022366"	11	102185176	0.543587
"SNP_A-1925105"	11	102185439	0.420559
"SNP_A-2201505"	11	102185457	0.621995
"SNP_A-1942574"	11	102186159	-0.110207
"SNP_A-2131046"	11	102186239	0.617965
"SNP_A-2209978"	11	102196629	0.782876
"SNP_A-2014751"	11	102200318	0.524868
"SNP_A-1957669"	11	102200682	0.421553
"SNP_A-1914601"	11	102203934	0.250849
"SNP_A-1821799"	11	102225554	0.203122
"SNP_A-4218481"	11	102225631	0.1171
"SNP_A-2054514"	11	102270618	0.346868
"SNP_A-2283244"	11	102276208	0.108201
"SNP_A-1882089"	11	102276350	0.612376
"SNP_A-2260760"	11	102310143	0.345412
"SNP_A-2014767"	11	102310812	0.142942
"SNP_A-2171713"	11	102312369	0.329131
"SNP_A-2268497"	11	102312941	0.478397
"SNP_A-2153031"	11	102330845	-0.408647
"SNP_A-2014771"	11	102331749	0.145516
"SNP_A-4195513"	11	102334665	-0.058996
"SNP_A-2014772"	11	102336301	0.576815
"SNP_A-4215483"	11	102337574	0.502643
"SNP_A-2014775"	11	102357135	0.713191
"SNP_A-1868546"	11	102376833	0.461383
"SNP_A-2180764"	11	102378453	0.609858
"SNP_A-4197340"	11	102404003	0.619704
"SNP_A-2047657"	11	102406212	0.452653
"SNP_A-2095316"	11	102457378	0.103892
"SNP_A-2187586"	11	102478560	0.238031
"SNP_A-2014780"	11	102485534	0.426721
"SNP_A-1817526"	11	102488778	0.83785
"SNP_A-2294901"	11	102512000	0.268524
"SNP_A-1856372"	11	102557916	0.209368
"SNP_A-2077252"	11	102560246	0.752748
"SNP_A-2033970"	11	102562621	0.175633
"SNP_A-2302014"	11	102572670	0.553594
"SNP_A-2191553"	11	102587768	0.110492
"SNP_A-1795559"	11	102587800	0.405081
"SNP_A-2014788"	11	102589506	0.227839
"SNP_A-1864385"	11	102590048	-0.465279
"SNP_A-2140409"	11	102590703	0.117041
"SNP_A-1863974"	11	102591935	0.079432
"SNP_A-4192661"	11	102592676	0.287956
"SNP_A-2281293"	11	102634338	0.449387
"SNP_A-2267362"	11	102634671	0.399905
"SNP_A-4224490"	11	102656080	0.54107
"SNP_A-2143972"	11	102656542	0.357201
"SNP_A-2102745"	11	102668815	0.931472
"SNP_A-2193053"	11	102672402	0.372401
"SNP_A-2143660"	11	102673624	0.062225
"SNP_A-1835825"	11	102675075	0.198236
"SNP_A-2077790"	11	102675099	0.459905
"SNP_A-1865384"	11	102675522	0.619084
"SNP_A-1951625"	11	102685483	0.516738
"SNP_A-4202658"	11	102685655	0.453673
"SNP_A-2291166"	11	102690774	0.220638
"SNP_A-2196032"	11	102691169	0.529411
"SNP_A-4227040"	11	102691465	0.496078
"SNP_A-2099800"	11	102695338	0.57971
"SNP_A-1826785"	11	102696478	0.735375
"SNP_A-2135846"	11	102696540	0.326027
"SNP_A-4215485"	11	102706155	0.105491
"SNP_A-1921184"	11	102710521	0.570611
"SNP_A-4217305"	11	102713593	0.539267
"SNP_A-4206744"	11	102715194	0.581265
"SNP_A-2235066"	11	102715325	0.670501
"SNP_A-2299402"	11	102715394	0.027502
"SNP_A-2277421"	11	102715424	0.523212
"SNP_A-1843022"	11	102725488	0.402669
"SNP_A-1888250"	11	102725539	0.23699
"SNP_A-2050519"	11	102726396	0.21453
"SNP_A-1911105"	11	102726747	0.418849
"SNP_A-4240775"	11	102728571	0.394095
"SNP_A-1822331"	11	102732564	0.382387
"SNP_A-1930401"	11	102755298	0.357473
"SNP_A-2232405"	11	102755660	0.458784
"SNP_A-2272633"	11	102757714	0.401293
"SNP_A-4228967"	11	102758199	0.290137
"SNP_A-2129793"	11	102758563	0.293233
"SNP_A-1926002"	11	102758764	-0.241033
"SNP_A-2030647"	11	102761631	0.503527
"SNP_A-2100416"	11	102771954	0.387303
"SNP_A-4236440"	11	102772196	0.634657
"SNP_A-1949653"	11	102773401	0.444405
"SNP_A-1939924"	11	102778547	0.61343
"SNP_A-2214403"	11	102778597	-0.063116
"SNP_A-2168106"	11	102787153	0.50981
"SNP_A-2161321"	11	102802726	-0.783515
"SNP_A-1894094"	11	102822959	0.189568
"SNP_A-4216193"	11	102823089	-0.014547
"SNP_A-2196762"	11	102823539	-0.089361
"SNP_A-1961363"	11	102825113	0.20962
"SNP_A-4206381"	11	102828806	1.165949
"SNP_A-1943679"	11	102850240	0.567702
"SNP_A-2241896"	11	102857828	0.196764
"SNP_A-2049740"	11	102866177	0.332384
"SNP_A-4194102"	11	102873253	0.032058
"SNP_A-4219670"	11	102890913	0.166643
"SNP_A-1901560"	11	102897552	-0.255154
"SNP_A-2057474"	11	102901031	0.658994
"SNP_A-2088365"	11	102901205	0.194274
"SNP_A-2252573"	11	102903507	0.208277
"SNP_A-4215487"	11	102904474	0.20906
"SNP_A-2164188"	11	102904527	0.716998
"SNP_A-2200879"	11	102904902	0.328303
"SNP_A-2014813"	11	102909121	0.583621
"SNP_A-1849871"	11	102909267	0.504907
"SNP_A-2081119"	11	102911360	0.465205
"SNP_A-2014815"	11	102921757	0.013836
"SNP_A-2039442"	11	102922091	0.295226
"SNP_A-4223178"	11	102931235	0.818723
"SNP_A-1856346"	11	102947117	0.278253
"SNP_A-2014819"	11	102957438	0.575263
"SNP_A-4215488"	11	102957586	0.455946
"SNP_A-1782135"	11	102969577	0.354943
"SNP_A-2239172"	11	102969735	0.606835
"SNP_A-2189015"	11	102969910	0.250409
"SNP_A-2117903"	11	102970162	0.494363
"SNP_A-4224873"	11	102970187	0.324822
"SNP_A-2198958"	11	102985706	0.234235
"SNP_A-2033764"	11	102993740	0.562371
"SNP_A-2299881"	11	103009326	0.300802
"SNP_A-2235808"	11	103014121	0.311872
"SNP_A-2140175"	11	103032699	0.444527
"SNP_A-2014831"	11	103035917	0.518524
"SNP_A-1862535"	11	103036338	0.366506
"SNP_A-1818767"	11	103042621	0.242715
"SNP_A-4180725"	11	103045752	0.575292
"SNP_A-2014834"	11	103045991	0.513652
"SNP_A-2154050"	11	103048478	-0.134325
"SNP_A-1827759"	11	103051410	0.370781
"SNP_A-2174375"	11	103057444	0.460332
"SNP_A-4203681"	11	103058405	0.634703
"SNP_A-1897141"	11	103060090	0.27648
"SNP_A-1797311"	11	103060268	0.296472
"SNP_A-2278065"	11	103061203	0.49048
"SNP_A-1883322"	11	103065710	0.226408
"SNP_A-2311841"	11	103066190	0.610753
"SNP_A-2029009"	11	103085050	0.471084
"SNP_A-2027250"	11	103111899	0.452662
"SNP_A-1902840"	11	103111948	0.792076
"SNP_A-1917220"	11	103112378	0.593055
"SNP_A-2063893"	11	103113591	0.722543
"SNP_A-2136060"	11	103127175	0.174188
"SNP_A-2076845"	11	103145257	0.725909
"SNP_A-2014847"	11	103163811	0.533069
"SNP_A-4224875"	11	103169269	0.1263
"SNP_A-1933524"	11	103174803	0.315705
"SNP_A-2049311"	11	103175016	0.287191
"SNP_A-4220151"	11	103188658	0.302225
"SNP_A-2014860"	11	103227398	0.323535
"SNP_A-2106818"	11	103248222	0.371603
"SNP_A-2303912"	11	103253309	0.426979
"SNP_A-4203689"	11	103265295	0.859708
"SNP_A-1880041"	11	103266588	0.735172
"SNP_A-2155414"	11	103268027	0.040425
"SNP_A-2108388"	11	103285665	0.884498
"SNP_A-2138381"	11	103294671	0.393097
"SNP_A-1869607"	11	103296844	0.286285
"SNP_A-1923626"	11	103297228	0.167545
"SNP_A-1867024"	11	103297253	0.009413
"SNP_A-2268469"	11	103297750	0.176509
"SNP_A-2240732"	11	103313362	0.494572
"SNP_A-2084820"	11	103321484	0.411767
"SNP_A-2014870"	11	103329378	0.439298
"SNP_A-2156313"	11	103331394	0.323734
"SNP_A-1853969"	11	103339185	0.529288
"SNP_A-4228732"	11	103349420	0.439308
"SNP_A-1861084"	11	103349543	0.300004
"SNP_A-4221907"	11	103350217	0.54866
"SNP_A-2089499"	11	103354717	0.42121
"SNP_A-2043131"	11	103359893	-0.15694
"SNP_A-2111843"	11	103365569	0.329948
"SNP_A-4222075"	11	103370145	0.035545
"SNP_A-2107755"	11	103372803	0.630879
"SNP_A-2014877"	11	103381324	0.392596
"SNP_A-1926596"	11	103390533	0.82976
"SNP_A-1883284"	11	103391981	0.459815
"SNP_A-2144421"	11	103409766	0.624205
"SNP_A-1869669"	11	103409933	0.702803
"SNP_A-2177456"	11	103409995	0.357825
"SNP_A-1785866"	11	103410029	0.419599
"SNP_A-1791124"	11	103411015	0.030226
"SNP_A-2307214"	11	103419477	0.452228
"SNP_A-1800273"	11	103420223	0.341416
"SNP_A-2014884"	11	103429786	0.316321
"SNP_A-2036040"	11	103434428	0.366457
"SNP_A-4238892"	11	103436883	0.25529
"SNP_A-1954039"	11	103437417	0.497422
"SNP_A-2274866"	11	103446029	0.476406
"SNP_A-2224865"	11	103453028	0.524459
"SNP_A-4238949"	11	103453991	-0.342338
"SNP_A-2014887"	11	103455066	0.535487
"SNP_A-4215494"	11	103455952	0.190571
"SNP_A-2155922"	11	103473380	0.371087
"SNP_A-1925251"	11	103473686	-0.03175
"SNP_A-2053031"	11	103483337	0.159676
"SNP_A-2092783"	11	103483750	0.490638
"SNP_A-2121423"	11	103485551	0.813429
"SNP_A-2188479"	11	103501874	0.644257
"SNP_A-1930262"	11	103502101	0.576728
"SNP_A-2225503"	11	103502334	0.286959
"SNP_A-1792077"	11	103502401	-0.109994
"SNP_A-1782373"	11	103503187	0.361717
"SNP_A-2238520"	11	103507604	1.188514
"SNP_A-4201120"	11	103507652	0.460246
"SNP_A-2287120"	11	103507900	0.678965
"SNP_A-2014894"	11	103508755	0.758077
"SNP_A-1880670"	11	103508922	0.383917
"SNP_A-1822919"	11	103509357	0.159445
"SNP_A-2014895"	11	103509398	0.240335
"SNP_A-1852024"	11	103516718	0.536018
"SNP_A-2042154"	11	103517077	-0.312063
"SNP_A-1881639"	11	103517866	0.47947
"SNP_A-4238980"	11	103517977	0.477312
"SNP_A-2277830"	11	103518473	0.222407
"SNP_A-2034850"	11	103518594	0.388516
"SNP_A-2114493"	11	103518670	0.483146
"SNP_A-4193814"	11	103528116	0.028267
"SNP_A-4194486"	11	103532187	0.123179
"SNP_A-4206252"	11	103542068	0.413235
"SNP_A-2241681"	11	103542270	0.25664
"SNP_A-1953725"	11	103552035	0.528555
"SNP_A-2189493"	11	103553612	0.326914
"SNP_A-1960330"	11	103555469	-0.04033
"SNP_A-1937073"	11	103568490	0.469377
"SNP_A-2014902"	11	103603628	0.754053
"SNP_A-1879919"	11	103604510	0.041841
"SNP_A-2159428"	11	103624860	0.573631
"SNP_A-2220797"	11	103632917	0.319684
"SNP_A-4222391"	11	103646267	0.195195
"SNP_A-4199794"	11	103651683	0.04213
"SNP_A-2085607"	11	103651982	0.382676
"SNP_A-4228460"	11	103683749	0.673289
"SNP_A-4216167"	11	103684289	-0.064278
"SNP_A-1822143"	11	103698145	0.310706
"SNP_A-2066011"	11	103711424	0.168795
"SNP_A-2133357"	11	103711546	0.584301
"SNP_A-2038222"	11	103715015	0.399235
"SNP_A-2168010"	11	103718103	0.441249
"SNP_A-1798096"	11	103724641	0.376703
"SNP_A-2045785"	11	103730673	0.124064
"SNP_A-2198066"	11	103735129	0.371703
"SNP_A-2171255"	11	103744121	-0.081743
"SNP_A-2145343"	11	103744339	0.473838
"SNP_A-2088470"	11	103746450	0.052909
"SNP_A-2187934"	11	103782046	0.742822
"SNP_A-2278095"	11	103794916	0.472025
"SNP_A-2053680"	11	103801289	0.199049
"SNP_A-2178795"	11	103804161	0.433178
"SNP_A-2088573"	11	103807439	0.025544
"SNP_A-1845319"	11	103839359	0.166247
"SNP_A-1860959"	11	103839449	0.780597
"SNP_A-4202094"	11	103846375	0.598339
"SNP_A-1882966"	11	103865149	0.711369
"SNP_A-2171252"	11	103874971	0.047695
"SNP_A-1786538"	11	103878798	0.365531
"SNP_A-4225656"	11	103888924	-0.08041
"SNP_A-2028547"	11	103889136	0.519619
"SNP_A-2063124"	11	103890581	0.451405
"SNP_A-1813939"	11	103922584	0.413086
"SNP_A-2083586"	11	104005388	1.218521
"SNP_A-2183461"	11	104029818	0.390262
"SNP_A-1856311"	11	104029860	0.865063
"SNP_A-4194196"	11	104068778	0.329954
"SNP_A-4223204"	11	104069012	0.504843
"SNP_A-2014943"	11	104069736	0.190109
"SNP_A-2227355"	11	104078814	0.454632
"SNP_A-2175891"	11	104079038	0.256513
"SNP_A-2051472"	11	104090666	0.283195
"SNP_A-2258502"	11	104103584	0.10719
"SNP_A-4218430"	11	104109622	0.339018
"SNP_A-2014948"	11	104111615	0.412251
"SNP_A-2282637"	11	104124583	0.166941
"SNP_A-2280799"	11	104125421	0.384856
"SNP_A-2281359"	11	104131418	0.523802
"SNP_A-1796708"	11	104143759	0.182456
"SNP_A-1862709"	11	104148142	0.251238
"SNP_A-1831391"	11	104165947	0.467087
"SNP_A-4224320"	11	104171462	0.452578
"SNP_A-2057005"	11	104172250	0.202387
"SNP_A-2220353"	11	104175945	0.961986
"SNP_A-2193556"	11	104185400	0.367854
"SNP_A-4227246"	11	104196203	0.055163
"SNP_A-2288376"	11	104197129	0.48997
"SNP_A-2014965"	11	104201435	0.651506
"SNP_A-2014966"	11	104201936	0.16957
"SNP_A-1841247"	11	104212942	0.446204
"SNP_A-1851205"	11	104213441	0.540382
"SNP_A-2120391"	11	104215099	-0.336696
"SNP_A-2170770"	11	104220626	0.516524
"SNP_A-2024792"	11	104224620	0.469087
"SNP_A-1959841"	11	104224710	0.314139
"SNP_A-4219984"	11	104224935	0.727913
"SNP_A-4239058"	11	104233501	0.138227
"SNP_A-1817167"	11	104257189	0.057019
"SNP_A-2162919"	11	104257612	0.340358
"SNP_A-1873340"	11	104264184	0.176197
"SNP_A-2072348"	11	104264498	0.524202
"SNP_A-2246625"	11	104264756	0.311497
"SNP_A-2050444"	11	104291233	0.436654
"SNP_A-1821213"	11	104292183	0.336755
"SNP_A-1951849"	11	104294172	0.783927
"SNP_A-1874905"	11	104294431	0.071339
"SNP_A-1861737"	11	104309783	0.66399
"SNP_A-1869405"	11	104333516	0.291301
"SNP_A-2142317"	11	104333947	0.315343
"SNP_A-4194321"	11	104342367	0.109704
"SNP_A-4217869"	11	104343681	0.435242
"SNP_A-2036712"	11	104381934	0.212886
"SNP_A-2111178"	11	104382752	0.365749
"SNP_A-4238639"	11	104382927	0.633704
"SNP_A-2306580"	11	104399086	0.176326
"SNP_A-2046491"	11	104399381	0.241303
"SNP_A-4234808"	11	104400407	0.357346
"SNP_A-2136349"	11	104401086	0.582663
"SNP_A-2081683"	11	104410375	0.170098
"SNP_A-2278320"	11	104417431	0.688485
"SNP_A-2300212"	11	104424602	0.526914
"SNP_A-1831216"	11	104455217	-0.098811
"SNP_A-2224077"	11	104455705	0.360868
"SNP_A-2038221"	11	104463781	0.63942
"SNP_A-2107673"	11	104465662	0.51517
"SNP_A-1923849"	11	104468316	0.365851
"SNP_A-2296028"	11	104484879	0.62353
"SNP_A-1852279"	11	104484927	0.530316
"SNP_A-1949054"	11	104485183	0.385592
"SNP_A-2075123"	11	104486778	0.671488
"SNP_A-2245403"	11	104498619	0.432497
"SNP_A-2015003"	11	104511960	0.188991
"SNP_A-4215502"	11	104512965	0.343122
"SNP_A-1952635"	11	104523133	0.392772
"SNP_A-2126231"	11	104523310	0.121668
"SNP_A-2062819"	11	104523669	0.399762
"SNP_A-2015006"	11	104524163	0.498322
"SNP_A-1886465"	11	104534085	0.536471
"SNP_A-1875791"	11	104544198	0.106624
"SNP_A-1844573"	11	104555102	0.468314
"SNP_A-2197719"	11	104563430	0.681148
"SNP_A-2140295"	11	104565001	0.579112
"SNP_A-2157230"	11	104605071	0.326411
"SNP_A-2056667"	11	104605721	0.266471
"SNP_A-1844991"	11	104606157	0.848836
"SNP_A-1880576"	11	104696787	0.728397
"SNP_A-2213473"	11	104722383	0.395558
"SNP_A-2025689"	11	104729277	0.38606
"SNP_A-1957369"	11	104729456	0.586401
"SNP_A-2109481"	11	104741435	0.344414
"SNP_A-1943509"	11	104742086	0.498165
"SNP_A-4215503"	11	104748581	0.455107
"SNP_A-1894198"	11	104792451	0.30154
"SNP_A-2268683"	11	104792503	0.392433
"SNP_A-4241181"	11	104794259	0.213486
"SNP_A-2125157"	11	104806689	0.467477
"SNP_A-1815859"	11	104878780	0.484294
"SNP_A-2041974"	11	104885646	0.541491
"SNP_A-2137812"	11	104895263	0.641157
"SNP_A-2002203"	11	104895623	0.167796
"SNP_A-2002204"	11	104895924	0.605491
"SNP_A-2046080"	11	104896113	0.369588
"SNP_A-4217700"	11	104900742	0.151733
"SNP_A-2230912"	11	104901823	0.467904
"SNP_A-2200074"	11	104906381	0.763668
"SNP_A-2284243"	11	104929005	0.448718
"SNP_A-1836288"	11	104965252	0.628739
"SNP_A-1926999"	11	105012727	0.446999
"SNP_A-2033235"	11	105015403	0.179487
"SNP_A-2038972"	11	105068384	-0.005311
"SNP_A-4215504"	11	105070676	-0.205704
"SNP_A-1942207"	11	105073621	0.298965
"SNP_A-1815140"	11	105074566	0.665267
"SNP_A-1823626"	11	105080984	0.438081
"SNP_A-1879564"	11	105082410	0.154695
"SNP_A-2182652"	11	105094912	0.49508
"SNP_A-2015042"	11	105118319	0.640071
"SNP_A-2015043"	11	105120104	0.414874
"SNP_A-2015044"	11	105120463	0.553566
"SNP_A-2015046"	11	105143740	0.514034
"SNP_A-1808897"	11	105144566	0.658177
"SNP_A-1804812"	11	105150858	0.109497
"SNP_A-1800386"	11	105163999	0.974677
"SNP_A-1953245"	11	105164699	0.221989
"SNP_A-2308634"	11	105164739	0.498978
"SNP_A-2015054"	11	105191846	0.200238
"SNP_A-1885653"	11	105198350	0.656278
"SNP_A-2192708"	11	105202105	0.102629
"SNP_A-1858801"	11	105204022	0.670354
"SNP_A-2232919"	11	105204258	0.176465
"SNP_A-4232848"	11	105206043	0.247994
"SNP_A-4198403"	11	105207526	0.44573
"SNP_A-2146998"	11	105213413	0.119421
"SNP_A-1857129"	11	105214108	0.142519
"SNP_A-2065491"	11	105222248	1.153873
"SNP_A-2249829"	11	105240320	-0.111038
"SNP_A-2037977"	11	105240365	0.169658
"SNP_A-1960019"	11	105241243	0.399105
"SNP_A-1922122"	11	105285688	0.259962
"SNP_A-2123213"	11	105310316	0.412066
"SNP_A-4223063"	11	105310371	0.144218
"SNP_A-1888720"	11	105340562	0.295462
"SNP_A-4237465"	11	105341450	0.382888
"SNP_A-4195735"	11	105341647	0.295231
"SNP_A-1847098"	11	105347238	0.485417
"SNP_A-2015072"	11	105347293	0.348454
"SNP_A-4217643"	11	105347321	0.493027
"SNP_A-1874848"	11	105349374	0.225456
"SNP_A-2166161"	11	105351597	0.326402
"SNP_A-4214163"	11	105370261	0.299747
"SNP_A-1868836"	11	105370642	0.055054
"SNP_A-2028157"	11	105388824	0.272129
"SNP_A-2174760"	11	105389425	0.263904
"SNP_A-4228841"	11	105406832	0.173133
"SNP_A-4234182"	11	105416001	0.296817
"SNP_A-2174272"	11	105417347	0.664428
"SNP_A-4196342"	11	105418194	0.111845
"SNP_A-2200401"	11	105423802	0.418906
"SNP_A-4222289"	11	105424036	0.274225
"SNP_A-4233202"	11	105424149	0.795132
"SNP_A-2096280"	11	105425885	0.61383
"SNP_A-2055250"	11	105442254	0.58498
"SNP_A-2015076"	11	105456016	0.329928
"SNP_A-2002206"	11	105457332	0.282859
"SNP_A-1942195"	11	105458408	0.331672
"SNP_A-2191718"	11	105474311	0.48121
"SNP_A-1882482"	11	105474912	0.647615
"SNP_A-2163821"	11	105476684	0.084085
"SNP_A-4215506"	11	105488715	0.621499
"SNP_A-4230394"	11	105494424	0.411393
"SNP_A-1903172"	11	105495251	0.365719
"SNP_A-1937637"	11	105498000	0.696557
"SNP_A-2259003"	11	105523680	0.731984
"SNP_A-2279889"	11	105523889	0.614355
"SNP_A-4235854"	11	105552312	0.233049
"SNP_A-2033762"	11	105555379	0.035141
"SNP_A-4215507"	11	105567714	0.462405
"SNP_A-1780381"	11	105567939	0.920859
"SNP_A-2214888"	11	105572881	0.325572
"SNP_A-2130604"	11	105572930	0.136078
"SNP_A-4200066"	11	105573386	0.122058
"SNP_A-4215508"	11	105574382	-0.016225
"SNP_A-2015082"	11	105574558	0.455479
"SNP_A-2015083"	11	105574727	-0.098241
"SNP_A-2015084"	11	105580747	0.19426
"SNP_A-4215509"	11	105596853	0.123273
"SNP_A-4215510"	11	105596868	0.079743
"SNP_A-2015087"	11	105617263	0.46531
"SNP_A-1804049"	11	105635793	0.361913
"SNP_A-2277877"	11	105659503	0.311596
"SNP_A-4215511"	11	105664361	-0.37148
"SNP_A-4203037"	11	105664419	0.267677
"SNP_A-1908006"	11	105666183	0.168665
"SNP_A-2085065"	11	105681730	0.375794
"SNP_A-1842729"	11	105685867	0.217484
"SNP_A-4192830"	11	105728799	0.158222
"SNP_A-1942723"	11	105729079	0.486651
"SNP_A-2158660"	11	105738048	0.42623
"SNP_A-1928333"	11	105738304	0.507215
"SNP_A-1943101"	11	105738380	0.334966
"SNP_A-1802416"	11	105740221	0.253547
"SNP_A-2015088"	11	105767567	0.598352
"SNP_A-2015089"	11	105767607	0.369176
"SNP_A-1810493"	11	105770740	0.497276
"SNP_A-2015097"	11	105788910	0.426902
"SNP_A-4199790"	11	105804569	0.597242
"SNP_A-2090822"	11	105816818	-0.043207
"SNP_A-4201466"	11	105817125	0.356539
"SNP_A-2163266"	11	105818542	0.025487
"SNP_A-2178123"	11	105821269	0.221049
"SNP_A-2015104"	11	105821821	-0.218077
"SNP_A-4215513"	11	105821854	0.176838
"SNP_A-2288000"	11	105823275	0.409076
"SNP_A-4239369"	11	105823864	0.390136
"SNP_A-2291589"	11	105825863	0.531006
"SNP_A-4200960"	11	105830303	0.143407
"SNP_A-2189506"	11	105837765	0.446224
"SNP_A-1820951"	11	105838616	0.052589
"SNP_A-2170831"	11	105842332	0.560441
"SNP_A-4215514"	11	105845891	0.327171
"SNP_A-4231883"	11	105846414	0.643686
"SNP_A-1916140"	11	105846590	0.386256
"SNP_A-4215515"	11	105855084	0.520195
"SNP_A-2250674"	11	105869193	-0.088353
"SNP_A-4215516"	11	105880509	0.184318
"SNP_A-4239345"	11	105895806	0.416369
"SNP_A-1854678"	11	105895863	0.431367
"SNP_A-2157501"	11	105896246	0.304412
"SNP_A-1939013"	11	105897117	0.488327
"SNP_A-1880167"	11	105918766	0.214852
"SNP_A-4204812"	11	105919135	0.416865
"SNP_A-1946979"	11	105919322	0.330808
"SNP_A-1875335"	11	105921644	0.09813
"SNP_A-2055349"	11	105922131	0.234275
"SNP_A-2268976"	11	105944474	0.374853
"SNP_A-2022114"	11	105962598	0.402101
"SNP_A-4228545"	11	105980351	-0.04181
"SNP_A-2053509"	11	105980473	0.075311
"SNP_A-2225914"	11	105983267	0.398802
"SNP_A-4225970"	11	105986967	0.419955
"SNP_A-1907690"	11	105987979	0.412639
"SNP_A-2015108"	11	105997051	0.456773
"SNP_A-2015109"	11	105997731	0.435767
"SNP_A-1902693"	11	106010359	0.199093
"SNP_A-1810578"	11	106010811	0.47622
"SNP_A-4230574"	11	106011809	0.271503
"SNP_A-2031145"	11	106024340	0.394599
"SNP_A-4219299"	11	106031815	0.415498
"SNP_A-2036995"	11	106033279	0.17136
"SNP_A-4219155"	11	106036845	-0.06681
"SNP_A-2303199"	11	106094921	0.629928
"SNP_A-1855784"	11	106103496	0.59167
"SNP_A-1901679"	11	106109050	0.327534
"SNP_A-2189000"	11	106134781	0.215571
"SNP_A-2015111"	11	106136475	0.269297
"SNP_A-4223048"	11	106171543	-0.00079
"SNP_A-4237156"	11	106180239	0.362558
"SNP_A-2081701"	11	106180520	0.065757
"SNP_A-4218517"	11	106180541	0.412868
"SNP_A-1875269"	11	106200247	-0.248051
"SNP_A-2015112"	11	106209460	0.555872
"SNP_A-4221679"	11	106213269	0.469833
"SNP_A-1949943"	11	106219582	0.141743
"SNP_A-2015114"	11	106223949	0.17993
"SNP_A-2015115"	11	106224087	0.466308
"SNP_A-2250571"	11	106237478	0.472198
"SNP_A-4235946"	11	106272313	-0.254078
"SNP_A-2091084"	11	106284519	0.589853
"SNP_A-2279102"	11	106317118	0.214192
"SNP_A-2222172"	11	106320711	0.492682
"SNP_A-1934151"	11	106326485	0.20128
"SNP_A-4198543"	11	106333951	0.217427
"SNP_A-4215518"	11	106341710	0.400015
"SNP_A-2052142"	11	106344390	0.326159
"SNP_A-2151173"	11	106351279	0.176676
"SNP_A-2201237"	11	106356732	0.345398
"SNP_A-4204410"	11	106364153	0.642044
"SNP_A-2295636"	11	106364880	0.334639
"SNP_A-2215553"	11	106372484	-0.149589
"SNP_A-2015125"	11	106376316	0.709043
"SNP_A-2153451"	11	106377280	0.746589
"SNP_A-1939318"	11	106377319	0.438115
"SNP_A-1927433"	11	106417979	0.268435
"SNP_A-2154091"	11	106441899	0.311158
"SNP_A-1780839"	11	106446763	0.231862
"SNP_A-4230787"	11	106452810	0.433028
"SNP_A-2041706"	11	106477550	0.826132
"SNP_A-2076931"	11	106477576	0.159525
"SNP_A-1849193"	11	106492098	0.783145
"SNP_A-2229819"	11	106526201	0.475561
"SNP_A-2232924"	11	106558402	0.470555
"SNP_A-2091023"	11	106578707	0.323549
"SNP_A-2045339"	11	106586198	0.121381
"SNP_A-4217020"	11	106586720	0.087426
"SNP_A-1800532"	11	106588341	0.537236
"SNP_A-1856590"	11	106589925	0.640051
"SNP_A-4217101"	11	106600844	0.415978
"SNP_A-1935646"	11	106608670	0.337585
"SNP_A-4226299"	11	106618811	0.351849
"SNP_A-2125318"	11	106619270	0.413893
"SNP_A-4203090"	11	106619409	0.528911
"SNP_A-1841946"	11	106619432	0.382203
"SNP_A-1820772"	11	106630135	0.222321
"SNP_A-4206127"	11	106652693	-0.235954
"SNP_A-1914498"	11	106685152	0.365799
"SNP_A-2172267"	11	106686095	0.255259
"SNP_A-2088849"	11	106686629	0.16072
"SNP_A-1845029"	11	106686791	0.570202
"SNP_A-1868699"	11	106686986	0.580176
"SNP_A-1828840"	11	106694939	0.531853
"SNP_A-2296871"	11	106698596	0.422709
"SNP_A-1845576"	11	106711228	0.475095
"SNP_A-2128967"	11	106725669	0.353957
"SNP_A-2064847"	11	106792349	0.426693
"SNP_A-4206502"	11	106800778	0.666476
"SNP_A-4220805"	11	106801309	0.373733
"SNP_A-2249382"	11	106801642	0.511154
"SNP_A-2015250"	11	106801933	0.241382
"SNP_A-2064536"	11	106820087	0.559539
"SNP_A-1926762"	11	106820521	0.397593
"SNP_A-2251312"	11	106821090	0.405579
"SNP_A-4215539"	11	106833754	0.151201
"SNP_A-2091511"	11	106843727	0.105956
"SNP_A-2129828"	11	106844365	0.877665
"SNP_A-2002213"	11	106846156	0.484535
"SNP_A-2015305"	11	106846750	0.05118
"SNP_A-2171797"	11	106865300	0.166256
"SNP_A-2089926"	11	106868669	0.241322
"SNP_A-1933546"	11	106877275	0.306369
"SNP_A-2146882"	11	106877684	0.401897
"SNP_A-4215542"	11	106882220	-0.019815
"SNP_A-4226754"	11	106882334	-0.044109
"SNP_A-2238118"	11	106921822	0.538253
"SNP_A-2227232"	11	106921994	0.56513
"SNP_A-4236801"	11	106922103	-0.088973
"SNP_A-1859281"	11	106922204	0.601243
"SNP_A-1947531"	11	106929243	0.634392
"SNP_A-2121491"	11	106938822	0.299156
"SNP_A-1955899"	11	106939045	0.874314
"SNP_A-2191440"	11	106939916	0.24772
"SNP_A-2048312"	11	106949916	0.645949
"SNP_A-2296462"	11	106959737	0.297789
"SNP_A-2002215"	11	106959759	0.2787
"SNP_A-2015480"	11	106959956	0.48521
"SNP_A-2255187"	11	106961389	0.176635
"SNP_A-2002216"	11	106964269	0.417186
"SNP_A-1937891"	11	106990108	0.69572
"SNP_A-2098194"	11	106990774	0.430284
"SNP_A-2276062"	11	106990943	0.162847
"SNP_A-2162589"	11	107040834	0.386792
"SNP_A-2071138"	11	107047029	0.430887
"SNP_A-4204580"	11	107049207	0.506445
"SNP_A-4193512"	11	107052860	0.12844
"SNP_A-4237220"	11	107071767	0.42847
"SNP_A-1791951"	11	107077060	0.25404
"SNP_A-2295398"	11	107084771	0.313495
"SNP_A-2176765"	11	107088095	0.663286
"SNP_A-1824250"	11	107088297	0.530723
"SNP_A-2225344"	11	107089864	0.386923
"SNP_A-2301256"	11	107091031	0.419092
"SNP_A-1899044"	11	107091451	0.562082
"SNP_A-2002219"	11	107092526	0.488856
"SNP_A-2046165"	11	107095545	0.095898
"SNP_A-4199575"	11	107129408	0.605759
"SNP_A-1856429"	11	107168000	0.39462
"SNP_A-2213781"	11	107176811	0.421169
"SNP_A-4240680"	11	107198330	0.525942
"SNP_A-2215163"	11	107199140	0.441798
"SNP_A-2088662"	11	107206236	0.138019
"SNP_A-2218534"	11	107206994	0.127481
"SNP_A-4239707"	11	107210818	0.924191
"SNP_A-1896534"	11	107212042	0.479745
"SNP_A-4229059"	11	107212100	0.314716
"SNP_A-2248684"	11	107212201	-0.043854
"SNP_A-2177836"	11	107216186	0.519169
"SNP_A-2144434"	11	107222310	0.63105
"SNP_A-2215048"	11	107226151	0.506458
"SNP_A-2288911"	11	107252235	0.412492
"SNP_A-2085716"	11	107261761	0.185577
"SNP_A-4195316"	11	107270609	0.449791
"SNP_A-4226458"	11	107335824	0.501763
"SNP_A-2253767"	11	107346114	0.407905
"SNP_A-4222146"	11	107368940	0.03972
"SNP_A-2155584"	11	107401046	0.532157
"SNP_A-2015703"	11	107415419	0.659751
"SNP_A-2059419"	11	107419503	0.323645
"SNP_A-2244467"	11	107420079	0.70259
"SNP_A-2268348"	11	107429314	0.431927
"SNP_A-1906549"	11	107451612	0.975401
"SNP_A-4217503"	11	107461287	0.710324
"SNP_A-1839707"	11	107461981	0.197909
"SNP_A-2202522"	11	107476196	-0.023237
"SNP_A-4200320"	11	107511257	0.250114
"SNP_A-1901623"	11	107512949	0.53075
"SNP_A-1840526"	11	107571340	0.333451
"SNP_A-4199363"	11	107579542	0.602563
"SNP_A-4219376"	11	107589723	0.728489
"SNP_A-4236168"	11	107593057	0.271165
"SNP_A-2015773"	11	107595920	0.269549
"SNP_A-2277116"	11	107602543	0.151907
"SNP_A-2041171"	11	107626943	0.635126
"SNP_A-4235867"	11	107627802	0.597149
"SNP_A-4196364"	11	107659307	-0.034325
"SNP_A-1907368"	11	107674073	0.13191
"SNP_A-2128296"	11	107674205	0.580449
"SNP_A-1957748"	11	107685623	0.505146
"SNP_A-2171358"	11	107723406	-0.333226
"SNP_A-2314394"	11	107726213	0.218572
"SNP_A-2121315"	11	107726309	-0.155107
"SNP_A-1926245"	11	107728011	0.370768
"SNP_A-2002228"	11	107756573	0.08289
"SNP_A-2002229"	11	107758462	0.622356
"SNP_A-4219321"	11	107776352	0.296355
"SNP_A-2170970"	11	107830026	0.363814
"SNP_A-4217456"	11	107866788	0.292951
"SNP_A-2063629"	11	107885084	0.274015
"SNP_A-2030249"	11	107885191	0.235457
"SNP_A-2015998"	11	107919389	0.100652
"SNP_A-4215610"	11	107934986	0.839914
"SNP_A-4237373"	11	107937845	0.26409
"SNP_A-1893403"	11	107939925	0.353961
"SNP_A-1787397"	11	107952808	0.3297
"SNP_A-4201063"	11	107965812	0.201611
"SNP_A-2016031"	11	107967316	0.58116
"SNP_A-2016032"	11	107967747	0.319267
"SNP_A-2033630"	11	107983350	0.138691
"SNP_A-2052117"	11	107983913	0.446879
"SNP_A-2060207"	11	107984033	0.332717
"SNP_A-4214165"	11	107990612	0.350573
"SNP_A-4198752"	11	107991327	0.649027
"SNP_A-2048689"	11	108000751	0.329435
"SNP_A-2074542"	11	108003562	0.426234
"SNP_A-2064605"	11	108003920	0.573769
"SNP_A-1828996"	11	108008777	0.229169
"SNP_A-2217235"	11	108008882	0.200783
"SNP_A-2144451"	11	108015771	0.380603
"SNP_A-2240705"	11	108035127	0.329611
"SNP_A-2095988"	11	108051678	0.488915
"SNP_A-1869540"	11	108051787	0.548178
"SNP_A-2256840"	11	108097225	0.360959
"SNP_A-2016109"	11	108101387	0.378846
"SNP_A-2002230"	11	108102600	0.485748
"SNP_A-2117276"	11	108113668	0.339786
"SNP_A-2208534"	11	108145600	0.343663
"SNP_A-4202741"	11	108184556	0.33927
"SNP_A-4196883"	11	108185679	0.668152
"SNP_A-2109429"	11	108193907	0.359294
"SNP_A-2016155"	11	108229510	0.398165
"SNP_A-4215631"	11	108244986	0.143191
"SNP_A-1930068"	11	108246157	0.519351
"SNP_A-2214439"	11	108274771	0.391821
"SNP_A-2233438"	11	108276307	0.279144
"SNP_A-2002232"	11	108276355	0.566888
"SNP_A-2255622"	11	108276860	0.485653
"SNP_A-1923899"	11	108287918	0.789833
"SNP_A-2026893"	11	108309577	0.432134
"SNP_A-2222960"	11	108310907	0.456283
"SNP_A-2016202"	11	108312135	0.518459
"SNP_A-1784906"	11	108355525	-0.013646
"SNP_A-1813064"	11	108355597	0.484309
"SNP_A-1784397"	11	108387014	0.067792
"SNP_A-2221608"	11	108395930	0.407244
"SNP_A-2186567"	11	108406015	0.091906
"SNP_A-2096365"	11	108418533	0.563319
"SNP_A-2222044"	11	108419593	0.597758
"SNP_A-1822044"	11	108419940	0.307291
"SNP_A-1837926"	11	108425255	0.270098
"SNP_A-4215652"	11	108425691	0.214909
"SNP_A-2139945"	11	108442886	0.362964
"SNP_A-1890873"	11	108469609	0.433702
"SNP_A-2063862"	11	108491305	0.559416
"SNP_A-1894893"	11	108497512	0.437275
"SNP_A-2264847"	11	108503172	0.09815
"SNP_A-1957825"	11	108540425	0.490125
"SNP_A-2016358"	11	108541206	0.155421
"SNP_A-4215662"	11	108545743	0.248127
"SNP_A-4200196"	11	108546412	0.010583
"SNP_A-2016367"	11	108547568	0.505279
"SNP_A-2259737"	11	108547884	0.488657
"SNP_A-2221356"	11	108550308	0.460258
"SNP_A-2307127"	11	108581560	0.471292
"SNP_A-1836295"	11	108582443	0.112081
"SNP_A-1897505"	11	108591032	0.125397
"SNP_A-2148664"	11	108608276	0.406236
"SNP_A-1948660"	11	108608422	0.276832
"SNP_A-2218037"	11	108624509	0.176147
"SNP_A-4222287"	11	108661992	0.64829
"SNP_A-2122486"	11	108684783	0.585178
"SNP_A-1820673"	11	108706006	0.43222
"SNP_A-2082918"	11	108724267	0.217943
"SNP_A-1959215"	11	108730581	0.529937
"SNP_A-2032850"	11	108753335	0.210199
"SNP_A-1839043"	11	108753397	0.414963
"SNP_A-2025520"	11	108754155	0.437291
"SNP_A-1891207"	11	108759789	0.03308
"SNP_A-2094848"	11	108789263	0.2634
"SNP_A-2095793"	11	108790195	0.38774
"SNP_A-4240992"	11	108817480	0.262178
"SNP_A-2035899"	11	108821994	0.327866
"SNP_A-2130598"	11	108833631	0.381445
"SNP_A-2058488"	11	108886897	0.201571
"SNP_A-2102234"	11	108887489	0.38345
"SNP_A-4215683"	11	108887935	0.71425
"SNP_A-1852843"	11	108896507	0.427746
"SNP_A-4215686"	11	108898049	0.545447
"SNP_A-4233579"	11	108965815	0.267776
"SNP_A-2225892"	11	108967248	-0.120198
"SNP_A-4198213"	11	108967737	0.240044
"SNP_A-4201971"	11	108968585	0.438063
"SNP_A-2016535"	11	108973347	0.353142
"SNP_A-4238306"	11	109001418	0.253513
"SNP_A-1938004"	11	109010787	0.62784
"SNP_A-2002235"	11	109054020	0.497412
"SNP_A-2246131"	11	109054162	0.291095
"SNP_A-1936880"	11	109059765	0.493056
"SNP_A-4214166"	11	109087503	0.777514
"SNP_A-2186574"	11	109107224	0.884472
"SNP_A-2016581"	11	109118243	1.033455
"SNP_A-2016587"	11	109120868	1.207285
"SNP_A-2265710"	11	109126084	1.225656
"SNP_A-1921549"	11	109128479	0.772966
"SNP_A-2016613"	11	109146182	1.114902
"SNP_A-4196646"	11	109163093	0.69664
"SNP_A-2270661"	11	109163605	1.017522
"SNP_A-2209522"	11	109165756	0.853829
"SNP_A-1803032"	11	109167743	1.128792
"SNP_A-1890035"	11	109174909	0.985115
"SNP_A-4215705"	11	109192230	0.791245
"SNP_A-1835662"	11	109205579	1.529913
"SNP_A-1883849"	11	109223649	1.318415
"SNP_A-4226188"	11	109243569	0.737438
"SNP_A-2173893"	11	109292524	0.61102
"SNP_A-2016728"	11	109297912	0.560184
"SNP_A-2153738"	11	109304826	0.867689
"SNP_A-2192337"	11	109310239	0.896946
"SNP_A-2310107"	11	109321017	0.972103
"SNP_A-4222844"	11	109323040	0.540083
"SNP_A-1902417"	11	109354797	0.739922
"SNP_A-4204013"	11	109359493	0.341394
"SNP_A-2250061"	11	109366322	0.616029
"SNP_A-2136931"	11	109374463	0.828141
"SNP_A-2016768"	11	109375271	0.969444
"SNP_A-2256192"	11	109375293	1.145584
"SNP_A-2016769"	11	109375484	0.625994
"SNP_A-2002236"	11	109376162	1.063647
"SNP_A-2270796"	11	109403995	0.753981
"SNP_A-2232313"	11	109414195	0.910476
"SNP_A-1797524"	11	109424560	0.555724
"SNP_A-1941338"	11	109431994	-0.043931
"SNP_A-2136651"	11	109437279	0.797664
"SNP_A-4193973"	11	109449324	0.896119
"SNP_A-2108334"	11	109452719	0.35014
"SNP_A-2016818"	11	109453752	1.264883
"SNP_A-1844200"	11	109455569	0.737983
"SNP_A-1958512"	11	109477438	0.774737
"SNP_A-2118191"	11	109478975	0.395683
"SNP_A-4225360"	11	109480246	0.908554
"SNP_A-4197034"	11	109484785	0.990399
"SNP_A-4223491"	11	109484797	1.089909
"SNP_A-1896663"	11	109485155	0.953074
"SNP_A-1792417"	11	109501856	1.150976
"SNP_A-2261651"	11	109503064	0.786387
"SNP_A-1861606"	11	109523675	0.142401
"SNP_A-2312721"	11	109524562	1.163058
"SNP_A-2152370"	11	109526092	0.588646
"SNP_A-2124768"	11	109526143	0.815195
"SNP_A-2130658"	11	109529896	0.527416
"SNP_A-2074332"	11	109538856	0.874273
"SNP_A-2033478"	11	109549030	1.042831
"SNP_A-1835204"	11	109550351	0.76657
"SNP_A-4228708"	11	109550941	1.087289
"SNP_A-4222411"	11	109551441	0.494705
"SNP_A-2118333"	11	109582754	0.62414
"SNP_A-1813983"	11	109596984	0.918763
"SNP_A-4218354"	11	109623574	0.796764
"SNP_A-1941405"	11	109624004	0.921673
"SNP_A-2016968"	11	109627636	0.702377
"SNP_A-2308484"	11	109632384	0.61946
"SNP_A-2310780"	11	109636341	0.119881
"SNP_A-1805007"	11	109663541	0.877458
"SNP_A-1936415"	11	109706001	0.138417
"SNP_A-4235970"	11	109707745	0.38972
"SNP_A-4207432"	11	109719592	0.376724
"SNP_A-1890243"	11	109719781	0.500432
"SNP_A-1896876"	11	109721882	0.245945
"SNP_A-4233627"	11	109721966	0.488604
"SNP_A-2091980"	11	109722350	-0.064506
"SNP_A-4230145"	11	109722392	0.465278
"SNP_A-2023344"	11	109727259	0.333719
"SNP_A-1835160"	11	109727719	0.370778
"SNP_A-2100173"	11	109736933	0.514398
"SNP_A-1887676"	11	109742509	0.566149
"SNP_A-2165007"	11	109749132	0.380128
"SNP_A-4215746"	11	109749438	0.426677
"SNP_A-4215747"	11	109749455	0.516249
"SNP_A-1893014"	11	109756165	0.262993
"SNP_A-2196692"	11	109783718	1.093437
"SNP_A-2189444"	11	109803757	-0.109524
"SNP_A-1801834"	11	109807853	0.667863
"SNP_A-2105867"	11	109809813	-0.168639
"SNP_A-2017112"	11	109836841	0.212612
"SNP_A-1830486"	11	109844408	0.279454
"SNP_A-2250739"	11	109862633	0.209089
"SNP_A-1941921"	11	109885856	0.663241
"SNP_A-1912565"	11	109900417	0.258093
"SNP_A-2139349"	11	109900744	0.315048
"SNP_A-2165855"	11	109907604	0.265898
"SNP_A-2147017"	11	109950861	0.421237
"SNP_A-1803375"	11	109951436	0.48902
"SNP_A-4215764"	11	109957639	0.522065
"SNP_A-2017223"	11	109963395	0.873516
"SNP_A-1912547"	11	109977240	0.526192
"SNP_A-4240267"	11	110010931	0.444464
"SNP_A-2017254"	11	110016258	0.682974
"SNP_A-2052575"	11	110023638	0.424603
"SNP_A-4215769"	11	110043499	0.634442
"SNP_A-4231404"	11	110083558	0.197823
"SNP_A-2017304"	11	110093466	0.228884
"SNP_A-1876343"	11	110107082	0.432788
"SNP_A-1905364"	11	110107608	0.293857
"SNP_A-2093334"	11	110109503	0.438247
"SNP_A-2144635"	11	110111049	0.481201
"SNP_A-1914911"	11	110111771	0.616675
"SNP_A-2293609"	11	110112521	0.401855
"SNP_A-2052319"	11	110112692	0.593283
"SNP_A-4199553"	11	110113005	0.177125
"SNP_A-4199442"	11	110113019	0.233506
"SNP_A-4240864"	11	110115896	0.438539
"SNP_A-2077001"	11	110118473	0.30568
"SNP_A-2017349"	11	110139063	0.506322
"SNP_A-2017350"	11	110139355	0.380479
"SNP_A-4203454"	11	110140114	0.37272
"SNP_A-2056132"	11	110143356	0.621828
"SNP_A-2249780"	11	110144606	0.485969
"SNP_A-2260296"	11	110154195	0.257829
"SNP_A-1933327"	11	110154480	0.760046
"SNP_A-2017358"	11	110156678	0.344078
"SNP_A-2128371"	11	110167354	0.527934
"SNP_A-2017379"	11	110172833	0.398471
"SNP_A-4238373"	11	110176874	0.410079
"SNP_A-4215780"	11	110186162	0.630415
"SNP_A-1790388"	11	110187428	0.33402
"SNP_A-4195548"	11	110188164	0.415931
"SNP_A-1853978"	11	110190436	0.281205
"SNP_A-2301260"	11	110190718	0.714007
"SNP_A-2017405"	11	110198566	0.504762
"SNP_A-2017406"	11	110198916	0.319411
"SNP_A-4215783"	11	110202515	0.233498
"SNP_A-2017416"	11	110202814	0.585022
"SNP_A-2188678"	11	110204802	0.293281
"SNP_A-2017422"	11	110211415	0.478908
"SNP_A-4229975"	11	110215827	0.576605
"SNP_A-4219446"	11	110228387	0.828852
"SNP_A-1797983"	11	110233783	0.292673
"SNP_A-2017431"	11	110235459	0.647476
"SNP_A-2017438"	11	110236692	0.56002
"SNP_A-2287185"	11	110236804	-0.017106
"SNP_A-4203957"	11	110237807	0.736749
"SNP_A-1821261"	11	110244602	0.564216
"SNP_A-2017456"	11	110253280	0.554898
"SNP_A-2123623"	11	110258226	0.185853
"SNP_A-4193300"	11	110274342	0.729101
"SNP_A-2181296"	11	110287530	0.825604
"SNP_A-2201537"	11	110287661	0.261449
"SNP_A-1914973"	11	110305462	0.141175
"SNP_A-4233068"	11	110318998	0.265261
"SNP_A-2017548"	11	110333022	0.532118
"SNP_A-1834627"	11	110344057	0.449986
"SNP_A-2183343"	11	110360504	0.494036
"SNP_A-2176709"	11	110376317	0.160657
"SNP_A-2017592"	11	110382956	0.620237
"SNP_A-2184641"	11	110387560	0.13503
"SNP_A-2086127"	11	110395348	0.112755
"SNP_A-4203111"	11	110395515	-0.040798
"SNP_A-2174957"	11	110395604	0.394243
"SNP_A-4233325"	11	110395968	0.133712
"SNP_A-2077428"	11	110396078	0.585564
"SNP_A-2095399"	11	110396264	0.294962
"SNP_A-2215051"	11	110396930	0.39381
"SNP_A-1820160"	11	110405970	0.32301
"SNP_A-1922518"	11	110415539	0.589469
"SNP_A-2069560"	11	110434364	0.482709
"SNP_A-4215812"	11	110439759	0.462566
"SNP_A-2269932"	11	110444855	0.199291
"SNP_A-2286441"	11	110457032	0.367527
"SNP_A-1781272"	11	110457307	0.610748
"SNP_A-2062602"	11	110458470	0.713347
"SNP_A-2258730"	11	110464490	0.597807
"SNP_A-2169267"	11	110481721	0.503278
"SNP_A-2249789"	11	110482048	0.490963
"SNP_A-2309477"	11	110495423	0.227279
"SNP_A-1804618"	11	110499494	0.789151
"SNP_A-1868143"	11	110499775	0.692171
"SNP_A-1781645"	11	110500891	0.345188
"SNP_A-2261905"	11	110500936	0.417227
"SNP_A-4226567"	11	110501181	0.573922
"SNP_A-4215831"	11	110504719	0.393522
"SNP_A-2028724"	11	110516319	0.3597
"SNP_A-2143331"	11	110521517	0.623287
"SNP_A-2017864"	11	110525552	0.151374
"SNP_A-2017866"	11	110525646	0.367732
"SNP_A-4195386"	11	110538103	1.052311
"SNP_A-4198722"	11	110541316	0.462125
"SNP_A-2140863"	11	110544555	0.596433
"SNP_A-2017887"	11	110545803	0.132942
"SNP_A-2093490"	11	110545847	0.442924
"SNP_A-4196035"	11	110545900	0.110008
"SNP_A-1924968"	11	110556757	0.312054
"SNP_A-2199918"	11	110572867	0.667077
"SNP_A-2211539"	11	110583034	0.571267
"SNP_A-2269607"	11	110593099	0.354675
"SNP_A-2002238"	11	110599806	-0.345138
"SNP_A-2115362"	11	110616957	0.451552
"SNP_A-4215841"	11	110630722	0.614416
"SNP_A-2149963"	11	110638215	0.45694
"SNP_A-2158732"	11	110638298	0.709176
"SNP_A-2289204"	11	110649966	0.322866
"SNP_A-4239206"	11	110650027	-0.019348
"SNP_A-2080467"	11	110658472	0.55268
"SNP_A-2240407"	11	110662046	0.123789
"SNP_A-1860716"	11	110666351	0.512792
"SNP_A-2142760"	11	110687662	0.322995
"SNP_A-2018030"	11	110693931	0.315717
"SNP_A-1851188"	11	110725671	0.337664
"SNP_A-2018065"	11	110726492	0.390022
"SNP_A-2018066"	11	110726600	0.716512
"SNP_A-2281805"	11	110765412	0.424182
"SNP_A-4196505"	11	110774645	0.004356
"SNP_A-2039066"	11	110780460	0.29533
"SNP_A-2301100"	11	110798447	0.68852
"SNP_A-2023546"	11	110799741	0.262874
"SNP_A-2002240"	11	110803463	0.359559
"SNP_A-2156479"	11	110819214	0.688975
"SNP_A-1898940"	11	110824939	0.355148
"SNP_A-2208520"	11	110828256	0.077208
"SNP_A-1866950"	11	110830510	0.584231
"SNP_A-2018191"	11	110857242	0.341123
"SNP_A-2060663"	11	110864544	0.40311
"SNP_A-4230474"	11	110868371	0.158937
"SNP_A-2112403"	11	110868494	0.43801
"SNP_A-4218116"	11	110891599	0.439249
"SNP_A-4206063"	11	110901493	0.582886
"SNP_A-2196031"	11	110907324	0.45303
"SNP_A-4217445"	11	110908749	0.488957
"SNP_A-2045270"	11	110913647	0.364839
"SNP_A-2176906"	11	110945635	0.208145
"SNP_A-2299411"	11	110957079	0.52773
"SNP_A-2126816"	11	110971817	-0.066203
"SNP_A-1828979"	11	111007689	-0.107378
"SNP_A-1932572"	11	111018800	0.326962
"SNP_A-1926494"	11	111044085	0.709688
"SNP_A-2128121"	11	111044537	0.388163
"SNP_A-2241771"	11	111046067	0.414855
"SNP_A-1847241"	11	111048427	0.410483
"SNP_A-2187995"	11	111057263	0.611364
"SNP_A-2259305"	11	111090113	0.35479
"SNP_A-2018318"	11	111114384	0.099906
"SNP_A-2254588"	11	111224627	0.547233
"SNP_A-2303759"	11	111224803	0.293634
"SNP_A-1826008"	11	111266440	0.639666
"SNP_A-2018419"	11	111296905	0.969142
"SNP_A-1852484"	11	111304763	0.86366
"SNP_A-4230598"	11	111322892	0.532676
"SNP_A-2261821"	11	111366424	0.617077
"SNP_A-2136780"	11	111421334	0.940265
"SNP_A-2167646"	11	111443258	0.584608
"SNP_A-1825078"	11	111491700	0.935657
"SNP_A-4233631"	11	111498335	0.981819
"SNP_A-2214218"	11	111510655	1.078376
"SNP_A-1797310"	11	111511149	1.109956
"SNP_A-2055750"	11	111517840	0.981214
"SNP_A-2002243"	11	111523735	0.763615
"SNP_A-2047376"	11	111531913	1.263312
"SNP_A-2150339"	11	111552666	1.022113
"SNP_A-2127776"	11	111568464	0.892587
"SNP_A-4207485"	11	111578140	0.450641
"SNP_A-2149669"	11	111587219	1.048896
"SNP_A-4236819"	11	111592311	0.718604
"SNP_A-2268147"	11	111596604	0.617343
"SNP_A-1814441"	11	111632685	1.090071
"SNP_A-2252818"	11	111632736	0.863445
"SNP_A-1914205"	11	111640970	0.864612
"SNP_A-2181270"	11	111641007	1.516997
"SNP_A-1870071"	11	111647465	1.104143
"SNP_A-1907225"	11	111669027	0.7552
"SNP_A-2077814"	11	111676300	1.036948
"SNP_A-2065676"	11	111715262	1.234978
"SNP_A-2305735"	11	111728595	0.698801
"SNP_A-2094968"	11	111731373	0.937587
"SNP_A-4215878"	11	111750855	0.990245
"SNP_A-2306900"	11	111764350	0.922947
"SNP_A-4215881"	11	111764419	0.657202
"SNP_A-2237426"	11	111769215	0.91276
"SNP_A-1800684"	11	111769501	0.753463
"SNP_A-2022664"	11	111769691	0.751977
"SNP_A-1874970"	11	111769830	0.868943
"SNP_A-2182874"	11	111770562	0.569297
"SNP_A-4215882"	11	111770882	1.017682
"SNP_A-1927794"	11	111777205	0.68015
"SNP_A-2143138"	11	111797472	0.950863
"SNP_A-1843244"	11	111797570	0.833178
"SNP_A-2151146"	11	111797661	0.982147
"SNP_A-2248116"	11	111798194	1.080292
"SNP_A-1882610"	11	111798276	0.81162
"SNP_A-2240677"	11	111852321	1.296241
"SNP_A-1936552"	11	111900320	0.56822
"SNP_A-2219775"	11	111901807	0.450867
"SNP_A-4237618"	11	111906070	0.918134
"SNP_A-1955576"	11	111909664	0.598048
"SNP_A-4235482"	11	111910623	1.230247
"SNP_A-2233069"	11	111939640	0.810324
"SNP_A-2238739"	11	111953103	1.113389
"SNP_A-2270021"	11	111970007	0.810288
"SNP_A-4222985"	11	111971449	0.527794
"SNP_A-1795218"	11	111982151	0.963433
"SNP_A-1922762"	11	111982207	1.166641
"SNP_A-1904488"	11	112011283	0.645929
"SNP_A-2079118"	11	112020669	0.741972
"SNP_A-2047490"	11	112020995	0.649527
"SNP_A-2087147"	11	112046052	0.339387
"SNP_A-2129170"	11	112067837	0.644085
"SNP_A-2018962"	11	112085932	0.955241
"SNP_A-2035810"	11	112086912	0.867606
"SNP_A-2093307"	11	112099134	0.801764
"SNP_A-4236380"	11	112109338	0.987139
"SNP_A-2061896"	11	112134141	0.783391
"SNP_A-1798785"	11	112138641	0.787643
"SNP_A-1920316"	11	112144758	1.202169
"SNP_A-2002249"	11	112147842	0.919289
"SNP_A-2264574"	11	112150907	0.837027
"SNP_A-2180192"	11	112156130	0.579513
"SNP_A-2228901"	11	112168806	0.689551
"SNP_A-4215911"	11	112190366	0.729041
"SNP_A-2131318"	11	112192032	0.566154
"SNP_A-2086378"	11	112192066	1.163668
"SNP_A-1909776"	11	112209683	0.778168
"SNP_A-2094695"	11	112247308	0.63931
"SNP_A-4203999"	11	112280346	0.298256
"SNP_A-1921646"	11	112284921	0.869527
"SNP_A-4197544"	11	112291787	0.942861
"SNP_A-1842062"	11	112292906	0.443809
"SNP_A-2262370"	11	112357171	0.431273
"SNP_A-2224508"	11	112357242	0.63404
"SNP_A-4201960"	11	112357821	0.853751
"SNP_A-2268149"	11	112358156	0.729386
"SNP_A-2030349"	11	112383757	0.719231
"SNP_A-2019390"	11	112384205	0.863013
"SNP_A-2131099"	11	112392326	0.489655
"SNP_A-2189086"	11	112402283	0.537448
"SNP_A-1814603"	11	112404424	0.581009
"SNP_A-2289165"	11	112404501	0.665179
"SNP_A-2095151"	11	112404945	0.734095
"SNP_A-2266988"	11	112405042	1.035828
"SNP_A-4194018"	11	112406304	1.12711
"SNP_A-1934006"	11	112417258	1.04437
"SNP_A-2037204"	11	112453516	1.049598
"SNP_A-2035128"	11	112456847	1.030497
"SNP_A-2158201"	11	112456870	1.061844
"SNP_A-2052641"	11	112456919	1.133928
"SNP_A-2247447"	11	112466876	0.925733
"SNP_A-2186552"	11	112485530	0.959022
"SNP_A-1956647"	11	112485581	0.924133
"SNP_A-2019550"	11	112488349	0.948566
"SNP_A-2019562"	11	112491180	0.691779
"SNP_A-2019563"	11	112491251	0.484611
"SNP_A-2019572"	11	112491480	0.890387
"SNP_A-2271438"	11	112493490	0.834172
"SNP_A-2164695"	11	112496828	0.875753
"SNP_A-1900019"	11	112496994	0.745998
"SNP_A-2133406"	11	112509872	1.023981
"SNP_A-1874014"	11	112513982	0.819327
"SNP_A-2026623"	11	112516556	0.692024
"SNP_A-2131071"	11	112525792	0.845625
"SNP_A-4232988"	11	112532368	0.682584
"SNP_A-1900766"	11	112532851	0.849419
"SNP_A-2275406"	11	112543640	0.802568
"SNP_A-1854701"	11	112552793	0.653537
"SNP_A-2279754"	11	112554497	1.092315
"SNP_A-2002251"	11	112596098	0.240201
"SNP_A-2262397"	11	112606353	0.912221
"SNP_A-2050253"	11	112629928	0.875186
"SNP_A-2194957"	11	112630444	0.363982
"SNP_A-2272165"	11	112654852	0.907761
"SNP_A-2064864"	11	112655260	0.900868
"SNP_A-2019847"	11	112658847	0.736347
"SNP_A-4228435"	11	112663525	1.103579
"SNP_A-2213889"	11	112681582	0.696082
"SNP_A-2019872"	11	112685412	0.526842
"SNP_A-2133246"	11	112696085	0.68053
"SNP_A-2218050"	11	112696638	0.81861
"SNP_A-2306105"	11	112698007	0.576211
"SNP_A-2311588"	11	112713396	0.726206
"SNP_A-1879579"	11	112713592	0.451566
"SNP_A-1927374"	11	112743433	0.730619
"SNP_A-2019950"	11	112748501	0.82753
"SNP_A-4231532"	11	112750258	0.949652
"SNP_A-2189408"	11	112803549	1.242067
"SNP_A-4217572"	11	112814112	0.935222
"SNP_A-2289380"	11	112823217	0.548378
"SNP_A-2203826"	11	112832678	0.774951
"SNP_A-2087197"	11	112838881	1.056799
"SNP_A-2051156"	11	112839419	0.845153
"SNP_A-1933674"	11	112866861	0.821245
"SNP_A-2054363"	11	112869481	0.967884
"SNP_A-2262488"	11	112869857	0.692542
"SNP_A-4229759"	11	112870013	0.668748
"SNP_A-2275763"	11	112870294	0.469973
"SNP_A-1848928"	11	112893884	0.81655
"SNP_A-2193956"	11	112909380	1.175267
"SNP_A-2200592"	11	112915275	0.800115
"SNP_A-2298730"	11	112915324	0.752055
"SNP_A-2243060"	11	112952870	0.927813
"SNP_A-2020089"	11	112994766	0.867163
"SNP_A-2162510"	11	113018709	0.997473
"SNP_A-1864795"	11	113021980	0.992565
"SNP_A-2111058"	11	113063478	0.069341
"SNP_A-4229365"	11	113079547	0.434917
"SNP_A-1935736"	11	113079921	-0.054401
"SNP_A-4227152"	11	113082674	0.521174
"SNP_A-2238233"	11	113085047	0.805986
"SNP_A-2148292"	11	113087800	0.532546
"SNP_A-1868869"	11	113107765	0.927157
"SNP_A-4233085"	11	113108019	0.880221
"SNP_A-2206961"	11	113108252	1.066871
"SNP_A-2081237"	11	113118968	1.028552
"SNP_A-2140156"	11	113119079	0.31223
"SNP_A-2108209"	11	113120832	0.736331
"SNP_A-2078529"	11	113134200	1.086041
"SNP_A-2020209"	11	113151087	1.192108
"SNP_A-2203435"	11	113152542	0.989205
"SNP_A-2082466"	11	113159690	0.43346
"SNP_A-2026248"	11	113174415	0.896824
"SNP_A-1900988"	11	113184621	0.69901
"SNP_A-1845053"	11	113186515	1.330237
"SNP_A-1848411"	11	113190019	0.851554
"SNP_A-2141191"	11	113190504	0.97377
"SNP_A-2196726"	11	113210997	0.771964
"SNP_A-2266260"	11	113213587	0.921136
"SNP_A-2065747"	11	113216923	0.978697
"SNP_A-1804706"	11	113229883	0.580424
"SNP_A-2038256"	11	113279156	1.270283
"SNP_A-1952203"	11	113291749	1.045697
"SNP_A-4236741"	11	113294590	0.897162
"SNP_A-2229296"	11	113322789	1.529706
"SNP_A-2271822"	11	113322866	0.654195
"SNP_A-2212805"	11	113325300	0.871574
"SNP_A-2203303"	11	113325335	0.80157
"SNP_A-1863070"	11	113341923	-0.43735
"SNP_A-2079073"	11	113347575	-0.154778
"SNP_A-1891600"	11	113384239	-0.439231
"SNP_A-1897388"	11	113399089	-0.255019
"SNP_A-1873361"	11	113409592	-0.781341
"SNP_A-2206659"	11	113422894	0.129304
"SNP_A-2152657"	11	113432708	0.447973
"SNP_A-2243601"	11	113457198	-0.13666
"SNP_A-2128309"	11	113472227	-0.296609
"SNP_A-1850334"	11	113499130	-0.806313
"SNP_A-1856065"	11	113499584	-0.435724
"SNP_A-1804328"	11	113499715	-0.69378
"SNP_A-1901652"	11	113505679	-0.678354
"SNP_A-4198469"	11	113505937	-0.374305
"SNP_A-1806511"	11	113513118	-0.576491
"SNP_A-2035668"	11	113513730	-0.160634
"SNP_A-2193008"	11	113513880	-0.147068
"SNP_A-4236382"	11	113514033	0.280049
"SNP_A-2020465"	11	113519868	-0.151234
"SNP_A-4224177"	11	113532143	-0.428916
"SNP_A-1928552"	11	113542001	-0.686932
"SNP_A-2002256"	11	113542271	-0.578926
"SNP_A-2307129"	11	113546098	-0.245721
"SNP_A-1808469"	11	113556243	-0.600563
"SNP_A-1950852"	11	113560352	-0.423185
"SNP_A-2243786"	11	113565729	-0.271371
"SNP_A-4202941"	11	113566184	-0.035861
"SNP_A-4201964"	11	113566285	-0.018911
"SNP_A-2153997"	11	113566436	-0.382956
"SNP_A-1785356"	11	113567375	-0.224223
"SNP_A-4201460"	11	113567550	-0.693285
"SNP_A-4200382"	11	113567879	-0.323612
"SNP_A-1959567"	11	113570035	-0.149801
"SNP_A-1855060"	11	113570193	0.134518
"SNP_A-1932206"	11	113574371	0.117653
"SNP_A-2102930"	11	113574562	-0.482579
"SNP_A-2187469"	11	113574965	-0.680824
"SNP_A-1893693"	11	113594645	-0.535391
"SNP_A-1887751"	11	113613176	-0.638208
"SNP_A-2115231"	11	113619587	-0.73044
"SNP_A-2045331"	11	113658715	-0.265138
"SNP_A-1958457"	11	113672152	-0.760501
"SNP_A-1906593"	11	113673149	0.035772
"SNP_A-4194044"	11	113674670	-0.704513
"SNP_A-1877694"	11	113691855	-0.358081
"SNP_A-2048109"	11	113699552	-0.25425
"SNP_A-1938830"	11	113702547	-0.484365
"SNP_A-4224959"	11	113708490	-0.168096
"SNP_A-4233290"	11	113721230	-0.241494
"SNP_A-4230429"	11	113721318	0.136225
"SNP_A-2162771"	11	113726325	-0.34934
"SNP_A-2120096"	11	113736465	0.771553
"SNP_A-4198437"	11	113736606	0.749845
"SNP_A-2032861"	11	113742222	0.301746
"SNP_A-2197465"	11	113743011	-0.313499
"SNP_A-2218065"	11	113753440	-0.670554
"SNP_A-2119204"	11	113754091	-0.561471
"SNP_A-2038696"	11	113755781	-0.358541
"SNP_A-1943276"	11	113756513	-0.691269
"SNP_A-1794044"	11	113760929	-0.135144
"SNP_A-2186132"	11	113792426	-0.137767
"SNP_A-1817440"	11	113796469	-0.115512
"SNP_A-2122404"	11	113808010	-0.435818
"SNP_A-1845571"	11	113811015	-0.215494
"SNP_A-2020711"	11	113833495	-0.551759
"SNP_A-1815484"	11	113841400	-0.663566
"SNP_A-1960458"	11	113845981	0.001773
"SNP_A-2280613"	11	113854997	-0.47063
"SNP_A-2164103"	11	113855050	-0.413089
"SNP_A-4216024"	11	113890724	0.096027
"SNP_A-4228382"	11	113891239	-0.546056
"SNP_A-2077181"	11	113892312	-0.315465
"SNP_A-2058985"	11	113897227	-0.665958
"SNP_A-1857568"	11	113897508	-0.405581
"SNP_A-2052036"	11	113898701	-0.414644
"SNP_A-4233898"	11	113898862	-0.194069
"SNP_A-2137225"	11	113915711	-0.520943
"SNP_A-2256031"	11	113915872	-0.343474
"SNP_A-1838454"	11	113922662	-0.451218
"SNP_A-1896149"	11	113928014	-0.497209
"SNP_A-1932010"	11	113930284	-0.396621
"SNP_A-2251809"	11	113937716	-0.816415
"SNP_A-2161101"	11	113938077	-0.577346
"SNP_A-2201095"	11	113946458	-0.569459
"SNP_A-4203871"	11	113946502	-0.333666
"SNP_A-2307837"	11	113955739	-0.973703
"SNP_A-4200058"	11	113985574	-0.09019
"SNP_A-2190702"	11	114042950	-0.522495
"SNP_A-1788486"	11	114045892	-0.604701
"SNP_A-2291145"	11	114046285	-0.070198
"SNP_A-1950676"	11	114057487	-0.033471
"SNP_A-4232990"	11	114058049	-0.40171
"SNP_A-2132712"	11	114090335	0.148284
"SNP_A-2178913"	11	114107645	-0.044464
"SNP_A-1946919"	11	114120247	-0.740003
"SNP_A-2263851"	11	114132829	-0.414468
"SNP_A-2113466"	11	114150388	-0.432179
"SNP_A-2243128"	11	114151165	-0.439623
"SNP_A-2020816"	11	114169509	-0.452077
"SNP_A-2020817"	11	114169861	-0.339653
"SNP_A-2020818"	11	114170204	-0.892627
"SNP_A-4192716"	11	114171996	0.353853
"SNP_A-1859201"	11	114173286	-0.298232
"SNP_A-1801492"	11	114187729	-0.301493
"SNP_A-2059044"	11	114192099	-0.290946
"SNP_A-1797616"	11	114202716	-0.565459
"SNP_A-2122717"	11	114207873	-0.645344
"SNP_A-1889870"	11	114227764	-0.049833
"SNP_A-1872107"	11	114228049	0.070742
"SNP_A-4239469"	11	114229466	-0.62793
"SNP_A-2020821"	11	114231222	0.013611
"SNP_A-2020822"	11	114240628	-0.366314
"SNP_A-2133083"	11	114252008	0.155528
"SNP_A-1873196"	11	114261028	-0.374944
"SNP_A-2076360"	11	114262345	-0.484401
"SNP_A-1879613"	11	114272263	-0.560644
"SNP_A-2220393"	11	114295679	-0.597587
"SNP_A-1821130"	11	114308961	-0.34949
"SNP_A-2080195"	11	114346816	-0.315064
"SNP_A-2291317"	11	114354151	-0.534063
"SNP_A-2114720"	11	114366260	-0.487373
"SNP_A-2035156"	11	114394526	-0.539872
"SNP_A-1900323"	11	114438814	-0.107321
"SNP_A-2048483"	11	114443223	-0.0394
"SNP_A-2109915"	11	114443513	-0.965655
"SNP_A-2285988"	11	114455494	0.295701
"SNP_A-1792500"	11	114466228	-0.378891
"SNP_A-2303758"	11	114473112	0.082726
"SNP_A-2146963"	11	114501651	-0.322537
"SNP_A-4195369"	11	114505271	-0.547578
"SNP_A-2043814"	11	114505372	-0.33108
"SNP_A-2039031"	11	114511632	-1.15618
"SNP_A-2265339"	11	114513585	-0.203128
"SNP_A-4226968"	11	114513829	0.711373
"SNP_A-2186773"	11	114516077	-0.352266
"SNP_A-4235574"	11	114527614	-0.337067
"SNP_A-2002263"	11	114576024	0.221946
"SNP_A-2273658"	11	114588382	0.193389
"SNP_A-2092946"	11	114588558	-0.334031
"SNP_A-1864996"	11	114590796	-0.135767
"SNP_A-1880961"	11	114591158	0.062656
"SNP_A-4216029"	11	114596329	-0.533048
"SNP_A-2122197"	11	114606777	-0.651005
"SNP_A-4236407"	11	114606844	-0.673864
"SNP_A-4226033"	11	114607493	-0.205027
"SNP_A-1797570"	11	114608081	-0.739869
"SNP_A-1939310"	11	114616515	-0.92123
"SNP_A-2020826"	11	114627243	-0.628747
"SNP_A-2002264"	11	114641818	-1.223658
"SNP_A-1814130"	11	114641924	-0.605821
"SNP_A-2002265"	11	114645763	-0.020299
"SNP_A-4232395"	11	114649664	-0.44561
"SNP_A-4216030"	11	114664443	-0.508326
"SNP_A-2198089"	11	114679293	-0.494982
"SNP_A-4227832"	11	114687959	-0.56303
"SNP_A-2115354"	11	114693138	0.161426
"SNP_A-1915882"	11	114704989	0.048463
"SNP_A-2228453"	11	114723923	-0.630667
"SNP_A-4216031"	11	114725464	-0.551946
"SNP_A-2285678"	11	114735633	-0.143919
"SNP_A-2263306"	11	114736251	0.0169
"SNP_A-1922328"	11	114770202	-0.186639
"SNP_A-2087815"	11	114776409	-0.799718
"SNP_A-2172113"	11	114791960	-0.256597
"SNP_A-2002266"	11	114799274	-0.200179
"SNP_A-2020828"	11	114799402	-0.392813
"SNP_A-1864556"	11	114813295	-0.171231
"SNP_A-1927943"	11	114817281	-0.383899
"SNP_A-4198270"	11	114834749	0.073344
"SNP_A-1878209"	11	114847103	-0.970131
"SNP_A-2223166"	11	114849006	0.141112
"SNP_A-1897079"	11	114923732	-0.358911
"SNP_A-2020831"	11	114929086	-0.110417
"SNP_A-2037298"	11	114937465	-0.215769
"SNP_A-2170084"	11	114937935	-0.617978
"SNP_A-2171951"	11	114949627	-1.544293
"SNP_A-1934978"	11	114952141	-0.376578
"SNP_A-4216032"	11	114974463	-0.300334
"SNP_A-2265086"	11	114977422	0.275625
"SNP_A-2235669"	11	114977496	0.285868
"SNP_A-2271519"	11	114981176	-0.302215
"SNP_A-1934773"	11	115007004	-0.628353
"SNP_A-2044513"	11	115032978	-0.687239
"SNP_A-1862430"	11	115046978	-0.08568
"SNP_A-4235983"	11	115053740	-0.4923
"SNP_A-2196535"	11	115055154	-0.61964
"SNP_A-2225824"	11	115080205	-0.441581
"SNP_A-4206879"	11	115081848	-0.461483
"SNP_A-2046003"	11	115106909	-0.188442
"SNP_A-4226331"	11	115122252	-0.533243
"SNP_A-1893319"	11	115142395	-0.553878
"SNP_A-2002269"	11	115167274	-0.163585
"SNP_A-4230725"	11	115194667	-0.312296
"SNP_A-1958334"	11	115194813	-0.341312
"SNP_A-2082594"	11	115215923	-0.392108
"SNP_A-4232402"	11	115217186	-0.181661
"SNP_A-4196156"	11	115238900	-0.367676
"SNP_A-2023871"	11	115239257	-0.068892
"SNP_A-2204179"	11	115263084	-0.131633
"SNP_A-1863136"	11	115267387	-0.574571
"SNP_A-2020842"	11	115269696	-0.42019
"SNP_A-2163182"	11	115270063	-0.29252
"SNP_A-2020843"	11	115293421	0.230879
"SNP_A-1780684"	11	115293517	-0.508648
"SNP_A-2020844"	11	115293637	-0.631158
"SNP_A-2139150"	11	115313574	-0.43903
"SNP_A-1950561"	11	115322664	-0.440856
"SNP_A-2219473"	11	115329169	-1.227972
"SNP_A-2249937"	11	115372533	-0.238318
"SNP_A-2070468"	11	115372882	-0.586299
"SNP_A-2306182"	11	115373192	-0.66181
"SNP_A-2090173"	11	115392548	-0.335958
"SNP_A-2020850"	11	115403045	-0.097439
"SNP_A-2182153"	11	115422548	-0.307068
"SNP_A-4202756"	11	115430691	-0.365123
"SNP_A-4214167"	11	115467495	-0.863949
"SNP_A-2263278"	11	115473908	-0.752286
"SNP_A-2141610"	11	115477417	-0.413566
"SNP_A-1796441"	11	115477541	-0.060749
"SNP_A-2285800"	11	115479382	-0.696285
"SNP_A-4236025"	11	115484563	0.125121
"SNP_A-2305164"	11	115485170	-0.479845
"SNP_A-2119505"	11	115509993	-0.717557
"SNP_A-1932697"	11	115542441	-0.884793
"SNP_A-1805028"	11	115542931	-0.792557
"SNP_A-2104113"	11	115543302	-0.525564
"SNP_A-2020852"	11	115550342	-0.514558
"SNP_A-1943847"	11	115558597	-0.775503
"SNP_A-2023203"	11	115559079	-0.609544
"SNP_A-2250329"	11	115559898	-0.182584
"SNP_A-1808856"	11	115560401	0.154349
"SNP_A-1881478"	11	115565640	-0.285907
"SNP_A-2300437"	11	115565702	-0.860414
"SNP_A-2165055"	11	115597988	-0.741915
"SNP_A-2020854"	11	115602346	-0.24182
"SNP_A-2020855"	11	115603282	-0.66251
"SNP_A-2058802"	11	115603393	-0.224206
"SNP_A-1845191"	11	115603844	-0.234757
"SNP_A-1795023"	11	115607598	-0.801257
"SNP_A-4227550"	11	115610298	-0.569184
"SNP_A-1810555"	11	115614112	0.000798
"SNP_A-1900281"	11	115632014	-0.983795
"SNP_A-4224187"	11	115660765	-0.252294
"SNP_A-1956135"	11	115662320	-0.976877
"SNP_A-2020860"	11	115688604	-0.309904
"SNP_A-1856986"	11	115692600	-0.575427
"SNP_A-1853260"	11	115696852	0.142628
"SNP_A-2273626"	11	115708205	-0.329513
"SNP_A-1889486"	11	115713523	-0.451364
"SNP_A-2169562"	11	115713606	-0.605804
"SNP_A-2260075"	11	115715294	-0.54862
"SNP_A-1940989"	11	115715392	-0.4015
"SNP_A-2094350"	11	115715422	-0.466018
"SNP_A-1797184"	11	115725847	-0.02261
"SNP_A-2180607"	11	115730214	-0.39534
"SNP_A-2219003"	11	115736182	-0.208046
"SNP_A-2308242"	11	115741865	-0.53043
"SNP_A-2207536"	11	115741985	-0.589424
"SNP_A-4207158"	11	115742189	-0.89758
"SNP_A-2314704"	11	115742992	-1.070457
"SNP_A-2048594"	11	115759054	-0.675476
"SNP_A-4232250"	11	115759078	-0.613061
"SNP_A-2102456"	11	115762594	-0.600112
"SNP_A-2291008"	11	115766886	-0.618928
"SNP_A-2043264"	11	115776304	-0.601566
"SNP_A-2193667"	11	115777459	0.052176
"SNP_A-2079243"	11	115786175	-0.409717
"SNP_A-1945084"	11	115786379	-0.352526
"SNP_A-1898804"	11	115802607	-0.735469
"SNP_A-1840107"	11	115809362	-0.692482
"SNP_A-2303416"	11	115809639	-0.230049
"SNP_A-2020863"	11	115810193	-0.385775
"SNP_A-2185992"	11	115810807	-0.562301
"SNP_A-4200894"	11	115836382	0.071468
"SNP_A-2077376"	11	115838644	-0.590895
"SNP_A-1879742"	11	115842346	-0.290586
"SNP_A-2253393"	11	115843138	0.01008
"SNP_A-2250465"	11	115857733	-0.077258
"SNP_A-4217229"	11	115859676	-0.499586
"SNP_A-1906429"	11	115901823	-0.32676
"SNP_A-1912605"	11	115916659	0.014411
"SNP_A-4224723"	11	115917046	-0.20834
"SNP_A-1915208"	11	115922391	-0.590273
"SNP_A-2235759"	11	115932780	-0.165703
"SNP_A-2223375"	11	115934773	-0.586357
"SNP_A-2301838"	11	115945888	-0.443402
"SNP_A-4229427"	11	116006894	-0.085407
"SNP_A-2020870"	11	116023178	0.686406
"SNP_A-1934429"	11	116023218	-0.718664
"SNP_A-4206988"	11	116025679	-0.473556
"SNP_A-2201273"	11	116031077	-0.167243
"SNP_A-2230219"	11	116035461	-0.517005
"SNP_A-1937720"	11	116036208	-0.406649
"SNP_A-2020871"	11	116036949	-0.470051
"SNP_A-2020872"	11	116037160	-0.113861
"SNP_A-4199173"	11	116041686	-0.582663
"SNP_A-4216033"	11	116080765	-0.332398
"SNP_A-2020875"	11	116080964	-0.3462
"SNP_A-1874432"	11	116093059	-0.463358
"SNP_A-2233051"	11	116111104	-0.056358
"SNP_A-2172218"	11	116157417	-0.418605
"SNP_A-4214168"	11	116157633	-0.009196
"SNP_A-4206411"	11	116172547	-0.199662
"SNP_A-2221641"	11	116186218	-0.405994
"SNP_A-4219695"	11	116202097	-0.159701
"SNP_A-1927660"	11	116202554	-0.105884
"SNP_A-1869519"	11	116203058	-0.301424
"SNP_A-2182185"	11	116245869	-0.349791
"SNP_A-2260148"	11	116246456	0.167763
"SNP_A-2273692"	11	116260794	-0.842429
"SNP_A-2302239"	11	116261393	-0.331268
"SNP_A-1841925"	11	116289902	-0.297368
"SNP_A-2260676"	11	116294648	-0.336971
"SNP_A-2226124"	11	116317838	0.298971
"SNP_A-2162116"	11	116333932	-0.441762
"SNP_A-2020888"	11	116334863	0.263185
"SNP_A-4216034"	11	116335297	0.084187
"SNP_A-4199816"	11	116359581	-0.177666
"SNP_A-2036563"	11	116361852	-0.554662
"SNP_A-2135606"	11	116365666	-0.265555
"SNP_A-1886458"	11	116401763	-0.041905
"SNP_A-2239033"	11	116412323	0.250656
"SNP_A-2236225"	11	116433161	-0.832389
"SNP_A-2211458"	11	116433756	-0.223807
"SNP_A-2219910"	11	116448564	-0.483756
"SNP_A-2112601"	11	116449558	-0.523181
"SNP_A-2142975"	11	116449647	-0.285545
"SNP_A-1941544"	11	116478145	-0.529912
"SNP_A-1850557"	11	116485121	0.273616
"SNP_A-2002275"	11	116549813	-0.7848
"SNP_A-2169941"	11	116570686	-0.318271
"SNP_A-2088294"	11	116579814	-0.331085
"SNP_A-4224525"	11	116585850	-0.694897
"SNP_A-2184655"	11	116599801	-0.487735
"SNP_A-2020893"	11	116600571	-0.455143
"SNP_A-1871632"	11	116617736	-0.632873
"SNP_A-2116662"	11	116631920	-0.626296
"SNP_A-4216036"	11	116688860	-0.299079
"SNP_A-2020895"	11	116689124	0.088433
"SNP_A-4192584"	11	116705963	-0.813624
"SNP_A-2253259"	11	116707207	-0.226264
"SNP_A-4216037"	11	116713957	0.019561
"SNP_A-2002276"	11	116714159	-0.499871
"SNP_A-1847346"	11	116721423	-0.240663
"SNP_A-2157309"	11	116724515	-0.735633
"SNP_A-1939303"	11	116732059	-0.344041
"SNP_A-4200806"	11	116736821	-0.250242
"SNP_A-2208900"	11	116752086	-0.501543
"SNP_A-2020900"	11	116765714	-0.487343
"SNP_A-1801065"	11	116789980	-0.457776
"SNP_A-2257094"	11	116800183	-0.166063
"SNP_A-2040746"	11	116821756	-0.595415
"SNP_A-1850682"	11	116847431	-0.350705
"SNP_A-1881791"	11	116912511	-0.473335
"SNP_A-2235614"	11	116920595	-0.323665
"SNP_A-2277522"	11	116925546	-0.768682
"SNP_A-2020903"	11	116925566	-0.420259
"SNP_A-1856505"	11	116939839	-0.129719
"SNP_A-4218678"	11	116940370	-0.407689
"SNP_A-4192554"	11	116941305	-0.007738
"SNP_A-1845522"	11	116942116	-0.805876
"SNP_A-1905978"	11	116942146	-0.593958
"SNP_A-4216038"	11	116946603	-0.148975
"SNP_A-2250910"	11	116960909	-0.293715
"SNP_A-2276997"	11	116992039	-0.344953
"SNP_A-1861394"	11	117062750	-0.289712
"SNP_A-2112146"	11	117066475	-0.285346
"SNP_A-1861526"	11	117069262	-0.808773
"SNP_A-4196385"	11	117071513	-0.148283
"SNP_A-2075726"	11	117072101	-0.106456
"SNP_A-1928062"	11	117076061	-0.325266
"SNP_A-1942071"	11	117098329	-0.627447
"SNP_A-2062576"	11	117098565	-0.241763
"SNP_A-1864602"	11	117108441	0.031157
"SNP_A-2205351"	11	117109417	-0.716957
"SNP_A-2162590"	11	117110308	-0.544819
"SNP_A-1811910"	11	117111049	0.014863
"SNP_A-2002279"	11	117113094	-0.454245
"SNP_A-1865665"	11	117118991	-0.49118
"SNP_A-2080020"	11	117119332	-0.0643
"SNP_A-2077529"	11	117119930	-0.530022
"SNP_A-2081638"	11	117120278	-0.303365
"SNP_A-1860437"	11	117136444	-0.879834
"SNP_A-2119497"	11	117136994	-0.144063
"SNP_A-2075642"	11	117137209	-0.033539
"SNP_A-4205068"	11	117141939	-0.074161
"SNP_A-1851642"	11	117167348	-0.501823
"SNP_A-1895598"	11	117167458	-0.393818
"SNP_A-2090975"	11	117215360	-0.697948
"SNP_A-2110803"	11	117215517	-0.315893
"SNP_A-1849173"	11	117221596	0.023796
"SNP_A-2002283"	11	117231907	-0.308283
"SNP_A-2152569"	11	117236853	-0.540504
"SNP_A-2108784"	11	117274678	0.132583
"SNP_A-4216042"	11	117275715	-0.189292
"SNP_A-2248723"	11	117282029	-0.558768
"SNP_A-2120462"	11	117287405	-0.49089
"SNP_A-4206020"	11	117331062	-0.507405
"SNP_A-2185235"	11	117377944	-0.45159
"SNP_A-4204106"	11	117395377	-0.224745
"SNP_A-2039322"	11	117405879	-0.40206
"SNP_A-2119668"	11	117414311	-0.499013
"SNP_A-2077672"	11	117415009	-0.487092
"SNP_A-2049009"	11	117415227	-0.335559
"SNP_A-2097985"	11	117423912	-0.63116
"SNP_A-1927143"	11	117442341	-0.569978
"SNP_A-2240204"	11	117464582	-0.173856
"SNP_A-1914070"	11	117478768	-0.370587
"SNP_A-2302783"	11	117478883	-0.675325
"SNP_A-1872758"	11	117492601	-0.547895
"SNP_A-2102844"	11	117502780	-0.624003
"SNP_A-2197425"	11	117532284	-0.927317
"SNP_A-2179913"	11	117550187	-0.626176
"SNP_A-4217926"	11	117558366	-0.297363
"SNP_A-2032430"	11	117569792	-0.180121
"SNP_A-1811781"	11	117578554	-0.249795
"SNP_A-2161627"	11	117579327	-0.218515
"SNP_A-2276277"	11	117580169	-0.11316
"SNP_A-2115670"	11	117581279	-0.956146
"SNP_A-2301936"	11	117600131	-0.507552
"SNP_A-2020925"	11	117619117	-0.612566
"SNP_A-1910735"	11	117628698	-0.269544
"SNP_A-4223819"	11	117644208	0.355814
"SNP_A-2226334"	11	117663212	-0.568821
"SNP_A-2049055"	11	117667706	-0.262021
"SNP_A-1829212"	11	117668006	-0.636637
"SNP_A-1817374"	11	117671422	-0.353518
"SNP_A-4236413"	11	117671707	-0.215943
"SNP_A-2234237"	11	117685151	-0.294683
"SNP_A-2020927"	11	117735569	0.378134
"SNP_A-1835497"	11	117742615	-0.118237
"SNP_A-4197200"	11	117791205	-1.046168
"SNP_A-1955183"	11	117873875	-0.19503
"SNP_A-2124688"	11	117886279	-0.515768
"SNP_A-2104177"	11	118019232	-0.772469
"SNP_A-2146604"	11	118043397	0.16873
"SNP_A-2149257"	11	118057630	-0.185497
"SNP_A-1910838"	11	118084957	-0.343956
"SNP_A-1780689"	11	118085075	-0.347085
"SNP_A-2282886"	11	118148209	-0.478581
"SNP_A-2246928"	11	118216279	-0.571979
"SNP_A-2101700"	11	118219702	-0.351051
"SNP_A-1889647"	11	118256536	-0.233788
"SNP_A-2002289"	11	118264820	-0.616259
"SNP_A-4230664"	11	118397487	0.321932
"SNP_A-4204173"	11	118419203	0.137685
"SNP_A-1791694"	11	118424416	-0.143284
"SNP_A-2104611"	11	118436309	-0.248365
"SNP_A-2142827"	11	118443525	-0.837478
"SNP_A-4221786"	11	118443581	-0.081134
"SNP_A-1821708"	11	118448809	-0.071528
"SNP_A-2290346"	11	118457581	-0.498717
"SNP_A-1782969"	11	118463337	-1.136518
"SNP_A-2002292"	11	118468026	-0.768923
"SNP_A-1866788"	11	118580639	-0.40859
"SNP_A-4201597"	11	118584203	0.17432
"SNP_A-2107165"	11	118610902	-0.659937
"SNP_A-1849132"	11	118613322	0.143257
"SNP_A-1790237"	11	118648023	-0.580422
"SNP_A-2021915"	11	118706909	-0.45022
"SNP_A-2304786"	11	118723922	-0.960359
"SNP_A-2208856"	11	118735174	-0.125473
"SNP_A-1833464"	11	118746330	-0.204225
"SNP_A-1789060"	11	118761985	-0.495544
"SNP_A-2132373"	11	118774194	-0.26387
"SNP_A-2176120"	11	118774767	-0.328074
"SNP_A-2240928"	11	118779627	-0.678065
"SNP_A-2177218"	11	118810821	-0.490117
"SNP_A-2154280"	11	118815768	-0.487586
"SNP_A-1882406"	11	118819975	-0.264965
"SNP_A-2227516"	11	118820999	0.029079
"SNP_A-2142078"	11	118821623	-0.530634
"SNP_A-2311657"	11	118821824	-0.480478
"SNP_A-2032967"	11	118821869	-0.559457
"SNP_A-2211188"	11	118823516	-0.513256
"SNP_A-1960718"	11	118825988	-0.439539
"SNP_A-2152011"	11	118826089	-0.580759
"SNP_A-2217972"	11	118830133	-0.759634
"SNP_A-2211815"	11	118830205	-0.398242
"SNP_A-1897606"	11	118832127	0.255452
"SNP_A-2181517"	11	118851408	-0.557205
"SNP_A-4221491"	11	118860674	-0.129171
"SNP_A-2275949"	11	118890057	-0.426231
"SNP_A-2002294"	11	118893249	-0.61473
"SNP_A-2053259"	11	118941919	-0.217807
"SNP_A-2229820"	11	118941979	-0.280323
"SNP_A-2002297"	11	118946713	-0.753321
"SNP_A-2267905"	11	118957150	-0.520471
"SNP_A-1801515"	11	118971090	-0.249357
"SNP_A-2305306"	11	119010162	-0.002878
"SNP_A-1784465"	11	119021115	-0.351546
"SNP_A-1789729"	11	119021310	-0.293992
"SNP_A-2303576"	11	119074947	-0.688369
"SNP_A-4234964"	11	119075012	-0.525229
"SNP_A-1805672"	11	119109077	0.268293
"SNP_A-2232774"	11	119133448	-0.012014
"SNP_A-2068868"	11	119135628	-0.62089
"SNP_A-2181077"	11	119135690	-0.333136
"SNP_A-2190418"	11	119135851	-0.507932
"SNP_A-2311599"	11	119142624	-0.42124
"SNP_A-1944791"	11	119149570	-0.733823
"SNP_A-2209464"	11	119149661	-0.638163
"SNP_A-2069659"	11	119162160	-0.147598
"SNP_A-1794349"	11	119166527	-0.30572
"SNP_A-4235604"	11	119167019	-0.50987
"SNP_A-1830006"	11	119184196	-0.303397
"SNP_A-1885730"	11	119184493	-0.426798
"SNP_A-1939353"	11	119193652	-0.656411
"SNP_A-2070692"	11	119196279	0.195545
"SNP_A-2020944"	11	119202392	-0.93227
"SNP_A-4232790"	11	119202794	-0.411195
"SNP_A-4216043"	11	119202836	-0.450959
"SNP_A-4216044"	11	119205241	-0.136643
"SNP_A-2192924"	11	119210420	-0.59987
"SNP_A-2066650"	11	119237628	-0.070425
"SNP_A-4235721"	11	119245822	-0.227863
"SNP_A-1836081"	11	119269245	-0.971823
"SNP_A-4219086"	11	119293364	0.176368
"SNP_A-2095694"	11	119293923	-0.156409
"SNP_A-2020951"	11	119300343	-0.154341
"SNP_A-2020952"	11	119300804	-0.287029
"SNP_A-2167272"	11	119304028	-0.329933
"SNP_A-1905890"	11	119308042	-0.14895
"SNP_A-2270427"	11	119309728	-0.460687
"SNP_A-2176237"	11	119309986	-0.407915
"SNP_A-2020953"	11	119313745	-0.569164
"SNP_A-4240166"	11	119321722	-0.149885
"SNP_A-2049775"	11	119321976	-0.503271
"SNP_A-2286706"	11	119343928	-0.192194
"SNP_A-1934304"	11	119363654	-0.262202
"SNP_A-2020955"	11	119365158	0.233819
"SNP_A-4216045"	11	119365749	0.092343
"SNP_A-2157402"	11	119383479	-0.610519
"SNP_A-2095544"	11	119386925	-0.741812
"SNP_A-2291710"	11	119394726	-0.564696
"SNP_A-1887988"	11	119404205	-0.408899
"SNP_A-1782957"	11	119406632	-0.516306
"SNP_A-1788943"	11	119434655	-0.395037
"SNP_A-2002300"	11	119440144	-0.11165
"SNP_A-4225808"	11	119453259	0.1753
"SNP_A-4195326"	11	119453342	0.227536
"SNP_A-2052931"	11	119462726	0.063988
"SNP_A-2002302"	11	119465470	-0.027559
"SNP_A-1885627"	11	119472369	-0.492782
"SNP_A-2153659"	11	119472871	-0.680965
"SNP_A-2079213"	11	119482015	-1.007216
"SNP_A-2299527"	11	119511915	-0.316046
"SNP_A-4216046"	11	119530453	-0.193252
"SNP_A-1843294"	11	119559529	-0.320336
"SNP_A-4238127"	11	119562390	-0.726432
"SNP_A-4236022"	11	119564704	0.254647
"SNP_A-2206556"	11	119626533	-0.164336
"SNP_A-4235430"	11	119662378	-0.109274
"SNP_A-1941389"	11	119662728	-0.66879
"SNP_A-2110555"	11	119666851	-0.450683
"SNP_A-2228295"	11	119667096	-0.651073
"SNP_A-2115956"	11	119671226	-0.520647
"SNP_A-2222291"	11	119672070	0.156673
"SNP_A-2235306"	11	119672267	0.250432
"SNP_A-2096780"	11	119675240	-0.310476
"SNP_A-4221772"	11	119676375	-0.550704
"SNP_A-2020969"	11	119717633	-0.598004
"SNP_A-4238029"	11	119730971	-0.929896
"SNP_A-1847117"	11	119732652	-0.411948
"SNP_A-2157859"	11	119736828	0.176214
"SNP_A-2269882"	11	119740332	0.704249
"SNP_A-2132566"	11	119741084	-0.29474
"SNP_A-4200210"	11	119741543	-0.265851
"SNP_A-2250724"	11	119744172	-0.102471
"SNP_A-1881166"	11	119752243	-0.026442
"SNP_A-4237366"	11	119772747	-0.063059
"SNP_A-1914138"	11	119774518	-0.045708
"SNP_A-2281035"	11	119789979	-0.094292
"SNP_A-1828963"	11	119829119	-0.544296
"SNP_A-1928746"	11	119854520	-0.474331
"SNP_A-2020972"	11	119865481	-0.342316
"SNP_A-2124429"	11	119911933	-0.560831
"SNP_A-4216047"	11	119913281	-0.182983
"SNP_A-2002306"	11	119931718	-0.32605
"SNP_A-1785487"	11	119986093	-0.222034
"SNP_A-2236031"	11	119986983	-0.37643
"SNP_A-1794718"	11	119989068	-0.326284
"SNP_A-1955502"	11	119989922	-0.268385
"SNP_A-2020974"	11	119996189	-0.334907
"SNP_A-2020975"	11	119996648	-0.291412
"SNP_A-1790634"	11	120004254	-0.723442
"SNP_A-2020976"	11	120008847	-0.489266
"SNP_A-2002307"	11	120009133	-0.434116
"SNP_A-2092486"	11	120028349	-0.435281
"SNP_A-4232712"	11	120038218	-0.34018
"SNP_A-1813006"	11	120046005	-0.260851
"SNP_A-1825963"	11	120051021	0.06957
"SNP_A-2296019"	11	120051433	-0.1262
"SNP_A-4227427"	11	120053528	-0.340689
"SNP_A-2109588"	11	120056629	-0.519389
"SNP_A-2253600"	11	120062301	-0.386135
"SNP_A-2213022"	11	120089193	-0.134521
"SNP_A-2020978"	11	120115612	-0.374488
"SNP_A-2002309"	11	120148300	-0.106137
"SNP_A-1804807"	11	120162654	-0.730625
"SNP_A-2305745"	11	120173223	-0.975977
"SNP_A-1799847"	11	120183810	-0.23981
"SNP_A-4234110"	11	120184262	0.478021
"SNP_A-2044854"	11	120185511	0.228584
"SNP_A-2251020"	11	120199964	-0.47785
"SNP_A-4228882"	11	120204835	-0.44216
"SNP_A-2182319"	11	120211969	-0.363812
"SNP_A-1943780"	11	120211999	0.014482
"SNP_A-1814373"	11	120238645	-0.214544
"SNP_A-2280211"	11	120296521	-0.338652
"SNP_A-2234194"	11	120320777	0.012796
"SNP_A-2116904"	11	120321618	-0.150419
"SNP_A-2130538"	11	120322070	-0.409979
"SNP_A-2155444"	11	120322256	-0.608005
"SNP_A-4222056"	11	120355395	-0.334962
"SNP_A-2210241"	11	120358171	-0.29539
"SNP_A-4196020"	11	120358469	-0.649594
"SNP_A-1953306"	11	120358590	-0.145321
"SNP_A-1888633"	11	120358787	-0.40721
"SNP_A-2147698"	11	120359151	-0.272718
"SNP_A-2171404"	11	120366024	-0.764055
"SNP_A-2141829"	11	120374780	-0.396976
"SNP_A-2258074"	11	120375921	-0.22491
"SNP_A-1914556"	11	120382996	-0.221416
"SNP_A-2210160"	11	120384126	0.049899
"SNP_A-2197507"	11	120394755	-0.839817
"SNP_A-2024492"	11	120396033	-0.597368
"SNP_A-4202482"	11	120410981	-0.024879
"SNP_A-2115502"	11	120429881	-0.628783
"SNP_A-2025657"	11	120436157	0.063412
"SNP_A-2140807"	11	120440579	0.159565
"SNP_A-2262907"	11	120493810	-0.080321
"SNP_A-2168717"	11	120494545	-0.406587
"SNP_A-1892387"	11	120494990	-0.006166
"SNP_A-2020987"	11	120504152	-0.529112
"SNP_A-2020988"	11	120504468	-0.562438
"SNP_A-2235161"	11	120506555	-0.574761
"SNP_A-1781559"	11	120508182	0.277198
"SNP_A-2294329"	11	120527150	-0.207008
"SNP_A-1894811"	11	120544020	-0.776562
"SNP_A-1923053"	11	120544119	-0.007828
"SNP_A-4216048"	11	120567696	-0.146246
"SNP_A-1786761"	11	120569654	-0.600452
"SNP_A-1848627"	11	120579785	-0.201308
"SNP_A-1917802"	11	120582583	-0.335453
"SNP_A-4216049"	11	120594004	0.212359
"SNP_A-2021003"	11	120596102	-0.218485
"SNP_A-4221717"	11	120597608	-0.396721
"SNP_A-2021004"	11	120625340	0.052023
"SNP_A-2021005"	11	120626223	-0.256753
"SNP_A-2021006"	11	120626514	-0.557524
"SNP_A-2021007"	11	120626658	-0.502669
"SNP_A-2021008"	11	120626711	-0.19787
"SNP_A-2021011"	11	120632178	-0.174105
"SNP_A-2042745"	11	120634622	0.099405
"SNP_A-1786025"	11	120641814	-0.22165
"SNP_A-2313274"	11	120647336	-0.142103
"SNP_A-1836034"	11	120663310	-0.292537
"SNP_A-1953212"	11	120663989	-0.549532
"SNP_A-2021014"	11	120673388	-0.517635
"SNP_A-1857610"	11	120707073	-0.696268
"SNP_A-1938829"	11	120713520	-0.201011
"SNP_A-2166546"	11	120729206	-0.67609
"SNP_A-2230816"	11	120729986	-0.588558
"SNP_A-1869777"	11	120740339	-0.631745
"SNP_A-2119251"	11	120740881	-0.572064
"SNP_A-2168782"	11	120741081	-0.702813
"SNP_A-2132084"	11	120751341	-0.90101
"SNP_A-4216051"	11	120760534	-0.858698
"SNP_A-2021022"	11	120761319	-0.016994
"SNP_A-4239967"	11	120761964	-0.400564
"SNP_A-1817227"	11	120834606	-0.55838
"SNP_A-2021028"	11	120843203	-0.207552
"SNP_A-1847675"	11	120848256	-0.362162
"SNP_A-2021032"	11	120866094	-0.715626
"SNP_A-4216052"	11	120866225	-0.216832
"SNP_A-2002323"	11	120867526	-0.736722
"SNP_A-2228577"	11	120874460	-0.567858
"SNP_A-2234819"	11	120888081	0.290364
"SNP_A-2226122"	11	120909761	-0.278094
"SNP_A-2182548"	11	120914166	0.091974
"SNP_A-4222160"	11	120932469	-0.43272
"SNP_A-1907302"	11	120939638	-0.260907
"SNP_A-1893569"	11	120939766	-0.274875
"SNP_A-1892876"	11	120940797	0.154374
"SNP_A-4195943"	11	120946730	-0.286242
"SNP_A-4216054"	11	120957136	-0.736579
"SNP_A-4216055"	11	120957150	-0.597805
"SNP_A-2002324"	11	120957244	0.014428
"SNP_A-2072577"	11	120957861	-0.507191
"SNP_A-2096444"	11	120970156	-0.682412
"SNP_A-1876027"	11	120978601	-0.526107
"SNP_A-2213704"	11	120978808	-0.175674
"SNP_A-2113619"	11	120979449	-0.044933
"SNP_A-1887048"	11	120984168	-0.635044
"SNP_A-1944018"	11	120988611	-0.025206
"SNP_A-2216164"	11	120998211	-1.115767
"SNP_A-1844091"	11	120999237	-0.191866
"SNP_A-1830057"	11	120999299	-0.304048
"SNP_A-2301517"	11	120999609	-0.619249
"SNP_A-2123600"	11	121040148	-0.494333
"SNP_A-2090215"	11	121064472	-0.089396
"SNP_A-4199290"	11	121070285	-0.411944
"SNP_A-2021067"	11	121084155	0.088339
"SNP_A-2021072"	11	121089627	-0.150139
"SNP_A-1785105"	11	121090141	-0.111815
"SNP_A-1820997"	11	121139544	-0.084945
"SNP_A-2198893"	11	121139616	-0.576812
"SNP_A-2264269"	11	121139818	-0.110514
"SNP_A-4194871"	11	121144245	-0.133875
"SNP_A-2139923"	11	121145446	0.193189
"SNP_A-2039328"	11	121148925	0.221406
"SNP_A-1926570"	11	121154689	-0.554982
"SNP_A-2155420"	11	121169625	-0.336051
"SNP_A-2216567"	11	121178357	-0.204639
"SNP_A-2129515"	11	121223495	-0.428694
"SNP_A-2198020"	11	121224337	0.35428
"SNP_A-2166209"	11	121250157	-0.555703
"SNP_A-2045174"	11	121272652	-0.197954
"SNP_A-4216063"	11	121274329	-0.294377
"SNP_A-2021104"	11	121274691	-0.423232
"SNP_A-2021106"	11	121275323	-0.373067
"SNP_A-2122656"	11	121280059	-0.012811
"SNP_A-4231810"	11	121284175	-0.220269
"SNP_A-2108761"	11	121284874	0.049173
"SNP_A-2261058"	11	121296944	0.167014
"SNP_A-1898431"	11	121297288	-0.426314
"SNP_A-1899033"	11	121297342	-0.471511
"SNP_A-2193377"	11	121303327	-0.596471
"SNP_A-1806475"	11	121314597	-0.742162
"SNP_A-2021123"	11	121326266	-0.530304
"SNP_A-2021140"	11	121366328	-0.232289
"SNP_A-1918775"	11	121422293	-0.666174
"SNP_A-1825012"	11	121436070	-0.309382
"SNP_A-2164876"	11	121444763	-0.602708
"SNP_A-4216067"	11	121449894	-0.485196
"SNP_A-2021150"	11	121457358	-0.412064
"SNP_A-2021151"	11	121469779	0.135337
"SNP_A-1848015"	11	121475956	-0.062401
"SNP_A-2190582"	11	121475990	-0.690895
"SNP_A-1828165"	11	121487439	0.18443
"SNP_A-2021167"	11	121499910	0.360505
"SNP_A-2258543"	11	121501401	-0.538987
"SNP_A-1903614"	11	121501471	-0.10865
"SNP_A-4198377"	11	121505789	-0.704837
"SNP_A-2266198"	11	121507814	-0.509644
"SNP_A-2310502"	11	121509755	0.481046
"SNP_A-2312001"	11	121510335	-0.24069
"SNP_A-2182764"	11	121519276	-0.147245
"SNP_A-4239905"	11	121519749	-0.324467
"SNP_A-1928524"	11	121525009	0.362951
"SNP_A-1914908"	11	121528137	-0.778776
"SNP_A-2151023"	11	121538059	-0.562981
"SNP_A-2030721"	11	121538364	-0.870633
"SNP_A-4216653"	11	121550414	0.297153
"SNP_A-1832974"	11	121553781	-0.764941
"SNP_A-2141554"	11	121555180	-0.411054
"SNP_A-2265589"	11	121565190	-0.421154
"SNP_A-2047192"	11	121566618	0.128467
"SNP_A-4228472"	11	121567876	-0.261093
"SNP_A-4239247"	11	121570809	-0.813448
"SNP_A-1928730"	11	121590104	0.160126
"SNP_A-2080398"	11	121627679	-0.496032
"SNP_A-1881398"	11	121632081	-0.265435
"SNP_A-2030840"	11	121648243	-0.461145
"SNP_A-1915008"	11	121648878	-0.3411
"SNP_A-4216726"	11	121650021	-0.241022
"SNP_A-2233011"	11	121659786	-0.878116
"SNP_A-2002330"	11	121667158	-0.894645
"SNP_A-2310242"	11	121669916	-0.152268
"SNP_A-4201468"	11	121683011	-0.863722
"SNP_A-2290100"	11	121683478	-0.344218
"SNP_A-4197118"	11	121690384	-0.410523
"SNP_A-2021247"	11	121693657	-0.107698
"SNP_A-4199951"	11	121702337	-0.906967
"SNP_A-2241792"	11	121704651	-0.964017
"SNP_A-4204076"	11	121708779	0.077035
"SNP_A-1792186"	11	121709753	-0.490755
"SNP_A-1911953"	11	121715252	-0.531016
"SNP_A-2083966"	11	121718760	0.521382
"SNP_A-2217279"	11	121744055	-0.45874
"SNP_A-1886265"	11	121744471	-0.633966
"SNP_A-2230353"	11	121763693	0.107752
"SNP_A-2047745"	11	121763747	0.267768
"SNP_A-2034297"	11	121802893	-0.284052
"SNP_A-2053111"	11	121807719	-0.439855
"SNP_A-4199929"	11	121823156	-0.108239
"SNP_A-4181190"	11	121823206	-0.106141
"SNP_A-4214171"	11	121824726	-0.47004
"SNP_A-1892738"	11	121867740	-0.00115
"SNP_A-2021297"	11	121877344	-0.998605
"SNP_A-2021307"	11	121899812	-0.193357
"SNP_A-2021311"	11	121908673	-0.511299
"SNP_A-2021312"	11	121909235	-0.264975
"SNP_A-4216082"	11	121909404	0.036824
"SNP_A-2026738"	11	121953485	0.002957
"SNP_A-2041036"	11	121957403	-0.194362
"SNP_A-1844413"	11	121961363	-0.065226
"SNP_A-1822086"	11	121965289	-0.723942
"SNP_A-2226911"	11	122000841	-1.025947
"SNP_A-2302184"	11	122013373	-0.510343
"SNP_A-1891245"	11	122045738	-0.540734
"SNP_A-2213096"	11	122057426	-0.383788
"SNP_A-4237962"	11	122064060	-0.379894
"SNP_A-2144687"	11	122078854	-0.440238
"SNP_A-2211503"	11	122084614	-0.458436
"SNP_A-2021365"	11	122092782	-0.404575
"SNP_A-2193256"	11	122092818	-0.488397
"SNP_A-2039980"	11	122102577	-0.499242
"SNP_A-4230072"	11	122103024	-0.518153
"SNP_A-1896117"	11	122103305	-0.510274
"SNP_A-4236747"	11	122112216	-0.477213
"SNP_A-1914474"	11	122112574	0.01351
"SNP_A-2161452"	11	122113056	-0.567511
"SNP_A-2309803"	11	122114288	-0.290213
"SNP_A-2186412"	11	122114375	-0.672371
"SNP_A-2279679"	11	122114490	-0.431775
"SNP_A-1783213"	11	122121269	-0.114404
"SNP_A-4200782"	11	122121536	-0.29597
"SNP_A-2271559"	11	122125518	-0.350497
"SNP_A-2021371"	11	122146296	-0.376709
"SNP_A-2021372"	11	122146466	-0.511604
"SNP_A-4214172"	11	122146705	-0.214286
"SNP_A-2168935"	11	122158782	-0.565128
"SNP_A-1825649"	11	122163749	-0.54965
"SNP_A-1854232"	11	122163770	-0.368561
"SNP_A-2088528"	11	122179786	0.008603
"SNP_A-2050537"	11	122181923	-0.969447
"SNP_A-2121732"	11	122182092	-0.304609
"SNP_A-2265065"	11	122182257	0.633167
"SNP_A-1916834"	11	122183938	-0.566706
"SNP_A-2097474"	11	122184691	-0.275507
"SNP_A-2063950"	11	122186945	0.146422
"SNP_A-4232773"	11	122217796	-0.334073
"SNP_A-4217779"	11	122218545	-0.030037
"SNP_A-2021401"	11	122219992	-0.915299
"SNP_A-4216092"	11	122239027	0.112498
"SNP_A-2196108"	11	122243471	-0.03512
"SNP_A-2102999"	11	122247638	0.009552
"SNP_A-4232192"	11	122255254	-0.133764
"SNP_A-1869364"	11	122256223	-0.531935
"SNP_A-1909502"	11	122275273	-0.506912
"SNP_A-1830492"	11	122303126	-0.310584
"SNP_A-1928168"	11	122305361	-0.501959
"SNP_A-1868687"	11	122306309	-0.021138
"SNP_A-4238572"	11	122306528	-0.158136
"SNP_A-1816482"	11	122307074	-0.54917
"SNP_A-2093813"	11	122311120	0.065203
"SNP_A-2002334"	11	122339211	-0.646393
"SNP_A-1781593"	11	122339246	-0.144858
"SNP_A-1799832"	11	122375893	-1.030343
"SNP_A-2064983"	11	122385491	0.114444
"SNP_A-2067070"	11	122398544	-0.000557
"SNP_A-4221904"	11	122414987	-0.549213
"SNP_A-4204032"	11	122414999	-0.666912
"SNP_A-2207105"	11	122431337	-0.089516
"SNP_A-1903463"	11	122431356	-0.127745
"SNP_A-2002335"	11	122448705	-0.504084
"SNP_A-2066727"	11	122455723	-0.518603
"SNP_A-2132572"	11	122457815	-0.613398
"SNP_A-2234150"	11	122474541	-0.270726
"SNP_A-1950261"	11	122484305	-0.462152
"SNP_A-4235330"	11	122500489	-0.096569
"SNP_A-1787226"	11	122511360	-0.947605
"SNP_A-1861744"	11	122524660	-0.410318
"SNP_A-2245662"	11	122530692	-0.150979
"SNP_A-1948259"	11	122536350	-0.467218
"SNP_A-2122683"	11	122538013	-0.38772
"SNP_A-2021486"	11	122551729	-0.379702
"SNP_A-4216102"	11	122551915	-0.298783
"SNP_A-2230366"	11	122553036	-0.886755
"SNP_A-1904638"	11	122553372	-0.214995
"SNP_A-1797159"	11	122579926	-0.183113
"SNP_A-4203976"	11	122580125	-0.120477
"SNP_A-2265938"	11	122597014	-0.794266
"SNP_A-2184435"	11	122597453	-0.284329
"SNP_A-2081692"	11	122597534	-0.850294
"SNP_A-1901198"	11	122602079	-0.818188
"SNP_A-2258946"	11	122602143	-0.58237
"SNP_A-2119267"	11	122602596	-0.128514
"SNP_A-1891219"	11	122603141	-0.181262
"SNP_A-1819715"	11	122603861	-0.052489
"SNP_A-2172098"	11	122614679	-0.798747
"SNP_A-1781802"	11	122632931	-0.655915
"SNP_A-2021501"	11	122637855	-0.451962
"SNP_A-2247960"	11	122643354	-0.401097
"SNP_A-2284602"	11	122656995	-0.74266
"SNP_A-1892588"	11	122664397	-0.34452
"SNP_A-2287770"	11	122670975	-0.401271
"SNP_A-1894607"	11	122671343	-0.218919
"SNP_A-2002336"	11	122672423	0.023646
"SNP_A-4227639"	11	122672508	-0.663094
"SNP_A-2021507"	11	122680790	-0.290151
"SNP_A-1953931"	11	122681436	-0.403993
"SNP_A-2241042"	11	122684024	-0.850861
"SNP_A-2226114"	11	122684333	-0.520423
"SNP_A-1947107"	11	122691812	0.055422
"SNP_A-2184554"	11	122695954	-0.399096
"SNP_A-4198007"	11	122699730	-0.010542
"SNP_A-4229867"	11	122702126	-0.249236
"SNP_A-2229684"	11	122702906	-0.021772
"SNP_A-2147961"	11	122723038	-0.416985
"SNP_A-4238068"	11	122740822	0.394312
"SNP_A-2200106"	11	122741082	-0.528489
"SNP_A-1846675"	11	122742193	-1.036311
"SNP_A-2313635"	11	122751364	-0.249206
"SNP_A-2190498"	11	122788024	-0.815608
"SNP_A-2259994"	11	122788162	0.089414
"SNP_A-1943865"	11	122793491	-0.654697
"SNP_A-4216861"	11	122798298	-0.566173
"SNP_A-4207708"	11	122817953	-0.283694
"SNP_A-1865260"	11	122841027	-0.542055
"SNP_A-4229597"	11	122863025	-0.374247
"SNP_A-4237350"	11	122875670	-0.377784
"SNP_A-2021547"	11	122896179	-0.059136
"SNP_A-4239891"	11	122900558	0.002875
"SNP_A-2208276"	11	122908419	-0.409043
"SNP_A-1810145"	11	122908732	-0.614921
"SNP_A-1919169"	11	122913380	-0.046502
"SNP_A-1901371"	11	122926612	-0.216619
"SNP_A-2155766"	11	122933015	-0.478882
"SNP_A-1934905"	11	122933396	0.079592
"SNP_A-1791814"	11	122934509	-0.137708
"SNP_A-4216118"	11	122950070	-1.202953
"SNP_A-2050178"	11	122973350	-0.288563
"SNP_A-4227253"	11	122979741	0.078095
"SNP_A-1794762"	11	122989899	-0.327949
"SNP_A-2167890"	11	122991877	-0.607423
"SNP_A-1838934"	11	122992442	-0.253239
"SNP_A-2103899"	11	122992801	-0.311125
"SNP_A-2089603"	11	123028093	-0.635715
"SNP_A-2021647"	11	123028568	-0.905538
"SNP_A-4199107"	11	123047230	-0.227784
"SNP_A-1812483"	11	123050953	-0.259558
"SNP_A-2112236"	11	123052380	-0.421069
"SNP_A-4216125"	11	123053614	0.000865
"SNP_A-4237713"	11	123053929	0.044816
"SNP_A-4216126"	11	123054934	-0.474639
"SNP_A-4200997"	11	123064736	-0.120204
"SNP_A-2238644"	11	123075196	-0.75104
"SNP_A-1837236"	11	123099450	-0.391947
"SNP_A-2021660"	11	123111147	-0.601143
"SNP_A-4200498"	11	123113484	-0.656368
"SNP_A-2225782"	11	123113791	-0.262408
"SNP_A-2294779"	11	123127296	0.07229
"SNP_A-1803116"	11	123128913	-0.41811
"SNP_A-2074320"	11	123188484	0.107387
"SNP_A-4195959"	11	123195003	0.595245
"SNP_A-1854861"	11	123199249	-0.43624
"SNP_A-1861105"	11	123209139	0.027842
"SNP_A-4235526"	11	123210101	0.017403
"SNP_A-1950082"	11	123211514	-0.509398
"SNP_A-2021721"	11	123215921	-0.645804
"SNP_A-1857257"	11	123217017	-0.248036
"SNP_A-2024931"	11	123252803	-0.653162
"SNP_A-4220833"	11	123253000	-0.643006
"SNP_A-2021768"	11	123260929	-0.717816
"SNP_A-2023763"	11	123273523	0.017307
"SNP_A-2313312"	11	123273551	-0.690733
"SNP_A-1872540"	11	123279935	-0.575243
"SNP_A-2106060"	11	123282746	-0.308732
"SNP_A-2058892"	11	123282946	-0.193844
"SNP_A-2109830"	11	123283241	-0.219681
"SNP_A-1843946"	11	123301623	-0.048561
"SNP_A-2268193"	11	123302134	0.072984
"SNP_A-4194448"	11	123307609	-0.453148
"SNP_A-2021812"	11	123308055	-0.239468
"SNP_A-2277512"	11	123318267	-0.040686
"SNP_A-2021819"	11	123320365	-0.596872
"SNP_A-2021826"	11	123326625	0.015235
"SNP_A-2126633"	11	123335722	0.262432
"SNP_A-2139481"	11	123369426	-0.562899
"SNP_A-1860344"	11	123369875	-0.608781
"SNP_A-1820681"	11	123374272	-0.307372
"SNP_A-2021860"	11	123374462	-0.213172
"SNP_A-2021861"	11	123375329	-0.66489
"SNP_A-2021862"	11	123375437	0.144237
"SNP_A-1834395"	11	123379493	-0.268217
"SNP_A-2060513"	11	123384273	-0.221066
"SNP_A-2241423"	11	123385932	-1.135516
"SNP_A-1913692"	11	123393975	-0.64158
"SNP_A-2268599"	11	123400973	0.254496
"SNP_A-2301138"	11	123402819	-0.047176
"SNP_A-1932252"	11	123407683	-0.429617
"SNP_A-4195910"	11	123421987	-0.470202
"SNP_A-2188562"	11	123431316	-0.621234
"SNP_A-2281824"	11	123443790	-0.209722
"SNP_A-4226616"	11	123444271	0.527331
"SNP_A-1826100"	11	123444671	-0.555206
"SNP_A-2028880"	11	123446796	-0.663495
"SNP_A-1836265"	11	123446989	-0.464017
"SNP_A-2255804"	11	123459090	0.289549
"SNP_A-1911017"	11	123459575	-0.421752
"SNP_A-1819333"	11	123482160	-0.735636
"SNP_A-1914731"	11	123489250	-0.021741
"SNP_A-2292562"	11	123489958	-0.209516
"SNP_A-2114012"	11	123493541	-0.106654
"SNP_A-2040502"	11	123494706	-0.243043
"SNP_A-2298692"	11	123512203	-0.433561
"SNP_A-2021941"	11	123517032	-0.682533
"SNP_A-2120781"	11	123517701	-0.03801
"SNP_A-1961578"	11	123535807	-0.593515
"SNP_A-2266091"	11	123545017	-0.551832
"SNP_A-1796315"	11	123548546	-0.254493
"SNP_A-4195516"	11	123548815	-0.499046
"SNP_A-1871768"	11	123548856	-0.495085
"SNP_A-1879822"	11	123553880	-0.793532
"SNP_A-2143034"	11	123554535	-0.252668
"SNP_A-2160656"	11	123556141	-0.532276
"SNP_A-2132294"	11	123567853	-0.513636
"SNP_A-1948078"	11	123571565	-0.814836
"SNP_A-2190039"	11	123578538	-0.740207
"SNP_A-2236357"	11	123578742	0.029811
"SNP_A-1907803"	11	123581205	-0.085828
"SNP_A-1957968"	11	123581430	-0.267116
"SNP_A-2107367"	11	123581479	-0.41675
"SNP_A-2194392"	11	123582191	-0.618679
"SNP_A-2021982"	11	123582655	0.095142
"SNP_A-2078824"	11	123582828	-0.287892
"SNP_A-1848517"	11	123584216	-0.349993
"SNP_A-4203539"	11	123584949	-0.466783
"SNP_A-2032752"	11	123588020	-0.479305
"SNP_A-1934825"	11	123588359	-0.162559
"SNP_A-2123665"	11	123592760	-0.413346
"SNP_A-2231321"	11	123598382	0.011787
"SNP_A-1823721"	11	123608170	-0.263207
"SNP_A-1916617"	11	123620353	-0.03862
"SNP_A-4206071"	11	123620544	0.357643
"SNP_A-1816077"	11	123620580	-0.263241
"SNP_A-2157519"	11	123620844	-0.075033
"SNP_A-4218001"	11	123624561	0.375709
"SNP_A-2190472"	11	123626612	-1.207261
"SNP_A-2084426"	11	123629313	-0.480862
"SNP_A-4220496"	11	123632523	-0.39028
"SNP_A-1899534"	11	123632636	-0.145701
"SNP_A-2022016"	11	123634557	-0.606055
"SNP_A-4216135"	11	123639020	0.177033
"SNP_A-2149349"	11	123639117	0.001538
"SNP_A-1925861"	11	123639478	-0.301942
"SNP_A-2060908"	11	123639762	-0.046727
"SNP_A-1861117"	11	123639953	-0.014249
"SNP_A-4193719"	11	123651252	-0.380975
"SNP_A-2129038"	11	123667560	0.106882
"SNP_A-2070407"	11	123667924	-0.099541
"SNP_A-1844741"	11	123672372	-0.251316
"SNP_A-2145341"	11	123677775	-0.605366
"SNP_A-2230675"	11	123680084	-0.579875
"SNP_A-4214174"	11	123696995	-0.447664
"SNP_A-2022035"	11	123697566	-0.552744
"SNP_A-1810223"	11	123697922	-0.953469
"SNP_A-2139286"	11	123708813	-0.574109
"SNP_A-2048610"	11	123714693	-0.58146
"SNP_A-2002342"	11	123714987	-0.880244
"SNP_A-2091039"	11	123718264	-0.504794
"SNP_A-4236119"	11	123721880	-0.569339
"SNP_A-2184303"	11	123727594	0.17773
"SNP_A-4225402"	11	123727689	0.13061
"SNP_A-2308064"	11	123727718	-0.216616
"SNP_A-4202479"	11	123737819	-0.379447
"SNP_A-4200952"	11	123752397	-0.436192
"SNP_A-1818286"	11	123753605	-0.276021
"SNP_A-2244786"	11	123753699	-0.369765
"SNP_A-1837603"	11	123760023	-0.640783
"SNP_A-2068786"	11	123760073	-0.298467
"SNP_A-2189901"	11	123760663	-0.515619
"SNP_A-4200694"	11	123761191	-0.611493
"SNP_A-4239509"	11	123761201	-0.168017
"SNP_A-2082667"	11	123771171	-0.857772
"SNP_A-4205976"	11	123772399	-0.40626
"SNP_A-2307555"	11	123777420	-0.981421
"SNP_A-2066056"	11	123783170	-0.019897
"SNP_A-2113575"	11	123788373	0.27817
"SNP_A-2143235"	11	123790945	-0.224936
"SNP_A-1941141"	11	123791096	0.146295
"SNP_A-2068574"	11	123791937	-0.802868
"SNP_A-2050082"	11	123792039	-0.301143
"SNP_A-1808579"	11	123794739	-0.548374
"SNP_A-1850824"	11	123794785	-0.043319
"SNP_A-1792139"	11	123823888	-0.349957
"SNP_A-4216175"	11	123823917	1.030416
"SNP_A-4200731"	11	123831194	-0.397341
"SNP_A-1816671"	11	123831234	-0.3598
"SNP_A-1955103"	11	123843095	-0.110057
"SNP_A-2273330"	11	123851001	-0.544277
"SNP_A-1844203"	11	123852061	0.119339
"SNP_A-4207696"	11	123859843	-0.448335
"SNP_A-2257883"	11	123867271	-0.221495
"SNP_A-2226437"	11	123875401	0.3292
"SNP_A-4216468"	11	123890037	0.117723
"SNP_A-2248101"	11	123891053	-0.365728
"SNP_A-2082478"	11	123891682	-0.653084
"SNP_A-2109735"	11	123940912	-0.025448
"SNP_A-1811402"	11	123943524	-0.653185
"SNP_A-2144548"	11	123943822	-0.243402
"SNP_A-2160829"	11	123943956	-0.492198
"SNP_A-2214952"	11	123944627	-0.100275
"SNP_A-2282386"	11	123951065	-0.3642
"SNP_A-1925658"	11	123958703	0.055676
"SNP_A-2117855"	11	123975599	-0.58179
"SNP_A-1792114"	11	123975636	-0.379486
"SNP_A-1809595"	11	123986930	-0.3843
"SNP_A-2299520"	11	124024143	-0.615256
"SNP_A-2103469"	11	124043205	0.082305
"SNP_A-2280213"	11	124044446	-0.470344
"SNP_A-2231707"	11	124070598	-0.30053
"SNP_A-2199113"	11	124173515	0.303433
"SNP_A-2096249"	11	124179775	-0.630318
"SNP_A-1933326"	11	124180424	-0.83737
"SNP_A-4192754"	11	124192073	-0.362602
"SNP_A-4232792"	11	124226213	-0.586913
"SNP_A-4225331"	11	124233333	-0.448019
"SNP_A-1806196"	11	124245620	-0.061457
"SNP_A-2307703"	11	124255238	-0.27714
"SNP_A-2195318"	11	124255347	-0.276794
"SNP_A-4235579"	11	124272500	-0.381582
"SNP_A-2121194"	11	124276481	-0.829324
"SNP_A-2245652"	11	124301906	-0.179352
"SNP_A-4236518"	11	124307306	0.04827
"SNP_A-1947871"	11	124346795	-0.251956
"SNP_A-1802211"	11	124347498	0.179789
"SNP_A-2044077"	11	124373219	-0.68742
"SNP_A-1911739"	11	124377227	0.171281
"SNP_A-4198805"	11	124395606	-0.458214
"SNP_A-2173459"	11	124421807	-0.377422
"SNP_A-2124514"	11	124427978	-0.395098
"SNP_A-4224343"	11	124428317	0.179973
"SNP_A-4205035"	11	124441692	-0.419122
"SNP_A-4236579"	11	124444444	-0.344765
"SNP_A-2002347"	11	124450756	-0.581321
"SNP_A-1795542"	11	124453249	0.347533
"SNP_A-4197025"	11	124475771	-0.185085
"SNP_A-2280595"	11	124480602	-0.143118
"SNP_A-2146572"	11	124497410	-0.592414
"SNP_A-2265240"	11	124498397	-0.378306
"SNP_A-4217760"	11	124498663	0.37489
"SNP_A-1906296"	11	124508783	0.147024
"SNP_A-2276555"	11	124511563	-0.263304
"SNP_A-1857372"	11	124529138	-0.60354
"SNP_A-1902483"	11	124530135	-0.285213
"SNP_A-2227398"	11	124530463	-0.482623
"SNP_A-2245969"	11	124532318	-0.543998
"SNP_A-1833075"	11	124560315	-0.368397
"SNP_A-1947967"	11	124568317	-0.226384
"SNP_A-2212427"	11	124569272	-0.229317
"SNP_A-2199178"	11	124569824	-0.496632
"SNP_A-2276778"	11	124576882	-0.235311
"SNP_A-1936244"	11	124580498	-0.363537
"SNP_A-2293015"	11	124582578	0.114524
"SNP_A-2279285"	11	124583125	-0.748217
"SNP_A-4224805"	11	124583475	-0.568478
"SNP_A-2207268"	11	124586904	-0.171899
"SNP_A-4216181"	11	124619751	-0.532424
"SNP_A-2234016"	11	124622318	-0.322859
"SNP_A-2166440"	11	124672685	-0.071826
"SNP_A-2312499"	11	124679190	-0.560769
"SNP_A-2260610"	11	124688641	-0.197798
"SNP_A-2120301"	11	124729478	-0.815074
"SNP_A-2292796"	11	124730067	-0.120258
"SNP_A-2120873"	11	124757151	-0.007247
"SNP_A-2047033"	11	124796370	-0.478435
"SNP_A-1947242"	11	124798241	-0.654879
"SNP_A-1945968"	11	124801611	-0.394339
"SNP_A-2310578"	11	124831236	-0.37056
"SNP_A-4221759"	11	124834271	-0.447089
"SNP_A-2301435"	11	124854047	-0.045143
"SNP_A-1943632"	11	124854131	-0.37233
"SNP_A-1952199"	11	124858699	-0.488459
"SNP_A-1851388"	11	124888957	-0.567076
"SNP_A-2151500"	11	124945989	-0.284084
"SNP_A-2264384"	11	124946622	-0.267516
"SNP_A-1878810"	11	124949814	-0.514037
"SNP_A-1903932"	11	124951853	-0.555858
"SNP_A-1876121"	11	124989095	-0.033184
"SNP_A-2230929"	11	124989254	-0.542176
"SNP_A-2022347"	11	125002676	0.442153
"SNP_A-2092915"	11	125017127	-0.325947
"SNP_A-2252187"	11	125017829	-0.149962
"SNP_A-4193697"	11	125050645	0.513054
"SNP_A-1811437"	11	125060636	-0.862503
"SNP_A-1926465"	11	125066211	-0.422613
"SNP_A-1804783"	11	125074856	-0.253068
"SNP_A-1958674"	11	125075965	-0.458774
"SNP_A-4216188"	11	125095603	-0.300713
"SNP_A-2217436"	11	125113708	-0.210506
"SNP_A-4220711"	11	125114174	-0.659719
"SNP_A-2231895"	11	125114619	-0.910777
"SNP_A-4236849"	11	125115632	-0.196378
"SNP_A-1932395"	11	125140228	-0.870766
"SNP_A-4236537"	11	125140294	-0.558591
"SNP_A-4224790"	11	125140309	-0.118685
"SNP_A-2103928"	11	125146068	-0.360443
"SNP_A-2226829"	11	125146086	-0.606983
"SNP_A-2272267"	11	125153426	-0.169908
"SNP_A-1852910"	11	125160224	-0.683767
"SNP_A-4218999"	11	125180886	0.216551
"SNP_A-4196692"	11	125183873	-0.158327
"SNP_A-2288001"	11	125211212	-0.693652
"SNP_A-2092029"	11	125252679	0.085428
"SNP_A-2022410"	11	125252827	-0.659236
"SNP_A-1946218"	11	125267989	-0.109858
"SNP_A-1946603"	11	125268101	-0.690275
"SNP_A-2268990"	11	125296227	-0.248907
"SNP_A-1858804"	11	125298266	-0.269536
"SNP_A-4224245"	11	125316889	-0.492525
"SNP_A-4197468"	11	125323893	0.018786
"SNP_A-2031153"	11	125323964	-0.444078
"SNP_A-2076518"	11	125327635	-0.508085
"SNP_A-2215551"	11	125329660	-0.193792
"SNP_A-1952274"	11	125340677	-0.48244
"SNP_A-4198125"	11	125354672	-0.102693
"SNP_A-2078282"	11	125356265	-0.291572
"SNP_A-4206077"	11	125358769	-0.24523
"SNP_A-2241083"	11	125360676	-0.161985
"SNP_A-2082041"	11	125365265	-0.242617
"SNP_A-2082931"	11	125365371	-0.352306
"SNP_A-2081704"	11	125368231	-0.296776
"SNP_A-2213443"	11	125394736	-0.293985
"SNP_A-1933691"	11	125422535	-0.327597
"SNP_A-4225865"	11	125429879	0.081916
"SNP_A-2180097"	11	125430655	0.027641
"SNP_A-2270284"	11	125430688	-0.4602
"SNP_A-2230698"	11	125462870	-0.103779
"SNP_A-2002355"	11	125465960	-0.569676
"SNP_A-4223966"	11	125470542	-0.70312
"SNP_A-2175859"	11	125496508	-0.802017
"SNP_A-1937203"	11	125497770	0.12158
"SNP_A-2030612"	11	125504415	-0.070955
"SNP_A-2080932"	11	125559495	-0.468617
"SNP_A-2022572"	11	125563905	-0.17939
"SNP_A-2002356"	11	125582034	-0.187737
"SNP_A-1843702"	11	125583495	0.110273
"SNP_A-4181262"	11	125606142	-0.647163
"SNP_A-2002358"	11	125647974	-0.396671
"SNP_A-2232969"	11	125667431	-0.237796
"SNP_A-4223636"	11	125668274	-0.433603
"SNP_A-2109320"	11	125672684	-0.541379
"SNP_A-2179162"	11	125683058	-0.842595
"SNP_A-2081193"	11	125689005	-0.077683
"SNP_A-1799906"	11	125716072	-0.125046
"SNP_A-2057405"	11	125748122	-0.235635
"SNP_A-4234154"	11	125767848	-0.26817
"SNP_A-1863325"	11	125855565	-0.364328
"SNP_A-1871034"	11	125862092	-0.682318
"SNP_A-2235580"	11	125882665	-0.589772
"SNP_A-2154466"	11	125921269	-0.66598
"SNP_A-2022713"	11	125951571	-1.095228
"SNP_A-4231738"	11	125956699	-0.01163
"SNP_A-2002364"	11	125966420	-0.068776
"SNP_A-2071323"	11	125966968	-0.476855
"SNP_A-2022722"	11	125974814	-0.372705
"SNP_A-2086985"	11	125978096	-0.306361
"SNP_A-1941754"	11	125984800	-0.59032
"SNP_A-2144729"	11	125985006	-0.079249
"SNP_A-2075986"	11	125985566	-0.433339
"SNP_A-2002366"	11	125986466	-0.222225
"SNP_A-2022726"	11	125995073	-0.460056
"SNP_A-1814649"	11	125995192	-0.205482
"SNP_A-1866785"	11	125999852	-0.21714
"SNP_A-4238150"	11	126000659	-0.180909
"SNP_A-2258443"	11	126005705	-0.511776
"SNP_A-1935182"	11	126006531	-0.447238
"SNP_A-1831420"	11	126011618	-0.399227
"SNP_A-2109563"	11	126013331	-0.048352
"SNP_A-1889913"	11	126028925	-0.536708
"SNP_A-1911103"	11	126032975	-0.725479
"SNP_A-2002368"	11	126033245	0.002549
"SNP_A-2128880"	11	126034466	-0.335696
"SNP_A-2112502"	11	126034593	0.068994
"SNP_A-2148698"	11	126035753	-0.665132
"SNP_A-4236790"	11	126038959	0.23688
"SNP_A-2109907"	11	126040172	-0.364946
"SNP_A-2052125"	11	126044835	-0.797659
"SNP_A-2022739"	11	126054713	-0.245211
"SNP_A-2092289"	11	126092932	0.220645
"SNP_A-2282961"	11	126093022	-0.059785
"SNP_A-2290900"	11	126093215	-0.678783
"SNP_A-2294273"	11	126096039	-0.171634
"SNP_A-2002369"	11	126103922	0.071193
"SNP_A-2289874"	11	126110244	-0.211454
"SNP_A-2219400"	11	126113056	-0.520737
"SNP_A-4216224"	11	126153350	-0.430411
"SNP_A-2087185"	11	126157814	-0.274167
"SNP_A-1959853"	11	126161131	-0.476821
"SNP_A-2306002"	11	126178455	-0.552671
"SNP_A-2072566"	11	126178796	-0.561978
"SNP_A-2211465"	11	126178930	0.449563
"SNP_A-2137152"	11	126193215	-0.858518
"SNP_A-2128295"	11	126193562	0.101843
"SNP_A-4197246"	11	126210456	0.093387
"SNP_A-2241420"	11	126210665	-0.376097
"SNP_A-2089866"	11	126211301	-0.37361
"SNP_A-4216228"	11	126211726	0.216097
"SNP_A-2170786"	11	126220222	0.256948
"SNP_A-1955219"	11	126233157	-0.740336
"SNP_A-2206833"	11	126237061	-0.41762
"SNP_A-1873970"	11	126246694	-0.454831
"SNP_A-2002372"	11	126273300	-0.901976
"SNP_A-2133820"	11	126282042	-0.212205
"SNP_A-1937349"	11	126294212	0.288643
"SNP_A-1851455"	11	126294566	-0.340669
"SNP_A-4233518"	11	126298017	-0.302134
"SNP_A-4224671"	11	126298028	-0.103183
"SNP_A-2211590"	11	126305721	-0.547448
"SNP_A-4221068"	11	126310888	0.670254
"SNP_A-1805731"	11	126311091	-0.495492
"SNP_A-2002374"	11	126320935	-0.366644
"SNP_A-2097475"	11	126328751	-0.340804
"SNP_A-1878352"	11	126335732	-0.423038
"SNP_A-1922396"	11	126339104	-0.487408
"SNP_A-2040156"	11	126356059	0.410427
"SNP_A-2022814"	11	126356314	-0.172589
"SNP_A-4214176"	11	126370245	-0.521992
"SNP_A-4232352"	11	126372919	-0.3764
"SNP_A-1858672"	11	126384236	-0.362251
"SNP_A-1896243"	11	126393025	-0.263758
"SNP_A-2022831"	11	126401733	-0.466447
"SNP_A-4216231"	11	126402187	-0.722457
"SNP_A-2083739"	11	126403031	-0.275826
"SNP_A-4202056"	11	126404124	0.050617
"SNP_A-2157294"	11	126419401	-0.257382
"SNP_A-2292214"	11	126421888	-0.325474
"SNP_A-1891889"	11	126422346	-0.141136
"SNP_A-2259930"	11	126439357	-0.122195
"SNP_A-4225290"	11	126443841	0.109517
"SNP_A-2295362"	11	126455531	-0.959904
"SNP_A-1923682"	11	126456118	-0.611812
"SNP_A-2075996"	11	126460615	-0.525918
"SNP_A-4234445"	11	126475639	-0.094353
"SNP_A-2128063"	11	126476131	-0.239444
"SNP_A-4238460"	11	126476288	-0.383527
"SNP_A-1887313"	11	126488670	-0.601034
"SNP_A-1873850"	11	126491993	-0.785478
"SNP_A-1890232"	11	126492478	-0.482787
"SNP_A-2173170"	11	126496550	-0.738751
"SNP_A-2119245"	11	126511001	-0.241819
"SNP_A-2037310"	11	126511670	-0.413141
"SNP_A-2157670"	11	126512388	-0.158054
"SNP_A-2197994"	11	126516280	-0.277695
"SNP_A-1792987"	11	126516428	-0.010798
"SNP_A-2099107"	11	126519020	-0.180718
"SNP_A-2109383"	11	126519039	-0.118133
"SNP_A-4207040"	11	126519101	0.09112
"SNP_A-2229786"	11	126519749	-0.418831
"SNP_A-2137809"	11	126521195	-0.099824
"SNP_A-4234264"	11	126548506	-0.670317
"SNP_A-2022853"	11	126550562	-0.224075
"SNP_A-2022857"	11	126553743	-0.404533
"SNP_A-2260870"	11	126559896	-0.380949
"SNP_A-2037136"	11	126565095	-0.234591
"SNP_A-4203529"	11	126567018	-0.070953
"SNP_A-1900169"	11	126571577	-0.490789
"SNP_A-2276314"	11	126572590	-0.483826
"SNP_A-2129439"	11	126593092	-0.373265
"SNP_A-2290326"	11	126593175	-0.877421
"SNP_A-2030086"	11	126593602	-0.456592
"SNP_A-2210958"	11	126607691	-0.512712
"SNP_A-2198868"	11	126609915	-0.314461
"SNP_A-4226804"	11	126610656	-0.427583
"SNP_A-2043592"	11	126624738	-0.409573
"SNP_A-1876385"	11	126625338	-0.275286
"SNP_A-4199017"	11	126625385	-0.378942
"SNP_A-2080742"	11	126630185	-0.462364
"SNP_A-1857586"	11	126630470	-0.47808
"SNP_A-2259029"	11	126631148	-0.683571
"SNP_A-2246136"	11	126640100	-0.545385
"SNP_A-2162039"	11	126661942	-0.100222
"SNP_A-2255921"	11	126701966	-0.692954
"SNP_A-4226635"	11	126705569	-0.162366
"SNP_A-2002379"	11	126709174	-0.398419
"SNP_A-2072282"	11	126711480	-0.006546
"SNP_A-2195107"	11	126718288	-0.266771
"SNP_A-4232442"	11	126724446	-0.377584
"SNP_A-2212040"	11	126724811	-0.560753
"SNP_A-1825427"	11	126753430	0.00195
"SNP_A-1930901"	11	126757104	-0.483833
"SNP_A-1864304"	11	126757212	0.104668
"SNP_A-1859147"	11	126773709	-0.28614
"SNP_A-1901058"	11	126773984	-0.173657
"SNP_A-4238440"	11	126779123	-0.272435
"SNP_A-2091606"	11	126779749	-0.485045
"SNP_A-2304405"	11	126782050	-0.496453
"SNP_A-4230420"	11	126786589	0.024282
"SNP_A-1928545"	11	126790251	-0.579078
"SNP_A-4203250"	11	126800169	-0.2319
"SNP_A-2257621"	11	126806806	-0.898191
"SNP_A-2124851"	11	126807059	-0.400598
"SNP_A-4205878"	11	126828649	-0.05195
"SNP_A-1840937"	11	126828681	-0.786796
"SNP_A-2030659"	11	126832931	-0.502829
"SNP_A-2022924"	11	126834303	-0.310427
"SNP_A-2022925"	11	126834560	-0.016771
"SNP_A-2210436"	11	126834748	-0.809386
"SNP_A-2025013"	11	126838518	-0.050457
"SNP_A-1780749"	11	126838598	-0.726838
"SNP_A-1914805"	11	126844798	-0.256422
"SNP_A-2280511"	11	126844899	-0.455879
"SNP_A-2062862"	11	126845830	-0.264158
"SNP_A-1821775"	11	126845879	-0.315372
"SNP_A-2022932"	11	126861194	-0.505513
"SNP_A-2022933"	11	126861482	-0.186361
"SNP_A-2163180"	11	126865118	-0.265191
"SNP_A-2250324"	11	126865235	-0.509151
"SNP_A-4238115"	11	126869738	-0.072725
"SNP_A-2273472"	11	126883421	-0.44912
"SNP_A-2101247"	11	126897371	-0.722899
"SNP_A-4199483"	11	126903812	-0.414795
"SNP_A-2022960"	11	126904240	-0.366645
"SNP_A-4227188"	11	126904453	-0.157503
"SNP_A-2292875"	11	126905952	0.148268
"SNP_A-1937998"	11	126906493	-0.519197
"SNP_A-4238082"	11	126907134	-0.365868
"SNP_A-2022970"	11	126936044	-0.48038
"SNP_A-2134273"	11	126958190	-0.737098
"SNP_A-4218178"	11	126969250	0.183104
"SNP_A-2023007"	11	126989668	-0.836096
"SNP_A-4216249"	11	126989854	-0.901692
"SNP_A-2116137"	11	126996515	-0.113793
"SNP_A-2176931"	11	127003559	-0.104972
"SNP_A-2023034"	11	127009286	-0.361068
"SNP_A-2023038"	11	127014160	-0.627916
"SNP_A-1902036"	11	127034482	-0.52413
"SNP_A-4225705"	11	127063648	-0.304442
"SNP_A-1844187"	11	127066538	-0.646696
"SNP_A-2143536"	11	127093892	-0.373623
"SNP_A-1920367"	11	127118876	-0.442418
"SNP_A-2044938"	11	127121412	-0.323577
"SNP_A-2225217"	11	127165398	-0.137998
"SNP_A-2065522"	11	127170051	0.37413
"SNP_A-1930310"	11	127176525	-0.285217
"SNP_A-2093636"	11	127177024	-0.075618
"SNP_A-2034767"	11	127179213	0.45075
"SNP_A-4224851"	11	127179471	0.218356
"SNP_A-2256465"	11	127197170	-0.627682
"SNP_A-2204163"	11	127197290	-0.677792
"SNP_A-4193193"	11	127198904	0.047211
"SNP_A-1822731"	11	127204967	-0.191217
"SNP_A-1880962"	11	127218383	-0.214143
"SNP_A-2236226"	11	127242208	-0.341436
"SNP_A-4204687"	11	127248560	-0.446602
"SNP_A-4197755"	11	127248576	-0.45098
"SNP_A-4199454"	11	127248600	0.274423
"SNP_A-2179520"	11	127248673	-0.51741
"SNP_A-4199746"	11	127249141	-0.61732
"SNP_A-1840980"	11	127277784	-0.539535
"SNP_A-2026224"	11	127295965	-0.692746
"SNP_A-2257975"	11	127296128	0.10419
"SNP_A-2143278"	11	127297500	-0.598881
"SNP_A-1920062"	11	127298193	-1.673923
"SNP_A-2195119"	11	127310745	-0.364416
"SNP_A-1848864"	11	127324333	-0.623529
"SNP_A-1822111"	11	127341377	-0.323411
"SNP_A-2044951"	11	127343785	-0.366828
"SNP_A-4203159"	11	127362121	0.135142
"SNP_A-4234123"	11	127368354	-0.104797
"SNP_A-2128607"	11	127372582	0.171471
"SNP_A-2276112"	11	127376187	-0.558686
"SNP_A-4238953"	11	127388996	-0.207175
"SNP_A-2233127"	11	127389314	0.126481
"SNP_A-2034302"	11	127389421	-0.448336
"SNP_A-2279923"	11	127396764	-0.137077
"SNP_A-2268342"	11	127398771	-0.329281
"SNP_A-2155400"	11	127401097	-0.259083
"SNP_A-1860109"	11	127437820	-0.205474
"SNP_A-4199640"	11	127441800	0.242472
"SNP_A-2145085"	11	127442283	0.006906
"SNP_A-1861157"	11	127446361	0.130869
"SNP_A-2023228"	11	127447038	-0.859098
"SNP_A-2023229"	11	127447068	-0.599396
"SNP_A-4216279"	11	127525578	-0.447359
"SNP_A-1907217"	11	127530313	0.538731
"SNP_A-4204464"	11	127550030	-0.294711
"SNP_A-1787460"	11	127552332	-0.059693
"SNP_A-1941858"	11	127552709	-0.66266
"SNP_A-4238550"	11	127552832	-0.961301
"SNP_A-2068064"	11	127557133	0.390638
"SNP_A-1785709"	11	127557633	-0.403925
"SNP_A-2023265"	11	127565639	-0.269321
"SNP_A-2023266"	11	127566306	-0.654148
"SNP_A-2098624"	11	127597442	-0.78065
"SNP_A-2152781"	11	127600013	-0.567674
"SNP_A-2234190"	11	127605720	-0.556698
"SNP_A-2190860"	11	127609327	-0.80354
"SNP_A-2071832"	11	127610969	0.094413
"SNP_A-1825236"	11	127614813	-0.885295
"SNP_A-2268003"	11	127615666	-1.131869
"SNP_A-1942745"	11	127617875	-0.45464
"SNP_A-2081262"	11	127618357	0.070775
"SNP_A-1914676"	11	127623649	-0.510054
"SNP_A-1799297"	11	127628469	-0.372745
"SNP_A-2023288"	11	127629837	-0.784062
"SNP_A-2251008"	11	127639686	-0.679045
"SNP_A-1787958"	11	127642610	-0.040336
"SNP_A-2023320"	11	127660467	-0.528935
"SNP_A-2143913"	11	127666307	-0.29075
"SNP_A-2210784"	11	127682722	-0.831749
"SNP_A-4223885"	11	127683003	-0.342343
"SNP_A-4184458"	11	127684286	-0.77107
"SNP_A-1908579"	11	127696843	0.4724
"SNP_A-4217230"	11	127699660	-0.023015
"SNP_A-1924332"	11	127707808	-0.0536
"SNP_A-1871096"	11	127716743	-0.387094
"SNP_A-1782707"	11	127718149	-0.509586
"SNP_A-2104450"	11	127718236	-0.413809
"SNP_A-4195749"	11	127721676	-0.242879
"SNP_A-2046641"	11	127722049	-0.513292
"SNP_A-2252971"	11	127740462	-0.337562
"SNP_A-1870251"	11	127740662	-0.633801
"SNP_A-2126616"	11	127741268	-0.674787
"SNP_A-1872717"	11	127741708	-0.144129
"SNP_A-4218539"	11	127744853	-0.234796
"SNP_A-2112968"	11	127750541	-0.445203
"SNP_A-2002381"	11	127773989	-0.017524
"SNP_A-2106623"	11	127791576	-0.276635
"SNP_A-4193391"	11	127791836	-0.520342
"SNP_A-2102519"	11	127824356	-0.304642
"SNP_A-4193481"	11	127824616	-0.010375
"SNP_A-1787266"	11	127824688	-0.51898
"SNP_A-4217153"	11	127825005	0.023787
"SNP_A-1934944"	11	127825282	-0.174899
"SNP_A-1852573"	11	127825347	0.097946
"SNP_A-2269801"	11	127843613	-0.085408
"SNP_A-2220990"	11	127854546	-0.195991
"SNP_A-2311672"	11	127866379	-0.137633
"SNP_A-1863795"	11	127885952	-0.641845
"SNP_A-2264207"	11	127886184	0.023564
"SNP_A-1913058"	11	127894601	-0.414588
"SNP_A-2259770"	11	127895574	-0.362278
"SNP_A-2272241"	11	127895887	0.336912
"SNP_A-1943932"	11	127896001	-0.332947
"SNP_A-2108562"	11	127896137	-0.551663
"SNP_A-1832795"	11	127919073	0.182924
"SNP_A-2273480"	11	127931094	-0.337987
"SNP_A-1942609"	11	127943635	-0.173576
"SNP_A-2165402"	11	127985723	0.187538
"SNP_A-2091670"	11	127998557	-0.640606
"SNP_A-4233674"	11	128006782	-0.126231
"SNP_A-2023361"	11	128030633	-0.878018
"SNP_A-4216286"	11	128039131	-0.117108
"SNP_A-2160240"	11	128076290	-0.779193
"SNP_A-1884261"	11	128076467	-0.404176
"SNP_A-2232861"	11	128100383	-0.313317
"SNP_A-2023396"	11	128108037	-0.349387
"SNP_A-1890892"	11	128108613	-0.334225
"SNP_A-2204979"	11	128119098	-0.394601
"SNP_A-1823471"	11	128119446	-0.605327
"SNP_A-1809375"	11	128124651	-0.59532
"SNP_A-2083769"	11	128130021	0.007217
"SNP_A-2067647"	11	128131996	-0.447292
"SNP_A-1908136"	11	128156429	-0.197898
"SNP_A-1864878"	11	128156482	-0.202665
"SNP_A-2023485"	11	128177160	-0.107161
"SNP_A-2023503"	11	128189829	-0.424972
"SNP_A-4195166"	11	128193045	-0.097007
"SNP_A-1861246"	11	128193630	-0.155965
"SNP_A-2282963"	11	128195806	-0.044962
"SNP_A-4216296"	11	128213185	-0.532982
"SNP_A-1819822"	11	128217901	-0.228334
"SNP_A-1878169"	11	128217991	-1.032983
"SNP_A-2184054"	11	128227400	0.176125
"SNP_A-2161647"	11	128260474	-0.187268
"SNP_A-1897139"	11	128263279	-0.554351
"SNP_A-2213504"	11	128277662	-0.471127
"SNP_A-2300203"	11	128277824	-0.018689
"SNP_A-2293116"	11	128278623	-0.620276
"SNP_A-1859156"	11	128285012	-0.442527
"SNP_A-2097936"	11	128285907	-0.253502
"SNP_A-2206231"	11	128290851	-0.134153
"SNP_A-1872036"	11	128290952	0.061545
"SNP_A-2216795"	11	128302467	-0.639256
"SNP_A-2272698"	11	128320532	0.055113
"SNP_A-2185856"	11	128320571	-0.059311
"SNP_A-2297541"	11	128322547	-0.206991
"SNP_A-1834016"	11	128327270	0.035668
"SNP_A-2234026"	11	128327839	-0.50027
"SNP_A-2023575"	11	128328653	-0.306848
"SNP_A-2023576"	11	128328976	-0.462137
"SNP_A-2023588"	11	128375055	-0.45855
"SNP_A-1809354"	11	128401458	0.040672
"SNP_A-1890955"	11	128450053	-0.264913
"SNP_A-2023623"	11	128467880	0.513267
"SNP_A-2288873"	11	128495038	-0.609566
"SNP_A-1783505"	11	128499544	-0.552419
"SNP_A-1839731"	11	128523204	-0.466596
"SNP_A-4200770"	11	128559769	-0.292199
"SNP_A-2244701"	11	128581379	-0.448713
"SNP_A-2266963"	11	128586814	0.174377
"SNP_A-2132477"	11	128587624	-0.841049
"SNP_A-2002388"	11	128631916	-0.316649
"SNP_A-4196852"	11	128647846	-0.449199
"SNP_A-4220715"	11	128648441	0.007027
"SNP_A-1944389"	11	128674808	-0.593299
"SNP_A-1886070"	11	128674983	-0.405223
"SNP_A-2109890"	11	128677385	-0.480387
"SNP_A-2043730"	11	128677415	-0.788905
"SNP_A-1938445"	11	128677851	-0.622903
"SNP_A-2023677"	11	128678445	-1.052061
"SNP_A-2022179"	11	128687936	-0.273875
"SNP_A-2095534"	11	128705573	-0.582026
"SNP_A-4205843"	11	128712079	-0.091687
"SNP_A-4221702"	11	128712091	-0.030928
"SNP_A-4233360"	11	128723555	-0.380899
"SNP_A-2146676"	11	128728791	-0.037152
"SNP_A-1893617"	11	128729537	-0.883518
"SNP_A-2159318"	11	128753819	-0.563491
"SNP_A-1826005"	11	128760656	-0.14818
"SNP_A-2134432"	11	128760828	-0.844529
"SNP_A-1921917"	11	128762904	-0.521956
"SNP_A-2057901"	11	128765537	-0.385167
"SNP_A-2108864"	11	128778001	0.162994
"SNP_A-1796105"	11	128779244	-0.084089
"SNP_A-1880624"	11	128782169	-0.732794
"SNP_A-2236274"	11	128823185	-0.497509
"SNP_A-2236208"	11	128853823	-0.287007
"SNP_A-2063975"	11	128881705	-0.210874
"SNP_A-2023751"	11	128919790	-0.083722
"SNP_A-4238913"	11	128934591	-0.411596
"SNP_A-2032399"	11	128935268	-0.047503
"SNP_A-2036421"	11	128951297	-0.56861
"SNP_A-1796451"	11	128952195	-0.379931
"SNP_A-2185547"	11	128978900	-0.440731
"SNP_A-2033528"	11	128979203	0.060672
"SNP_A-2122600"	11	128990257	-0.852449
"SNP_A-2307673"	11	128990288	-0.407798
"SNP_A-1832012"	11	128990653	-0.311156
"SNP_A-2254515"	11	128994380	-0.545926
"SNP_A-2047560"	11	129005055	-0.403491
"SNP_A-2275784"	11	129042497	-0.472606
"SNP_A-4193082"	11	129061719	-0.779676
"SNP_A-4214177"	11	129099080	-0.620485
"SNP_A-2023786"	11	129099231	-0.651255
"SNP_A-4201864"	11	129117169	-0.159028
"SNP_A-1782130"	11	129118377	-0.365734
"SNP_A-4202589"	11	129118397	-0.538613
"SNP_A-1881587"	11	129124330	-0.779611
"SNP_A-2002394"	11	129124356	-0.266555
"SNP_A-2301223"	11	129124480	0.052564
"SNP_A-2254287"	11	129124497	-0.347773
"SNP_A-1832059"	11	129124619	-0.147246
"SNP_A-2086164"	11	129127656	-0.532722
"SNP_A-2079961"	11	129132579	0.105828
"SNP_A-2267680"	11	129162426	-0.391395
"SNP_A-1882346"	11	129195902	-0.124186
"SNP_A-4227386"	11	129197790	-0.08749
"SNP_A-2235204"	11	129204066	-0.742234
"SNP_A-2055354"	11	129218021	-0.31711
"SNP_A-2022343"	11	129220945	-0.753224
"SNP_A-4224153"	11	129222445	-0.561527
"SNP_A-2027687"	11	129243199	-0.574644
"SNP_A-2224818"	11	129269736	0.011258
"SNP_A-1927766"	11	129320230	0.024938
"SNP_A-2295623"	11	129336006	-0.288856
"SNP_A-2002396"	11	129340926	-0.726145
"SNP_A-2053830"	11	129340957	-0.474257
"SNP_A-1958317"	11	129437536	-0.582963
"SNP_A-1781887"	11	129449062	-0.29294
"SNP_A-4219272"	11	129473754	-0.013025
"SNP_A-1954026"	11	129484360	0.006782
"SNP_A-1943317"	11	129488552	-0.785609
"SNP_A-2146367"	11	129543697	-0.223876
"SNP_A-4205531"	11	129560043	-0.671037
"SNP_A-4206663"	11	129560818	-0.111068
"SNP_A-2273668"	11	129567911	-0.515842
"SNP_A-2292224"	11	129572167	-0.433335
"SNP_A-2094530"	11	129572279	-0.227803
"SNP_A-2221017"	11	129576109	-0.882204
"SNP_A-2216156"	11	129577790	-0.898013
"SNP_A-1872075"	11	129638425	-0.283198
"SNP_A-1914630"	11	129639311	-0.272226
"SNP_A-2041896"	11	129639651	-0.840697
"SNP_A-2023917"	11	129660916	-0.03273
"SNP_A-4216330"	11	129662207	0.022667
"SNP_A-2023921"	11	129662255	-0.594045
"SNP_A-4224534"	11	129670046	-0.378351
"SNP_A-1858124"	11	129670302	-0.13626
"SNP_A-4225447"	11	129677770	-0.095986
"SNP_A-2227256"	11	129678367	-0.409395
"SNP_A-2140461"	11	129684635	-0.041315
"SNP_A-1806188"	11	129704948	-0.389792
"SNP_A-2180962"	11	129722692	-0.385282
"SNP_A-1803401"	11	129739526	0.218344
"SNP_A-2183313"	11	129765216	-0.539698
"SNP_A-1904314"	11	129778440	-0.547649
"SNP_A-2156008"	11	129791976	-0.7448
"SNP_A-2309258"	11	129799104	-1.191742
"SNP_A-2136857"	11	129799377	-0.429263
"SNP_A-2158502"	11	129809620	-0.479658
"SNP_A-4217683"	11	129810815	-0.031195
"SNP_A-2138972"	11	129814089	-0.395567
"SNP_A-2069956"	11	129820664	-0.385281
"SNP_A-1820803"	11	129833092	-0.804967
"SNP_A-4207053"	11	129843373	-0.935638
"SNP_A-4219335"	11	129875126	0.094819
"SNP_A-1812454"	11	129903657	-0.138782
"SNP_A-2162634"	11	129907202	-0.177664
"SNP_A-1805182"	11	129930636	-0.671652
"SNP_A-2210294"	11	129933686	-0.412175
"SNP_A-2199304"	11	129937669	-0.130213
"SNP_A-4200984"	11	129970448	-0.62071
"SNP_A-2203190"	11	129974389	-0.010311
"SNP_A-1921663"	11	129985432	-0.574347
"SNP_A-2296657"	11	129985802	-0.4975
"SNP_A-1788867"	11	129985976	-0.351968
"SNP_A-2044108"	11	129988907	-0.671883
"SNP_A-1835613"	11	129989152	-0.348044
"SNP_A-2128219"	11	129990443	-0.115956
"SNP_A-1843740"	11	129990729	-0.43488
"SNP_A-2297543"	11	130003366	-0.214204
"SNP_A-1952090"	11	130005362	-0.177145
"SNP_A-1825195"	11	130005915	-0.836716
"SNP_A-2201283"	11	130038014	-0.102038
"SNP_A-1825746"	11	130077985	-0.473561
"SNP_A-2176885"	11	130078028	-0.393059
"SNP_A-4214179"	11	130088641	-0.313167
"SNP_A-4200160"	11	130088730	-0.286294
"SNP_A-1883186"	11	130089442	-0.264015
"SNP_A-1852861"	11	130091025	-0.272413
"SNP_A-2155564"	11	130102791	-0.39454
"SNP_A-2033632"	11	130109257	-0.435968
"SNP_A-4218558"	11	130116269	-0.53088
"SNP_A-1868127"	11	130121111	-0.687628
"SNP_A-4229264"	11	130126885	0.148142
"SNP_A-2278903"	11	130137398	-0.321897
"SNP_A-2217342"	11	130165736	-0.345314
"SNP_A-2245828"	11	130192862	-0.303881
"SNP_A-2200552"	11	130199397	0.017282
"SNP_A-2310771"	11	130205821	-0.47704
"SNP_A-2226079"	11	130210863	-0.262398
"SNP_A-1889414"	11	130213541	-0.550032
"SNP_A-1794058"	11	130217298	-0.217742
"SNP_A-1793175"	11	130233892	0.089238
"SNP_A-1938131"	11	130237949	0.017725
"SNP_A-1929590"	11	130239088	-0.447784
"SNP_A-1940100"	11	130252441	-0.141344
"SNP_A-1796457"	11	130263766	-0.524895
"SNP_A-2072206"	11	130264134	-0.270028
"SNP_A-2291727"	11	130267267	-0.379438
"SNP_A-1785962"	11	130278286	-0.202908
"SNP_A-4230386"	11	130284262	-0.39218
"SNP_A-4193455"	11	130284278	-0.297028
"SNP_A-1843607"	11	130313693	-0.438102
"SNP_A-2197025"	11	130388154	-0.977219
"SNP_A-2214857"	11	130399909	-0.442872
"SNP_A-1845644"	11	130400186	-0.297101
"SNP_A-1809237"	11	130404843	-0.145721
"SNP_A-2274243"	11	130405264	-0.113809
"SNP_A-2028537"	11	130408303	0.037316
"SNP_A-2136761"	11	130408792	-0.102128
"SNP_A-4194506"	11	130408852	-0.182487
"SNP_A-2265060"	11	130411698	0.240523
"SNP_A-1887138"	11	130417148	-0.6626
"SNP_A-1921219"	11	130417696	0.273903
"SNP_A-2244548"	11	130419697	0.087433
"SNP_A-1850673"	11	130440352	-0.252958
"SNP_A-2130357"	11	130457358	-0.413994
"SNP_A-1882035"	11	130457774	-0.867665
"SNP_A-2025248"	11	130458364	0.020666
"SNP_A-1901880"	11	130467592	-0.385805
"SNP_A-4239460"	11	130474620	-0.095196
"SNP_A-2116393"	11	130475753	-0.353776
"SNP_A-4220008"	11	130489034	-0.486925
"SNP_A-1873445"	11	130489555	-0.499758
"SNP_A-2051158"	11	130492940	-0.278695
"SNP_A-2124448"	11	130537119	-0.676923
"SNP_A-4219889"	11	130546358	-0.247865
"SNP_A-2048964"	11	130560991	-0.081055
"SNP_A-1795889"	11	130576401	-0.225024
"SNP_A-4229553"	11	130585499	0.258421
"SNP_A-4196439"	11	130599312	0.000784
"SNP_A-2309707"	11	130599395	-0.428506
"SNP_A-2211359"	11	130599498	0.371558
"SNP_A-4223033"	11	130601814	-0.366954
"SNP_A-1847885"	11	130605773	-0.153464
"SNP_A-2032281"	11	130617523	-0.050596
"SNP_A-1823505"	11	130622207	-1.01887
"SNP_A-2251945"	11	130622304	-0.153526
"SNP_A-4233503"	11	130623652	-0.299475
"SNP_A-2195239"	11	130623702	-0.021953
"SNP_A-2128299"	11	130637908	-0.241717
"SNP_A-1941924"	11	130663743	-0.701053
"SNP_A-4229844"	11	130663809	-0.308577
"SNP_A-2269038"	11	130664217	-0.097528
"SNP_A-1953968"	11	130664902	-0.175179
"SNP_A-1917186"	11	130670125	-0.427404
"SNP_A-1858390"	11	130708251	-0.39343
"SNP_A-2002411"	11	130735884	-0.270898
"SNP_A-1833418"	11	130739720	-0.539878
"SNP_A-2250762"	11	130748089	-0.16844
"SNP_A-2024318"	11	130766381	-0.01288
"SNP_A-2230369"	11	130782266	-0.318278
"SNP_A-2278026"	11	130795030	-0.413655
"SNP_A-2041319"	11	130817549	-0.120403
"SNP_A-2157849"	11	130831003	-0.615837
"SNP_A-1871147"	11	130831578	-0.584078
"SNP_A-2167256"	11	130832284	-0.146517
"SNP_A-1827727"	11	130836697	0.043711
"SNP_A-2208232"	11	130837335	-0.217733
"SNP_A-1820877"	11	130837777	0.026553
"SNP_A-2041355"	11	130838808	-0.539393
"SNP_A-1870472"	11	130841284	-0.583638
"SNP_A-2230193"	11	130841892	-0.290033
"SNP_A-1819781"	11	130841983	-0.433674
"SNP_A-1920698"	11	130849322	0.072002
"SNP_A-4230793"	11	130861394	-0.757328
"SNP_A-2299896"	11	130876229	-1.122417
"SNP_A-1921279"	11	130876352	-0.084569
"SNP_A-1782876"	11	130876412	-0.50783
"SNP_A-4237118"	11	130877420	-0.189972
"SNP_A-2100383"	11	130878186	-0.32938
"SNP_A-4199552"	11	130878218	-0.459406
"SNP_A-2024414"	11	130897233	-0.327434
"SNP_A-2024419"	11	130899071	-0.490876
"SNP_A-4203674"	11	130903323	-0.231084
"SNP_A-1873247"	11	130903544	-0.131845
"SNP_A-2270158"	11	130910939	-0.70174
"SNP_A-1791057"	11	130911188	-0.867109
"SNP_A-1935097"	11	130918629	-0.661148
"SNP_A-2222929"	11	130937238	-0.280717
"SNP_A-2024449"	11	130941774	-0.705676
"SNP_A-4220039"	11	130963776	-0.49676
"SNP_A-1805717"	11	130964410	-0.121482
"SNP_A-2145395"	11	130965110	-0.365374
"SNP_A-1850498"	11	130984478	0.37233
"SNP_A-1859231"	11	130991807	-0.228174
"SNP_A-2156945"	11	131021040	-0.763595
"SNP_A-4201909"	11	131022348	0.069075
"SNP_A-2192778"	11	131022412	-0.612721
"SNP_A-2157681"	11	131028150	-0.839768
"SNP_A-2056953"	11	131043069	-0.107492
"SNP_A-4221975"	11	131044490	-0.27409
"SNP_A-1909796"	11	131053736	-0.327835
"SNP_A-1866362"	11	131054745	0.012402
"SNP_A-2200251"	11	131070682	-0.054801
"SNP_A-4216390"	11	131090196	0.272553
"SNP_A-1893915"	11	131103370	-1.058601
"SNP_A-2255617"	11	131160829	-0.245616
"SNP_A-4232480"	11	131161438	-0.134477
"SNP_A-2277101"	11	131161549	-0.125949
"SNP_A-1908567"	11	131184115	-0.15049
"SNP_A-1800223"	11	131192396	-0.411625
"SNP_A-2024604"	11	131200026	-0.224423
"SNP_A-4214180"	11	131207176	-0.492495
"SNP_A-2002414"	11	131207220	-0.701512
"SNP_A-2160643"	11	131208441	-0.567073
"SNP_A-1895738"	11	131212991	-0.864902
"SNP_A-1891769"	11	131218550	-0.30052
"SNP_A-1860698"	11	131219077	-0.051611
"SNP_A-2048886"	11	131219413	0.162669
"SNP_A-4205997"	11	131233267	-0.204446
"SNP_A-4233559"	11	131233284	-0.141377
"SNP_A-1951940"	11	131236636	-0.698577
"SNP_A-1910972"	11	131240209	-1.006049
"SNP_A-4197979"	11	131240436	-0.783215
"SNP_A-2067533"	11	131246136	-0.300314
"SNP_A-2024619"	11	131247810	-0.538283
"SNP_A-2028876"	11	131281509	-0.867458
"SNP_A-1856156"	11	131281893	-0.883123
"SNP_A-2296268"	11	131292792	-0.584173
"SNP_A-2024651"	11	131298710	-0.454572
"SNP_A-2190935"	11	131299203	-0.750415
"SNP_A-4233775"	11	131299750	-0.292899
"SNP_A-2024659"	11	131312312	-0.331117
"SNP_A-1831719"	11	131312381	-0.089506
"SNP_A-2302856"	11	131312803	-0.424417
"SNP_A-2024665"	11	131320554	-0.666641
"SNP_A-2217705"	11	131335762	-1.079352
"SNP_A-1880014"	11	131348613	-0.649829
"SNP_A-1908461"	11	131360379	-0.467071
"SNP_A-4216402"	11	131362259	-0.153216
"SNP_A-2044214"	11	131362795	-0.353216
"SNP_A-2287258"	11	131367281	-0.357286
"SNP_A-2024717"	11	131388017	-0.815913
"SNP_A-4229893"	11	131399972	-0.18374
"SNP_A-1782278"	11	131400074	0.205392
"SNP_A-4203924"	11	131407054	-0.453367
"SNP_A-2279048"	11	131411299	-0.174194
"SNP_A-1873910"	11	131416700	-0.265556
"SNP_A-2002417"	11	131422188	-0.767718
"SNP_A-2045206"	11	131440484	-0.289868
"SNP_A-2132077"	11	131451891	-1.064601
"SNP_A-2068629"	11	131451988	-0.498064
"SNP_A-1933661"	11	131452190	-0.240164
"SNP_A-2259891"	11	131473692	-0.278547
"SNP_A-4232908"	11	131483366	-0.64827
"SNP_A-4228549"	11	131483471	0.069435
"SNP_A-4239298"	11	131490931	-0.424864
"SNP_A-4216414"	11	131494847	-0.061336
"SNP_A-1807491"	11	131502940	-0.343889
"SNP_A-1925680"	11	131506600	-0.595556
"SNP_A-2104152"	11	131509038	-0.219812
"SNP_A-2197344"	11	131513590	-0.364373
"SNP_A-2231045"	11	131547786	-0.284691
"SNP_A-2022363"	11	131549797	-1.310006
"SNP_A-2043465"	11	131574563	-0.176084
"SNP_A-4196941"	11	131580707	-0.035826
"SNP_A-1882460"	11	131585919	-0.032132
"SNP_A-1802682"	11	131590593	-0.620034
"SNP_A-2129571"	11	131639474	-0.331538
"SNP_A-1954116"	11	131647006	-0.116197
"SNP_A-1846464"	11	131654347	0.054558
"SNP_A-1905629"	11	131666023	-0.419855
"SNP_A-2041649"	11	131666408	-0.620294
"SNP_A-1801665"	11	131689489	-0.548011
"SNP_A-2062286"	11	131689549	-0.114388
"SNP_A-2214965"	11	131689604	-0.512261
"SNP_A-4216423"	11	131716323	-1.53335
"SNP_A-1785860"	11	131724389	-0.081825
"SNP_A-2181564"	11	131731957	-0.358125
"SNP_A-2089168"	11	131734280	-0.427892
"SNP_A-2303908"	11	131771635	-0.507378
"SNP_A-2141439"	11	131773132	-0.522816
"SNP_A-2143794"	11	131788699	0.190208
"SNP_A-2215183"	11	131790653	-0.285406
"SNP_A-2083136"	11	131792538	-0.618033
"SNP_A-4220477"	11	131796246	-0.593364
"SNP_A-2116721"	11	131801414	-0.467596
"SNP_A-1864884"	11	131814583	-0.00683
"SNP_A-2138552"	11	131829449	-0.144665
"SNP_A-2204474"	11	131832870	-0.461419
"SNP_A-1847547"	11	131842137	-0.242426
"SNP_A-2169194"	11	131843114	-0.191745
"SNP_A-2249986"	11	131843355	-0.488772
"SNP_A-2298975"	11	131853608	-0.009267
"SNP_A-4230776"	11	131853952	-0.603738
"SNP_A-2093582"	11	131876552	-0.662718
"SNP_A-1936328"	11	131877044	-0.422275
"SNP_A-2042548"	11	131887242	-0.51146
"SNP_A-2282410"	11	131892044	-0.340042
"SNP_A-1808431"	11	131900005	-0.874912
"SNP_A-1877424"	11	131905719	-0.637075
"SNP_A-2057049"	11	131906913	-0.366131
"SNP_A-4203033"	11	131906954	-0.631525
"SNP_A-2048136"	11	131907102	-0.290513
"SNP_A-1868848"	11	131952204	-0.902197
"SNP_A-1815540"	11	131966826	-0.487018
"SNP_A-1923871"	11	131988701	-0.80495
"SNP_A-1861717"	11	131989078	-0.296009
"SNP_A-1809220"	11	131989482	-0.152214
"SNP_A-2240049"	11	131989521	-0.407429
"SNP_A-2187326"	11	132004415	-0.452331
"SNP_A-2197621"	11	132031535	-1.005357
"SNP_A-2170676"	11	132074626	-0.685519
"SNP_A-4235912"	11	132084725	-0.252655
"SNP_A-2185569"	11	132084880	-0.315509
"SNP_A-2275155"	11	132084950	-0.347285
"SNP_A-2024919"	11	132086558	-0.848698
"SNP_A-2171949"	11	132091896	-0.465226
"SNP_A-4231880"	11	132098373	0.013624
"SNP_A-1873763"	11	132101045	0.091278
"SNP_A-4230452"	11	132106072	0.02833
"SNP_A-2297169"	11	132130987	-0.111425
"SNP_A-2145953"	11	132190677	-0.005419
"SNP_A-2024930"	11	132194365	-0.437566
"SNP_A-2033554"	11	132194845	-0.468958
"SNP_A-4240191"	11	132198420	-0.430567
"SNP_A-1925404"	11	132206154	-0.279155
"SNP_A-1950650"	11	132224406	-0.70447
"SNP_A-4221487"	11	132233996	-0.145604
"SNP_A-1896459"	11	132234377	-0.353191
"SNP_A-2176955"	11	132245168	-0.149248
"SNP_A-4217883"	11	132285244	-0.040511
"SNP_A-2229937"	11	132298389	-0.390563
"SNP_A-1853508"	11	132300779	-0.194413
"SNP_A-2002428"	11	132316413	-0.348207
"SNP_A-4225944"	11	132324376	-0.260311
"SNP_A-1956932"	11	132329581	0.259451
"SNP_A-1855519"	11	132329684	-0.29149
"SNP_A-2292012"	11	132336380	-0.658774
"SNP_A-1870043"	11	132336601	-0.797296
"SNP_A-2290510"	11	132336736	-0.481916
"SNP_A-2196148"	11	132382880	-0.053039
"SNP_A-2294374"	11	132383129	-0.376433
"SNP_A-1887791"	11	132383162	-0.514899
"SNP_A-4238163"	11	132383393	-0.728079
"SNP_A-2002432"	11	132396933	-0.532072
"SNP_A-2222651"	11	132407660	-0.142301
"SNP_A-2141377"	11	132416311	-0.09219
"SNP_A-1801127"	11	132416364	-0.023651
"SNP_A-2274409"	11	132423674	-0.697043
"SNP_A-4241285"	11	132425619	-0.341558
"SNP_A-2061731"	11	132425995	-0.232102
"SNP_A-2280359"	11	132444980	-0.208579
"SNP_A-2138998"	11	132445227	-0.371411
"SNP_A-2143732"	11	132460700	-0.119222
"SNP_A-2184624"	11	132486656	-0.234035
"SNP_A-2242590"	11	132486963	-0.545733
"SNP_A-1818786"	11	132495603	0.07495
"SNP_A-2256931"	11	132518807	-0.24332
"SNP_A-1904639"	11	132519348	-0.340883
"SNP_A-2085861"	11	132519713	0.460714
"SNP_A-1911216"	11	132524893	-0.677132
"SNP_A-1812848"	11	132525133	-0.471883
"SNP_A-2044595"	11	132525855	-0.079693
"SNP_A-2260462"	11	132537965	-0.374607
"SNP_A-2113538"	11	132544409	-0.582182
"SNP_A-2025009"	11	132563176	-0.312083
"SNP_A-2025010"	11	132565481	-0.242426
"SNP_A-4216441"	11	132566208	0.290389
"SNP_A-2025014"	11	132566277	-0.368289
"SNP_A-2287139"	11	132570053	-0.15317
"SNP_A-4197612"	11	132576536	0.022936
"SNP_A-2312383"	11	132583894	-0.397844
"SNP_A-2196141"	11	132584229	-0.924679
"SNP_A-2119029"	11	132584797	0.240901
"SNP_A-2065048"	11	132590289	-0.74263
"SNP_A-4202325"	11	132592535	-0.369113
"SNP_A-2093906"	11	132593347	-0.077943
"SNP_A-2279145"	11	132593640	-0.561797
"SNP_A-2072696"	11	132605443	-0.442863
"SNP_A-4221657"	11	132605939	-0.461181
"SNP_A-4235874"	11	132607893	-0.70876
"SNP_A-2140407"	11	132652609	0.001432
"SNP_A-1814309"	11	132655750	-0.05017
"SNP_A-4221933"	11	132656146	-0.89451
"SNP_A-4233817"	11	132662608	0.653526
"SNP_A-2030262"	11	132663883	-0.355123
"SNP_A-1939345"	11	132669522	-0.277697
"SNP_A-1954395"	11	132697513	-0.044099
"SNP_A-1880176"	11	132698363	-0.113136
"SNP_A-1953386"	11	132719792	-0.135619
"SNP_A-2282218"	11	132743967	0.204856
"SNP_A-1888239"	11	132754159	-0.280041
"SNP_A-1900658"	11	132779122	-0.38893
"SNP_A-2048024"	11	132787219	-0.226207
"SNP_A-2081768"	11	132787456	0.131403
"SNP_A-4214182"	11	132794724	-0.014532
"SNP_A-4207487"	11	132795774	-0.160278
"SNP_A-2214633"	11	132797586	-1.71926
"SNP_A-4240721"	11	132851145	-0.188111
"SNP_A-1804293"	11	132876818	-0.299417
"SNP_A-1782742"	11	132876985	-0.359519
"SNP_A-2173210"	11	132895063	-0.331042
"SNP_A-2166542"	11	132895944	-0.406981
"SNP_A-4205504"	11	132897504	-0.124358
"SNP_A-2126549"	11	132897912	0.08228
"SNP_A-1855992"	11	132911697	-0.403615
"SNP_A-2002440"	11	132932947	-0.394687
"SNP_A-2070731"	11	132935682	0.221889
"SNP_A-2290207"	11	132936232	-0.341626
"SNP_A-1847532"	11	132961305	-0.442189
"SNP_A-2220950"	11	132977534	-0.011601
"SNP_A-2172713"	11	132988356	-0.27354
"SNP_A-2309587"	11	132988417	-0.187721
"SNP_A-2111236"	11	133000501	-0.264524
"SNP_A-1811433"	11	133010525	-0.364177
"SNP_A-1954369"	11	133010719	-0.487664
"SNP_A-1940189"	11	133010792	-0.435209
"SNP_A-2076315"	11	133022209	-0.11863
"SNP_A-1886092"	11	133023772	-0.358518
"SNP_A-2029528"	11	133023935	-0.268048
"SNP_A-4222995"	11	133024853	-0.344885
"SNP_A-4204830"	11	133066609	-0.19936
"SNP_A-2238387"	11	133080510	-0.571933
"SNP_A-4193234"	11	133091860	-0.431009
"SNP_A-4230741"	11	133108118	-0.209002
"SNP_A-1882749"	11	133113640	-0.134391
"SNP_A-2299475"	11	133124115	-0.340746
"SNP_A-2098615"	11	133151936	-0.156052
"SNP_A-2262434"	11	133172331	-0.031806
"SNP_A-1945913"	11	133173072	-0.222833
"SNP_A-1924058"	11	133213118	0.245572
"SNP_A-1918646"	11	133213275	0.351715
"SNP_A-2187942"	11	133245351	0.39006
"SNP_A-4232702"	11	133278048	-0.515279
"SNP_A-2245856"	11	133280073	-0.755589
"SNP_A-4195047"	11	133283312	-0.559299
"SNP_A-2209119"	11	133322543	-0.263885
"SNP_A-2098151"	11	133322682	-0.640208
"SNP_A-2292029"	11	133329749	-0.183936
"SNP_A-4234984"	11	133330131	-0.712983
"SNP_A-2305559"	11	133337683	-0.498633
"SNP_A-2110927"	11	133344115	-0.47516
"SNP_A-2137375"	11	133346244	-0.757521
"SNP_A-4206904"	11	133367736	-0.238888
"SNP_A-4236508"	11	133370148	-0.198258
"SNP_A-4214183"	11	133382763	-0.24728
"SNP_A-2106443"	11	133386199	-0.494122
"SNP_A-1942200"	11	133401747	-0.411757
"SNP_A-4216459"	11	133437862	-0.123883
"SNP_A-4194214"	11	133440172	0.183725
"SNP_A-2132220"	11	133440761	-0.474965
"SNP_A-4218509"	11	133446621	-0.154825
"SNP_A-2134860"	11	133452463	-0.253568
"SNP_A-2227955"	11	133473587	-0.200019
"SNP_A-2180561"	11	133488030	-0.210519
"SNP_A-1784772"	11	133488076	-0.499012
"SNP_A-2202830"	11	133491369	-0.198622
"SNP_A-1867966"	11	133491851	-0.314973
"SNP_A-2284126"	11	133492804	-0.352269
"SNP_A-2261213"	11	133502262	-0.356346
"SNP_A-1816203"	11	133559299	0.121493
"SNP_A-2217601"	11	133566809	-0.793292
"SNP_A-2025245"	11	133593892	-0.716231
"SNP_A-2115338"	11	133617243	-0.181901
"SNP_A-2068138"	11	133620325	-0.272005
"SNP_A-2180694"	11	133674016	0.431474
"SNP_A-2167487"	11	133674404	-0.505662
"SNP_A-1793152"	11	133676707	-5.3e-05
"SNP_A-4195718"	11	133677241	-0.459417
"SNP_A-4202950"	11	133682485	-0.242211
"SNP_A-2025282"	11	133698952	-0.902237
"SNP_A-2025283"	11	133699039	-0.434587
"SNP_A-2268669"	11	133700147	0.161269
"SNP_A-4238424"	11	133715739	-0.372087
"SNP_A-1798005"	11	133723197	-0.083615
"SNP_A-1952750"	11	133730902	-0.848017
"SNP_A-4233244"	11	133742323	-0.472309
"SNP_A-2108041"	11	133743599	-0.139428
"SNP_A-2174155"	11	133760600	-0.477775
"SNP_A-1907722"	11	133763352	-0.362437
"SNP_A-2180135"	11	133816011	0.243412
"SNP_A-2100816"	11	133855317	-1.616104
"SNP_A-2244316"	11	133857095	0.01224
"SNP_A-2023047"	11	133867348	-0.408733
"SNP_A-2238255"	11	133881535	-0.169762
"SNP_A-2064235"	11	133882013	-0.214935
"SNP_A-2278619"	11	133891823	0.127115
"SNP_A-1927549"	11	133908599	-0.055638
"SNP_A-2295825"	11	133947314	-0.410544
"SNP_A-1903233"	11	133962355	-0.315791
"SNP_A-1831169"	11	133971866	-0.977398
"SNP_A-4214185"	11	133980892	-0.514044
"SNP_A-4202815"	11	133981572	-0.175161
"SNP_A-2099247"	11	133981622	-0.549636
"SNP_A-4220940"	11	134008452	-0.435396
"SNP_A-2203739"	11	134012618	-0.419857
"SNP_A-2002451"	11	134017925	-0.316303
"SNP_A-1842616"	11	134023948	0.011136
"SNP_A-2055502"	11	134054023	-0.722
"SNP_A-2304141"	11	134054128	-0.282397
"SNP_A-1780819"	11	134054688	-0.275039
"SNP_A-2266369"	11	134054779	-0.176095
"SNP_A-1788493"	11	134056785	-0.433886
"SNP_A-4237686"	11	134071758	-0.076503
"SNP_A-4235393"	11	134074114	0.126705
"SNP_A-2298110"	11	134074152	-0.280432
"SNP_A-2281891"	11	134085801	-0.583401
"SNP_A-2173094"	11	134093450	-0.371575
"SNP_A-1932001"	11	134121417	-0.707201
"SNP_A-4223786"	11	134122292	-0.486507
"SNP_A-2147832"	11	134123463	-0.1977
"SNP_A-2022167"	11	134146142	-0.22586
"SNP_A-2046448"	11	134147071	-0.773483
"SNP_A-1798764"	11	134147144	-0.01224
"SNP_A-2046403"	11	134185495	-0.077296
"SNP_A-2139606"	11	134187151	0.012517
"SNP_A-2178295"	11	134201252	-0.586348
"SNP_A-2121301"	11	134201564	-0.948665
"SNP_A-2229978"	11	134201585	0.077486
"SNP_A-4232580"	11	134208532	0.004502
"SNP_A-2002457"	11	134211279	-0.539516
"SNP_A-1781410"	11	134211890	-0.125564
"SNP_A-4195800"	11	134212629	-0.346436
"SNP_A-4203264"	11	134212645	-0.399476
"SNP_A-2280968"	11	134212984	-0.494494
"SNP_A-2256774"	11	134221619	-0.308973
"SNP_A-4234164"	11	134251340	-0.12934
"SNP_A-4237357"	11	134268514	-0.646887
"SNP_A-2105029"	11	134268936	-0.465422
"SNP_A-4239874"	11	134274621	-0.497365
"SNP_A-4204864"	11	134274636	-1.204853
"SNP_A-2113624"	11	134277018	-0.590865
"SNP_A-2303655"	11	134329881	-0.133906
"SNP_A-1921578"	11	134340824	-0.0169
"SNP_A-2139590"	11	134345200	-0.329155
"SNP_A-1907630"	11	134345833	-0.197185
"SNP_A-4222296"	11	134347740	-0.311483
"SNP_A-4229927"	11	134366601	-0.167257
"SNP_A-4214186"	11	134393784	0.088997
"SNP_A-2002461"	11	134429752	-0.538422
"SNP_A-2089959"	11	134431964	-0.435504
"SNP_A-1786708"	11	134432021	-0.202922
"SNP_A-4231216"	11	134435410	-0.019104
"SNP_A-4202929"	11	134435899	-0.076222
"SNP_A-2116148"	11	134437775	-1.258098
"SNP_A-1893976"	11	134439182	0.312075
