"SNPname"	"Chromosome"	"Physical_Position"	"log2ratio"	"call"
"SNP_A-1509443"	"1"	2882121	-0.184424571	"NoCall"
"SNP_A-1518557"	"1"	3985402	0.097610797	"BB"
"SNP_A-1517286"	"1"	4804829	0.443606651	"BB"
"SNP_A-1516024"	"1"	4982250	-1.089267338	"AB"
"SNP_A-1514538"	"1"	5468765	-0.862496476	"AB"
"SNP_A-1516403"	"1"	5596686	1.097610797	"AA"
"SNP_A-1518687"	"1"	6605831	0.40053793	"AA"
"SNP_A-1509959"	"1"	6654350	-0.943416472	"BB"
"SNP_A-1515791"	"1"	7133863	0.111031312	"AA"
"SNP_A-1512212"	"1"	7134783	-0.089267338	"BB"
"SNP_A-1513560"	"1"	7145191	0.464668267	"AA"
"SNP_A-1519671"	"1"	7620645	-1.234465254	"BB"
"SNP_A-1515942"	"1"	8082754	-0.4639471	"BB"
"SNP_A-1509129"	"1"	10542407	0.521050737	"AB"
"SNP_A-1512107"	"1"	10706737	0.678071905	"NoCall"
"SNP_A-1514390"	"1"	11004020	-0.577766999	"AA"
"SNP_A-1518041"	"1"	12221853	0.124328135	"AA"
"SNP_A-1513994"	"1"	13168736	-0.514573173	"BB"
"SNP_A-1508673"	"1"	13383102	-0.678071905	"BB"
"SNP_A-1519660"	"1"	13455562	-0.312939312	"BB"
"SNP_A-1511922"	"1"	13459332	-0.081613766	"AA"
"SNP_A-1510413"	"1"	13459518	-0.610433188	"AA"
"SNP_A-1509189"	"1"	13553366	-0.377069649	"AA"
"SNP_A-1518353"	"1"	13666865	-0.588573754	"AA"
"SNP_A-1509509"	"1"	13749831	1.304511042	"AB"
"SNP_A-1518472"	"1"	14069506	-0.226003675	"AB"
"SNP_A-1516958"	"1"	14107578	-0.377069649	"AB"
"SNP_A-1515835"	"1"	14175690	1.185866545	"BB"
"SNP_A-1516239"	"1"	14373290	-0.701341684	"BB"
"SNP_A-1516198"	"1"	14373304	0.350497247	"NoCall"
"SNP_A-1508602"	"1"	14768186	-0.312939312	"AA"
"SNP_A-1512707"	"1"	14880049	0.996388746	"AB"
"SNP_A-1517226"	"1"	15030973	1.488000771	"BB"
"SNP_A-1508723"	"1"	17607176	-0.120294234	"NoCall"
"SNP_A-1516979"	"1"	17993569	-2.029146346	"BB"
"SNP_A-1516342"	"1"	18315061	-0.535331733	"AA"
"SNP_A-1518917"	"1"	18462627	-1.915935735	"BB"
"SNP_A-1507541"	"1"	18969310	-0.066427362	"AA"
"SNP_A-1507440"	"1"	19083539	-0.473931188	"AA"
"SNP_A-1515619"	"1"	19417982	0.959770155	"AB"
"SNP_A-1516335"	"1"	19868527	-1.104697379	"BB"
"SNP_A-1516285"	"1"	19868655	-1.168122759	"AB"
"SNP_A-1507496"	"1"	20062430	1.857980995	"AB"
"SNP_A-1512808"	"1"	20082933	0.263034406	"NoCall"
"SNP_A-1508857"	"1"	20154180	1.414135533	"AB"
"SNP_A-1516728"	"1"	20216043	0.214124805	"BB"
"SNP_A-1508884"	"1"	20241962	-1	"AB"
"SNP_A-1512223"	"1"	20529831	-0.168122759	"AB"
"SNP_A-1517838"	"1"	21124820	0.933572638	"AA"
"SNP_A-1508008"	"1"	21349543	0.195347598	"BB"
"SNP_A-1508088"	"1"	21537734	0.700439718	"BB"
"SNP_A-1517367"	"1"	22351242	-0.689659879	"AB"
"SNP_A-1509904"	"1"	22380638	0.189033824	"BB"
"SNP_A-1509865"	"1"	22380853	-0.666576266	"AA"
"SNP_A-1515020"	"1"	22429829	-1.535331733	"BB"
"SNP_A-1516423"	"1"	22736401	-0.875671865	"BB"
"SNP_A-1516470"	"1"	22736565	-0.367731785	"AA"
"SNP_A-1510598"	"1"	23837828	-0.358453971	"BB"
"SNP_A-1510643"	"1"	23838123	-0.577766999	"BB"
"SNP_A-1513151"	"1"	24545467	-0.160040413	"AB"
"SNP_A-1511970"	"1"	24754048	-0.424687669	"AA"
"SNP_A-1517622"	"1"	24754951	2.418189948	"AB"
"SNP_A-1517159"	"1"	25963934	-1.434402824	"NoCall"
"SNP_A-1518491"	"1"	28860136	-1	"AB"
"SNP_A-1518391"	"1"	28860227	-0.577766999	"AB"
"SNP_A-1518446"	"1"	28860363	-1.340075442	"AB"
"SNP_A-1510873"	"1"	28986521	0.275007047	"BB"
"SNP_A-1514673"	"1"	29308268	-0.985644707	"AA"
"SNP_A-1514720"	"1"	29308399	-0.036525876	"AA"
"SNP_A-1515887"	"1"	29366104	1.803227036	"NoCall"
"SNP_A-1515933"	"1"	29366286	1.066950244	"AB"
"SNP_A-1519632"	"1"	29629624	-0.798366139	"AA"
"SNP_A-1519573"	"1"	29629751	-0.915935735	"BB"
"SNP_A-1516520"	"1"	29641718	0.298658316	"NoCall"
"SNP_A-1513828"	"1"	29675746	1.671293372	"AA"
"SNP_A-1515085"	"1"	29990484	0.137503524	"BB"
"SNP_A-1507646"	"1"	29990792	0.687060688	"AA"
"SNP_A-1507611"	"1"	29990812	0.871843649	"BB"
"SNP_A-1507558"	"1"	29991033	1	"AA"
"SNP_A-1508775"	"1"	30099032	0.3950628	"AA"
"SNP_A-1508731"	"1"	30099197	-0.340075442	"AA"
"SNP_A-1512282"	"1"	30395723	-3.943416472	"AB"
"SNP_A-1518261"	"1"	30395728	-1.200912694	"AA"
"SNP_A-1518365"	"1"	30395793	0.056583528	"BB"
"SNP_A-1518209"	"1"	30396013	0.575312331	"BB"
"SNP_A-1507811"	"1"	30530607	0.66448284	"BB"
"SNP_A-1507759"	"1"	30530755	1.150559677	"BB"
"SNP_A-1514323"	"1"	30650264	-0.504304837	"NoCall"
"SNP_A-1514379"	"1"	30650330	-0.836501268	"AB"
"SNP_A-1511135"	"1"	30729913	1.087462841	"AB"
"SNP_A-1517121"	"1"	33186574	1.204766751	"AB"
"SNP_A-1514992"	"1"	33215603	0.843983844	"AA"
"SNP_A-1513382"	"1"	33483491	0.422233001	"AB"
"SNP_A-1515833"	"1"	33655919	-0.217591435	"NoCall"
"SNP_A-1519759"	"1"	33738248	0.269033146	"AA"
"SNP_A-1513179"	"1"	33743417	0.454175893	"AA"
"SNP_A-1513055"	"1"	33752920	1.147306699	"BB"
"SNP_A-1511025"	"1"	33789058	0.560714954	"BB"
"SNP_A-1517220"	"1"	33835407	-1.01449957	"AB"
"SNP_A-1508983"	"1"	34077085	-0.588573754	"AB"
"SNP_A-1509538"	"1"	34077165	-1.074000581	"NoCall"
"SNP_A-1509587"	"1"	34077315	-1.395928676	"AA"
"SNP_A-1515490"	"1"	34085106	1.459431619	"AB"
"SNP_A-1511143"	"1"	34162607	-0.260151897	"AB"
"SNP_A-1514987"	"1"	34162736	0.859969548	"AA"
"SNP_A-1519452"	"1"	34182758	0.427606173	"AB"
"SNP_A-1519404"	"1"	34182796	-0.081613766	"AB"
"SNP_A-1509899"	"1"	34462324	-0.504304837	"AB"
"SNP_A-1514797"	"1"	34629513	0.13093087	"AA"
"SNP_A-1510330"	"1"	34666497	0.464668267	"AB"
"SNP_A-1514660"	"1"	35507170	0.782408565	"AA"
"SNP_A-1510443"	"1"	36305686	-1.415037499	"AB"
"SNP_A-1507617"	"1"	36314995	1.528571319	"AB"
"SNP_A-1519164"	"1"	36714137	0.570462931	"BB"
"SNP_A-1507607"	"1"	38536897	0.480265122	"BB"
"SNP_A-1513354"	"1"	38704127	0.207892852	"BB"
"SNP_A-1513313"	"1"	38704438	1.361768359	"AA"
"SNP_A-1514226"	"1"	38704543	0.09085343	"AA"
"SNP_A-1512508"	"1"	39118752	-0.434402824	"BB"
"SNP_A-1517194"	"1"	39358062	1.03562391	"BB"
"SNP_A-1518103"	"1"	39956195	0.244887059	"AA"
"SNP_A-1518269"	"1"	40685827	-0.13606155	"BB"
"SNP_A-1512802"	"1"	40714328	-0.152003093	"BB"
"SNP_A-1511419"	"1"	41473116	0.333423734	"AB"
"SNP_A-1510404"	"1"	41643891	-0.09696173	"AA"
"SNP_A-1518672"	"1"	41643979	-0.128156351	"BB"
"SNP_A-1518734"	"1"	41643989	0.50589093	"BB"
"SNP_A-1509820"	"1"	41674371	0.201633861	"BB"
"SNP_A-1517481"	"1"	41714595	-0.434402824	"BB"
"SNP_A-1508254"	"1"	41777543	-1.200912694	"AA"
"SNP_A-1511784"	"1"	41930461	-0.13606155	"BB"
"SNP_A-1507353"	"1"	42942497	0.659924558	"AA"
"SNP_A-1513719"	"1"	44343159	-0.689659879	"NoCall"
"SNP_A-1519601"	"1"	44473981	-1.13606155	"NoCall"
"SNP_A-1516178"	"1"	45263884	0.811471031	"AA"
"SNP_A-1509154"	"1"	46061538	-0.160040413	"AB"
"SNP_A-1515051"	"1"	46372806	0.438292852	"AB"
"SNP_A-1517783"	"1"	46470932	-1.13606155	"AA"
"SNP_A-1518326"	"1"	46479168	-0.321928095	"BB"
"SNP_A-1518388"	"1"	46479245	-0.701341684	"BB"
"SNP_A-1507893"	"1"	46589740	0.378511623	"BB"
"SNP_A-1519675"	"1"	48345363	0.021479727	"AA"
"SNP_A-1509701"	"1"	48538640	0.10433666	"BB"
"SNP_A-1507905"	"1"	48578535	-1.268816758	"AB"
"SNP_A-1518040"	"1"	48645082	-0.724992953	"AB"
"SNP_A-1516254"	"1"	48770732	-0.929610672	"BB"
"SNP_A-1516356"	"1"	48834584	-0.943416472	"AB"
"SNP_A-1518117"	"1"	48860345	0.137503524	"AB"
"SNP_A-1512484"	"1"	48919413	-0.200912694	"AB"
"SNP_A-1515431"	"1"	49124046	0.372952098	"AA"
"SNP_A-1519231"	"1"	49132335	1.137503524	"NoCall"
"SNP_A-1519590"	"1"	49438621	-0.556393349	"NoCall"
"SNP_A-1508151"	"1"	50123516	0.3950628	"AA"
"SNP_A-1515708"	"1"	50281075	-0.862496476	"AA"
"SNP_A-1518427"	"1"	50687923	0.007195501	"NoCall"
"SNP_A-1519424"	"1"	51604659	-0.556393349	"AA"
"SNP_A-1519407"	"1"	51668387	0.250961574	"AA"
"SNP_A-1512724"	"1"	52896022	-0.386468347	"AA"
"SNP_A-1512774"	"1"	52896165	-0.051399153	"AA"
"SNP_A-1511976"	"1"	53899444	0.056583528	"BB"
"SNP_A-1510619"	"1"	54669057	-0.260151897	"BB"
"SNP_A-1513983"	"1"	54801519	0.700439718	"BB"
"SNP_A-1508214"	"1"	54804361	-0.49410907	"BB"
"SNP_A-1508368"	"1"	54804566	-0.749038426	"BB"
"SNP_A-1517642"	"1"	55150739	-0.49410907	"AA"
"SNP_A-1517684"	"1"	55150851	-1.01449957	"BB"
"SNP_A-1507373"	"1"	55282051	1.411426246	"AB"
"SNP_A-1507429"	"1"	55282102	0.117695043	"AB"
"SNP_A-1516951"	"1"	55638269	-0.64385619	"AB"
"SNP_A-1516840"	"1"	55638479	0.438292852	"BB"
"SNP_A-1511220"	"1"	55986225	1.247927513	"BB"
"SNP_A-1510293"	"1"	56066520	0.650764559	"BB"
"SNP_A-1510365"	"1"	56133699	-0.051399153	"AA"
"SNP_A-1519637"	"1"	56579613	1.541019153	"BB"
"SNP_A-1509291"	"1"	56775141	1.09423607	"BB"
"SNP_A-1510956"	"1"	56775639	1.10433666	"BB"
"SNP_A-1512181"	"1"	56934782	-0.701341684	"NoCall"
"SNP_A-1507885"	"1"	56935124	-0.567040593	"AA"
"SNP_A-1513093"	"1"	57239760	0.432959407	"BB"
"SNP_A-1511075"	"1"	57787266	-0.514573173	"BB"
"SNP_A-1515340"	"1"	57944843	-1.434402824	"NoCall"
"SNP_A-1512956"	"1"	58120555	-0.749038426	"BB"
"SNP_A-1518756"	"1"	58279168	0.761285273	"AB"
"SNP_A-1510564"	"1"	58601077	0.084064265	"AB"
"SNP_A-1509522"	"1"	58856107	0.117695043	"AA"
"SNP_A-1510842"	"1"	59056972	0.627606838	"BB"
"SNP_A-1517114"	"1"	59712977	-0.081613766	"NoCall"
"SNP_A-1519666"	"1"	59713589	0.485426827	"AA"
"SNP_A-1510979"	"1"	59955439	0.811471031	"AB"
"SNP_A-1519234"	"1"	59956388	-1.152003093	"AB"
"SNP_A-1519434"	"1"	59966707	-0.395928676	"AA"
"SNP_A-1509805"	"1"	60047365	0.895302621	"AA"
"SNP_A-1508683"	"1"	60231503	0.416839742	"AA"
"SNP_A-1510276"	"1"	60286995	1.189033824	"AB"
"SNP_A-1519147"	"1"	60488234	-0.577766999	"AB"
"SNP_A-1515885"	"1"	60488848	-0.724992953	"AB"
"SNP_A-1518909"	"1"	60489267	-1.200912694	"BB"
"SNP_A-1519663"	"1"	60762255	1.160274831	"BB"
"SNP_A-1517950"	"1"	61007862	-0.798366139	"NoCall"
"SNP_A-1513015"	"1"	61735134	-0.029146346	"AB"
"SNP_A-1514748"	"1"	62146895	-0.632628934	"AA"
"SNP_A-1509893"	"1"	62672703	0.070389328	"BB"
"SNP_A-1517675"	"1"	62861157	0.655351829	"AA"
"SNP_A-1516619"	"1"	62919147	0.367371066	"AA"
"SNP_A-1509236"	"1"	62919199	-1.01449957	"AB"
"SNP_A-1509191"	"1"	62919431	-0.226003675	"AB"
"SNP_A-1509987"	"1"	63113808	0.269033146	"AB"
"SNP_A-1515453"	"1"	63543401	-0.810966176	"BB"
"SNP_A-1512234"	"1"	63543670	0.906890596	"BB"
"SNP_A-1515202"	"1"	63930006	-0.862496476	"AA"
"SNP_A-1509172"	"1"	63976900	-1.286304185	"NoCall"
"SNP_A-1518444"	"1"	64170564	-0.277533976	"AB"
"SNP_A-1518390"	"1"	64170576	-0.367731785	"AB"
"SNP_A-1518328"	"1"	64170726	-1.058893689	"AB"
"SNP_A-1518281"	"1"	64170882	-0.152003093	"BB"
"SNP_A-1513717"	"1"	64367047	0.10433666	"AA"
"SNP_A-1509219"	"1"	64861831	-0.454031631	"AA"
"SNP_A-1513938"	"1"	64923110	-1.043943348	"AA"
"SNP_A-1516442"	"1"	65096433	-0.434402824	"AA"
"SNP_A-1518430"	"1"	65255486	2.03562391	"BB"
"SNP_A-1516731"	"1"	65415245	-0.957355663	"BB"
"SNP_A-1519535"	"1"	65526647	-0.051399153	"AA"
"SNP_A-1508243"	"1"	65876618	-0.424687669	"AA"
"SNP_A-1519654"	"1"	65939015	1.12763328	"AB"
"SNP_A-1517914"	"1"	66061802	0.269033146	"AA"
"SNP_A-1511755"	"1"	66125989	1.010779839	"AB"
"SNP_A-1511902"	"1"	66331081	-0.058893689	"NoCall"
"SNP_A-1516915"	"1"	66773231	1.572889668	"AA"
"SNP_A-1509344"	"1"	66861180	0.137503524	"BB"
"SNP_A-1513992"	"1"	66974618	1.700439718	"AA"
"SNP_A-1514347"	"1"	67702577	-0.128156351	"BB"
"SNP_A-1517060"	"1"	67858566	0.007195501	"BB"
"SNP_A-1512888"	"1"	68084051	-1.49410907	"NoCall"
"SNP_A-1508933"	"1"	68263748	0.673556424	"AA"
"SNP_A-1516601"	"1"	68266560	0.589763487	"AB"
"SNP_A-1518204"	"1"	69149353	-0.567040593	"NoCall"
"SNP_A-1510394"	"1"	69248990	0.448900951	"AA"
"SNP_A-1512062"	"1"	69484645	0.214124805	"AB"
"SNP_A-1508554"	"1"	69601451	0.021479727	"NoCall"
"SNP_A-1509795"	"1"	69602499	0.438292852	"NoCall"
"SNP_A-1512327"	"1"	69650962	0.604071324	"AB"
"SNP_A-1514943"	"1"	69677337	0.50589093	"AA"
"SNP_A-1512985"	"1"	69688164	1.053111336	"AB"
"SNP_A-1516214"	"1"	69937308	-1.152003093	"BB"
"SNP_A-1513652"	"1"	70896626	-0.17625064	"AB"
"SNP_A-1514928"	"1"	70940036	-0.49410907	"AB"
"SNP_A-1508322"	"1"	71033330	-0.043943348	"NoCall"
"SNP_A-1508401"	"1"	71321671	-1.029146346	"NoCall"
"SNP_A-1510033"	"1"	71448500	0.475084883	"BB"
"SNP_A-1510904"	"1"	71953291	-1.104697379	"AB"
"SNP_A-1515813"	"1"	72272890	-0.144010303	"BB"
"SNP_A-1515727"	"1"	72334028	1.40053793	"BB"
"SNP_A-1516471"	"1"	72361605	0.367371066	"BB"
"SNP_A-1519131"	"1"	72361725	-0.234465254	"BB"
"SNP_A-1508573"	"1"	73291219	0.794935663	"AA"
"SNP_A-1517556"	"1"	73291735	0.23878686	"AB"
"SNP_A-1516244"	"1"	74957420	-0.655171503	"AA"
"SNP_A-1514063"	"1"	75487783	0.263034406	"AA"
"SNP_A-1511565"	"1"	75521073	1.025028794	"AA"
"SNP_A-1508837"	"1"	75926739	1.140778656	"AB"
"SNP_A-1512591"	"1"	75960989	-0.09696173	"NoCall"
"SNP_A-1510327"	"1"	76163047	-0.473931188	"BB"
"SNP_A-1510280"	"1"	76174774	-0.849440323	"AA"
"SNP_A-1509170"	"1"	76174953	-0.321928095	"NoCall"
"SNP_A-1519544"	"1"	76271038	0	"NoCall"
"SNP_A-1516997"	"1"	76611657	0.007195501	"AA"
"SNP_A-1518205"	"1"	76814598	1.080657663	"AB"
"SNP_A-1516924"	"1"	77517372	-0.395928676	"BB"
"SNP_A-1518625"	"1"	78065968	-0.610433188	"AB"
"SNP_A-1519047"	"1"	78126498	-0.985644707	"AB"
"SNP_A-1512993"	"1"	78213333	0.925999419	"AB"
"SNP_A-1513145"	"1"	78604009	1	"BB"
"SNP_A-1508312"	"1"	78604206	0.169925001	"BB"
"SNP_A-1512994"	"1"	78604502	-0.849440323	"AA"
"SNP_A-1512958"	"1"	78604535	-0.567040593	"AA"
"SNP_A-1509011"	"1"	78751942	-0.074000581	"AA"
"SNP_A-1518230"	"1"	78804602	0.650764559	"AB"
"SNP_A-1515139"	"1"	78951103	0.35614381	"BB"
"SNP_A-1509324"	"1"	79372416	-0.066427362	"AA"
"SNP_A-1512040"	"1"	79661220	0.565597176	"BB"
"SNP_A-1515968"	"1"	79661900	-0.545824107	"BB"
"SNP_A-1509143"	"1"	79784548	-1.666576266	"AB"
"SNP_A-1512226"	"1"	79906567	0.622930351	"AA"
"SNP_A-1508608"	"1"	79906599	1.272023189	"AA"
"SNP_A-1514240"	"1"	79960782	0.063502942	"AB"
"SNP_A-1513620"	"1"	80259474	-0.349235441	"AB"
"SNP_A-1509287"	"1"	80279554	-0.971430848	"AB"
"SNP_A-1509375"	"1"	80279769	-0.304006187	"NoCall"
"SNP_A-1511355"	"1"	80378912	-0.395928676	"BB"
"SNP_A-1507565"	"1"	80553053	1.107687869	"AB"
"SNP_A-1512333"	"1"	80801788	0.981852653	"AB"
"SNP_A-1512272"	"1"	80801831	-1.234465254	"NoCall"
"SNP_A-1516597"	"1"	80876178	-0.13606155	"AB"
"SNP_A-1509561"	"1"	80876411	0.427606173	"AB"
"SNP_A-1517415"	"1"	80940888	0.485426827	"AA"
"SNP_A-1515445"	"1"	80941375	-0.260151897	"AB"
"SNP_A-1512034"	"1"	81165479	1.214124805	"AB"
"SNP_A-1515357"	"1"	81476747	-0.915935735	"AB"
"SNP_A-1517840"	"1"	81783262	-0.862496476	"BB"
"SNP_A-1517862"	"1"	82163910	0.599317794	"BB"
"SNP_A-1508543"	"1"	82184640	0.014355293	"NoCall"
"SNP_A-1508584"	"1"	82185002	0.475084883	"AA"
"SNP_A-1508770"	"1"	82221613	1.577730931	"AA"
"SNP_A-1515759"	"1"	82586900	0.280956314	"AA"
"SNP_A-1515920"	"1"	82629532	-1.915935735	"AA"
"SNP_A-1519118"	"1"	82704798	-0.168122759	"BB"
"SNP_A-1508440"	"1"	82951224	-0.985644707	"NoCall"
"SNP_A-1510029"	"1"	82992864	1.462052319	"NoCall"
"SNP_A-1512056"	"1"	84128178	1.244887059	"AB"
"SNP_A-1515908"	"1"	84145187	-0.610433188	"AB"
"SNP_A-1515854"	"1"	84145263	-0.849440323	"AA"
"SNP_A-1513247"	"1"	84157487	-0.295128036	"BB"
"SNP_A-1511002"	"1"	84182516	-0.504304837	"AB"
"SNP_A-1510209"	"1"	84265357	0.575312331	"AA"
"SNP_A-1519293"	"1"	84532918	-0.424687669	"AA"
"SNP_A-1510881"	"1"	84640420	0.077242999	"NoCall"
"SNP_A-1512066"	"1"	85595693	-1.200912694	"AA"
"SNP_A-1517358"	"1"	85631974	0.827819025	"BB"
"SNP_A-1518485"	"1"	86083867	0.855989697	"BB"
"SNP_A-1508111"	"1"	87034303	-0.260151897	"AB"
"SNP_A-1517982"	"1"	87209296	0.124328135	"AA"
"SNP_A-1508125"	"1"	87525805	0.438292852	"AB"
"SNP_A-1514565"	"1"	88331785	-0.043943348	"AB"
"SNP_A-1510889"	"1"	88976412	-0.632628934	"BB"
"SNP_A-1519497"	"1"	89308955	0.250961574	"AB"
"SNP_A-1518537"	"1"	89416126	-0.524915117	"AB"
"SNP_A-1515762"	"1"	89465553	-1.152003093	"BB"
"SNP_A-1508865"	"1"	89606173	1.480265122	"AB"
"SNP_A-1519494"	"1"	89690313	0.66448284	"AB"
"SNP_A-1515184"	"1"	89749108	-0.321928095	"BB"
"SNP_A-1516943"	"1"	90507319	-1.029146346	"NoCall"
"SNP_A-1509046"	"1"	91010529	-0.051399153	"AA"
"SNP_A-1514459"	"1"	91634480	-1.089267338	"BB"
"SNP_A-1514349"	"1"	91634721	-1.13606155	"AB"
"SNP_A-1517095"	"1"	92454206	0.09085343	"NoCall"
"SNP_A-1515022"	"1"	93308019	0.372952098	"BB"
"SNP_A-1513408"	"1"	93536483	-1	"NoCall"
"SNP_A-1510939"	"1"	93714056	1.140778656	"BB"
"SNP_A-1507465"	"1"	94022356	0.910732662	"BB"
"SNP_A-1507415"	"1"	94022497	0.263034406	"BB"
"SNP_A-1509730"	"1"	94030226	-0.112474729	"BB"
"SNP_A-1512572"	"1"	94030575	0.124328135	"AA"
"SNP_A-1515371"	"1"	94097075	-0.588573754	"BB"
"SNP_A-1519049"	"1"	94157911	-0.713118852	"AA"
"SNP_A-1507454"	"1"	94300010	-1.217591435	"BB"
"SNP_A-1512955"	"1"	94477021	-0.386468347	"AB"
"SNP_A-1515097"	"1"	94612652	0.070389328	"AA"
"SNP_A-1513793"	"1"	94630085	0.5360529	"AA"
"SNP_A-1513255"	"1"	94630158	0.084064265	"BB"
"SNP_A-1517853"	"1"	95105523	-0.260151897	"BB"
"SNP_A-1517848"	"1"	95105778	0.655351829	"BB"
"SNP_A-1512801"	"1"	95337276	-1.621488377	"BB"
"SNP_A-1508506"	"1"	95386293	0.070389328	"AA"
"SNP_A-1516959"	"1"	95551018	0.384049807	"BB"
"SNP_A-1511835"	"1"	95640371	-0.556393349	"BB"
"SNP_A-1514496"	"1"	95658472	-0.621488377	"AA"
"SNP_A-1509162"	"1"	95768136	-0.184424571	"AA"
"SNP_A-1510878"	"1"	95886136	1.077242999	"BB"
"SNP_A-1512684"	"1"	95948294	-1.234465254	"NoCall"
"SNP_A-1516457"	"1"	95978531	-0.64385619	"AB"
"SNP_A-1509267"	"1"	96378061	0.731183242	"BB"
"SNP_A-1512563"	"1"	96737542	0.042644337	"AA"
"SNP_A-1510823"	"1"	97418196	-0.424687669	"BB"
"SNP_A-1516497"	"1"	98084646	1.060047384	"BB"
"SNP_A-1517040"	"1"	98241270	-0.268816758	"AA"
"SNP_A-1515699"	"1"	98318089	-0.985644707	"AB"
"SNP_A-1514752"	"1"	98392290	-0.260151897	"NoCall"
"SNP_A-1512316"	"1"	98705783	0.344828497	"AA"
"SNP_A-1512358"	"1"	98706238	0.937344392	"NoCall"
"SNP_A-1510132"	"1"	98819881	-0.588573754	"AA"
"SNP_A-1509080"	"1"	99199969	-0.09696173	"AB"
"SNP_A-1509702"	"1"	99389814	1.198494154	"NoCall"
"SNP_A-1508439"	"1"	99517722	1.480265122	"NoCall"
"SNP_A-1516540"	"1"	99651046	-0.798366139	"AB"
"SNP_A-1516761"	"1"	99660982	-0.349235441	"AB"
"SNP_A-1507545"	"1"	99661812	0.077242999	"AB"
"SNP_A-1514628"	"1"	100491488	0.049630768	"BB"
"SNP_A-1514536"	"1"	100491830	1.430285273	"AA"
"SNP_A-1509697"	"1"	100721948	1.097610797	"AB"
"SNP_A-1511445"	"1"	101009362	0.678071905	"AB"
"SNP_A-1519330"	"1"	101342928	0.207892852	"AA"
"SNP_A-1516051"	"1"	101401484	0.028569152	"AB"
"SNP_A-1513550"	"1"	101401554	0.275007047	"AB"
"SNP_A-1507444"	"1"	101737980	0.713695815	"BB"
"SNP_A-1507490"	"1"	101738113	0.220329955	"AB"
"SNP_A-1510804"	"1"	101749002	0.735522177	"AB"
"SNP_A-1510434"	"1"	101767075	0.778208576	"AB"
"SNP_A-1517240"	"1"	102461187	0.422233001	"AB"
"SNP_A-1507462"	"1"	103027364	-2.556393349	"BB"
"SNP_A-1513142"	"1"	103697551	-0.234465254	"BB"
"SNP_A-1508565"	"1"	103760508	0.124328135	"AB"
"SNP_A-1517707"	"1"	104008734	-0.081613766	"AA"
"SNP_A-1518400"	"1"	104337162	-0.678071905	"AA"
"SNP_A-1515233"	"1"	104417347	-0.066427362	"AA"
"SNP_A-1512657"	"1"	104545534	0.389566812	"NoCall"
"SNP_A-1509629"	"1"	105381984	-0.929610672	"NoCall"
"SNP_A-1509568"	"1"	105382017	0.310340121	"AB"
"SNP_A-1516290"	"1"	105443795	0.176322773	"AB"
"SNP_A-1519125"	"1"	105948511	-0.349235441	"AA"
"SNP_A-1512633"	"1"	106349597	0.263034406	"AA"
"SNP_A-1512271"	"1"	106349700	-1.13606155	"AB"
"SNP_A-1512216"	"1"	106349879	0.111031312	"BB"
"SNP_A-1510441"	"1"	106919755	-1	"AB"
"SNP_A-1511099"	"1"	106984003	0.321928095	"NoCall"
"SNP_A-1512265"	"1"	107734304	0.589763487	"AA"
"SNP_A-1508912"	"1"	108213201	-0.112474729	"AB"
"SNP_A-1508810"	"1"	108604762	-0.749038426	"BB"
"SNP_A-1512856"	"1"	108608583	1.137503524	"AB"
"SNP_A-1507732"	"1"	108978000	0.10433666	"NoCall"
"SNP_A-1507795"	"1"	108978040	-0.424687669	"NoCall"
"SNP_A-1516659"	"1"	109183502	0.280956314	"BB"
"SNP_A-1507912"	"1"	110028131	-0.535331733	"AA"
"SNP_A-1511376"	"1"	110069020	0.40599236	"BB"
"SNP_A-1517935"	"1"	110625119	0.608809243	"AA"
"SNP_A-1512653"	"1"	110633118	0.599317794	"BB"
"SNP_A-1510653"	"1"	110641217	-0.367731785	"AB"
"SNP_A-1513501"	"1"	110735856	-0.4639471	"AA"
"SNP_A-1513829"	"1"	110767613	0.49057013	"AB"
"SNP_A-1513192"	"1"	110883875	-0.588573754	"AA"
"SNP_A-1518072"	"1"	110906254	-1.689659879	"AA"
"SNP_A-1511262"	"1"	111207333	-0.556393349	"AA"
"SNP_A-1518360"	"1"	111207440	0.042644337	"AB"
"SNP_A-1517933"	"1"	111376885	-0.632628934	"AA"
"SNP_A-1516683"	"1"	111518706	0.014355293	"AB"
"SNP_A-1511757"	"1"	111537777	-0.242976753	"NoCall"
"SNP_A-1508611"	"1"	111538048	-0.454031631	"AB"
"SNP_A-1516369"	"1"	111679261	-0.798366139	"AB"
"SNP_A-1519574"	"1"	111955492	-2.556393349	"AA"
"SNP_A-1514262"	"1"	112018354	0.084064265	"AB"
"SNP_A-1512601"	"1"	113031872	1.883620816	"AB"
"SNP_A-1517339"	"1"	113087863	0.5360529	"AB"
"SNP_A-1512753"	"1"	113193354	1.12763328	"AB"
"SNP_A-1510499"	"1"	114030640	0.560714954	"AA"
"SNP_A-1519406"	"1"	114908818	-0.089267338	"AB"
"SNP_A-1519457"	"1"	114909118	-0.01449957	"AB"
"SNP_A-1517879"	"1"	114923131	1.422233001	"BB"
"SNP_A-1512312"	"1"	114924798	0.726831217	"BB"
"SNP_A-1512355"	"1"	114924977	1.639232163	"BB"
"SNP_A-1519586"	"1"	115112492	-0.40545145	"AA"
"SNP_A-1510097"	"1"	115712109	-0.862496476	"AB"
"SNP_A-1509998"	"1"	115712256	0.03562391	"AB"
"SNP_A-1513224"	"1"	115797794	-0.152003093	"AA"
"SNP_A-1513173"	"1"	115797916	0.263034406	"AA"
"SNP_A-1516337"	"1"	116007964	-0.367731785	"BB"
"SNP_A-1511842"	"1"	116259859	-0.749038426	"AA"
"SNP_A-1514674"	"1"	116387167	-0.234465254	"BB"
"SNP_A-1516514"	"1"	116413288	0.66448284	"BB"
"SNP_A-1517233"	"1"	116499947	-0.875671865	"AB"
"SNP_A-1516234"	"1"	116841201	-2.286304185	"AB"
"SNP_A-1509794"	"1"	116853783	0.063502942	"AA"
"SNP_A-1513569"	"1"	117033506	1.792855352	"AA"
"SNP_A-1518362"	"1"	117275480	-0.386468347	"BB"
"SNP_A-1510734"	"1"	117309310	-0.074000581	"AA"
"SNP_A-1516068"	"1"	117312542	0.028569152	"BB"
"SNP_A-1518618"	"1"	117444413	-0.168122759	"AA"
"SNP_A-1514055"	"1"	117500358	0.695993813	"AB"
"SNP_A-1508076"	"1"	117544543	0	"BB"
"SNP_A-1507704"	"1"	118238315	-0.168122759	"BB"
"SNP_A-1513901"	"1"	118506964	0.339137385	"AA"
"SNP_A-1511013"	"1"	118624232	0.077242999	"AB"
"SNP_A-1511095"	"1"	118906893	0.66448284	"BB"
"SNP_A-1511046"	"1"	118907049	0.871843649	"BB"
"SNP_A-1513234"	"1"	118930349	-0.666576266	"AB"
"SNP_A-1508480"	"1"	119419684	0.541019153	"AB"
"SNP_A-1513544"	"1"	119420405	1.217230716	"AB"
"SNP_A-1514854"	"1"	144062737	-1.01449957	"NoCall"
"SNP_A-1513518"	"1"	144159714	-0.120294234	"AB"
"SNP_A-1513480"	"1"	144160105	0.580145484	"AB"
"SNP_A-1519305"	"1"	144196018	1	"AB"
"SNP_A-1516757"	"1"	144246617	-0.76121314	"AB"
"SNP_A-1510136"	"1"	144761333	0.545968369	"BB"
"SNP_A-1518840"	"1"	145476937	0.718087584	"BB"
"SNP_A-1514896"	"1"	146522964	-4.473931188	"NoCall"
"SNP_A-1518292"	"1"	147124690	-0.678071905	"AA"
"SNP_A-1508917"	"1"	148844186	0.459431619	"AA"
"SNP_A-1513675"	"1"	149173396	-0.76121314	"BB"
"SNP_A-1515323"	"1"	149365840	0.378511623	"BB"
"SNP_A-1519033"	"1"	149380131	-0.081613766	"AA"
"SNP_A-1513322"	"1"	149493927	0.510961919	"AA"
"SNP_A-1511819"	"1"	149616637	-0.621488377	"BB"
"SNP_A-1511710"	"1"	149616943	-0.524915117	"BB"
"SNP_A-1508133"	"1"	149834363	0.970853654	"AA"
"SNP_A-1508233"	"1"	149841504	-1.377069649	"AA"
"SNP_A-1516233"	"1"	149973356	0.63691458	"AA"
"SNP_A-1516281"	"1"	149973388	-1.304006187	"AA"
"SNP_A-1516848"	"1"	150551966	0	"AA"
"SNP_A-1515518"	"1"	150552600	-0.112474729	"BB"
"SNP_A-1507680"	"1"	151806420	0.555816155	"AA"
"SNP_A-1517259"	"1"	151806474	1.865918815	"BB"
"SNP_A-1508720"	"1"	151893200	0.327687364	"AB"
"SNP_A-1515668"	"1"	152010590	-0.749038426	"BB"
"SNP_A-1511877"	"1"	153858329	-0.424687669	"AA"
"SNP_A-1514483"	"1"	154436881	-0.610433188	"NoCall"
"SNP_A-1517508"	"1"	154468894	1.392317423	"AB"
"SNP_A-1512356"	"1"	154573272	-0.286304185	"AB"
"SNP_A-1513697"	"1"	154782762	-0.01449957	"NoCall"
"SNP_A-1513657"	"1"	155362021	0.627606838	"BB"
"SNP_A-1512514"	"1"	155676506	-0.902389203	"AB"
"SNP_A-1511256"	"1"	155676767	-1.251538767	"NoCall"
"SNP_A-1511210"	"1"	155676922	-0.524915117	"AB"
"SNP_A-1517850"	"1"	155696483	-0.823677227	"NoCall"
"SNP_A-1511904"	"1"	155723976	-1.184424571	"AB"
"SNP_A-1510575"	"1"	155848955	-0.120294234	"AA"
"SNP_A-1511502"	"1"	156780275	2.087462841	"AB"
"SNP_A-1514574"	"1"	156845845	0.250961574	"AB"
"SNP_A-1517280"	"1"	156872310	-0.59946207	"AA"
"SNP_A-1509989"	"1"	156938848	-2.058893689	"NoCall"
"SNP_A-1514567"	"1"	157171161	0.769771739	"AA"
"SNP_A-1517212"	"1"	157669010	0.959770155	"AA"
"SNP_A-1508379"	"1"	157687050	0.469885976	"BB"
"SNP_A-1517496"	"1"	157687559	-0.810966176	"AB"
"SNP_A-1510891"	"1"	157794796	-1.152003093	"AB"
"SNP_A-1518779"	"1"	158017272	0.589763487	"BB"
"SNP_A-1515886"	"1"	158023403	-0.535331733	"BB"
"SNP_A-1514785"	"1"	159036557	-0.849440323	"BB"
"SNP_A-1518155"	"1"	159272524	0.786596362	"NoCall"
"SNP_A-1509196"	"1"	159305423	0.232660757	"BB"
"SNP_A-1519327"	"1"	159356499	-1.120294234	"AA"
"SNP_A-1519422"	"1"	159356620	-0.823677227	"BB"
"SNP_A-1511339"	"1"	159491215	-1.251538767	"AB"
"SNP_A-1510561"	"1"	159491284	-1.251538767	"AB"
"SNP_A-1511423"	"1"	159491376	-0.929610672	"AB"
"SNP_A-1518449"	"1"	159545772	0.214124805	"AA"
"SNP_A-1513003"	"1"	160027908	-0.226003675	"AA"
"SNP_A-1517703"	"1"	160054292	-1.217591435	"AB"
"SNP_A-1509640"	"1"	160097346	1.080657663	"BB"
"SNP_A-1515434"	"1"	160359017	0.521050737	"BB"
"SNP_A-1511579"	"1"	160410099	0.416839742	"AA"
"SNP_A-1511542"	"1"	160410232	-0.17625064	"AA"
"SNP_A-1509763"	"1"	160978324	0.555816155	"AA"
"SNP_A-1511322"	"1"	161061853	-0.120294234	"AA"
"SNP_A-1516884"	"1"	161099301	-0.144010303	"NoCall"
"SNP_A-1514612"	"1"	161313226	0.669026766	"BB"
"SNP_A-1514223"	"1"	161883571	-1.59946207	"AA"
"SNP_A-1513057"	"1"	161974176	-0.736965594	"AB"
"SNP_A-1515634"	"1"	162030193	0.084064265	"AB"
"SNP_A-1512204"	"1"	162204047	-0.268816758	"AA"
"SNP_A-1510752"	"1"	162204089	-1.415037499	"AA"
"SNP_A-1510798"	"1"	162204109	-1.943416472	"NoCall"
"SNP_A-1514786"	"1"	162204376	0.042644337	"BB"
"SNP_A-1510424"	"1"	162401199	-1.104697379	"AB"
"SNP_A-1510375"	"1"	162401539	-0.875671865	"BB"
"SNP_A-1510284"	"1"	162401682	-0.689659879	"AA"
"SNP_A-1511217"	"1"	162402483	2.378511623	"AB"
"SNP_A-1512621"	"1"	162500804	-0.678071905	"NoCall"
"SNP_A-1513762"	"1"	162564929	0.063502942	"BB"
"SNP_A-1514305"	"1"	162571138	0.097610797	"AA"
"SNP_A-1510747"	"1"	162718290	-0.514573173	"AA"
"SNP_A-1514170"	"1"	162718309	-0.713118852	"BB"
"SNP_A-1510792"	"1"	162718387	-1.888968688	"AA"
"SNP_A-1517277"	"1"	162718430	-0.915935735	"BB"
"SNP_A-1516892"	"1"	162746602	-1.535331733	"AB"
"SNP_A-1513519"	"1"	163737878	0.835924074	"AA"
"SNP_A-1514937"	"1"	164271080	-1.200912694	"AB"
"SNP_A-1514875"	"1"	164271181	-0.49410907	"AB"
"SNP_A-1513819"	"1"	164590589	0.014355293	"AA"
"SNP_A-1510721"	"1"	164591002	-0.286304185	"NoCall"
"SNP_A-1507942"	"1"	165046258	0.372952098	"BB"
"SNP_A-1512809"	"1"	165829439	0.250961574	"BB"
"SNP_A-1514652"	"1"	166362573	-0.577766999	"AA"
"SNP_A-1514224"	"1"	166721121	0.361768359	"AB"
"SNP_A-1514541"	"1"	166760022	0.056583528	"AA"
"SNP_A-1512043"	"1"	167295159	0.049630768	"AB"
"SNP_A-1514879"	"1"	167474126	-0.209227962	"AB"
"SNP_A-1516645"	"1"	167530666	0.744161096	"AA"
"SNP_A-1516596"	"1"	167530749	0.176322773	"AA"
"SNP_A-1512988"	"1"	167588122	0	"AA"
"SNP_A-1516517"	"1"	167800420	0.042644337	"AB"
"SNP_A-1516572"	"1"	167800628	-0.286304185	"AB"
"SNP_A-1516400"	"1"	168784428	-0.810966176	"AB"
"SNP_A-1515614"	"1"	168830565	1.301587647	"BB"
"SNP_A-1513724"	"1"	169034284	0.14404637	"AB"
"SNP_A-1517471"	"1"	169074869	0.584962501	"AA"
"SNP_A-1513827"	"1"	169378308	-0.321928095	"BB"
"SNP_A-1507527"	"1"	169378380	-0.49410907	"BB"
"SNP_A-1517161"	"1"	169599191	1.039138394	"BB"
"SNP_A-1512238"	"1"	169599540	-0.066427362	"AA"
"SNP_A-1510446"	"1"	170257639	1.17951105	"AA"
"SNP_A-1518679"	"1"	170754331	-0.036525876	"BB"
"SNP_A-1512442"	"1"	171144335	-0.089267338	"BB"
"SNP_A-1516788"	"1"	171328062	-0.058893689	"BB"
"SNP_A-1511659"	"1"	171599894	0.014355293	"BB"
"SNP_A-1517501"	"1"	172535605	-0.268816758	"AA"
"SNP_A-1509685"	"1"	172574788	0.384049807	"AA"
"SNP_A-1509314"	"1"	172607624	1.59454855	"AA"
"SNP_A-1508985"	"1"	172689984	-0.128156351	"NoCall"
"SNP_A-1507434"	"1"	172904321	0.321928095	"BB"
"SNP_A-1512743"	"1"	173506361	0.378511623	"AB"
"SNP_A-1517376"	"1"	173572009	1.283921772	"AB"
"SNP_A-1513573"	"1"	173752913	-1.304006187	"AA"
"SNP_A-1515716"	"1"	173784294	-0.577766999	"AB"
"SNP_A-1516842"	"1"	173899623	-1.200912694	"NoCall"
"SNP_A-1513209"	"1"	174387535	-0.545824107	"BB"
"SNP_A-1514469"	"1"	174527584	-0.902389203	"BB"
"SNP_A-1514422"	"1"	174527711	-1.089267338	"AA"
"SNP_A-1507335"	"1"	174800565	-0.888968688	"AB"
"SNP_A-1507382"	"1"	174800878	0.22650853	"NoCall"
"SNP_A-1508083"	"1"	174801154	0.304511042	"AB"
"SNP_A-1515399"	"1"	174806035	0.974529312	"AB"
"SNP_A-1516380"	"1"	174912126	-0.836501268	"NoCall"
"SNP_A-1516405"	"1"	176462221	-0.386468347	"NoCall"
"SNP_A-1509345"	"1"	176759532	-0.59946207	"BB"
"SNP_A-1509387"	"1"	176759635	-0.358453971	"BB"
"SNP_A-1509445"	"1"	176759887	-0.483984853	"AA"
"SNP_A-1511808"	"1"	177580087	-1	"AA"
"SNP_A-1516319"	"1"	177835577	-0.483984853	"AB"
"SNP_A-1508238"	"1"	178625450	1.384049807	"AA"
"SNP_A-1514655"	"1"	178648306	-1.089267338	"AA"
"SNP_A-1511316"	"1"	178914272	-0.823677227	"BB"
"SNP_A-1517467"	"1"	179005818	-1.49410907	"AB"
"SNP_A-1517524"	"1"	179005911	-1.200912694	"AB"
"SNP_A-1517386"	"1"	179153668	0.855989697	"BB"
"SNP_A-1516351"	"1"	179222342	-0.058893689	"AB"
"SNP_A-1515719"	"1"	179222399	0.448900951	"BB"
"SNP_A-1509489"	"1"	179731968	-1.058893689	"AB"
"SNP_A-1513925"	"1"	180519293	-1.286304185	"BB"
"SNP_A-1517456"	"1"	180538883	-0.251538767	"BB"
"SNP_A-1514949"	"1"	180539262	-0.415037499	"AA"
"SNP_A-1519074"	"1"	181179307	-0.209227962	"BB"
"SNP_A-1519133"	"1"	181179366	-1.152003093	"BB"
"SNP_A-1509910"	"1"	181179466	-0.567040593	"AA"
"SNP_A-1508645"	"1"	181218664	-0.209227962	"AB"
"SNP_A-1509645"	"1"	181429820	0.63691458	"AA"
"SNP_A-1518057"	"1"	181533548	-0.621488377	"AA"
"SNP_A-1510865"	"1"	182046893	1.03562391	"AB"
"SNP_A-1511147"	"1"	182375126	-0.268816758	"NoCall"
"SNP_A-1507896"	"1"	182447962	-0.473931188	"AA"
"SNP_A-1518213"	"1"	182535135	-0.074000581	"BB"
"SNP_A-1515317"	"1"	182708177	-1.473931188	"BB"
"SNP_A-1512886"	"1"	182708300	-0.785875195	"AA"
"SNP_A-1517990"	"1"	182772843	-0.434402824	"BB"
"SNP_A-1518000"	"1"	182773283	0.827819025	"BB"
"SNP_A-1511449"	"1"	182827587	0.021479727	"BB"
"SNP_A-1517600"	"1"	183112204	-1.234465254	"AA"
"SNP_A-1512556"	"1"	183341538	-0.295128036	"NoCall"
"SNP_A-1517383"	"1"	183438476	0.669026766	"BB"
"SNP_A-1517341"	"1"	183438633	-0.377069649	"BB"
"SNP_A-1517293"	"1"	183438640	0.232660757	"AA"
"SNP_A-1516561"	"1"	184206234	1.22342255	"BB"
"SNP_A-1512415"	"1"	184572263	-0.160040413	"NoCall"
"SNP_A-1507754"	"1"	184586921	-0.152003093	"AA"
"SNP_A-1507808"	"1"	184587177	0.056583528	"AA"
"SNP_A-1508616"	"1"	184987751	-0.358453971	"BB"
"SNP_A-1518938"	"1"	184987981	-0.943416472	"AA"
"SNP_A-1508671"	"1"	185135197	0.731183242	"BB"
"SNP_A-1508631"	"1"	185135376	-0.260151897	"NoCall"
"SNP_A-1510867"	"1"	185276558	-0.749038426	"AA"
"SNP_A-1510856"	"1"	185301241	0.286881148	"BB"
"SNP_A-1510897"	"1"	185301314	-0.377069649	"BB"
"SNP_A-1510955"	"1"	185301671	0.292781749	"BB"
"SNP_A-1518316"	"1"	185641380	0.941106311	"AA"
"SNP_A-1511265"	"1"	185664601	0.097610797	"BB"
"SNP_A-1519599"	"1"	185792591	0.021479727	"BB"
"SNP_A-1519696"	"1"	185792913	1.182692298	"AA"
"SNP_A-1516594"	"1"	186272652	0.526068812	"NoCall"
"SNP_A-1510235"	"1"	186367661	-0.40545145	"BB"
"SNP_A-1519241"	"1"	186394328	-0.785875195	"AA"
"SNP_A-1518065"	"1"	186902580	0.03562391	"AB"
"SNP_A-1513739"	"1"	186951100	-1.268816758	"NoCall"
"SNP_A-1517689"	"1"	187128612	-0.217591435	"NoCall"
"SNP_A-1512210"	"1"	187129313	-0.260151897	"NoCall"
"SNP_A-1517951"	"1"	187354645	0.201633861	"AA"
"SNP_A-1517905"	"1"	187355001	0.244887059	"AB"
"SNP_A-1509298"	"1"	187595331	-0.160040413	"NoCall"
"SNP_A-1509248"	"1"	187595436	-0.929610672	"AA"
"SNP_A-1511193"	"1"	187635924	-0.577766999	"BB"
"SNP_A-1511039"	"1"	187876559	-0.588573754	"NoCall"
"SNP_A-1509033"	"1"	188107454	-1.514573173	"NoCall"
"SNP_A-1513301"	"1"	188469249	-0.504304837	"NoCall"
"SNP_A-1513254"	"1"	188533117	0.244887059	"BB"
"SNP_A-1517076"	"1"	188785807	1.430285273	"AB"
"SNP_A-1515523"	"1"	189612012	0.49057013	"AA"
"SNP_A-1516970"	"1"	189612240	-0.260151897	"AA"
"SNP_A-1516909"	"1"	189612255	-0.929610672	"NoCall"
"SNP_A-1513404"	"1"	189614266	-0.152003093	"BB"
"SNP_A-1509525"	"1"	189799271	-0.621488377	"AA"
"SNP_A-1513210"	"1"	189850417	-0.066427362	"NoCall"
"SNP_A-1517931"	"1"	190155586	0.731183242	"AB"
"SNP_A-1518552"	"1"	190209620	-0.349235441	"BB"
"SNP_A-1512270"	"1"	190485666	0.448900951	"AA"
"SNP_A-1516367"	"1"	190525300	0.40599236	"AA"
"SNP_A-1508906"	"1"	190752109	0.021479727	"BB"
"SNP_A-1518379"	"1"	190908355	-0.724992953	"AA"
"SNP_A-1518313"	"1"	190908384	0.084064265	"BB"
"SNP_A-1514629"	"1"	191146099	0.22650853	"NoCall"
"SNP_A-1509634"	"1"	191385975	-0.736965594	"NoCall"
"SNP_A-1518889"	"1"	192299904	-0.632628934	"BB"
"SNP_A-1511717"	"1"	192341480	0.195347598	"AA"
"SNP_A-1508539"	"1"	192917342	-0.666576266	"BB"
"SNP_A-1508009"	"1"	193203877	-0.007231569	"NoCall"
"SNP_A-1507962"	"1"	193203882	0.14404637	"BB"
"SNP_A-1507915"	"1"	193203907	-0.152003093	"BB"
"SNP_A-1515505"	"1"	193962973	-1.836501268	"AA"
"SNP_A-1509343"	"1"	194675106	-1.217591435	"AA"
"SNP_A-1511588"	"1"	194682349	1.292781749	"AA"
"SNP_A-1512971"	"1"	195473991	0.269033146	"NoCall"
"SNP_A-1514027"	"1"	195522166	1.427606173	"AB"
"SNP_A-1514546"	"1"	195832253	1.62058641	"AB"
"SNP_A-1512227"	"1"	195856087	0.565597176	"BB"
"SNP_A-1517918"	"1"	195891436	1.767654798	"AB"
"SNP_A-1514979"	"1"	196014877	0.056583528	"AB"
"SNP_A-1511146"	"1"	196935207	-0.02180437	"BB"
"SNP_A-1518705"	"1"	196950967	-0.340075442	"AA"
"SNP_A-1518139"	"1"	197435185	-1.473931188	"NoCall"
"SNP_A-1514920"	"1"	198488473	-0.444183845	"BB"
"SNP_A-1519177"	"1"	198627637	-0.556393349	"BB"
"SNP_A-1510735"	"1"	198841820	0.350497247	"BB"
"SNP_A-1518453"	"1"	198918774	0.056583528	"AA"
"SNP_A-1509469"	"1"	199037777	1.403267722	"AB"
"SNP_A-1519684"	"1"	199128467	-0.358453971	"AA"
"SNP_A-1508463"	"1"	200194763	0.790772038	"BB"
"SNP_A-1513211"	"1"	200829877	-0.277533976	"BB"
"SNP_A-1517155"	"1"	200857367	-0.77349147	"AA"
"SNP_A-1517172"	"1"	201087653	0.773996325	"BB"
"SNP_A-1519326"	"1"	201511509	-0.749038426	"AB"
"SNP_A-1509616"	"1"	201512198	0.40599236	"AB"
"SNP_A-1509070"	"1"	201884017	-0.77349147	"NoCall"
"SNP_A-1518273"	"1"	201920398	1.550900665	"AA"
"SNP_A-1509283"	"1"	202939573	1.046141782	"AA"
"SNP_A-1510640"	"1"	204099824	0.298658316	"AA"
"SNP_A-1513375"	"1"	204719488	1.286881148	"NoCall"
"SNP_A-1519735"	"1"	205719248	-0.081613766	"AB"
"SNP_A-1512623"	"1"	205896818	-1.49410907	"NoCall"
"SNP_A-1515174"	"1"	206197802	-0.058893689	"AA"
"SNP_A-1515128"	"1"	206197877	0.422233001	"BB"
"SNP_A-1514578"	"1"	206198071	-0.066427362	"AA"
"SNP_A-1508041"	"1"	206275415	0.49057013	"BB"
"SNP_A-1509505"	"1"	206569916	2.070389328	"AA"
"SNP_A-1515352"	"1"	207086757	0.941106311	"NoCall"
"SNP_A-1517623"	"1"	207188675	0.627606838	"BB"
"SNP_A-1518928"	"1"	207189351	-0.295128036	"BB"
"SNP_A-1519051"	"1"	208019731	1.192194165	"AB"
"SNP_A-1516984"	"1"	208020259	0.819668183	"AB"
"SNP_A-1517643"	"1"	208047386	-0.689659879	"AA"
"SNP_A-1517685"	"1"	208047601	0.042644337	"BB"
"SNP_A-1510535"	"1"	208073728	0.432959407	"AB"
"SNP_A-1517965"	"1"	208073784	-0.192645078	"BB"
"SNP_A-1513787"	"1"	208789490	1.575312331	"AB"
"SNP_A-1513521"	"1"	209267672	-0.444183845	"AB"
"SNP_A-1510272"	"1"	209305434	0.389566812	"BB"
"SNP_A-1519107"	"1"	209450218	0.704871964	"AA"
"SNP_A-1514164"	"1"	210121760	-0.504304837	"BB"
"SNP_A-1508385"	"1"	210723082	0.201633861	"NoCall"
"SNP_A-1508434"	"1"	210723235	1.13093087	"AB"
"SNP_A-1509790"	"1"	210723322	1.689299161	"AB"
"SNP_A-1512997"	"1"	210723387	0.963474124	"AB"
"SNP_A-1518245"	"1"	211116250	0.773996325	"BB"
"SNP_A-1516719"	"1"	211899538	0.918386234	"BB"
"SNP_A-1509750"	"1"	212206758	0.195347598	"AA"
"SNP_A-1509708"	"1"	212206815	0.632268215	"BB"
"SNP_A-1513101"	"1"	212388261	0.021479727	"AB"
"SNP_A-1508788"	"1"	212530512	-0.875671865	"BB"
"SNP_A-1509789"	"1"	212567877	-0.689659879	"BB"
"SNP_A-1509116"	"1"	213049358	0.275007047	"AA"
"SNP_A-1508746"	"1"	213352217	-1.377069649	"AA"
"SNP_A-1508681"	"1"	213355133	-0.655171503	"NoCall"
"SNP_A-1513213"	"1"	213824587	-0.862496476	"AA"
"SNP_A-1519435"	"1"	213987511	-0.260151897	"AA"
"SNP_A-1510124"	"1"	214293299	-0.514573173	"AA"
"SNP_A-1510078"	"1"	214293393	-0.749038426	"AA"
"SNP_A-1508878"	"1"	214479988	-0.367731785	"BB"
"SNP_A-1519329"	"1"	214903688	1.042644337	"NoCall"
"SNP_A-1510582"	"1"	215164586	0.914564523	"BB"
"SNP_A-1519237"	"1"	215164662	0.310340121	"BB"
"SNP_A-1515361"	"1"	215342672	-0.081613766	"NoCall"
"SNP_A-1515879"	"1"	215700438	-1.454031631	"AB"
"SNP_A-1514740"	"1"	215803361	-0.160040413	"AB"
"SNP_A-1514648"	"1"	215803388	0.070389328	"AA"
"SNP_A-1514693"	"1"	215803656	-0.160040413	"AA"
"SNP_A-1507863"	"1"	216007474	0.90303827	"AA"
"SNP_A-1507911"	"1"	216007962	-0.358453971	"BB"
"SNP_A-1516543"	"1"	216095738	-0.454031631	"AA"
"SNP_A-1507785"	"1"	216115334	-0.112474729	"AB"
"SNP_A-1515839"	"1"	216402485	-0.286304185	"BB"
"SNP_A-1510203"	"1"	216709524	-1.377069649	"BB"
"SNP_A-1510299"	"1"	216709599	-0.483984853	"AA"
"SNP_A-1518222"	"1"	216882399	1.03562391	"AB"
"SNP_A-1510869"	"1"	217165209	0.526068812	"BB"
"SNP_A-1516407"	"1"	217545263	-0.152003093	"BB"
"SNP_A-1509797"	"1"	218021765	0.137503524	"AB"
"SNP_A-1513668"	"1"	218023974	-0.09696173	"AB"
"SNP_A-1513479"	"1"	218373549	-0.736965594	"AB"
"SNP_A-1514400"	"1"	218804873	-0.749038426	"BB"
"SNP_A-1517743"	"1"	218810955	-0.504304837	"NoCall"
"SNP_A-1510531"	"1"	218810993	-0.051399153	"BB"
"SNP_A-1510379"	"1"	218918719	-0.104697379	"AA"
"SNP_A-1512436"	"1"	219476809	-0.17625064	"BB"
"SNP_A-1512490"	"1"	219476967	0.292781749	"AA"
"SNP_A-1507333"	"1"	219803277	0.541019153	"BB"
"SNP_A-1508403"	"1"	220197559	-0.424687669	"BB"
"SNP_A-1511940"	"1"	220651455	0.655351829	"BB"
"SNP_A-1514260"	"1"	220653226	-1.785875195	"AA"
"SNP_A-1518174"	"1"	221796181	0.855989697	"NoCall"
"SNP_A-1512418"	"1"	221839383	-0.17625064	"BB"
"SNP_A-1513846"	"1"	221842676	-0.621488377	"AA"
"SNP_A-1514451"	"1"	222166314	1.260025656	"NoCall"
"SNP_A-1511047"	"1"	222177452	-0.058893689	"NoCall"
"SNP_A-1510893"	"1"	222177827	0.111031312	"AA"
"SNP_A-1512650"	"1"	222469199	-0.268816758	"BB"
"SNP_A-1512671"	"1"	222718968	-1.234465254	"NoCall"
"SNP_A-1512799"	"1"	224038302	1.056583528	"AB"
"SNP_A-1508029"	"1"	224157756	-0.785875195	"BB"
"SNP_A-1512893"	"1"	224316977	0.97819563	"BB"
"SNP_A-1512754"	"1"	224747605	0.427606173	"BB"
"SNP_A-1514941"	"1"	225425162	0.182692298	"BB"
"SNP_A-1518523"	"1"	225475258	0.438292852	"AA"
"SNP_A-1513157"	"1"	225475549	-0.514573173	"AA"
"SNP_A-1511741"	"1"	226120043	0.475084883	"NoCall"
"SNP_A-1519296"	"1"	226152512	-0.836501268	"AB"
"SNP_A-1518011"	"1"	226837308	1.09423607	"BB"
"SNP_A-1516853"	"1"	226880359	0.443606651	"AA"
"SNP_A-1509427"	"1"	227340317	-0.321928095	"AB"
"SNP_A-1511911"	"1"	227340482	0.014355293	"AA"
"SNP_A-1510613"	"1"	227345573	-1.556393349	"NoCall"
"SNP_A-1512761"	"1"	227345977	-1.029146346	"NoCall"
"SNP_A-1515057"	"1"	227959381	-0.081613766	"BB"
"SNP_A-1515249"	"1"	227996131	-0.434402824	"NoCall"
"SNP_A-1517583"	"1"	228858588	-1.321928095	"AB"
"SNP_A-1511395"	"1"	229060179	-0.251538767	"BB"
"SNP_A-1515191"	"1"	229066820	-0.849440323	"AA"
"SNP_A-1510130"	"1"	229723531	-1.304006187	"AB"
"SNP_A-1516565"	"1"	229888168	-0.577766999	"BB"
"SNP_A-1514024"	"1"	229888376	0.077242999	"AA"
"SNP_A-1516473"	"1"	229905200	-0.268816758	"AA"
"SNP_A-1508197"	"1"	230468380	0.545968369	"BB"
"SNP_A-1515794"	"1"	230532877	0.269033146	"BB"
"SNP_A-1509537"	"1"	230781799	1.533563348	"BB"
"SNP_A-1509142"	"1"	231082139	-0.77349147	"NoCall"
"SNP_A-1509199"	"1"	231082336	-0.902389203	"BB"
"SNP_A-1507602"	"1"	231537249	-0.234465254	"BB"
"SNP_A-1509372"	"1"	231800862	-0.058893689	"AA"
"SNP_A-1508559"	"1"	232604408	-0.112474729	"NoCall"
"SNP_A-1515543"	"1"	233300720	0.13093087	"AB"
"SNP_A-1513886"	"1"	233460572	0.14404637	"AB"
"SNP_A-1513841"	"1"	233460647	-0.678071905	"AB"
"SNP_A-1516166"	"1"	233460730	-0.849440323	"NoCall"
"SNP_A-1516230"	"1"	233599077	0.350497247	"AB"
"SNP_A-1511196"	"1"	233794031	-0.785875195	"NoCall"
"SNP_A-1519753"	"1"	234340498	0.910732662	"BB"
"SNP_A-1514939"	"1"	234461830	-0.798366139	"AA"
"SNP_A-1511083"	"1"	234802642	-0.678071905	"AA"
"SNP_A-1511122"	"1"	235085566	-0.424687669	"BB"
"SNP_A-1510228"	"1"	235085960	-0.330973234	"AA"
"SNP_A-1511780"	"1"	235511330	-0.77349147	"BB"
"SNP_A-1513104"	"1"	235737185	-1.168122759	"BB"
"SNP_A-1510769"	"1"	236516180	0.560714954	"BB"
"SNP_A-1511769"	"1"	236826314	0.879705766	"AB"
"SNP_A-1518538"	"1"	236826569	1.070389328	"AB"
"SNP_A-1508428"	"1"	237043568	-0.260151897	"AA"
"SNP_A-1509023"	"1"	237294469	0.207892852	"AB"
"SNP_A-1510116"	"1"	237337024	-0.862496476	"BB"
"SNP_A-1508971"	"1"	237337170	-0.736965594	"AA"
"SNP_A-1510486"	"1"	237497171	-1.074000581	"BB"
"SNP_A-1517999"	"1"	238330027	0.510961919	"NoCall"
"SNP_A-1512387"	"1"	238473200	-1.286304185	"AA"
"SNP_A-1518743"	"1"	238987443	-0.036525876	"AA"
"SNP_A-1517120"	"1"	238987915	0.682573297	"AA"
"SNP_A-1509491"	"1"	239087849	-1.168122759	"NoCall"
"SNP_A-1512587"	"1"	239239518	-1.234465254	"AB"
"SNP_A-1514841"	"1"	239441377	-0.514573173	"AB"
"SNP_A-1508457"	"1"	239674207	-0.312939312	"NoCall"
"SNP_A-1510715"	"1"	239752545	0.454175893	"AA"
"SNP_A-1510676"	"1"	239752624	-1.358453971	"BB"
"SNP_A-1507542"	"1"	239807184	-0.567040593	"AB"
"SNP_A-1512402"	"1"	241254498	1.422233001	"BB"
"SNP_A-1508721"	"1"	241380347	0.970853654	"AA"
"SNP_A-1509599"	"1"	242106291	1.253989266	"AB"
"SNP_A-1514060"	"1"	242481793	0.956056652	"AA"
"SNP_A-1519680"	"1"	242482981	0.070389328	"NoCall"
"SNP_A-1519727"	"1"	242483104	0.117695043	"BB"
"SNP_A-1510070"	"1"	243197558	0.028569152	"AA"
"SNP_A-1508483"	"1"	243931905	0.565597176	"AB"
"SNP_A-1509949"	"1"	244375022	1.010779839	"AB"
"SNP_A-1509709"	"1"	244819299	-0.112474729	"BB"
"SNP_A-1511090"	"1"	244906351	0.63691458	"AA"
"SNP_A-1509330"	"1"	245076622	0.339137385	"AB"
"SNP_A-1518802"	"1"	245728925	0.056583528	"AA"
"SNP_A-1517906"	"2"	118345	0.646162657	"AB"
"SNP_A-1516336"	"2"	157739	0.521050737	"AB"
"SNP_A-1519167"	"2"	1399816	0.475084883	"BB"
"SNP_A-1519236"	"2"	1399986	0.584962501	"AA"
"SNP_A-1512798"	"2"	1786898	1.042644337	"AA"
"SNP_A-1511864"	"2"	2055169	-1	"NoCall"
"SNP_A-1509485"	"2"	2055452	-0.798366139	"AB"
"SNP_A-1518030"	"2"	2108194	1.032100843	"BB"
"SNP_A-1511232"	"2"	2888794	-0.567040593	"AB"
"SNP_A-1519511"	"2"	2907122	0.790772038	"AB"
"SNP_A-1519673"	"2"	2907350	-0.849440323	"BB"
"SNP_A-1510086"	"2"	3456283	0.827819025	"BB"
"SNP_A-1517944"	"2"	3470492	0.084064265	"BB"
"SNP_A-1510342"	"2"	3625365	-0.386468347	"BB"
"SNP_A-1513589"	"2"	3625392	-0.798366139	"AB"
"SNP_A-1513049"	"2"	3668661	-0.277533976	"NoCall"
"SNP_A-1512708"	"2"	3799578	-0.104697379	"AB"
"SNP_A-1511006"	"2"	4205989	-0.434402824	"AB"
"SNP_A-1516666"	"2"	4244224	0.182692298	"AA"
"SNP_A-1508057"	"2"	4450343	-0.081613766	"AA"
"SNP_A-1509815"	"2"	4450594	0.584962501	"AA"
"SNP_A-1509273"	"2"	4528975	-0.286304185	"AA"
"SNP_A-1509408"	"2"	4769184	0.084064265	"BB"
"SNP_A-1508900"	"2"	5378065	-0.736965594	"BB"
"SNP_A-1516684"	"2"	6029102	-0.277533976	"AB"
"SNP_A-1515585"	"2"	6029769	-0.985644707	"BB"
"SNP_A-1508069"	"2"	6514134	0.316145742	"AB"
"SNP_A-1516098"	"2"	6908356	-0.849440323	"NoCall"
"SNP_A-1511251"	"2"	6926530	-0.666576266	"AA"
"SNP_A-1509731"	"2"	6982436	0.765534746	"NoCall"
"SNP_A-1518710"	"2"	7125905	1.711494907	"AA"
"SNP_A-1510415"	"2"	7222587	0.475084883	"AB"
"SNP_A-1514445"	"2"	7348798	0.372952098	"AB"
"SNP_A-1514397"	"2"	7348853	0.687060688	"AB"
"SNP_A-1508370"	"2"	7353174	-0.701341684	"AA"
"SNP_A-1517893"	"2"	7354537	0.669026766	"AA"
"SNP_A-1517780"	"2"	7354674	-0.621488377	"AA"
"SNP_A-1517168"	"2"	7391935	-0.304006187	"BB"
"SNP_A-1519163"	"2"	7427806	0.214124805	"AB"
"SNP_A-1519225"	"2"	7428041	0.14404637	"NoCall"
"SNP_A-1517047"	"2"	7574423	0.773996325	"BB"
"SNP_A-1508839"	"2"	8097360	0.310340121	"AB"
"SNP_A-1516200"	"2"	8250470	0.641546029	"AB"
"SNP_A-1509852"	"2"	8583434	0.13093087	"AA"
"SNP_A-1514998"	"2"	8836425	-0.64385619	"AA"
"SNP_A-1519375"	"2"	8956660	-1.577766999	"BB"
"SNP_A-1515850"	"2"	9656595	0.432959407	"BB"
"SNP_A-1508117"	"2"	9818530	-0.849440323	"NoCall"
"SNP_A-1515626"	"2"	10059391	0.182692298	"BB"
"SNP_A-1512440"	"2"	10162390	1.272023189	"AB"
"SNP_A-1508794"	"2"	10969679	0.070389328	"NoCall"
"SNP_A-1515682"	"2"	11148492	-1.454031631	"AB"
"SNP_A-1515665"	"2"	11361937	-1.377069649	"NoCall"
"SNP_A-1513417"	"2"	12028354	-0.556393349	"AB"
"SNP_A-1507900"	"2"	12078062	0.10433666	"AB"
"SNP_A-1507940"	"2"	12453179	0.214124805	"AB"
"SNP_A-1515495"	"2"	12531345	0	"AA"
"SNP_A-1517998"	"2"	12664485	1.295723025	"AA"
"SNP_A-1509689"	"2"	12776533	-0.985644707	"BB"
"SNP_A-1517387"	"2"	13101959	0.049630768	"BB"
"SNP_A-1508677"	"2"	14130739	-1.713118852	"NoCall"
"SNP_A-1516778"	"2"	14387184	0.790772038	"AB"
"SNP_A-1510170"	"2"	14450587	2.078951341	"AB"
"SNP_A-1512823"	"2"	14766885	0.726831217	"AB"
"SNP_A-1516894"	"2"	14827386	0.23878686	"BB"
"SNP_A-1508016"	"2"	14892393	0.310340121	"AA"
"SNP_A-1508717"	"2"	14999125	0.570462931	"BB"
"SNP_A-1508675"	"2"	14999155	-0.144010303	"AA"
"SNP_A-1512928"	"2"	15540555	-0.09696173	"BB"
"SNP_A-1512881"	"2"	15540577	0.339137385	"BB"
"SNP_A-1514156"	"2"	15540722	0.378511623	"BB"
"SNP_A-1508043"	"2"	15678903	-0.798366139	"BB"
"SNP_A-1510588"	"2"	15694987	1.321928095	"BB"
"SNP_A-1517263"	"2"	15700221	-0.849440323	"AA"
"SNP_A-1509383"	"2"	15746049	0.906890596	"AB"
"SNP_A-1519534"	"2"	16453583	-0.349235441	"AA"
"SNP_A-1511601"	"2"	17176193	1.163498732	"BB"
"SNP_A-1510147"	"2"	17194641	0.201633861	"NoCall"
"SNP_A-1515861"	"2"	17347081	0.10433666	"AA"
"SNP_A-1509745"	"2"	17347203	1.010779839	"BB"
"SNP_A-1518859"	"2"	17621271	0.682573297	"AA"
"SNP_A-1518806"	"2"	17621329	1.056583528	"AA"
"SNP_A-1514864"	"2"	17951794	-0.798366139	"AB"
"SNP_A-1517247"	"2"	17951794	-0.915935735	"AB"
"SNP_A-1510987"	"2"	17952099	0.042644337	"NoCall"
"SNP_A-1512038"	"2"	18007284	0.454175893	"AB"
"SNP_A-1507477"	"2"	18010758	-1.454031631	"NoCall"
"SNP_A-1516753"	"2"	18221217	-0.59946207	"AA"
"SNP_A-1511028"	"2"	18350687	1.220329955	"AA"
"SNP_A-1518160"	"2"	18402925	0.35614381	"AA"
"SNP_A-1513064"	"2"	18511685	-0.49410907	"AB"
"SNP_A-1509102"	"2"	18549680	-0.567040593	"AB"
"SNP_A-1512547"	"2"	18597154	0.847996907	"AA"
"SNP_A-1513190"	"2"	19125058	0.584962501	"AB"
"SNP_A-1519336"	"2"	19676916	0.163498732	"AB"
"SNP_A-1519415"	"2"	19707426	0.937344392	"AA"
"SNP_A-1515595"	"2"	19779275	-1.836501268	"BB"
"SNP_A-1515680"	"2"	19779598	-1.666576266	"BB"
"SNP_A-1509724"	"2"	20043543	-0.556393349	"NoCall"
"SNP_A-1510790"	"2"	20594466	0.207892852	"AA"
"SNP_A-1510287"	"2"	21312393	-0.713118852	"NoCall"
"SNP_A-1517357"	"2"	21492978	0.859969548	"NoCall"
"SNP_A-1513690"	"2"	21493154	0.925999419	"BB"
"SNP_A-1518529"	"2"	21493229	-0.64385619	"BB"
"SNP_A-1509873"	"2"	21554648	1.283921772	"BB"
"SNP_A-1516000"	"2"	21573186	1.014355293	"BB"
"SNP_A-1519596"	"2"	22029232	1.13093087	"AA"
"SNP_A-1518980"	"2"	22896558	1.077242999	"NoCall"
"SNP_A-1511469"	"2"	23314413	-1.915935735	"AB"
"SNP_A-1512910"	"2"	23364112	0.195347598	"NoCall"
"SNP_A-1519076"	"2"	23555707	0.526068812	"AB"
"SNP_A-1512025"	"2"	23593913	-0.655171503	"AA"
"SNP_A-1514504"	"2"	23594550	-0.473931188	"BB"
"SNP_A-1513535"	"2"	23603924	0.09085343	"BB"
"SNP_A-1512235"	"2"	23649678	-0.226003675	"NoCall"
"SNP_A-1516764"	"2"	23685963	-0.260151897	"BB"
"SNP_A-1511519"	"2"	23697734	0.23878686	"AB"
"SNP_A-1509441"	"2"	24699320	-1.184424571	"BB"
"SNP_A-1510510"	"2"	24764683	-0.76121314	"BB"
"SNP_A-1510224"	"2"	25598125	-0.514573173	"NoCall"
"SNP_A-1508355"	"2"	25598284	-1.713118852	"NoCall"
"SNP_A-1510316"	"2"	26237483	-0.358453971	"AB"
"SNP_A-1509244"	"2"	27127270	-0.415037499	"AB"
"SNP_A-1516730"	"2"	27185747	0.169925001	"AB"
"SNP_A-1517900"	"2"	27416180	-0.066427362	"NoCall"
"SNP_A-1517946"	"2"	27416439	-0.588573754	"BB"
"SNP_A-1516083"	"2"	28251178	-1.13606155	"AA"
"SNP_A-1509558"	"2"	29852906	-1.377069649	"AA"
"SNP_A-1509660"	"2"	29853034	-0.823677227	"AA"
"SNP_A-1508178"	"2"	29879839	-0.689659879	"BB"
"SNP_A-1511511"	"2"	30237911	0.339137385	"NoCall"
"SNP_A-1511554"	"2"	30238153	0.275007047	"BB"
"SNP_A-1516847"	"2"	30385353	-0.514573173	"AA"
"SNP_A-1516978"	"2"	30695287	0.560714954	"AA"
"SNP_A-1511377"	"2"	30800813	-0.434402824	"BB"
"SNP_A-1517077"	"2"	30960309	-0.588573754	"NoCall"
"SNP_A-1517071"	"2"	31151051	0.257010618	"AB"
"SNP_A-1517393"	"2"	31300967	0.14404637	"AA"
"SNP_A-1513002"	"2"	31562823	0.384049807	"AB"
"SNP_A-1513730"	"2"	31585902	0.063502942	"NoCall"
"SNP_A-1507540"	"2"	31712754	-0.666576266	"AB"
"SNP_A-1515750"	"2"	31763524	-0.330973234	"BB"
"SNP_A-1511703"	"2"	31866877	0.176322773	"AB"
"SNP_A-1516903"	"2"	33049034	-1.377069649	"AB"
"SNP_A-1514015"	"2"	33126577	0.03562391	"AB"
"SNP_A-1513050"	"2"	33266987	0.422233001	"AB"
"SNP_A-1518247"	"2"	33516237	-0.321928095	"AB"
"SNP_A-1518291"	"2"	33516322	0	"AA"
"SNP_A-1511109"	"2"	33632761	0.263034406	"BB"
"SNP_A-1517110"	"2"	33696031	0.169925001	"BB"
"SNP_A-1512904"	"2"	33696081	0.709290636	"AA"
"SNP_A-1516557"	"2"	33698045	-0.588573754	"BB"
"SNP_A-1516838"	"2"	33890601	-0.377069649	"BB"
"SNP_A-1513991"	"2"	34192114	0.992768431	"AA"
"SNP_A-1515440"	"2"	34223760	-0.902389203	"AA"
"SNP_A-1507424"	"2"	34239768	0.124328135	"AB"
"SNP_A-1511999"	"2"	34448458	0	"AB"
"SNP_A-1514849"	"2"	34449008	-1.689659879	"AB"
"SNP_A-1508751"	"2"	34506310	-0.415037499	"AB"
"SNP_A-1512607"	"2"	34507050	0.744161096	"AB"
"SNP_A-1516528"	"2"	34515721	-0.567040593	"NoCall"
"SNP_A-1513486"	"2"	34517685	-1.395928676	"AA"
"SNP_A-1512362"	"2"	34528777	1.443606651	"BB"
"SNP_A-1516039"	"2"	34576425	0.438292852	"AB"
"SNP_A-1516085"	"2"	34576462	0.516015147	"AA"
"SNP_A-1516118"	"2"	34642256	0.480265122	"AA"
"SNP_A-1516169"	"2"	34642284	-0.192645078	"AA"
"SNP_A-1509592"	"2"	35118399	-0.678071905	"AB"
"SNP_A-1510647"	"2"	35118662	0.3950628	"AB"
"SNP_A-1513858"	"2"	35747294	0.378511623	"AA"
"SNP_A-1514661"	"2"	35753893	-0.59946207	"AA"
"SNP_A-1514111"	"2"	35753966	-0.76121314	"BB"
"SNP_A-1509665"	"2"	35803913	0.941106311	"BB"
"SNP_A-1519450"	"2"	35853524	-0.066427362	"AB"
"SNP_A-1517337"	"2"	35857118	-0.736965594	"AB"
"SNP_A-1517431"	"2"	35857205	-0.514573173	"AB"
"SNP_A-1517491"	"2"	35857274	-0.577766999	"AB"
"SNP_A-1510912"	"2"	35912023	-0.112474729	"NoCall"
"SNP_A-1509512"	"2"	35974174	0.682573297	"AB"
"SNP_A-1516301"	"2"	36168715	1.100977648	"BB"
"SNP_A-1514500"	"2"	36245657	0.883620816	"BB"
"SNP_A-1514127"	"2"	36334740	0.056583528	"BB"
"SNP_A-1517886"	"2"	36550070	-0.184424571	"AB"
"SNP_A-1517827"	"2"	36550194	-0.724992953	"AB"
"SNP_A-1515525"	"2"	36737897	-1.120294234	"NoCall"
"SNP_A-1511079"	"2"	37572956	-0.349235441	"BB"
"SNP_A-1511342"	"2"	37839349	-1.184424571	"NoCall"
"SNP_A-1508000"	"2"	37890595	-0.152003093	"BB"
"SNP_A-1514711"	"2"	37923786	1.648465443	"AA"
"SNP_A-1508989"	"2"	38169649	0.03562391	"AB"
"SNP_A-1515648"	"2"	38203203	0.761285273	"AB"
"SNP_A-1510781"	"2"	38355351	-0.104697379	"AB"
"SNP_A-1512964"	"2"	38648878	-1.286304185	"AB"
"SNP_A-1508620"	"2"	39097161	0.097610797	"BB"
"SNP_A-1507783"	"2"	39756102	0.201633861	"BB"
"SNP_A-1516668"	"2"	39756666	0.432959407	"AA"
"SNP_A-1516061"	"2"	40156927	-0.226003675	"AA"
"SNP_A-1518345"	"2"	40164281	0.794935663	"AA"
"SNP_A-1513665"	"2"	40352721	1.35614381	"AA"
"SNP_A-1513715"	"2"	40352774	-0.168122759	"AA"
"SNP_A-1513775"	"2"	40352879	0.500802053	"BB"
"SNP_A-1508507"	"2"	40357161	0.807354922	"BB"
"SNP_A-1508597"	"2"	40357247	0.5360529	"BB"
"SNP_A-1511695"	"2"	40361998	-1.168122759	"AA"
"SNP_A-1511071"	"2"	40472036	-0.112474729	"AA"
"SNP_A-1515884"	"2"	40800066	-0.295128036	"AB"
"SNP_A-1511412"	"2"	40865581	-0.120294234	"NoCall"
"SNP_A-1513398"	"2"	41077498	-1.120294234	"NoCall"
"SNP_A-1507546"	"2"	41077581	-0.312939312	"BB"
"SNP_A-1513308"	"2"	41077758	-0.76121314	"AA"
"SNP_A-1516010"	"2"	41293099	-0.089267338	"BB"
"SNP_A-1519734"	"2"	41307996	1.185866545	"BB"
"SNP_A-1508833"	"2"	41691114	1.153805336	"AA"
"SNP_A-1517299"	"2"	41766323	1.596935142	"AA"
"SNP_A-1519138"	"2"	41887565	0.464668267	"AB"
"SNP_A-1517010"	"2"	41979449	0.321928095	"AA"
"SNP_A-1516333"	"2"	41979769	-0.043943348	"AB"
"SNP_A-1509001"	"2"	42105746	-0.321928095	"BB"
"SNP_A-1508450"	"2"	42201379	0.803227036	"NoCall"
"SNP_A-1517112"	"2"	43939542	-0.632628934	"NoCall"
"SNP_A-1512954"	"2"	43973165	-0.066427362	"BB"
"SNP_A-1508552"	"2"	43973717	-0.358453971	"AB"
"SNP_A-1511804"	"2"	44895495	0.925999419	"BB"
"SNP_A-1511038"	"2"	45027146	-0.104697379	"BB"
"SNP_A-1519585"	"2"	45104050	2.599317794	"AA"
"SNP_A-1513769"	"2"	45269289	-0.810966176	"NoCall"
"SNP_A-1507817"	"2"	45275275	-0.666576266	"AB"
"SNP_A-1511974"	"2"	45355349	-0.514573173	"BB"
"SNP_A-1509141"	"2"	45583739	-0.785875195	"AA"
"SNP_A-1507678"	"2"	45885484	0.650764559	"AB"
"SNP_A-1512444"	"2"	45915113	-0.689659879	"BB"
"SNP_A-1512269"	"2"	45955645	-0.424687669	"AB"
"SNP_A-1511737"	"2"	45955686	-0.483984853	"AB"
"SNP_A-1515891"	"2"	46089559	0.214124805	"AA"
"SNP_A-1514144"	"2"	46372165	0.163498732	"BB"
"SNP_A-1511203"	"2"	47088486	-0.621488377	"AB"
"SNP_A-1511830"	"2"	47346959	0.22650853	"AB"
"SNP_A-1507700"	"2"	48773017	-0.49410907	"BB"
"SNP_A-1507657"	"2"	48823600	1.23878686	"AA"
"SNP_A-1508816"	"2"	49162848	-0.724992953	"BB"
"SNP_A-1510750"	"2"	49322774	1.931683057	"BB"
"SNP_A-1507938"	"2"	49344892	0.531069493	"AB"
"SNP_A-1517723"	"2"	49345015	0.495695163	"AB"
"SNP_A-1508053"	"2"	49351445	0.580145484	"AB"
"SNP_A-1511701"	"2"	49484212	-0.304006187	"AB"
"SNP_A-1511647"	"2"	49484311	-1.120294234	"AA"
"SNP_A-1509822"	"2"	49610125	0.280956314	"AA"
"SNP_A-1516804"	"2"	50189273	-0.902389203	"NoCall"
"SNP_A-1511750"	"2"	50222995	0.280956314	"BB"
"SNP_A-1514906"	"2"	50311027	0.021479727	"AB"
"SNP_A-1508892"	"2"	50373246	-0.226003675	"AA"
"SNP_A-1511657"	"2"	50373436	-0.588573754	"AB"
"SNP_A-1507426"	"2"	50492868	-0.377069649	"AA"
"SNP_A-1510297"	"2"	50493004	-0.424687669	"BB"
"SNP_A-1513822"	"2"	50637553	-0.17625064	"BB"
"SNP_A-1510992"	"2"	50736321	0.599317794	"NoCall"
"SNP_A-1518200"	"2"	50848200	-0.104697379	"BB"
"SNP_A-1516320"	"2"	51710389	-1.577766999	"AA"
"SNP_A-1511992"	"2"	51711528	0.650764559	"AA"
"SNP_A-1507833"	"2"	51730265	-0.02180437	"AA"
"SNP_A-1515146"	"2"	51749795	1.214124805	"AB"
"SNP_A-1512171"	"2"	51850761	0.286881148	"NoCall"
"SNP_A-1518885"	"2"	51954075	-0.415037499	"BB"
"SNP_A-1512449"	"2"	52030755	0.550900665	"AA"
"SNP_A-1508496"	"2"	52294689	0.695993813	"AB"
"SNP_A-1515586"	"2"	52375955	0.316145742	"BB"
"SNP_A-1511105"	"2"	52675003	-1.120294234	"NoCall"
"SNP_A-1515761"	"2"	52787454	0.632268215	"AB"
"SNP_A-1513048"	"2"	52797035	1.15704371	"AA"
"SNP_A-1513009"	"2"	52797078	-0.089267338	"BB"
"SNP_A-1516004"	"2"	52825607	-0.588573754	"NoCall"
"SNP_A-1512716"	"2"	52884238	0.339137385	"AB"
"SNP_A-1511060"	"2"	52960358	0.10433666	"AB"
"SNP_A-1514137"	"2"	53073940	0.608809243	"AB"
"SNP_A-1515606"	"2"	53514494	-0.535331733	"AB"
"SNP_A-1509477"	"2"	53637846	-0.736965594	"BB"
"SNP_A-1509438"	"2"	53638007	-0.701341684	"BB"
"SNP_A-1515938"	"2"	53666583	1.217230716	"AA"
"SNP_A-1519390"	"2"	53899262	0.286881148	"AA"
"SNP_A-1515701"	"2"	54258975	-0.483984853	"AA"
"SNP_A-1515659"	"2"	54259118	0.09085343	"AA"
"SNP_A-1519300"	"2"	54329461	-0.514573173	"AB"
"SNP_A-1518685"	"2"	54329587	-1.49410907	"AB"
"SNP_A-1513600"	"2"	54414844	0	"BB"
"SNP_A-1510410"	"2"	54546686	0.718087584	"AB"
"SNP_A-1512692"	"2"	54739686	-0.209227962	"AA"
"SNP_A-1513924"	"2"	54739708	-0.836501268	"BB"
"SNP_A-1511486"	"2"	55537554	0.007195501	"BB"
"SNP_A-1511444"	"2"	55538022	-0.632628934	"AA"
"SNP_A-1518367"	"2"	55623983	-0.043943348	"AA"
"SNP_A-1511968"	"2"	55878154	1.17951105	"NoCall"
"SNP_A-1516394"	"2"	56005819	1.459431619	"NoCall"
"SNP_A-1514292"	"2"	56193062	0.475084883	"BB"
"SNP_A-1518748"	"2"	56233140	-0.849440323	"AA"
"SNP_A-1515107"	"2"	56332116	1.40599236	"BB"
"SNP_A-1511615"	"2"	56421572	-0.957355663	"BB"
"SNP_A-1512221"	"2"	56481633	-0.358453971	"AA"
"SNP_A-1514465"	"2"	56481833	-0.074000581	"AB"
"SNP_A-1517857"	"2"	56642643	-0.862496476	"AB"
"SNP_A-1515497"	"2"	56734497	1.220329955	"AB"
"SNP_A-1511834"	"2"	57011799	0.584962501	"BB"
"SNP_A-1519602"	"2"	57072673	-0.104697379	"NoCall"
"SNP_A-1514209"	"2"	57191123	0.432959407	"AB"
"SNP_A-1517981"	"2"	57279959	0.042644337	"AB"
"SNP_A-1517417"	"2"	57280174	0.15704371	"AB"
"SNP_A-1507803"	"2"	57372438	0.589763487	"BB"
"SNP_A-1509876"	"2"	57699925	0.195347598	"AB"
"SNP_A-1507960"	"2"	57699966	-0.144010303	"AB"
"SNP_A-1513978"	"2"	57795479	-1.286304185	"AA"
"SNP_A-1507485"	"2"	57801887	0.097610797	"AB"
"SNP_A-1518264"	"2"	57915821	-0.152003093	"AB"
"SNP_A-1509970"	"2"	58084335	-0.64385619	"BB"
"SNP_A-1513386"	"2"	58131073	1.641546029	"AA"
"SNP_A-1508628"	"2"	58573047	-0.312939312	"AB"
"SNP_A-1509550"	"2"	58828092	1.275007047	"NoCall"
"SNP_A-1507848"	"2"	58829108	1.275007047	"AA"
"SNP_A-1514953"	"2"	59218783	0.584962501	"BB"
"SNP_A-1514078"	"2"	59355290	0.480265122	"NoCall"
"SNP_A-1512804"	"2"	59879099	0.13093087	"BB"
"SNP_A-1507964"	"2"	59903133	-0.066427362	"BB"
"SNP_A-1519194"	"2"	60721726	-0.785875195	"NoCall"
"SNP_A-1516911"	"2"	60789859	1.367371066	"BB"
"SNP_A-1510762"	"2"	61066484	-0.64385619	"BB"
"SNP_A-1513065"	"2"	61350997	0.304511042	"AA"
"SNP_A-1515243"	"2"	61630590	0.09085343	"AA"
"SNP_A-1517109"	"2"	61934757	-0.260151897	"BB"
"SNP_A-1511250"	"2"	62763812	0.201633861	"AB"
"SNP_A-1510948"	"2"	64821570	0.485426827	"NoCall"
"SNP_A-1516617"	"2"	65679568	-1	"BB"
"SNP_A-1512405"	"2"	65864846	0.709290636	"AB"
"SNP_A-1512114"	"2"	66305189	1.316145742	"AA"
"SNP_A-1507670"	"2"	66618307	-0.120294234	"BB"
"SNP_A-1516775"	"2"	66696394	0.959770155	"BB"
"SNP_A-1514681"	"2"	66697345	-0.17625064	"BB"
"SNP_A-1516192"	"2"	66984245	0.438292852	"BB"
"SNP_A-1515223"	"2"	67051645	0.66448284	"BB"
"SNP_A-1515074"	"2"	67052131	1.553360503	"NoCall"
"SNP_A-1512542"	"2"	67705206	0.182692298	"AA"
"SNP_A-1516900"	"2"	67905612	0.250961574	"AB"
"SNP_A-1507340"	"2"	67915167	-0.268816758	"AB"
"SNP_A-1507389"	"2"	67915178	-0.621488377	"AB"
"SNP_A-1507451"	"2"	67915401	0.50589093	"AB"
"SNP_A-1516734"	"2"	68140614	0.673556424	"AB"
"SNP_A-1507675"	"2"	68981841	0.321928095	"AA"
"SNP_A-1515032"	"2"	69722351	0.480265122	"AA"
"SNP_A-1519014"	"2"	69814359	-1.217591435	"AB"
"SNP_A-1513207"	"2"	69862371	0.372952098	"AB"
"SNP_A-1513251"	"2"	69862417	-0.029146346	"BB"
"SNP_A-1509045"	"2"	70678568	-0.556393349	"BB"
"SNP_A-1512796"	"2"	71351537	0.464668267	"NoCall"
"SNP_A-1507431"	"2"	71380993	-0.666576266	"BB"
"SNP_A-1507478"	"2"	71381107	1.163498732	"AA"
"SNP_A-1509019"	"2"	71422993	-0.234465254	"AB"
"SNP_A-1511345"	"2"	71516198	0.555816155	"AB"
"SNP_A-1517806"	"2"	71574892	-0.915935735	"AB"
"SNP_A-1507488"	"2"	71912726	-0.632628934	"AB"
"SNP_A-1517201"	"2"	73348694	0.361768359	"AB"
"SNP_A-1511586"	"2"	73349403	0.097610797	"AA"
"SNP_A-1509787"	"2"	76402264	-0.036525876	"BB"
"SNP_A-1511621"	"2"	76405478	0.207892852	"BB"
"SNP_A-1509042"	"2"	76588297	-0.066427362	"AA"
"SNP_A-1507337"	"2"	76961805	-1.395928676	"AA"
"SNP_A-1514777"	"2"	77069327	-0.234465254	"AB"
"SNP_A-1519310"	"2"	77369687	1.319039816	"AA"
"SNP_A-1509747"	"2"	77599937	0.09085343	"AB"
"SNP_A-1515509"	"2"	78090410	-0.295128036	"AB"
"SNP_A-1518246"	"2"	78566746	0.565597176	"NoCall"
"SNP_A-1511049"	"2"	79200082	0.35614381	"AB"
"SNP_A-1519730"	"2"	79200227	-0.277533976	"NoCall"
"SNP_A-1515230"	"2"	79397502	1.587364991	"AA"
"SNP_A-1514930"	"2"	79434632	-0.286304185	"BB"
"SNP_A-1516920"	"2"	79548052	0.803227036	"AA"
"SNP_A-1514075"	"2"	79549645	-0.251538767	"AA"
"SNP_A-1514041"	"2"	79549724	-0.902389203	"AA"
"SNP_A-1512249"	"2"	79589834	0.687060688	"AB"
"SNP_A-1515958"	"2"	79954504	-0.144010303	"AB"
"SNP_A-1507995"	"2"	80317959	0.855989697	"BB"
"SNP_A-1511732"	"2"	80366749	0.269033146	"BB"
"SNP_A-1510074"	"2"	80476256	-1.689659879	"AA"
"SNP_A-1509339"	"2"	80555415	0.700439718	"AA"
"SNP_A-1510052"	"2"	80684458	-0.242976753	"BB"
"SNP_A-1518666"	"2"	81570239	-0.567040593	"AB"
"SNP_A-1518723"	"2"	81570410	0.367371066	"AB"
"SNP_A-1511194"	"2"	81960032	0.687060688	"AB"
"SNP_A-1518644"	"2"	82370751	-0.736965594	"AB"
"SNP_A-1516513"	"2"	82421784	-1.058893689	"BB"
"SNP_A-1515896"	"2"	83099300	0.021479727	"AA"
"SNP_A-1514344"	"2"	83099352	-0.184424571	"AB"
"SNP_A-1510887"	"2"	83194852	-0.081613766	"BB"
"SNP_A-1512977"	"2"	83669471	0.378511623	"AA"
"SNP_A-1512931"	"2"	83669585	0.655351829	"AA"
"SNP_A-1519080"	"2"	83738396	-0.985644707	"NoCall"
"SNP_A-1519141"	"2"	83738478	-0.49410907	"AB"
"SNP_A-1518153"	"2"	83895487	-0.304006187	"AA"
"SNP_A-1515059"	"2"	83901201	-0.160040413	"BB"
"SNP_A-1508129"	"2"	83932848	0.316145742	"AA"
"SNP_A-1510095"	"2"	84173414	-0.386468347	"BB"
"SNP_A-1512739"	"2"	84192522	0.464668267	"AA"
"SNP_A-1515913"	"2"	84192831	0.070389328	"AA"
"SNP_A-1512564"	"2"	84222932	1.589763487	"AA"
"SNP_A-1517606"	"2"	84279339	-0.749038426	"NoCall"
"SNP_A-1507627"	"2"	84460561	1.555816155	"BB"
"SNP_A-1510238"	"2"	85029133	1.198494154	"BB"
"SNP_A-1507828"	"2"	85940309	-0.4639471	"AB"
"SNP_A-1517676"	"2"	86099706	-0.888968688	"AB"
"SNP_A-1519123"	"2"	86302723	-1.029146346	"BB"
"SNP_A-1518513"	"2"	86378951	0.59454855	"NoCall"
"SNP_A-1517978"	"2"	88304481	0.070389328	"BB"
"SNP_A-1512117"	"2"	88304655	0.66448284	"AA"
"SNP_A-1513783"	"2"	88317231	1.295723025	"AA"
"SNP_A-1518151"	"2"	88317362	-0.330973234	"AA"
"SNP_A-1517253"	"2"	89056211	-0.260151897	"AA"
"SNP_A-1517173"	"2"	89056297	0.959770155	"AB"
"SNP_A-1513345"	"2"	98040934	-0.120294234	"BB"
"SNP_A-1507470"	"2"	98228170	-0.066427362	"AB"
"SNP_A-1511089"	"2"	99306329	0.831877241	"AB"
"SNP_A-1517968"	"2"	99325673	-0.567040593	"NoCall"
"SNP_A-1512065"	"2"	101086671	-0.007231569	"AB"
"SNP_A-1509994"	"2"	101235722	-0.066427362	"AA"
"SNP_A-1510269"	"2"	101657160	0.464668267	"AA"
"SNP_A-1511908"	"2"	102444279	1.885574364	"BB"
"SNP_A-1516857"	"2"	102553693	0.389566812	"AA"
"SNP_A-1511838"	"2"	102553912	0.782408565	"BB"
"SNP_A-1519006"	"2"	102830010	0.269033146	"NoCall"
"SNP_A-1515877"	"2"	102887279	-0.749038426	"AB"
"SNP_A-1513056"	"2"	103245588	-0.209227962	"BB"
"SNP_A-1508314"	"2"	103423708	-0.567040593	"AA"
"SNP_A-1514371"	"2"	103435015	1.543495883	"AA"
"SNP_A-1514994"	"2"	103929945	0.744161096	"AB"
"SNP_A-1509516"	"2"	104179889	0.298658316	"NoCall"
"SNP_A-1511149"	"2"	105025980	1.555816155	"AA"
"SNP_A-1511106"	"2"	105026101	0.10433666	"AA"
"SNP_A-1511354"	"2"	105026367	0.914564523	"AA"
"SNP_A-1507807"	"2"	105206397	-0.144010303	"NoCall"
"SNP_A-1515084"	"2"	105857289	0.280956314	"AB"
"SNP_A-1516765"	"2"	106041803	-0.59946207	"AA"
"SNP_A-1517236"	"2"	107084822	-0.957355663	"AA"
"SNP_A-1512319"	"2"	107228439	0.327687364	"BB"
"SNP_A-1511633"	"2"	107292804	0.744161096	"AA"
"SNP_A-1511816"	"2"	107672730	0.201633861	"AB"
"SNP_A-1511930"	"2"	107672915	0.077242999	"AB"
"SNP_A-1507421"	"2"	107735745	-2.120294234	"NoCall"
"SNP_A-1508846"	"2"	107841363	0.883620816	"AB"
"SNP_A-1510976"	"2"	108159023	0.416839742	"NoCall"
"SNP_A-1509290"	"2"	108429824	0.599317794	"AB"
"SNP_A-1511865"	"2"	108678009	-0.349235441	"BB"
"SNP_A-1517377"	"2"	108792239	0.263034406	"BB"
"SNP_A-1512350"	"2"	109110765	0.570462931	"BB"
"SNP_A-1512452"	"2"	109110829	0.584962501	"NoCall"
"SNP_A-1511892"	"2"	110718232	-0.104697379	"AB"
"SNP_A-1519030"	"2"	111712058	0.250961574	"BB"
"SNP_A-1507972"	"2"	111896548	0.510961919	"AA"
"SNP_A-1513972"	"2"	112002837	0.469885976	"AA"
"SNP_A-1519186"	"2"	112061368	-0.902389203	"BB"
"SNP_A-1517611"	"2"	112617043	-0.915935735	"NoCall"
"SNP_A-1509895"	"2"	113090956	-1.251538767	"BB"
"SNP_A-1513666"	"2"	113437712	-0.424687669	"AA"
"SNP_A-1512976"	"2"	113848729	0.63691458	"BB"
"SNP_A-1510785"	"2"	113862700	0.014355293	"AA"
"SNP_A-1511280"	"2"	114017422	-0.424687669	"AB"
"SNP_A-1510649"	"2"	114129772	1.028569152	"AB"
"SNP_A-1514351"	"2"	115273622	-0.849440323	"BB"
"SNP_A-1514300"	"2"	115273701	-0.524915117	"BB"
"SNP_A-1512593"	"2"	115381399	0.66448284	"AB"
"SNP_A-1514211"	"2"	115469362	0.257010618	"AA"
"SNP_A-1510178"	"2"	115650309	-0.610433188	"NoCall"
"SNP_A-1512521"	"2"	115945862	-0.217591435	"BB"
"SNP_A-1514120"	"2"	116219647	-1.074000581	"NoCall"
"SNP_A-1513042"	"2"	116297568	0.910732662	"AA"
"SNP_A-1515742"	"2"	116326343	0.13093087	"AA"
"SNP_A-1519687"	"2"	116338892	0.40599236	"AA"
"SNP_A-1507963"	"2"	116579843	0.176322773	"BB"
"SNP_A-1510846"	"2"	116980852	-0.358453971	"AA"
"SNP_A-1512962"	"2"	117006861	0.286881148	"BB"
"SNP_A-1511457"	"2"	117260392	-0.007231569	"BB"
"SNP_A-1509285"	"2"	117345635	0.339137385	"NoCall"
"SNP_A-1512721"	"2"	117399685	0.632268215	"AB"
"SNP_A-1512651"	"2"	117399898	-0.4639471	"AB"
"SNP_A-1512596"	"2"	117399924	-0.454031631	"AB"
"SNP_A-1509446"	"2"	117421945	1.232660757	"BB"
"SNP_A-1509540"	"2"	117422094	1.13093087	"AA"
"SNP_A-1509593"	"2"	117422120	0.292781749	"BB"
"SNP_A-1508898"	"2"	117976852	0.748461233	"AA"
"SNP_A-1509510"	"2"	118089868	-1.434402824	"AA"
"SNP_A-1514159"	"2"	118244053	-0.226003675	"AA"
"SNP_A-1509096"	"2"	118244375	0.111031312	"AA"
"SNP_A-1518699"	"2"	118521181	0.545968369	"BB"
"SNP_A-1511979"	"2"	119135726	-0.632628934	"AA"
"SNP_A-1518476"	"2"	119580208	-0.823677227	"AB"
"SNP_A-1519642"	"2"	120244421	0	"BB"
"SNP_A-1508360"	"2"	121337052	0.333423734	"BB"
"SNP_A-1516693"	"2"	121359616	-1.59946207	"AA"
"SNP_A-1509880"	"2"	121462375	-0.395928676	"AB"
"SNP_A-1509499"	"2"	121578877	-0.610433188	"AB"
"SNP_A-1509041"	"2"	123093089	-0.535331733	"BB"
"SNP_A-1509085"	"2"	123093385	0.859969548	"AA"
"SNP_A-1512647"	"2"	123108278	-0.689659879	"AA"
"SNP_A-1517971"	"2"	123161810	-0.524915117	"BB"
"SNP_A-1510409"	"2"	123458631	-0.066427362	"BB"
"SNP_A-1509674"	"2"	123569348	0.970853654	"AA"
"SNP_A-1512867"	"2"	123655841	0.09085343	"AA"
"SNP_A-1518569"	"2"	123660072	0.475084883	"AA"
"SNP_A-1519545"	"2"	123775402	0.914564523	"AB"
"SNP_A-1516944"	"2"	123831874	0.735522177	"NoCall"
"SNP_A-1509292"	"2"	124069756	0.655351829	"AA"
"SNP_A-1514473"	"2"	124250461	0.5360529	"BB"
"SNP_A-1514425"	"2"	124250483	1.367371066	"AA"
"SNP_A-1508728"	"2"	124250548	-0.395928676	"BB"
"SNP_A-1508688"	"2"	124251120	0.063502942	"AA"
"SNP_A-1516302"	"2"	124372095	-0.226003675	"BB"
"SNP_A-1508835"	"2"	124470772	0.339137385	"BB"
"SNP_A-1514033"	"2"	125061138	-2.943416472	"NoCall"
"SNP_A-1514753"	"2"	125093509	0.021479727	"AA"
"SNP_A-1516036"	"2"	125093674	0.510961919	"AA"
"SNP_A-1512462"	"2"	125110104	0.584962501	"AB"
"SNP_A-1512409"	"2"	125110247	-1.200912694	"NoCall"
"SNP_A-1514112"	"2"	125132191	0.887525271	"AB"
"SNP_A-1514157"	"2"	125132205	0.891419187	"NoCall"
"SNP_A-1513919"	"2"	125249479	-0.036525876	"AA"
"SNP_A-1512944"	"2"	125351734	-0.234465254	"AA"
"SNP_A-1507356"	"2"	125352076	-0.621488377	"AA"
"SNP_A-1517271"	"2"	125432185	-0.312939312	"NoCall"
"SNP_A-1517081"	"2"	125591694	-1.666576266	"AB"
"SNP_A-1515826"	"2"	126237717	-0.678071905	"BB"
"SNP_A-1518376"	"2"	126295411	-0.915935735	"AB"
"SNP_A-1508464"	"2"	126385521	-0.59946207	"AA"
"SNP_A-1516897"	"2"	126764464	-0.545824107	"AA"
"SNP_A-1509156"	"2"	127877160	1.625270489	"NoCall"
"SNP_A-1519490"	"2"	128793100	-0.929610672	"AB"
"SNP_A-1518422"	"2"	129652442	-0.749038426	"AB"
"SNP_A-1517292"	"2"	129652584	0.244887059	"BB"
"SNP_A-1516700"	"2"	130167373	0.372952098	"AA"
"SNP_A-1516173"	"2"	130234202	0.521050737	"AB"
"SNP_A-1518354"	"2"	130364473	0.13093087	"NoCall"
"SNP_A-1517758"	"2"	133952983	0.063502942	"AA"
"SNP_A-1511294"	"2"	133953217	0.485426827	"BB"
"SNP_A-1519638"	"2"	134630705	0.438292852	"AB"
"SNP_A-1509354"	"2"	134730137	0.835924074	"BB"
"SNP_A-1514105"	"2"	134730340	0.879705766	"AB"
"SNP_A-1511176"	"2"	135058287	2.218781168	"AA"
"SNP_A-1514951"	"2"	135256821	0.35614381	"BB"
"SNP_A-1510137"	"2"	135441972	0.575312331	"AB"
"SNP_A-1518249"	"2"	135457322	-0.504304837	"AB"
"SNP_A-1518194"	"2"	135457541	-0.066427362	"AB"
"SNP_A-1512905"	"2"	135758058	0.021479727	"AB"
"SNP_A-1515990"	"2"	136604427	-0.051399153	"AA"
"SNP_A-1517697"	"2"	137507878	1.641546029	"AA"
"SNP_A-1510705"	"2"	137574971	-0.655171503	"AA"
"SNP_A-1519648"	"2"	137737555	-0.785875195	"NoCall"
"SNP_A-1507608"	"2"	137737755	-0.49410907	"AB"
"SNP_A-1514022"	"2"	137813695	0.618238656	"BB"
"SNP_A-1508085"	"2"	137836944	0.918386234	"AB"
"SNP_A-1507761"	"2"	138196773	0.275007047	"AA"
"SNP_A-1515923"	"2"	138261115	-0.504304837	"AA"
"SNP_A-1517651"	"2"	138269603	-0.112474729	"BB"
"SNP_A-1511442"	"2"	138499525	-0.836501268	"NoCall"
"SNP_A-1511393"	"2"	138566503	-0.689659879	"NoCall"
"SNP_A-1517647"	"2"	139572014	1.821710215	"AB"
"SNP_A-1511725"	"2"	140007985	-0.160040413	"BB"
"SNP_A-1515462"	"2"	140776387	-0.386468347	"BB"
"SNP_A-1509335"	"2"	140932584	0.910732662	"BB"
"SNP_A-1510414"	"2"	141053796	-0.09696173	"AA"
"SNP_A-1513664"	"2"	141193687	-1.168122759	"AA"
"SNP_A-1513449"	"2"	141242857	0.655351829	"BB"
"SNP_A-1509812"	"2"	141489265	0.232660757	"AA"
"SNP_A-1507769"	"2"	141674999	-0.785875195	"AA"
"SNP_A-1519348"	"2"	141871064	-0.200912694	"BB"
"SNP_A-1518995"	"2"	142199167	0.201633861	"BB"
"SNP_A-1518543"	"2"	142524582	-0.251538767	"AA"
"SNP_A-1519717"	"2"	142748002	0.778208576	"AB"
"SNP_A-1513626"	"2"	144711033	0.922197848	"BB"
"SNP_A-1514810"	"2"	144892787	0.056583528	"NoCall"
"SNP_A-1514208"	"2"	145449751	-0.234465254	"BB"
"SNP_A-1515072"	"2"	145851827	-0.957355663	"AB"
"SNP_A-1512611"	"2"	145905223	-1.286304185	"BB"
"SNP_A-1512836"	"2"	145963935	-0.349235441	"AA"
"SNP_A-1513305"	"2"	146715451	-0.036525876	"AA"
"SNP_A-1515418"	"2"	147101842	1.893362211	"AA"
"SNP_A-1518603"	"2"	147319457	0.339137385	"AA"
"SNP_A-1513181"	"2"	147867118	0.757023247	"BB"
"SNP_A-1510982"	"2"	148077907	1.424922088	"AA"
"SNP_A-1519389"	"2"	148396641	0.163498732	"AA"
"SNP_A-1517262"	"2"	148616993	0.150559677	"AA"
"SNP_A-1514470"	"2"	148673633	0.344828497	"AB"
"SNP_A-1517569"	"2"	148691496	-1.434402824	"NoCall"
"SNP_A-1509841"	"2"	148691748	-1.043943348	"NoCall"
"SNP_A-1513461"	"2"	148711221	-0.849440323	"AB"
"SNP_A-1518700"	"2"	149229374	1.09423607	"NoCall"
"SNP_A-1509646"	"2"	149300883	0.521050737	"AB"
"SNP_A-1513777"	"2"	149457216	-1.029146346	"BB"
"SNP_A-1517809"	"2"	149560897	-0.444183845	"BB"
"SNP_A-1516636"	"2"	150185009	0.580145484	"AB"
"SNP_A-1512505"	"2"	150191456	0.40053793	"AB"
"SNP_A-1518498"	"2"	150247197	0.5360529	"AA"
"SNP_A-1517105"	"2"	150957371	-0.4639471	"AB"
"SNP_A-1508236"	"2"	151031378	0.321928095	"AB"
"SNP_A-1509295"	"2"	151068415	-0.567040593	"AB"
"SNP_A-1519381"	"2"	151662120	-0.556393349	"BB"
"SNP_A-1513946"	"2"	151688064	0.070389328	"NoCall"
"SNP_A-1515168"	"2"	151699329	-1.49410907	"AB"
"SNP_A-1508481"	"2"	152046523	0.819668183	"AA"
"SNP_A-1514023"	"2"	152124003	-0.577766999	"AA"
"SNP_A-1516688"	"2"	152158226	0.929790998	"AB"
"SNP_A-1510594"	"2"	153107741	0.321928095	"AA"
"SNP_A-1518226"	"2"	153136847	0.695993813	"AB"
"SNP_A-1514874"	"2"	153395815	-0.036525876	"NoCall"
"SNP_A-1518530"	"2"	153395972	0.63691458	"AB"
"SNP_A-1511102"	"2"	153412989	0.3950628	"BB"
"SNP_A-1519261"	"2"	153475864	-0.862496476	"BB"
"SNP_A-1507899"	"2"	153667044	-0.545824107	"AA"
"SNP_A-1507852"	"2"	153667125	0.007195501	"BB"
"SNP_A-1515721"	"2"	154255136	-0.504304837	"BB"
"SNP_A-1514983"	"2"	154287497	-1.689659879	"AA"
"SNP_A-1516658"	"2"	154391541	-1.234465254	"NoCall"
"SNP_A-1519038"	"2"	155136334	0.500802053	"BB"
"SNP_A-1510696"	"2"	155415226	0.427606173	"AB"
"SNP_A-1518178"	"2"	155472335	-1.13606155	"AA"
"SNP_A-1511424"	"2"	155508422	0.244887059	"BB"
"SNP_A-1514775"	"2"	156165412	0.084064265	"BB"
"SNP_A-1511169"	"2"	156339472	0.941106311	"AB"
"SNP_A-1509723"	"2"	156394890	0.14404637	"AA"
"SNP_A-1519200"	"2"	156394966	0.895302621	"BB"
"SNP_A-1507717"	"2"	156858218	-1.377069649	"BB"
"SNP_A-1516329"	"2"	156969378	0.618238656	"NoCall"
"SNP_A-1517304"	"2"	157031977	0.070389328	"NoCall"
"SNP_A-1513205"	"2"	157150592	-0.17625064	"BB"
"SNP_A-1509915"	"2"	157436377	-0.444183845	"BB"
"SNP_A-1508051"	"2"	157765045	-1.089267338	"AA"
"SNP_A-1519291"	"2"	157879011	0.124328135	"AA"
"SNP_A-1519260"	"2"	157936995	-0.810966176	"BB"
"SNP_A-1513759"	"2"	158094413	0.097610797	"BB"
"SNP_A-1515787"	"2"	158226033	1.272023189	"BB"
"SNP_A-1512877"	"2"	158472687	0.761285273	"BB"
"SNP_A-1517308"	"2"	158473505	1.347665656	"BB"
"SNP_A-1518105"	"2"	159645482	-0.689659879	"AB"
"SNP_A-1518592"	"2"	159649863	-0.514573173	"AB"
"SNP_A-1509207"	"2"	159818308	0.700439718	"BB"
"SNP_A-1511496"	"2"	159897293	0.304511042	"AA"
"SNP_A-1510723"	"2"	161156378	-0.377069649	"AB"
"SNP_A-1510766"	"2"	161156504	-0.358453971	"NoCall"
"SNP_A-1509455"	"2"	161794617	0.304511042	"AA"
"SNP_A-1509547"	"2"	161794793	0.189033824	"AB"
"SNP_A-1517555"	"2"	161982502	-0.902389203	"NoCall"
"SNP_A-1514485"	"2"	162116824	-0.209227962	"AA"
"SNP_A-1514178"	"2"	162378588	-0.192645078	"AB"
"SNP_A-1518203"	"2"	162729594	1.622930351	"AB"
"SNP_A-1510892"	"2"	163596783	-0.051399153	"AB"
"SNP_A-1518481"	"2"	163626938	0.704871964	"AB"
"SNP_A-1511233"	"2"	163633952	-0.160040413	"AB"
"SNP_A-1519549"	"2"	163678314	-0.02180437	"BB"
"SNP_A-1516873"	"2"	164094642	-1.286304185	"BB"
"SNP_A-1519054"	"2"	164634247	-0.504304837	"AA"
"SNP_A-1510289"	"2"	164634440	-0.144010303	"AA"
"SNP_A-1518726"	"2"	164933938	0.589763487	"AB"
"SNP_A-1510818"	"2"	165334058	-0.168122759	"NoCall"
"SNP_A-1518199"	"2"	165511242	-0.051399153	"NoCall"
"SNP_A-1518250"	"2"	165511364	-0.875671865	"NoCall"
"SNP_A-1511535"	"2"	165855231	0.613531653	"BB"
"SNP_A-1509017"	"2"	165897280	1.060047384	"BB"
"SNP_A-1508369"	"2"	165939988	1.229587923	"BB"
"SNP_A-1517571"	"2"	166057674	-1.358453971	"AB"
"SNP_A-1518983"	"2"	166595006	0.384049807	"AA"
"SNP_A-1509694"	"2"	167572804	0.713695815	"NoCall"
"SNP_A-1516191"	"2"	167664285	-1.577766999	"NoCall"
"SNP_A-1509624"	"2"	167855007	-0.192645078	"BB"
"SNP_A-1509770"	"2"	167959632	0.427606173	"AB"
"SNP_A-1517157"	"2"	168322420	-0.234465254	"AB"
"SNP_A-1513095"	"2"	168719243	0.941106311	"AA"
"SNP_A-1514252"	"2"	168719280	-0.074000581	"BB"
"SNP_A-1510150"	"2"	168746823	0.475084883	"AA"
"SNP_A-1516767"	"2"	169286701	-0.76121314	"AB"
"SNP_A-1508110"	"2"	169287028	-0.036525876	"AA"
"SNP_A-1510310"	"2"	169298398	-0.444183845	"AB"
"SNP_A-1518887"	"2"	169650616	-0.358453971	"AA"
"SNP_A-1518844"	"2"	169650637	-0.504304837	"AA"
"SNP_A-1517170"	"2"	169714935	-0.689659879	"BB"
"SNP_A-1515150"	"2"	169954100	-0.454031631	"AB"
"SNP_A-1515105"	"2"	169954207	-0.340075442	"AA"
"SNP_A-1514568"	"2"	170410579	0.786596362	"AA"
"SNP_A-1516613"	"2"	171472223	-0.77349147	"BB"
"SNP_A-1518913"	"2"	171510208	0.970853654	"BB"
"SNP_A-1518966"	"2"	171510237	1.017921908	"AA"
"SNP_A-1519589"	"2"	171605277	-0.128156351	"NoCall"
"SNP_A-1510368"	"2"	171786420	0.655351829	"AA"
"SNP_A-1512844"	"2"	171838330	-0.59946207	"AB"
"SNP_A-1508034"	"2"	171845721	-0.785875195	"BB"
"SNP_A-1513856"	"2"	171861475	0.09085343	"AA"
"SNP_A-1517245"	"2"	172217596	-0.749038426	"NoCall"
"SNP_A-1507471"	"2"	172634850	-0.59946207	"AB"
"SNP_A-1512283"	"2"	172680197	1.241840184	"AA"
"SNP_A-1512895"	"2"	172680255	1.541019153	"AA"
"SNP_A-1518568"	"2"	172714469	-0.64385619	"NoCall"
"SNP_A-1519190"	"2"	173867153	1.392317423	"AA"
"SNP_A-1516318"	"2"	173910661	0.40599236	"BB"
"SNP_A-1513267"	"2"	174469825	-0.312939312	"AB"
"SNP_A-1513228"	"2"	174469892	-0.4639471	"BB"
"SNP_A-1514009"	"2"	175252886	0.150559677	"AA"
"SNP_A-1510526"	"2"	175461609	0.929790998	"NoCall"
"SNP_A-1510849"	"2"	175711795	0.422233001	"NoCall"
"SNP_A-1514776"	"2"	175947132	0.214124805	"AB"
"SNP_A-1515693"	"2"	176250450	0.669026766	"AA"
"SNP_A-1509117"	"2"	176859641	0.361768359	"AA"
"SNP_A-1509166"	"2"	176859797	-0.875671865	"AA"
"SNP_A-1518547"	"2"	176895175	-0.358453971	"AB"
"SNP_A-1517913"	"2"	177061285	0.589763487	"AB"
"SNP_A-1512762"	"2"	177177727	0.378511623	"BB"
"SNP_A-1519219"	"2"	177234167	0.13093087	"AB"
"SNP_A-1517395"	"2"	177620819	0.292781749	"AA"
"SNP_A-1513402"	"2"	177624213	1.22650853	"BB"
"SNP_A-1518930"	"2"	178007581	0.35614381	"AA"
"SNP_A-1519539"	"2"	178007913	-0.200912694	"AA"
"SNP_A-1518021"	"2"	178174423	0.5360529	"AA"
"SNP_A-1518052"	"2"	178188163	1.173127433	"BB"
"SNP_A-1517046"	"2"	178470389	-0.02180437	"AA"
"SNP_A-1519713"	"2"	178708982	1.13093087	"AA"
"SNP_A-1508470"	"2"	179138196	-0.066427362	"AB"
"SNP_A-1510338"	"2"	179145333	0.469885976	"AB"
"SNP_A-1515816"	"2"	180024832	-0.217591435	"BB"
"SNP_A-1509186"	"2"	180073715	0.526068812	"BB"
"SNP_A-1510577"	"2"	180478431	-1.888968688	"AA"
"SNP_A-1508780"	"2"	180636080	2.016139703	"AB"
"SNP_A-1509055"	"2"	180680155	1.042644337	"AA"
"SNP_A-1519456"	"2"	180685241	-0.943416472	"AB"
"SNP_A-1519405"	"2"	180685436	0.084064265	"AB"
"SNP_A-1517551"	"2"	180720583	-1.13606155	"AA"
"SNP_A-1511959"	"2"	180862255	0.063502942	"AB"
"SNP_A-1511033"	"2"	181091718	0.350497247	"AB"
"SNP_A-1515402"	"2"	181363558	0.182692298	"AB"
"SNP_A-1511401"	"2"	181416754	0.275007047	"BB"
"SNP_A-1508935"	"2"	181469301	-1.621488377	"BB"
"SNP_A-1518009"	"2"	181562450	1.250961574	"AA"
"SNP_A-1517962"	"2"	181562708	0.028569152	"NoCall"
"SNP_A-1516250"	"2"	181713448	1.021479727	"BB"
"SNP_A-1516530"	"2"	182400530	-0.209227962	"AA"
"SNP_A-1514284"	"2"	182625467	-0.689659879	"AA"
"SNP_A-1518728"	"2"	182648001	-0.286304185	"AA"
"SNP_A-1507879"	"2"	182838808	-0.621488377	"BB"
"SNP_A-1518935"	"2"	182893047	0.744161096	"BB"
"SNP_A-1513463"	"2"	183123815	0.713695815	"AA"
"SNP_A-1519725"	"2"	183131489	0.560714954	"AA"
"SNP_A-1507383"	"2"	183131767	-0.074000581	"BB"
"SNP_A-1509121"	"2"	183271995	0.014355293	"AB"
"SNP_A-1508656"	"2"	183406912	0.163498732	"AA"
"SNP_A-1511277"	"2"	184198624	1.198494154	"BB"
"SNP_A-1512035"	"2"	184203898	0.182692298	"AA"
"SNP_A-1516162"	"2"	184260850	-0.434402824	"BB"
"SNP_A-1513676"	"2"	184647537	-1.321928095	"AB"
"SNP_A-1510464"	"2"	184786306	0.14404637	"BB"
"SNP_A-1517185"	"2"	185000369	-1.251538767	"BB"
"SNP_A-1517225"	"2"	185000489	-0.226003675	"BB"
"SNP_A-1519142"	"2"	185292316	-0.242976753	"AA"
"SNP_A-1509037"	"2"	185389687	-0.40545145	"AA"
"SNP_A-1516456"	"2"	185532234	-0.234465254	"AA"
"SNP_A-1509964"	"2"	185678593	0.263034406	"BB"
"SNP_A-1516217"	"2"	186004786	-0.577766999	"AB"
"SNP_A-1514903"	"2"	186047334	0.887525271	"NoCall"
"SNP_A-1515524"	"2"	186047666	-0.524915117	"NoCall"
"SNP_A-1514955"	"2"	186047694	0.15704371	"AB"
"SNP_A-1518704"	"2"	186198335	0.89917563	"BB"
"SNP_A-1508932"	"2"	186711619	0.137503524	"AA"
"SNP_A-1513060"	"2"	186804594	-0.192645078	"BB"
"SNP_A-1511981"	"2"	186826163	-1.64385619	"NoCall"
"SNP_A-1514608"	"2"	187137930	0.748461233	"AA"
"SNP_A-1510023"	"2"	187268877	-0.168122759	"BB"
"SNP_A-1513377"	"2"	189173443	-1.810966176	"AA"
"SNP_A-1513887"	"2"	190599202	0.3950628	"NoCall"
"SNP_A-1514213"	"2"	192042519	0.097610797	"BB"
"SNP_A-1509595"	"2"	192071706	0.232660757	"AB"
"SNP_A-1509929"	"2"	192199061	0.448900951	"AB"
"SNP_A-1508593"	"2"	193643493	0.021479727	"AA"
"SNP_A-1517613"	"2"	193931284	-0.514573173	"BB"
"SNP_A-1517667"	"2"	193931360	-1.184424571	"BB"
"SNP_A-1518242"	"2"	194004431	0.09085343	"AB"
"SNP_A-1514405"	"2"	194424545	-1.321928095	"NoCall"
"SNP_A-1508897"	"2"	194459955	0.169925001	"AB"
"SNP_A-1515635"	"2"	194506343	-0.09696173	"AB"
"SNP_A-1513989"	"2"	194677813	0.310340121	"AB"
"SNP_A-1519223"	"2"	195388115	-0.785875195	"NoCall"
"SNP_A-1517302"	"2"	195768236	-0.074000581	"AA"
"SNP_A-1516232"	"2"	196038462	-0.610433188	"BB"
"SNP_A-1510615"	"2"	196995795	0.867896464	"BB"
"SNP_A-1513812"	"2"	197282303	-0.483984853	"BB"
"SNP_A-1510101"	"2"	197371733	0.718087584	"AB"
"SNP_A-1517389"	"2"	197498299	0.117695043	"AB"
"SNP_A-1509492"	"2"	197701979	-0.043943348	"BB"
"SNP_A-1518521"	"2"	198056110	0.847996907	"AB"
"SNP_A-1511709"	"2"	198123598	1.472487771	"AB"
"SNP_A-1517573"	"2"	198259226	1.422233001	"AB"
"SNP_A-1519603"	"2"	198723899	-1.089267338	"BB"
"SNP_A-1511179"	"2"	199026371	-0.066427362	"BB"
"SNP_A-1509484"	"2"	199074019	0.280956314	"AA"
"SNP_A-1512475"	"2"	199107008	0.63691458	"BB"
"SNP_A-1515806"	"2"	199107813	0.963474124	"BB"
"SNP_A-1509135"	"2"	199110583	0.650764559	"AA"
"SNP_A-1512469"	"2"	199340400	-0.915935735	"BB"
"SNP_A-1509388"	"2"	199355188	0.028569152	"AB"
"SNP_A-1509397"	"2"	199355255	0.049630768	"AB"
"SNP_A-1518179"	"2"	199486740	-0.49410907	"AA"
"SNP_A-1515083"	"2"	199647700	-1.251538767	"BB"
"SNP_A-1511292"	"2"	200030451	-0.545824107	"BB"
"SNP_A-1512115"	"2"	200253933	0.40599236	"BB"
"SNP_A-1516060"	"2"	200690428	-1.13606155	"BB"
"SNP_A-1509643"	"2"	201510660	0.604071324	"AA"
"SNP_A-1519295"	"2"	202220403	0.384049807	"BB"
"SNP_A-1511836"	"2"	202397573	-1.395928676	"NoCall"
"SNP_A-1512152"	"2"	202607713	-0.168122759	"AA"
"SNP_A-1514621"	"2"	202825608	0.163498732	"BB"
"SNP_A-1510384"	"2"	202959612	-0.104697379	"AB"
"SNP_A-1518626"	"2"	204629790	0.929790998	"AA"
"SNP_A-1508055"	"2"	204909960	-0.888968688	"BB"
"SNP_A-1508112"	"2"	204910128	-1.104697379	"AA"
"SNP_A-1509114"	"2"	204994012	0.063502942	"AA"
"SNP_A-1515899"	"2"	205043939	0.510961919	"BB"
"SNP_A-1519289"	"2"	205138154	-1.089267338	"BB"
"SNP_A-1516052"	"2"	205143484	-1.395928676	"BB"
"SNP_A-1509255"	"2"	205343348	0.622930351	"AB"
"SNP_A-1513931"	"2"	205575039	-0.514573173	"AA"
"SNP_A-1518597"	"2"	205697478	-0.251538767	"NoCall"
"SNP_A-1511059"	"2"	206829958	0.811471031	"AB"
"SNP_A-1510651"	"2"	206830016	1.182692298	"NoCall"
"SNP_A-1509444"	"2"	207370706	-0.444183845	"AB"
"SNP_A-1517711"	"2"	207811052	0.589763487	"BB"
"SNP_A-1517746"	"2"	207811086	-0.226003675	"BB"
"SNP_A-1517797"	"2"	207811138	-0.217591435	"BB"
"SNP_A-1515070"	"2"	207829965	0.438292852	"BB"
"SNP_A-1511531"	"2"	207934656	0.084064265	"BB"
"SNP_A-1508478"	"2"	208151625	2.310340121	"BB"
"SNP_A-1508953"	"2"	208210046	-1.286304185	"NoCall"
"SNP_A-1515242"	"2"	208302040	1.384049807	"AB"
"SNP_A-1511008"	"2"	208379536	-0.577766999	"BB"
"SNP_A-1517094"	"2"	208501475	-0.434402824	"BB"
"SNP_A-1512465"	"2"	208547784	-0.277533976	"AB"
"SNP_A-1512527"	"2"	208547923	0.111031312	"AB"
"SNP_A-1512037"	"2"	208895804	-1.454031631	"AB"
"SNP_A-1511990"	"2"	208895850	-1.13606155	"AB"
"SNP_A-1510477"	"2"	209210102	0.056583528	"AA"
"SNP_A-1510512"	"2"	209669350	-0.304006187	"AA"
"SNP_A-1514828"	"2"	209710890	1.283921772	"AA"
"SNP_A-1512722"	"2"	209764268	-1.736965594	"AA"
"SNP_A-1513627"	"2"	210166172	0.66448284	"AA"
"SNP_A-1518759"	"2"	210166432	-0.260151897	"AA"
"SNP_A-1517737"	"2"	210221976	-0.160040413	"BB"
"SNP_A-1516937"	"2"	211377585	0.137503524	"AB"
"SNP_A-1516103"	"2"	211399864	0.084064265	"NoCall"
"SNP_A-1514917"	"2"	211456118	0.201633861	"AA"
"SNP_A-1516570"	"2"	211464053	0.070389328	"AA"
"SNP_A-1514581"	"2"	211525939	1	"AA"
"SNP_A-1510091"	"2"	212265353	1.147306699	"AA"
"SNP_A-1510514"	"2"	212573799	0.411426246	"BB"
"SNP_A-1513360"	"2"	212616217	0.269033146	"AA"
"SNP_A-1513116"	"2"	212656947	0.570462931	"BB"
"SNP_A-1507359"	"2"	213096619	0.280956314	"AA"
"SNP_A-1517025"	"2"	213154339	0.704871964	"AA"
"SNP_A-1516066"	"2"	214100349	1.23572706	"AB"
"SNP_A-1518188"	"2"	214141924	-0.724992953	"AA"
"SNP_A-1515125"	"2"	214796724	-0.632628934	"BB"
"SNP_A-1518567"	"2"	214802541	-0.074000581	"AB"
"SNP_A-1515751"	"2"	214802834	-0.036525876	"AB"
"SNP_A-1513707"	"2"	214938605	0.608809243	"AA"
"SNP_A-1518163"	"2"	215008617	0.176322773	"AA"
"SNP_A-1512293"	"2"	215120539	-0.268816758	"AB"
"SNP_A-1512401"	"2"	215298287	1.6622055	"AA"
"SNP_A-1508050"	"2"	215409658	0.321928095	"AA"
"SNP_A-1514306"	"2"	216025876	-0.386468347	"AB"
"SNP_A-1514360"	"2"	216025888	-1.268816758	"AB"
"SNP_A-1515422"	"2"	216061370	-0.200912694	"BB"
"SNP_A-1510783"	"2"	216091166	0.280956314	"BB"
"SNP_A-1513327"	"2"	216618692	1.321928095	"AA"
"SNP_A-1518211"	"2"	216633608	1.166715445	"AB"
"SNP_A-1516727"	"2"	216798076	0.056583528	"NoCall"
"SNP_A-1508224"	"2"	217087198	0.673556424	"AB"
"SNP_A-1519631"	"2"	217164063	1.715893371	"AB"
"SNP_A-1508726"	"2"	217340522	-0.081613766	"NoCall"
"SNP_A-1511537"	"2"	218030391	1.518535139	"AA"
"SNP_A-1511578"	"2"	218035941	-1.217591435	"AB"
"SNP_A-1517001"	"2"	218512882	-0.40545145	"BB"
"SNP_A-1515781"	"2"	218588494	0.782408565	"AA"
"SNP_A-1515738"	"2"	218588626	1.263034406	"BB"
"SNP_A-1517462"	"2"	218833141	-0.434402824	"NoCall"
"SNP_A-1509161"	"2"	219585661	0.575312331	"BB"
"SNP_A-1510951"	"2"	219829544	-0.104697379	"BB"
"SNP_A-1510924"	"2"	220130465	1.260025656	"NoCall"
"SNP_A-1509925"	"2"	220157632	0.056583528	"BB"
"SNP_A-1512995"	"2"	220974685	0.40053793	"NoCall"
"SNP_A-1518774"	"2"	221390185	0.50589093	"AA"
"SNP_A-1513543"	"2"	221390206	0.367371066	"AA"
"SNP_A-1508341"	"2"	222045231	-0.454031631	"AB"
"SNP_A-1514337"	"2"	222381406	0.541019153	"BB"
"SNP_A-1511124"	"2"	222388170	-0.610433188	"AA"
"SNP_A-1518274"	"2"	222459694	0.3950628	"BB"
"SNP_A-1518225"	"2"	222459837	0.263034406	"BB"
"SNP_A-1509355"	"2"	222602762	-0.036525876	"BB"
"SNP_A-1509307"	"2"	222894585	-0.535331733	"BB"
"SNP_A-1507437"	"2"	223473550	-0.915935735	"AB"
"SNP_A-1513022"	"2"	223769555	0.459431619	"NoCall"
"SNP_A-1510713"	"2"	223769565	-0.312939312	"AB"
"SNP_A-1518910"	"2"	224110749	-1.59946207	"AA"
"SNP_A-1514330"	"2"	224480208	-0.386468347	"BB"
"SNP_A-1514859"	"2"	224480366	-0.588573754	"AA"
"SNP_A-1510267"	"2"	224568999	-0.312939312	"BB"
"SNP_A-1508228"	"2"	224569318	-0.434402824	"AA"
"SNP_A-1508279"	"2"	224569495	-0.321928095	"AA"
"SNP_A-1507797"	"2"	224656491	-0.168122759	"AA"
"SNP_A-1515934"	"2"	224682798	-0.4639471	"AA"
"SNP_A-1519010"	"2"	224997277	0.827819025	"BB"
"SNP_A-1518956"	"2"	224997379	0.250961574	"BB"
"SNP_A-1510551"	"2"	225202363	-0.454031631	"AA"
"SNP_A-1519652"	"2"	225450026	-0.424687669	"AA"
"SNP_A-1518186"	"2"	225898656	0.5360529	"AA"
"SNP_A-1518232"	"2"	225898940	1.849999259	"AA"
"SNP_A-1513530"	"2"	226004023	0.678071905	"BB"
"SNP_A-1512779"	"2"	226054355	0.49057013	"BB"
"SNP_A-1517845"	"2"	226095851	0.15704371	"AA"
"SNP_A-1517787"	"2"	226096051	0.201633861	"BB"
"SNP_A-1515438"	"2"	226232671	-1.689659879	"AA"
"SNP_A-1507409"	"2"	226396892	-0.367731785	"BB"
"SNP_A-1516314"	"2"	226421955	0.726831217	"BB"
"SNP_A-1510784"	"2"	226422328	-0.701341684	"AA"
"SNP_A-1512097"	"2"	227092870	0.709290636	"AA"
"SNP_A-1512147"	"2"	227092908	1.678071905	"BB"
"SNP_A-1509442"	"2"	227188513	0.316145742	"AA"
"SNP_A-1513911"	"2"	227653066	-0.043943348	"NoCall"
"SNP_A-1508925"	"2"	227980984	0.286881148	"BB"
"SNP_A-1516776"	"2"	227991131	0.097610797	"BB"
"SNP_A-1509133"	"2"	228043462	-0.588573754	"AA"
"SNP_A-1517080"	"2"	228276340	0.570462931	"BB"
"SNP_A-1518277"	"2"	228894194	-0.836501268	"AB"
"SNP_A-1513340"	"2"	229059698	-0.242976753	"AA"
"SNP_A-1516502"	"2"	229365275	1.124328135	"NoCall"
"SNP_A-1513678"	"2"	229706887	-0.358453971	"AA"
"SNP_A-1511275"	"2"	229842774	-1	"BB"
"SNP_A-1511236"	"2"	229939553	0.819668183	"AA"
"SNP_A-1507841"	"2"	230161063	-0.09696173	"AA"
"SNP_A-1518963"	"2"	230295428	-0.689659879	"AA"
"SNP_A-1519628"	"2"	230295542	-1.286304185	"BB"
"SNP_A-1511213"	"2"	230437065	-0.666576266	"AB"
"SNP_A-1512787"	"2"	230916564	-0.632628934	"BB"
"SNP_A-1519324"	"2"	230936620	-0.234465254	"BB"
"SNP_A-1517969"	"2"	231252525	-0.454031631	"AA"
"SNP_A-1512891"	"2"	231385860	0.269033146	"AA"
"SNP_A-1508734"	"2"	231605430	1.060047384	"BB"
"SNP_A-1508738"	"2"	232572072	-0.234465254	"BB"
"SNP_A-1519148"	"2"	234721653	0.627606838	"AB"
"SNP_A-1517878"	"2"	234855951	-0.59946207	"AB"
"SNP_A-1515358"	"2"	235012316	0.933572638	"AA"
"SNP_A-1515416"	"2"	235012633	-0.066427362	"BB"
"SNP_A-1511884"	"2"	235085990	-0.066427362	"AA"
"SNP_A-1511939"	"2"	235086022	-1.340075442	"BB"
"SNP_A-1510999"	"2"	235223851	-0.358453971	"BB"
"SNP_A-1517340"	"2"	235666416	-0.304006187	"NoCall"
"SNP_A-1509390"	"2"	235834145	-0.621488377	"AB"
"SNP_A-1509452"	"2"	235834185	-1.340075442	"AB"
"SNP_A-1514765"	"2"	236010878	-1.49410907	"BB"
"SNP_A-1519480"	"2"	237018374	-1.836501268	"AB"
"SNP_A-1511254"	"2"	237964678	-1.200912694	"NoCall"
"SNP_A-1513628"	"2"	238017912	0.803227036	"BB"
"SNP_A-1507736"	"2"	238153325	0.516015147	"AB"
"SNP_A-1512714"	"2"	238573363	0.117695043	"AB"
"SNP_A-1517966"	"2"	238925942	0.448900951	"AA"
"SNP_A-1514515"	"2"	239656540	-0.200912694	"BB"
"SNP_A-1519386"	"2"	240388037	0.831877241	"NoCall"
"SNP_A-1510513"	"2"	241243562	-0.286304185	"AB"
"SNP_A-1511742"	"3"	540961	0.367371066	"NoCall"
"SNP_A-1515436"	"3"	653347	-0.051399153	"AA"
"SNP_A-1515061"	"3"	1100383	-0.577766999	"AA"
"SNP_A-1510244"	"3"	1167829	-1.377069649	"AA"
"SNP_A-1517422"	"3"	1167988	-1.058893689	"BB"
"SNP_A-1515258"	"3"	1478475	-0.184424571	"AB"
"SNP_A-1511929"	"3"	1646453	-0.621488377	"AA"
"SNP_A-1511866"	"3"	1646466	-1.13606155	"AA"
"SNP_A-1511815"	"3"	1646500	-0.49410907	"BB"
"SNP_A-1511751"	"3"	1646525	-0.875671865	"AA"
"SNP_A-1519519"	"3"	1686415	0.214124805	"AA"
"SNP_A-1519472"	"3"	1686548	-0.823677227	"BB"
"SNP_A-1518865"	"3"	1686749	-1.043943348	"BB"
"SNP_A-1509530"	"3"	1860873	0.077242999	"AA"
"SNP_A-1516297"	"3"	2264798	-0.444183845	"BB"
"SNP_A-1514102"	"3"	2699015	-0.504304837	"AB"
"SNP_A-1512767"	"3"	2910083	0.40599236	"NoCall"
"SNP_A-1516504"	"3"	3390814	0.469885976	"NoCall"
"SNP_A-1513902"	"3"	3558063	0.163498732	"BB"
"SNP_A-1509670"	"3"	3616449	-0.160040413	"AA"
"SNP_A-1509725"	"3"	3616489	-0.588573754	"AA"
"SNP_A-1518747"	"3"	3693135	-0.200912694	"AA"
"SNP_A-1517209"	"3"	3814711	-1.234465254	"AA"
"SNP_A-1512404"	"3"	3887946	0.650764559	"BB"
"SNP_A-1515810"	"3"	3998868	-0.260151897	"BB"
"SNP_A-1511783"	"3"	3999066	0.948600847	"AA"
"SNP_A-1516845"	"3"	4001680	0.495695163	"AA"
"SNP_A-1509327"	"3"	4156750	-0.128156351	"AA"
"SNP_A-1511806"	"3"	4225309	0.835924074	"AA"
"SNP_A-1508874"	"3"	4225696	0.137503524	"BB"
"SNP_A-1508918"	"3"	4225727	1.307428525	"AA"
"SNP_A-1513869"	"3"	4340560	-0.713118852	"BB"
"SNP_A-1510975"	"3"	4586452	1.185866545	"AA"
"SNP_A-1519356"	"3"	4730956	0.819668183	"AA"
"SNP_A-1519402"	"3"	4730979	0.641546029	"BB"
"SNP_A-1517796"	"3"	5305719	0.731183242	"AA"
"SNP_A-1518375"	"3"	5305840	0.475084883	"BB"
"SNP_A-1519440"	"3"	5312049	-1.13606155	"BB"
"SNP_A-1518838"	"3"	5312127	-0.286304185	"BB"
"SNP_A-1514976"	"3"	5516046	0.416839742	"AB"
"SNP_A-1514882"	"3"	5517727	0.956056652	"BB"
"SNP_A-1518152"	"3"	5573666	0.769771739	"AA"
"SNP_A-1510242"	"3"	5637316	0.63691458	"AA"
"SNP_A-1510219"	"3"	5774685	-0.556393349	"BB"
"SNP_A-1512389"	"3"	5780096	-0.209227962	"AA"
"SNP_A-1517815"	"3"	5837244	-0.286304185	"BB"
"SNP_A-1517868"	"3"	5837369	0.416839742	"BB"
"SNP_A-1515090"	"3"	5986639	0.111031312	"AA"
"SNP_A-1507710"	"3"	6109836	1.150559677	"BB"
"SNP_A-1518435"	"3"	6150230	-0.152003093	"NoCall"
"SNP_A-1508199"	"3"	6473283	0.292781749	"AA"
"SNP_A-1519522"	"3"	6482290	-1.76121314	"AA"
"SNP_A-1513311"	"3"	6517046	-1.713118852	"BB"
"SNP_A-1513260"	"3"	6517082	-1.49410907	"NoCall"
"SNP_A-1515615"	"3"	7033417	-1.76121314	"AB"
"SNP_A-1518097"	"3"	7151508	1.341985747	"AA"
"SNP_A-1508940"	"3"	7193175	0.782408565	"AB"
"SNP_A-1507771"	"3"	7244035	-0.810966176	"AA"
"SNP_A-1518629"	"3"	7357827	-0.724992953	"BB"
"SNP_A-1516109"	"3"	7453705	-0.798366139	"NoCall"
"SNP_A-1516059"	"3"	7453715	-1.074000581	"AB"
"SNP_A-1518504"	"3"	7473258	0.207892852	"AA"
"SNP_A-1518459"	"3"	7473342	-0.128156351	"BB"
"SNP_A-1514396"	"3"	7499042	-1.217591435	"AB"
"SNP_A-1514334"	"3"	7499103	-1.76121314	"AB"
"SNP_A-1509591"	"3"	7535811	-0.251538767	"BB"
"SNP_A-1516582"	"3"	7655410	1.5360529	"AA"
"SNP_A-1516526"	"3"	7655452	-0.066427362	"AA"
"SNP_A-1516436"	"3"	7655566	0.327687364	"BB"
"SNP_A-1509817"	"3"	7696613	0.782408565	"BB"
"SNP_A-1515261"	"3"	7786984	-0.330973234	"AA"
"SNP_A-1511956"	"3"	7814818	0.500802053	"NoCall"
"SNP_A-1513999"	"3"	7878856	0.526068812	"BB"
"SNP_A-1512869"	"3"	7937284	-1.120294234	"AA"
"SNP_A-1515041"	"3"	7957394	0.22650853	"BB"
"SNP_A-1516603"	"3"	8114779	0.014355293	"AA"
"SNP_A-1511560"	"3"	8379733	-1.168122759	"AA"
"SNP_A-1515421"	"3"	8451483	-1.234465254	"AB"
"SNP_A-1516947"	"3"	8524665	0.195347598	"NoCall"
"SNP_A-1513878"	"3"	8525363	1.599317794	"AB"
"SNP_A-1514888"	"3"	8578483	-0.875671865	"AB"
"SNP_A-1517215"	"3"	8596403	-0.76121314	"BB"
"SNP_A-1507875"	"3"	8852996	-0.943416472	"AB"
"SNP_A-1512805"	"3"	8917437	0.263034406	"AA"
"SNP_A-1514545"	"3"	8917606	0.244887059	"BB"
"SNP_A-1513348"	"3"	9261438	0.867896464	"BB"
"SNP_A-1519463"	"3"	9357743	0.40599236	"AA"
"SNP_A-1507860"	"3"	10267140	0.269033146	"AA"
"SNP_A-1517732"	"3"	10755817	1.042644337	"AA"
"SNP_A-1513083"	"3"	10800748	-0.929610672	"NoCall"
"SNP_A-1513035"	"3"	10800837	-1.043943348	"NoCall"
"SNP_A-1511882"	"3"	10997826	0.207892852	"AB"
"SNP_A-1516496"	"3"	11031831	-1.535331733	"NoCall"
"SNP_A-1511799"	"3"	11641294	0.03562391	"BB"
"SNP_A-1511648"	"3"	11641798	0.049630768	"BB"
"SNP_A-1513297"	"3"	11888124	-0.395928676	"BB"
"SNP_A-1513177"	"3"	12128765	0.09085343	"BB"
"SNP_A-1509695"	"3"	12156598	-0.749038426	"AA"
"SNP_A-1514389"	"3"	12505184	-0.610433188	"AA"
"SNP_A-1514709"	"3"	12724130	-0.943416472	"AA"
"SNP_A-1514115"	"3"	12870749	0.3950628	"NoCall"
"SNP_A-1513437"	"3"	13144322	-0.251538767	"AB"
"SNP_A-1512347"	"3"	13656216	0.443606651	"BB"
"SNP_A-1513765"	"3"	13806305	0.989139007	"AA"
"SNP_A-1509849"	"3"	13806353	-0.192645078	"BB"
"SNP_A-1509169"	"3"	14655274	-0.09696173	"AB"
"SNP_A-1517269"	"3"	14862186	-0.295128036	"BB"
"SNP_A-1510102"	"3"	14875555	0.220329955	"BB"
"SNP_A-1518698"	"3"	14885324	-1.76121314	"NoCall"
"SNP_A-1513110"	"3"	15555138	-1.415037499	"BB"
"SNP_A-1508425"	"3"	15772458	0.599317794	"NoCall"
"SNP_A-1519567"	"3"	15878006	0.575312331	"AA"
"SNP_A-1509534"	"3"	15972853	-0.76121314	"AB"
"SNP_A-1518334"	"3"	16174195	0.269033146	"AA"
"SNP_A-1511748"	"3"	16230954	0.811471031	"AA"
"SNP_A-1514341"	"3"	16231381	0.475084883	"AA"
"SNP_A-1513975"	"3"	16744642	0.613531653	"AA"
"SNP_A-1508852"	"3"	17215406	-1.713118852	"BB"
"SNP_A-1514680"	"3"	17280307	0.214124805	"AA"
"SNP_A-1516003"	"3"	18222970	0.117695043	"AB"
"SNP_A-1512631"	"3"	18577538	-0.13606155	"AB"
"SNP_A-1516023"	"3"	18601746	-1.217591435	"BB"
"SNP_A-1510533"	"3"	18645164	1.124328135	"AB"
"SNP_A-1514706"	"3"	19346584	0.807354922	"AB"
"SNP_A-1507499"	"3"	19545994	-1.377069649	"AA"
"SNP_A-1516082"	"3"	19588760	0.555816155	"AB"
"SNP_A-1514829"	"3"	19736205	0.495695163	"NoCall"
"SNP_A-1508433"	"3"	19837052	0.550900665	"NoCall"
"SNP_A-1517009"	"3"	20670617	-1.13606155	"BB"
"SNP_A-1514270"	"3"	20671344	0.182692298	"BB"
"SNP_A-1514707"	"3"	21018456	0.189033824	"BB"
"SNP_A-1508859"	"3"	21045907	-0.514573173	"BB"
"SNP_A-1513314"	"3"	21047008	0.280956314	"BB"
"SNP_A-1511272"	"3"	21180635	-0.367731785	"AA"
"SNP_A-1519611"	"3"	21188359	-1.104697379	"AB"
"SNP_A-1519253"	"3"	21282366	-1.535331733	"AA"
"SNP_A-1510569"	"3"	21425621	-1.043943348	"AA"
"SNP_A-1517258"	"3"	21625502	0.757023247	"AB"
"SNP_A-1510970"	"3"	22383821	-0.226003675	"AA"
"SNP_A-1509690"	"3"	22460867	0.207892852	"AA"
"SNP_A-1515672"	"3"	22549134	-0.13606155	"BB"
"SNP_A-1511857"	"3"	23015075	0.59454855	"AB"
"SNP_A-1516106"	"3"	23473457	1.959770155	"NoCall"
"SNP_A-1516096"	"3"	23846367	-0.713118852	"NoCall"
"SNP_A-1514490"	"3"	24028757	0.695993813	"AB"
"SNP_A-1518114"	"3"	24058289	-0.40545145	"AA"
"SNP_A-1515295"	"3"	24060131	0.232660757	"BB"
"SNP_A-1508494"	"3"	24269346	-0.304006187	"NoCall"
"SNP_A-1515043"	"3"	24278382	-0.321928095	"AB"
"SNP_A-1509618"	"3"	24380015	1.084064265	"AB"
"SNP_A-1517829"	"3"	24508243	0.580145484	"NoCall"
"SNP_A-1513133"	"3"	24893197	-0.160040413	"NoCall"
"SNP_A-1513059"	"3"	25207120	-0.226003675	"AB"
"SNP_A-1519620"	"3"	25899663	-0.713118852	"BB"
"SNP_A-1515442"	"3"	27002462	0.007195501	"BB"
"SNP_A-1508027"	"3"	27045296	0.803227036	"AA"
"SNP_A-1514310"	"3"	27217118	-0.112474729	"AB"
"SNP_A-1516643"	"3"	27665496	0.014355293	"NoCall"
"SNP_A-1514313"	"3"	27825690	-0.567040593	"BB"
"SNP_A-1519009"	"3"	28278076	-0.483984853	"AB"
"SNP_A-1511348"	"3"	28724221	-0.943416472	"NoCall"
"SNP_A-1515561"	"3"	28724279	-0.340075442	"AA"
"SNP_A-1515521"	"3"	28724318	-1.434402824	"AA"
"SNP_A-1515863"	"3"	28724438	-1.168122759	"AB"
"SNP_A-1511387"	"3"	28724666	-0.655171503	"AB"
"SNP_A-1508843"	"3"	28935950	-1.029146346	"AA"
"SNP_A-1511572"	"3"	29032151	1.266036894	"BB"
"SNP_A-1508095"	"3"	29569051	-0.689659879	"NoCall"
"SNP_A-1518433"	"3"	30092365	0.163498732	"BB"
"SNP_A-1519239"	"3"	30146606	-0.02180437	"AB"
"SNP_A-1508274"	"3"	30221485	-0.849440323	"AB"
"SNP_A-1508225"	"3"	30221592	-0.836501268	"AB"
"SNP_A-1508165"	"3"	30221712	0.22650853	"AB"
"SNP_A-1509254"	"3"	30243482	0.815575429	"AA"
"SNP_A-1509211"	"3"	30243782	-0.632628934	"BB"
"SNP_A-1509410"	"3"	30344060	0.182692298	"AB"
"SNP_A-1517244"	"3"	30431493	0.014355293	"AB"
"SNP_A-1515048"	"3"	30603136	-0.444183845	"AA"
"SNP_A-1514202"	"3"	30672626	0.464668267	"BB"
"SNP_A-1514158"	"3"	30672874	0.250961574	"BB"
"SNP_A-1510557"	"3"	30823330	-0.424687669	"NoCall"
"SNP_A-1508505"	"3"	30990151	-0.09696173	"NoCall"
"SNP_A-1514278"	"3"	31067336	-1.377069649	"AB"
"SNP_A-1516904"	"3"	31152806	1.370164281	"AA"
"SNP_A-1515183"	"3"	31153746	0.545968369	"BB"
"SNP_A-1511211"	"3"	31445507	0.469885976	"AA"
"SNP_A-1510372"	"3"	33444705	1.049630768	"AA"
"SNP_A-1509515"	"3"	34448034	0.613531653	"AB"
"SNP_A-1516898"	"3"	34516028	-0.823677227	"AA"
"SNP_A-1512079"	"3"	34516553	-0.567040593	"AB"
"SNP_A-1508220"	"3"	34526885	0.895302621	"BB"
"SNP_A-1517287"	"3"	34528269	0.799087306	"AB"
"SNP_A-1516243"	"3"	34560002	0.5360529	"NoCall"
"SNP_A-1519547"	"3"	34737538	-0.724992953	"AA"
"SNP_A-1510054"	"3"	35065609	-0.268816758	"AA"
"SNP_A-1510004"	"3"	35065670	-0.066427362	"AA"
"SNP_A-1508984"	"3"	35099537	0.244887059	"AB"
"SNP_A-1510119"	"3"	35099814	-0.514573173	"NoCall"
"SNP_A-1516349"	"3"	35358112	-0.007231569	"BB"
"SNP_A-1519672"	"3"	35948582	0.195347598	"AA"
"SNP_A-1508140"	"3"	36212340	-0.701341684	"BB"
"SNP_A-1514219"	"3"	36259648	-0.632628934	"AB"
"SNP_A-1519121"	"3"	36411004	-0.713118852	"AB"
"SNP_A-1517107"	"3"	36640724	-1.304006187	"NoCall"
"SNP_A-1517203"	"3"	36641050	0.117695043	"BB"
"SNP_A-1519097"	"3"	36664383	0.056583528	"AA"
"SNP_A-1519749"	"3"	36664409	0.63691458	"BB"
"SNP_A-1514348"	"3"	36821168	0.613531653	"AB"
"SNP_A-1518695"	"3"	37181134	0.333423734	"NoCall"
"SNP_A-1509351"	"3"	39112956	-0.089267338	"AA"
"SNP_A-1514999"	"3"	39426369	-0.13606155	"AB"
"SNP_A-1515873"	"3"	39516089	-0.358453971	"BB"
"SNP_A-1515814"	"3"	39516172	0.244887059	"AA"
"SNP_A-1512292"	"3"	39530305	-0.849440323	"AA"
"SNP_A-1518814"	"3"	39777432	0	"NoCall"
"SNP_A-1508461"	"3"	39838640	0.933572638	"AB"
"SNP_A-1511406"	"3"	39838830	1.017921908	"AA"
"SNP_A-1516752"	"3"	40146227	-0.074000581	"NoCall"
"SNP_A-1510207"	"3"	41084104	0.704871964	"AA"
"SNP_A-1515498"	"3"	41103168	0.464668267	"AA"
"SNP_A-1515687"	"3"	41505531	0.042644337	"AA"
"SNP_A-1511698"	"3"	41505537	-0.666576266	"AA"
"SNP_A-1511758"	"3"	41528554	0.339137385	"AB"
"SNP_A-1513944"	"3"	42351829	-1.043943348	"BB"
"SNP_A-1509667"	"3"	42464074	-1.836501268	"AA"
"SNP_A-1509721"	"3"	42464126	-1.713118852	"BB"
"SNP_A-1510240"	"3"	42464212	-1.785875195	"BB"
"SNP_A-1518071"	"3"	42465044	1.392317423	"BB"
"SNP_A-1509386"	"3"	44048056	-1.251538767	"AA"
"SNP_A-1516695"	"3"	44187515	0.344828497	"AA"
"SNP_A-1516779"	"3"	44973374	0.659924558	"BB"
"SNP_A-1515237"	"3"	45437078	-0.377069649	"AB"
"SNP_A-1515175"	"3"	45437286	0.883620816	"BB"
"SNP_A-1512996"	"3"	45473650	-1.234465254	"BB"
"SNP_A-1507746"	"3"	45671579	0.232660757	"AA"
"SNP_A-1516032"	"3"	45672327	0.350497247	"AA"
"SNP_A-1508194"	"3"	45770041	0.15704371	"AB"
"SNP_A-1510104"	"3"	45770686	-0.971430848	"AB"
"SNP_A-1508136"	"3"	46104522	-0.13606155	"AB"
"SNP_A-1508248"	"3"	46104776	0.063502942	"AB"
"SNP_A-1513833"	"3"	46498610	0.350497247	"BB"
"SNP_A-1517629"	"3"	46535010	0.195347598	"BB"
"SNP_A-1517291"	"3"	46889945	-2.152003093	"BB"
"SNP_A-1512987"	"3"	47279339	-1.434402824	"AA"
"SNP_A-1516378"	"3"	48717327	1.22650853	"AB"
"SNP_A-1517759"	"3"	51308935	0.86393845	"AA"
"SNP_A-1516539"	"3"	51798667	-0.192645078	"AB"
"SNP_A-1518605"	"3"	51868078	-0.036525876	"NoCall"
"SNP_A-1518957"	"3"	52425791	-0.242976753	"BB"
"SNP_A-1511389"	"3"	52583994	0.531069493	"BB"
"SNP_A-1516352"	"3"	52839792	0.411426246	"BB"
"SNP_A-1519191"	"3"	52876444	0.007195501	"NoCall"
"SNP_A-1512446"	"3"	53415287	-0.321928095	"AB"
"SNP_A-1517881"	"3"	53713301	-1.200912694	"AB"
"SNP_A-1517297"	"3"	53886344	-0.514573173	"AA"
"SNP_A-1510592"	"3"	54136934	0.650764559	"AB"
"SNP_A-1508667"	"3"	54886110	1.632268215	"AA"
"SNP_A-1514818"	"3"	55220454	-0.713118852	"BB"
"SNP_A-1510901"	"3"	55360518	-0.007231569	"AB"
"SNP_A-1513593"	"3"	55420828	-0.76121314	"AB"
"SNP_A-1513640"	"3"	55420874	-1.577766999	"NoCall"
"SNP_A-1513700"	"3"	55420920	-0.545824107	"AB"
"SNP_A-1510419"	"3"	55431187	-0.089267338	"AB"
"SNP_A-1512824"	"3"	55431421	-0.120294234	"AB"
"SNP_A-1515478"	"3"	55909763	-0.473931188	"AA"
"SNP_A-1515801"	"3"	55915407	-1.184424571	"AA"
"SNP_A-1515855"	"3"	55915430	-0.168122759	"AA"
"SNP_A-1519350"	"3"	56158235	0.250961574	"BB"
"SNP_A-1512084"	"3"	56171428	-1.104697379	"AA"
"SNP_A-1514374"	"3"	56603214	1.327687364	"NoCall"
"SNP_A-1519172"	"3"	56871502	-0.810966176	"AB"
"SNP_A-1507556"	"3"	56878228	0.411426246	"BB"
"SNP_A-1507503"	"3"	56878257	0.604071324	"BB"
"SNP_A-1508167"	"3"	57307213	-0.701341684	"BB"
"SNP_A-1508879"	"3"	58571755	-1.217591435	"NoCall"
"SNP_A-1519720"	"3"	58597396	0.627606838	"AA"
"SNP_A-1510559"	"3"	59131716	1.324810603	"AB"
"SNP_A-1508605"	"3"	59221652	0.807354922	"AA"
"SNP_A-1507419"	"3"	59325409	0.443606651	"BB"
"SNP_A-1507518"	"3"	59325628	0.438292852	"AA"
"SNP_A-1512544"	"3"	59330035	0.883620816	"AA"
"SNP_A-1517014"	"3"	59406661	-1.074000581	"BB"
"SNP_A-1511152"	"3"	59555877	1.097610797	"BB"
"SNP_A-1511018"	"3"	59568262	0.367371066	"BB"
"SNP_A-1514622"	"3"	59627980	0.310340121	"NoCall"
"SNP_A-1514717"	"3"	59628243	0.695993813	"AB"
"SNP_A-1514760"	"3"	59628289	0.944858446	"AB"
"SNP_A-1513200"	"3"	59688486	0.063502942	"AB"
"SNP_A-1511382"	"3"	59693919	0.40599236	"AA"
"SNP_A-1511274"	"3"	59863112	-0.929610672	"AA"
"SNP_A-1514216"	"3"	59863296	-1.01449957	"AA"
"SNP_A-1519202"	"3"	60228512	0.700439718	"AA"
"SNP_A-1517270"	"3"	60273752	-1.168122759	"AB"
"SNP_A-1519736"	"3"	60375697	0.214124805	"BB"
"SNP_A-1519688"	"3"	60375977	0.316145742	"NoCall"
"SNP_A-1518736"	"3"	60381953	-1.358453971	"BB"
"SNP_A-1508561"	"3"	60473113	0.427606173	"BB"
"SNP_A-1508525"	"3"	60473190	-0.77349147	"AB"
"SNP_A-1507869"	"3"	60538067	-0.434402824	"AB"
"SNP_A-1508311"	"3"	60587174	0.613531653	"AA"
"SNP_A-1510016"	"3"	60776209	-1.535331733	"AB"
"SNP_A-1511907"	"3"	61363683	-1.074000581	"AB"
"SNP_A-1516665"	"3"	61405075	-0.09696173	"AB"
"SNP_A-1514163"	"3"	62048480	0.565597176	"BB"
"SNP_A-1512663"	"3"	62049014	-0.029146346	"AA"
"SNP_A-1516956"	"3"	62620857	1.582556003	"AB"
"SNP_A-1510431"	"3"	62632660	-2.058893689	"AA"
"SNP_A-1513868"	"3"	62656230	-0.268816758	"BB"
"SNP_A-1509916"	"3"	62661518	0.613531653	"AB"
"SNP_A-1512618"	"3"	62661595	1.40053793	"AA"
"SNP_A-1514824"	"3"	62661988	1.347665656	"BB"
"SNP_A-1517915"	"3"	62994511	0.500802053	"AB"
"SNP_A-1509074"	"3"	63010250	0.918386234	"AA"
"SNP_A-1508977"	"3"	63010440	0.042644337	"NoCall"
"SNP_A-1512927"	"3"	63120465	-0.588573754	"BB"
"SNP_A-1515026"	"3"	63477031	-0.849440323	"BB"
"SNP_A-1515692"	"3"	64154938	-0.736965594	"AB"
"SNP_A-1518769"	"3"	64202603	-0.217591435	"AB"
"SNP_A-1510288"	"3"	64240815	0.150559677	"BB"
"SNP_A-1511740"	"3"	64240837	-1.200912694	"AA"
"SNP_A-1514232"	"3"	64280812	0.815575429	"AA"
"SNP_A-1513598"	"3"	64280907	0.967168608	"AA"
"SNP_A-1519243"	"3"	64719676	0.298658316	"AB"
"SNP_A-1510291"	"3"	64789730	0.09085343	"NoCall"
"SNP_A-1516918"	"3"	65165760	-1.234465254	"BB"
"SNP_A-1515658"	"3"	65186000	-0.340075442	"BB"
"SNP_A-1513885"	"3"	65233445	0.906890596	"BB"
"SNP_A-1519044"	"3"	65320135	-0.689659879	"BB"
"SNP_A-1511697"	"3"	65320287	0.049630768	"BB"
"SNP_A-1508841"	"3"	65533654	0.739848103	"AA"
"SNP_A-1518754"	"3"	65647707	-0.77349147	"AB"
"SNP_A-1515187"	"3"	65698663	-0.330973234	"AB"
"SNP_A-1509035"	"3"	66501116	1.13422094	"BB"
"SNP_A-1518858"	"3"	66835357	0.214124805	"BB"
"SNP_A-1511814"	"3"	66944109	0.195347598	"AA"
"SNP_A-1517819"	"3"	67250354	1.160274831	"BB"
"SNP_A-1515308"	"3"	67250463	-0.01449957	"AA"
"SNP_A-1516383"	"3"	67277184	-1.666576266	"NoCall"
"SNP_A-1507988"	"3"	67623696	-1.304006187	"AA"
"SNP_A-1513469"	"3"	68367673	0.14404637	"AB"
"SNP_A-1509778"	"3"	68428994	0.49057013	"BB"
"SNP_A-1516364"	"3"	68476607	0.713695815	"AA"
"SNP_A-1515772"	"3"	68533558	0.310340121	"AB"
"SNP_A-1515728"	"3"	68533694	-1.415037499	"AB"
"SNP_A-1508792"	"3"	68536652	-0.128156351	"NoCall"
"SNP_A-1513091"	"3"	68818296	-0.152003093	"AB"
"SNP_A-1515578"	"3"	69708151	-0.120294234	"BB"
"SNP_A-1515535"	"3"	69708279	-0.304006187	"NoCall"
"SNP_A-1512047"	"3"	69831948	0.757023247	"AA"
"SNP_A-1511439"	"3"	69832437	0.10433666	"AA"
"SNP_A-1513807"	"3"	70604120	-0.415037499	"AB"
"SNP_A-1513764"	"3"	70604421	-0.02180437	"AB"
"SNP_A-1511259"	"3"	70839137	-1.268816758	"AA"
"SNP_A-1516112"	"3"	70848981	-0.588573754	"AA"
"SNP_A-1511915"	"3"	71090835	-0.524915117	"NoCall"
"SNP_A-1511544"	"3"	71344850	0.847996907	"AA"
"SNP_A-1510450"	"3"	72465937	0.659924558	"NoCall"
"SNP_A-1508678"	"3"	72838094	-0.424687669	"AB"
"SNP_A-1508204"	"3"	73438043	-0.112474729	"BB"
"SNP_A-1509891"	"3"	73680323	0.757023247	"NoCall"
"SNP_A-1519546"	"3"	73835948	1.169925001	"AA"
"SNP_A-1511247"	"3"	73857665	-0.49410907	"AB"
"SNP_A-1515792"	"3"	74265035	0.959770155	"AA"
"SNP_A-1507450"	"3"	74346021	-0.09696173	"AA"
"SNP_A-1512207"	"3"	74567732	0.384049807	"BB"
"SNP_A-1507398"	"3"	78578899	0.59454855	"AB"
"SNP_A-1516476"	"3"	78829072	0.599317794	"NoCall"
"SNP_A-1519682"	"3"	79768958	0.922197848	"AB"
"SNP_A-1518426"	"3"	80223629	0.150559677	"NoCall"
"SNP_A-1511771"	"3"	80268171	0.541019153	"AB"
"SNP_A-1511720"	"3"	80268371	0.744161096	"BB"
"SNP_A-1515367"	"3"	80374727	0.150559677	"AB"
"SNP_A-1517016"	"3"	80464004	-0.49410907	"AA"
"SNP_A-1515151"	"3"	80470158	-1.454031631	"AB"
"SNP_A-1519500"	"3"	80491898	1.353323291	"AA"
"SNP_A-1518295"	"3"	80928566	-1.415037499	"AA"
"SNP_A-1515592"	"3"	81185338	1.007195501	"BB"
"SNP_A-1518974"	"3"	81294718	-1.268816758	"NoCall"
"SNP_A-1507987"	"3"	81294739	-1.01449957	"AA"
"SNP_A-1508724"	"3"	82334387	0.678071905	"BB"
"SNP_A-1517947"	"3"	82687596	-0.386468347	"BB"
"SNP_A-1517842"	"3"	82687689	-0.226003675	"BB"
"SNP_A-1515545"	"3"	82687898	-0.504304837	"BB"
"SNP_A-1513283"	"3"	83020320	-0.386468347	"AA"
"SNP_A-1510718"	"3"	83028406	0.321928095	"BB"
"SNP_A-1510837"	"3"	84322420	-1.168122759	"BB"
"SNP_A-1518373"	"3"	85060302	0.056583528	"AA"
"SNP_A-1512534"	"3"	85320645	-0.286304185	"BB"
"SNP_A-1507674"	"3"	85456906	-0.321928095	"AB"
"SNP_A-1513339"	"3"	85457215	0.618238656	"BB"
"SNP_A-1507714"	"3"	85457380	0.14404637	"BB"
"SNP_A-1518496"	"3"	85472304	-1.074000581	"BB"
"SNP_A-1517608"	"3"	85567327	0.378511623	"BB"
"SNP_A-1519706"	"3"	85740313	-0.985644707	"AA"
"SNP_A-1512678"	"3"	86419570	-1.184424571	"AA"
"SNP_A-1515568"	"3"	86681004	-0.810966176	"AB"
"SNP_A-1509838"	"3"	86749235	-0.386468347	"NoCall"
"SNP_A-1516266"	"3"	86749293	0.244887059	"AB"
"SNP_A-1514212"	"3"	86943014	-0.330973234	"BB"
"SNP_A-1512649"	"3"	86975962	0.510961919	"BB"
"SNP_A-1513818"	"3"	87871130	1.392317423	"AA"
"SNP_A-1518791"	"3"	88673673	1.754887502	"BB"
"SNP_A-1507751"	"3"	88683633	0.883620816	"BB"
"SNP_A-1515381"	"3"	95433376	0.163498732	"BB"
"SNP_A-1510624"	"3"	96007938	-0.49410907	"AB"
"SNP_A-1513397"	"3"	96451175	1.269033146	"BB"
"SNP_A-1512153"	"3"	96982437	-0.454031631	"AA"
"SNP_A-1512771"	"3"	96982592	1.214124805	"BB"
"SNP_A-1508092"	"3"	97159274	-1.535331733	"BB"
"SNP_A-1518517"	"3"	97724356	-0.358453971	"AB"
"SNP_A-1514676"	"3"	97896318	-0.535331733	"AA"
"SNP_A-1514761"	"3"	98649185	-1.689659879	"BB"
"SNP_A-1508669"	"3"	98695146	-0.689659879	"AB"
"SNP_A-1512032"	"3"	99593091	-0.736965594	"AB"
"SNP_A-1511890"	"3"	99671912	0.570462931	"AA"
"SNP_A-1519363"	"3"	100030903	-0.13606155	"AA"
"SNP_A-1508630"	"3"	100056393	-0.395928676	"BB"
"SNP_A-1519592"	"3"	100353040	-0.01449957	"AA"
"SNP_A-1507713"	"3"	100353095	-0.036525876	"AB"
"SNP_A-1508877"	"3"	100472293	-0.02180437	"AA"
"SNP_A-1512712"	"3"	100649046	-0.545824107	"AA"
"SNP_A-1513718"	"3"	100652065	0.59454855	"BB"
"SNP_A-1510111"	"3"	101107190	-0.304006187	"NoCall"
"SNP_A-1507990"	"3"	101107912	0.316145742	"BB"
"SNP_A-1508741"	"3"	101201470	-0.074000581	"AA"
"SNP_A-1507449"	"3"	102092428	0.86393845	"AB"
"SNP_A-1519022"	"3"	102117543	0.918386234	"AB"
"SNP_A-1515881"	"3"	102333007	-0.321928095	"NoCall"
"SNP_A-1519277"	"3"	102443021	0.59454855	"BB"
"SNP_A-1516494"	"3"	103075501	-0.49410907	"AA"
"SNP_A-1509194"	"3"	103076639	0.718087584	"BB"
"SNP_A-1509136"	"3"	103076695	0.887525271	"BB"
"SNP_A-1515979"	"3"	103624633	1.488000771	"BB"
"SNP_A-1519616"	"3"	103817725	-0.535331733	"AA"
"SNP_A-1515707"	"3"	103857384	-0.17625064	"AA"
"SNP_A-1517055"	"3"	104323091	0.794935663	"AB"
"SNP_A-1508048"	"3"	104592350	0.485426827	"AB"
"SNP_A-1517636"	"3"	104639405	1.107687869	"AB"
"SNP_A-1509421"	"3"	104795627	0.86393845	"AA"
"SNP_A-1510914"	"3"	105604336	0.280956314	"BB"
"SNP_A-1512447"	"3"	105664144	-0.13606155	"AA"
"SNP_A-1510687"	"3"	106666874	0.056583528	"AA"
"SNP_A-1511051"	"3"	106759221	0.195347598	"AB"
"SNP_A-1516113"	"3"	107496425	-0.524915117	"AB"
"SNP_A-1514052"	"3"	107533005	0.682573297	"AA"
"SNP_A-1511517"	"3"	107872414	-0.621488377	"AA"
"SNP_A-1516286"	"3"	108192545	0.189033824	"BB"
"SNP_A-1517072"	"3"	108386293	-0.444183845	"BB"
"SNP_A-1510758"	"3"	108398798	-0.736965594	"AA"
"SNP_A-1513410"	"3"	108451628	0.687060688	"BB"
"SNP_A-1519391"	"3"	108991086	0.124328135	"AA"
"SNP_A-1518979"	"3"	109041129	-1.268816758	"AA"
"SNP_A-1518539"	"3"	109215580	0.555816155	"AB"
"SNP_A-1513495"	"3"	109215741	0.709290636	"AB"
"SNP_A-1510381"	"3"	109344866	-1.200912694	"AB"
"SNP_A-1510953"	"3"	110720001	-1.234465254	"BB"
"SNP_A-1508926"	"3"	110816930	-1.043943348	"BB"
"SNP_A-1508324"	"3"	110817032	-0.051399153	"BB"
"SNP_A-1508065"	"3"	111068414	-0.632628934	"NoCall"
"SNP_A-1510359"	"3"	112323275	1.381283373	"AA"
"SNP_A-1519437"	"3"	112579237	0.378511623	"BB"
"SNP_A-1515897"	"3"	112765787	-1.358453971	"AA"
"SNP_A-1515846"	"3"	112765878	-1.415037499	"BB"
"SNP_A-1516462"	"3"	112959033	-0.251538767	"AA"
"SNP_A-1513496"	"3"	113172718	-1.943416472	"AB"
"SNP_A-1508067"	"3"	113179780	0.333423734	"NoCall"
"SNP_A-1509067"	"3"	113497850	-1.577766999	"AB"
"SNP_A-1509029"	"3"	113497938	-0.655171503	"AB"
"SNP_A-1509118"	"3"	113498031	-0.724992953	"NoCall"
"SNP_A-1508745"	"3"	113677453	-0.823677227	"AB"
"SNP_A-1510954"	"3"	113781096	-0.358453971	"NoCall"
"SNP_A-1517013"	"3"	113867374	-0.209227962	"AA"
"SNP_A-1511986"	"3"	114218596	-1.234465254	"AA"
"SNP_A-1507756"	"3"	114336857	0.761285273	"AA"
"SNP_A-1512585"	"3"	114655134	-0.985644707	"BB"
"SNP_A-1508541"	"3"	115179102	0.90303827	"BB"
"SNP_A-1509407"	"3"	116226142	-0.588573754	"AA"
"SNP_A-1509693"	"3"	116640501	-0.377069649	"NoCall"
"SNP_A-1514345"	"3"	117035474	-0.217591435	"BB"
"SNP_A-1517031"	"3"	117222809	-0.01449957	"BB"
"SNP_A-1512124"	"3"	117409066	0.077242999	"BB"
"SNP_A-1509036"	"3"	117410480	-0.217591435	"NoCall"
"SNP_A-1513289"	"3"	117463547	-0.713118852	"AA"
"SNP_A-1516895"	"3"	117591784	0.286881148	"BB"
"SNP_A-1516954"	"3"	117591828	0.786596362	"AA"
"SNP_A-1518494"	"3"	117632275	0.35614381	"AA"
"SNP_A-1514602"	"3"	117811686	-0.40545145	"AA"
"SNP_A-1512491"	"3"	117955023	-0.058893689	"AB"
"SNP_A-1518108"	"3"	117955197	0	"BB"
"SNP_A-1512328"	"3"	118034992	0.15704371	"AA"
"SNP_A-1511413"	"3"	118112349	1.12763328	"AB"
"SNP_A-1511288"	"3"	118224274	0.887525271	"BB"
"SNP_A-1518931"	"3"	118374514	1.277984747	"AA"
"SNP_A-1509367"	"3"	118561796	0.575312331	"AB"
"SNP_A-1516288"	"3"	118628468	0.007195501	"NoCall"
"SNP_A-1508475"	"3"	118937481	1.204766751	"AA"
"SNP_A-1513373"	"3"	118979800	-0.02180437	"BB"
"SNP_A-1512487"	"3"	119121446	-0.066427362	"BB"
"SNP_A-1514718"	"3"	119141287	-0.588573754	"AA"
"SNP_A-1517522"	"3"	119454521	0.163498732	"BB"
"SNP_A-1508288"	"3"	119740989	-0.514573173	"AB"
"SNP_A-1511101"	"3"	119875330	-0.434402824	"AB"
"SNP_A-1518541"	"3"	119926370	0.937344392	"AA"
"SNP_A-1511120"	"3"	119926915	-0.321928095	"AA"
"SNP_A-1514647"	"3"	120682316	0.584962501	"NoCall"
"SNP_A-1510208"	"3"	120950822	-0.556393349	"BB"
"SNP_A-1516091"	"3"	121379356	-0.724992953	"BB"
"SNP_A-1509885"	"3"	121444457	0.13093087	"AA"
"SNP_A-1518137"	"3"	121566726	-1.535331733	"NoCall"
"SNP_A-1517266"	"3"	121673801	0.056583528	"AB"
"SNP_A-1516011"	"3"	121685208	1.307428525	"NoCall"
"SNP_A-1517994"	"3"	122006868	-0.454031631	"AA"
"SNP_A-1511242"	"3"	122082316	-0.535331733	"AA"
"SNP_A-1511310"	"3"	123159220	0.847996907	"BB"
"SNP_A-1511837"	"3"	123159693	0.959770155	"BB"
"SNP_A-1516261"	"3"	123479799	-0.058893689	"AA"
"SNP_A-1511115"	"3"	123887873	-0.260151897	"AB"
"SNP_A-1514135"	"3"	124173230	2.099295204	"AA"
"SNP_A-1514153"	"3"	124280518	1	"NoCall"
"SNP_A-1511653"	"3"	124892655	-0.798366139	"AB"
"SNP_A-1516817"	"3"	125187995	-0.415037499	"AB"
"SNP_A-1516522"	"3"	125491697	1.792855352	"BB"
"SNP_A-1511512"	"3"	125648206	-1.514573173	"AB"
"SNP_A-1515274"	"3"	125680764	-0.234465254	"BB"
"SNP_A-1515185"	"3"	126280735	-0.454031631	"AB"
"SNP_A-1517011"	"3"	126990628	-0.217591435	"BB"
"SNP_A-1508269"	"3"	127496310	-0.184424571	"AA"
"SNP_A-1515852"	"3"	127624947	0.871843649	"BB"
"SNP_A-1514140"	"3"	128235033	0.799087306	"AB"
"SNP_A-1516322"	"3"	128322361	-0.943416472	"NoCall"
"SNP_A-1509480"	"3"	130009408	-0.535331733	"AB"
"SNP_A-1509536"	"3"	130009497	0.321928095	"NoCall"
"SNP_A-1509439"	"3"	130009543	0.269033146	"AB"
"SNP_A-1508749"	"3"	130046939	0.438292852	"BB"
"SNP_A-1515115"	"3"	130579430	-0.556393349	"BB"
"SNP_A-1515351"	"3"	130989693	0.839959587	"BB"
"SNP_A-1511307"	"3"	131030261	1.582556003	"AA"
"SNP_A-1511678"	"3"	131392213	0.063502942	"AA"
"SNP_A-1515177"	"3"	131454529	0.956056652	"BB"
"SNP_A-1509502"	"3"	131969707	0.650764559	"AB"
"SNP_A-1519323"	"3"	131969815	-1.104697379	"BB"
"SNP_A-1512028"	"3"	132780249	-0.655171503	"BB"
"SNP_A-1519306"	"3"	132843461	-0.49410907	"BB"
"SNP_A-1511088"	"3"	133010505	-1.074000581	"AA"
"SNP_A-1514791"	"3"	133199938	1.070389328	"NoCall"
"SNP_A-1514750"	"3"	133200055	1.232660757	"BB"
"SNP_A-1510206"	"3"	133555387	-0.504304837	"AB"
"SNP_A-1507979"	"3"	133814565	0.097610797	"BB"
"SNP_A-1511853"	"3"	133908908	-0.535331733	"NoCall"
"SNP_A-1515674"	"3"	134086590	-0.340075442	"AB"
"SNP_A-1515629"	"3"	134086645	-0.862496476	"AB"
"SNP_A-1511353"	"3"	134381100	0.622930351	"AB"
"SNP_A-1510570"	"3"	134920991	0.659924558	"AB"
"SNP_A-1510037"	"3"	134921079	0.201633861	"NoCall"
"SNP_A-1518876"	"3"	135819549	1.347665656	"BB"
"SNP_A-1518437"	"3"	135829002	-0.454031631	"AA"
"SNP_A-1518324"	"3"	135829029	0.163498732	"BB"
"SNP_A-1512268"	"3"	135829347	-1.810966176	"AA"
"SNP_A-1518665"	"3"	135829480	-0.666576266	"AA"
"SNP_A-1512085"	"3"	135913219	-0.09696173	"AB"
"SNP_A-1512125"	"3"	135913349	0.189033824	"AB"
"SNP_A-1515037"	"3"	136019686	1.114367025	"AB"
"SNP_A-1518144"	"3"	136179026	0.111031312	"BB"
"SNP_A-1512998"	"3"	138022204	0.189033824	"AA"
"SNP_A-1510680"	"3"	138022305	-0.577766999	"AA"
"SNP_A-1513995"	"3"	138060315	-0.13606155	"AB"
"SNP_A-1512141"	"3"	138213490	0.748461233	"AB"
"SNP_A-1515786"	"3"	138861387	0.700439718	"AA"
"SNP_A-1515888"	"3"	138878431	0.786596362	"AB"
"SNP_A-1507890"	"3"	138908592	-0.104697379	"AA"
"SNP_A-1507944"	"3"	138908740	0.028569152	"AB"
"SNP_A-1510442"	"3"	138977507	0.028569152	"AB"
"SNP_A-1518428"	"3"	140602062	1.229587923	"BB"
"SNP_A-1512068"	"3"	140844042	0.292781749	"AA"
"SNP_A-1515551"	"3"	140844371	-0.09696173	"AB"
"SNP_A-1514436"	"3"	140881943	-0.724992953	"AA"
"SNP_A-1513851"	"3"	140969235	-0.192645078	"AB"
"SNP_A-1515529"	"3"	141105783	0.867896464	"AB"
"SNP_A-1509746"	"3"	141372655	-0.621488377	"AB"
"SNP_A-1516670"	"3"	141372855	0.687060688	"AB"
"SNP_A-1516634"	"3"	141372990	0.372952098	"NoCall"
"SNP_A-1516715"	"3"	141373081	0.350497247	"NoCall"
"SNP_A-1518807"	"3"	141373169	-0.798366139	"AB"
"SNP_A-1511225"	"3"	141494264	1.160274831	"BB"
"SNP_A-1518562"	"3"	141637760	0.220329955	"AB"
"SNP_A-1516851"	"3"	141925969	-0.089267338	"AA"
"SNP_A-1517017"	"3"	142426479	-0.415037499	"BB"
"SNP_A-1516014"	"3"	142884250	1.23572706	"BB"
"SNP_A-1516412"	"3"	143767114	0.350497247	"AA"
"SNP_A-1515100"	"3"	144005135	0.794935663	"BB"
"SNP_A-1507692"	"3"	144193016	1.967168608	"NoCall"
"SNP_A-1514911"	"3"	144193059	0.655351829	"AA"
"SNP_A-1510980"	"3"	144225021	0.970853654	"NoCall"
"SNP_A-1516435"	"3"	144315731	-1.104697379	"BB"
"SNP_A-1519370"	"3"	144350498	0.516015147	"BB"
"SNP_A-1514507"	"3"	144725876	1.811471031	"AA"
"SNP_A-1513630"	"3"	144731989	0.794935663	"NoCall"
"SNP_A-1513584"	"3"	144732035	1.150559677	"NoCall"
"SNP_A-1513805"	"3"	145010131	0.769771739	"AA"
"SNP_A-1512646"	"3"	145129881	2.09085343	"BB"
"SNP_A-1518846"	"3"	145561472	0.803227036	"NoCall"
"SNP_A-1518892"	"3"	145561598	0.531069493	"BB"
"SNP_A-1517382"	"3"	145597557	0.66448284	"AA"
"SNP_A-1507752"	"3"	145669956	0.097610797	"AA"
"SNP_A-1509741"	"3"	146365461	1.304511042	"AA"
"SNP_A-1513012"	"3"	146392483	0.531069493	"NoCall"
"SNP_A-1508417"	"3"	146508344	-0.226003675	"BB"
"SNP_A-1518364"	"3"	147489128	1.160274831	"NoCall"
"SNP_A-1517426"	"3"	147649853	0.056583528	"AA"
"SNP_A-1512837"	"3"	147786285	1.689299161	"AA"
"SNP_A-1512131"	"3"	148200263	1.056583528	"AB"
"SNP_A-1514325"	"3"	148201004	0.195347598	"AA"
"SNP_A-1516185"	"3"	148920107	-0.277533976	"AA"
"SNP_A-1516139"	"3"	148920155	-0.434402824	"AA"
"SNP_A-1514383"	"3"	149294351	-0.01449957	"AA"
"SNP_A-1514149"	"3"	149639735	1.615887074	"BB"
"SNP_A-1515995"	"3"	149701452	0.15704371	"BB"
"SNP_A-1508511"	"3"	149901788	-0.036525876	"NoCall"
"SNP_A-1519580"	"3"	149999589	-0.304006187	"AB"
"SNP_A-1510591"	"3"	150580989	0.280956314	"AA"
"SNP_A-1515818"	"3"	150706448	-0.321928095	"AA"
"SNP_A-1507588"	"3"	150776560	1.217230716	"NoCall"
"SNP_A-1514945"	"3"	150835697	1.032100843	"BB"
"SNP_A-1510378"	"3"	151036527	0.929790998	"AA"
"SNP_A-1511163"	"3"	151106546	1.464668267	"AB"
"SNP_A-1517424"	"3"	151156739	0.464668267	"AA"
"SNP_A-1507891"	"3"	151506654	1.286881148	"AA"
"SNP_A-1512377"	"3"	152405321	0.244887059	"AA"
"SNP_A-1511688"	"3"	152749433	0.207892852	"NoCall"
"SNP_A-1511466"	"3"	152780318	0.350497247	"NoCall"
"SNP_A-1511418"	"3"	152780416	0.286881148	"AB"
"SNP_A-1518564"	"3"	153067856	1.277984747	"AA"
"SNP_A-1507387"	"3"	153098992	1.053111336	"BB"
"SNP_A-1511228"	"3"	153566116	0.280956314	"BB"
"SNP_A-1513895"	"3"	153566574	-0.701341684	"NoCall"
"SNP_A-1509535"	"3"	153948645	1.049630768	"BB"
"SNP_A-1516828"	"3"	154610302	0.545968369	"AA"
"SNP_A-1519733"	"3"	154696076	-0.713118852	"AB"
"SNP_A-1518863"	"3"	154729571	0.86393845	"AA"
"SNP_A-1518964"	"3"	154729704	0.316145742	"BB"
"SNP_A-1510958"	"3"	154905143	0.372952098	"NoCall"
"SNP_A-1513622"	"3"	157355560	1.560714954	"BB"
"SNP_A-1516430"	"3"	157379608	1.344828497	"BB"
"SNP_A-1512167"	"3"	157481297	1.411426246	"BB"
"SNP_A-1516475"	"3"	157739669	0.137503524	"AA"
"SNP_A-1513026"	"3"	158439967	0.163498732	"AB"
"SNP_A-1511148"	"3"	158440239	2.438292852	"NoCall"
"SNP_A-1507515"	"3"	158538803	2.344828497	"AB"
"SNP_A-1518782"	"3"	158787185	0.432959407	"BB"
"SNP_A-1517205"	"3"	159213100	0.695993813	"NoCall"
"SNP_A-1510684"	"3"	159262146	1.757023247	"NoCall"
"SNP_A-1516567"	"3"	159686451	1.066950244	"NoCall"
"SNP_A-1516347"	"3"	159843873	-0.295128036	"AB"
"SNP_A-1509175"	"3"	159996874	-0.081613766	"BB"
"SNP_A-1507366"	"3"	160017406	0.111031312	"NoCall"
"SNP_A-1515127"	"3"	160155637	1.333423734	"AA"
"SNP_A-1510315"	"3"	160365191	0.464668267	"BB"
"SNP_A-1515844"	"3"	160798406	0.495695163	"AA"
"SNP_A-1519465"	"3"	160853214	1.790772038	"BB"
"SNP_A-1519378"	"3"	161010131	2.442280035	"NoCall"
"SNP_A-1507679"	"3"	161789969	-0.514573173	"BB"
"SNP_A-1517454"	"3"	161798774	0.786596362	"BB"
"SNP_A-1512464"	"3"	161855138	-0.066427362	"AA"
"SNP_A-1514730"	"3"	161942108	1.817623258	"BB"
"SNP_A-1517688"	"3"	162408505	0.700439718	"AA"
"SNP_A-1514096"	"3"	162680288	-0.340075442	"AA"
"SNP_A-1508068"	"3"	162709726	-0.836501268	"AB"
"SNP_A-1512211"	"3"	162767417	0.214124805	"NoCall"
"SNP_A-1519264"	"3"	162895497	0.097610797	"AB"
"SNP_A-1511846"	"3"	162941342	0.339137385	"AA"
"SNP_A-1515906"	"3"	163081462	-0.304006187	"BB"
"SNP_A-1514691"	"3"	163101861	-0.251538767	"BB"
"SNP_A-1509931"	"3"	163148447	1.23572706	"AA"
"SNP_A-1513794"	"3"	163175132	0.761285273	"AB"
"SNP_A-1513746"	"3"	163175242	0.333423734	"AB"
"SNP_A-1511470"	"3"	163203454	1.049630768	"BB"
"SNP_A-1509712"	"3"	163211591	-0.029146346	"NoCall"
"SNP_A-1511493"	"3"	163676251	1.695993813	"BB"
"SNP_A-1517035"	"3"	163698040	-0.701341684	"AA"
"SNP_A-1512772"	"3"	163698215	0.028569152	"AA"
"SNP_A-1517782"	"3"	163698438	0.618238656	"BB"
"SNP_A-1509926"	"3"	164045965	1.893362211	"AA"
"SNP_A-1509013"	"3"	164236700	1.073820233	"AA"
"SNP_A-1518397"	"3"	164236970	0.372952098	"AA"
"SNP_A-1508981"	"3"	164322912	0.718087584	"NoCall"
"SNP_A-1509032"	"3"	164322942	0.182692298	"BB"
"SNP_A-1512575"	"3"	164937793	-0.862496476	"AA"
"SNP_A-1514412"	"3"	165248060	0.700439718	"AB"
"SNP_A-1514356"	"3"	165248353	0.722466024	"AB"
"SNP_A-1519092"	"3"	165266686	-0.514573173	"NoCall"
"SNP_A-1514657"	"3"	165422106	1.214124805	"AB"
"SNP_A-1514690"	"3"	165492901	0.695993813	"AA"
"SNP_A-1519744"	"3"	165493743	-0.386468347	"BB"
"SNP_A-1516468"	"3"	165508905	0.941106311	"NoCall"
"SNP_A-1508753"	"3"	165565332	0.90303827	"AA"
"SNP_A-1512676"	"3"	166892922	0.589763487	"BB"
"SNP_A-1508627"	"3"	167469805	0.021479727	"AB"
"SNP_A-1519252"	"3"	167639588	0.201633861	"NoCall"
"SNP_A-1511126"	"3"	168889090	-0.434402824	"BB"
"SNP_A-1509483"	"3"	168979186	1.625270489	"AA"
"SNP_A-1517648"	"3"	169143889	0.257010618	"NoCall"
"SNP_A-1518417"	"3"	169587093	0.09085343	"BB"
"SNP_A-1518965"	"3"	170060763	-0.610433188	"BB"
"SNP_A-1509719"	"3"	170067880	1.411426246	"AA"
"SNP_A-1519387"	"3"	170105001	-0.13606155	"BB"
"SNP_A-1513150"	"3"	170179919	0.794935663	"NoCall"
"SNP_A-1513458"	"3"	170278361	0.691534165	"BB"
"SNP_A-1516975"	"3"	170654028	1.087462841	"AA"
"SNP_A-1514614"	"3"	170900884	0.063502942	"NoCall"
"SNP_A-1508020"	"3"	170980183	0.195347598	"BB"
"SNP_A-1510308"	"3"	172206399	-0.545824107	"AA"
"SNP_A-1517656"	"3"	172481347	0.584962501	"AA"
"SNP_A-1509479"	"3"	172610160	1.523561956	"NoCall"
"SNP_A-1509435"	"3"	172771665	0.150559677	"AA"
"SNP_A-1509382"	"3"	172771740	0.967168608	"BB"
"SNP_A-1516388"	"3"	173414209	-0.577766999	"NoCall"
"SNP_A-1514288"	"3"	173418655	0.627606838	"AA"
"SNP_A-1514241"	"3"	173418940	0.918386234	"AB"
"SNP_A-1513434"	"3"	174226856	1.40053793	"AA"
"SNP_A-1507368"	"3"	174510186	0.500802053	"BB"
"SNP_A-1507531"	"3"	175190657	0.09085343	"AB"
"SNP_A-1508795"	"3"	175621089	-0.120294234	"NoCall"
"SNP_A-1517082"	"3"	175901739	-0.701341684	"AA"
"SNP_A-1511779"	"3"	176375529	-0.09696173	"AA"
"SNP_A-1509801"	"3"	176448923	0.084064265	"AA"
"SNP_A-1511813"	"3"	176665334	-0.128156351	"BB"
"SNP_A-1517824"	"3"	177171234	1.025028794	"BB"
"SNP_A-1518682"	"3"	177459752	0.589763487	"BB"
"SNP_A-1510834"	"3"	177546348	-1.120294234	"NoCall"
"SNP_A-1516780"	"3"	177561451	1.769771739	"BB"
"SNP_A-1516379"	"3"	177943534	0.207892852	"NoCall"
"SNP_A-1516425"	"3"	177943831	-0.074000581	"AA"
"SNP_A-1515959"	"3"	177943992	-0.76121314	"AA"
"SNP_A-1517000"	"3"	179162680	-0.304006187	"NoCall"
"SNP_A-1516215"	"3"	179435334	-0.321928095	"AB"
"SNP_A-1516746"	"3"	179435563	-0.168122759	"AA"
"SNP_A-1512810"	"3"	179474369	0.333423734	"AA"
"SNP_A-1510950"	"3"	179544652	0.195347598	"AB"
"SNP_A-1511003"	"3"	179544669	0.618238656	"AB"
"SNP_A-1514173"	"3"	179677333	0.049630768	"AA"
"SNP_A-1511671"	"3"	180252120	2.727920455	"BB"
"SNP_A-1508156"	"3"	180567466	0.669026766	"NoCall"
"SNP_A-1512457"	"3"	180866964	1.475084883	"NoCall"
"SNP_A-1507868"	"3"	181019154	0.89917563	"NoCall"
"SNP_A-1512336"	"3"	181089766	-0.875671865	"NoCall"
"SNP_A-1513747"	"3"	181136613	0.843983844	"BB"
"SNP_A-1517808"	"3"	181344660	0.803227036	"NoCall"
"SNP_A-1514838"	"3"	181389561	-0.058893689	"AA"
"SNP_A-1509494"	"3"	181390485	0.169925001	"AA"
"SNP_A-1515965"	"3"	181975829	0.910732662	"AA"
"SNP_A-1510239"	"3"	182787889	1.032100843	"AA"
"SNP_A-1513427"	"3"	183366531	-0.144010303	"AA"
"SNP_A-1518037"	"3"	183925601	1.709290636	"NoCall"
"SNP_A-1509300"	"3"	184180314	-0.577766999	"NoCall"
"SNP_A-1509249"	"3"	184180362	-0.535331733	"NoCall"
"SNP_A-1508185"	"3"	184234858	0.40599236	"AA"
"SNP_A-1513554"	"3"	184481657	0.879705766	"AB"
"SNP_A-1514321"	"3"	184773038	0.480265122	"AB"
"SNP_A-1517816"	"3"	184773074	0.786596362	"AB"
"SNP_A-1514266"	"3"	184773128	0.500802053	"AB"
"SNP_A-1513936"	"3"	184866663	0.752748591	"NoCall"
"SNP_A-1517448"	"3"	184925636	0.922197848	"NoCall"
"SNP_A-1513585"	"3"	184957186	0.137503524	"AB"
"SNP_A-1518235"	"3"	185788483	1.100977648	"AB"
"SNP_A-1510271"	"3"	185847121	0.469885976	"BB"
"SNP_A-1512140"	"3"	185908787	-0.074000581	"BB"
"SNP_A-1510978"	"3"	186063169	0.655351829	"BB"
"SNP_A-1519078"	"3"	186246297	0.49057013	"AA"
"SNP_A-1516808"	"3"	186268335	0.22650853	"NoCall"
"SNP_A-1514591"	"3"	187287172	-0.713118852	"AA"
"SNP_A-1514576"	"3"	188713641	0.778208576	"NoCall"
"SNP_A-1514477"	"3"	188713819	1.523561956	"AA"
"SNP_A-1515596"	"3"	188868047	0.843983844	"NoCall"
"SNP_A-1513773"	"3"	188949840	0.286881148	"NoCall"
"SNP_A-1510746"	"3"	188960288	0.565597176	"BB"
"SNP_A-1512018"	"3"	189266317	-0.749038426	"NoCall"
"SNP_A-1509613"	"3"	189594856	-0.168122759	"NoCall"
"SNP_A-1509666"	"3"	189594888	0.214124805	"NoCall"
"SNP_A-1509413"	"3"	189923920	1.114367025	"AA"
"SNP_A-1514701"	"3"	189969758	1.319039816	"BB"
"SNP_A-1507640"	"3"	190043990	1.327687364	"BB"
"SNP_A-1514085"	"3"	190551117	-0.051399153	"AA"
"SNP_A-1509242"	"3"	191149946	0.298658316	"NoCall"
"SNP_A-1510764"	"3"	191211145	-0.192645078	"AB"
"SNP_A-1517972"	"3"	191237726	1.577730931	"AB"
"SNP_A-1518556"	"3"	191237848	1.698218478	"AA"
"SNP_A-1514382"	"3"	191985884	0.86393845	"BB"
"SNP_A-1518289"	"3"	192334343	-0.242976753	"AA"
"SNP_A-1518244"	"3"	192334375	0.422233001	"BB"
"SNP_A-1511522"	"3"	193404527	0.339137385	"NoCall"
"SNP_A-1512569"	"3"	193623883	0.521050737	"BB"
"SNP_A-1519455"	"3"	193632133	1.319039816	"AA"
"SNP_A-1516128"	"3"	193754112	1.114367025	"BB"
"SNP_A-1519748"	"3"	193863075	-0.454031631	"NoCall"
"SNP_A-1509268"	"3"	193914061	1.12763328	"BB"
"SNP_A-1508739"	"3"	193915713	0.50589093	"BB"
"SNP_A-1508787"	"3"	193916220	1.981852653	"AA"
"SNP_A-1509610"	"3"	194230634	1.914564523	"BB"
"SNP_A-1518224"	"3"	194362663	0.007195501	"BB"
"SNP_A-1515316"	"3"	194414615	-0.242976753	"BB"
"SNP_A-1508732"	"3"	194513708	1.032100843	"AA"
"SNP_A-1512636"	"3"	195043243	0.526068812	"AA"
"SNP_A-1512516"	"3"	195110429	0.280956314	"BB"
"SNP_A-1509081"	"3"	195142131	0.480265122	"NoCall"
"SNP_A-1517108"	"3"	195707127	2.008988783	"AA"
"SNP_A-1510623"	"3"	196016549	0.933572638	"NoCall"
"SNP_A-1510036"	"3"	196141606	0.257010618	"AA"
"SNP_A-1514948"	"3"	196161830	-0.434402824	"AA"
"SNP_A-1518972"	"3"	196166833	1.169925001	"AB"
"SNP_A-1518922"	"3"	196167158	0.03562391	"AA"
"SNP_A-1510944"	"3"	197613176	0.531069493	"AB"
"SNP_A-1510466"	"3"	198327529	-0.577766999	"AB"
"SNP_A-1512001"	"3"	199206824	-0.689659879	"AA"
"SNP_A-1516801"	"4"	398952	-0.736965594	"BB"
"SNP_A-1518999"	"4"	2137372	-0.902389203	"AA"
"SNP_A-1519048"	"4"	2137665	0.422233001	"AA"
"SNP_A-1518897"	"4"	2474102	1.974529312	"AA"
"SNP_A-1509652"	"4"	3560039	-1.943416472	"AB"
"SNP_A-1516839"	"4"	4277881	0.59454855	"AB"
"SNP_A-1515717"	"4"	4373055	0.541019153	"BB"
"SNP_A-1515880"	"4"	4373523	-1.104697379	"BB"
"SNP_A-1509087"	"4"	4688272	-0.007231569	"AA"
"SNP_A-1516253"	"4"	5271681	-0.330973234	"BB"
"SNP_A-1513529"	"4"	5619550	1.580145484	"NoCall"
"SNP_A-1517856"	"4"	5976525	-0.577766999	"BB"
"SNP_A-1507690"	"4"	6286647	-1.152003093	"BB"
"SNP_A-1507643"	"4"	6286680	-1.152003093	"AA"
"SNP_A-1514006"	"4"	6736501	-0.277533976	"AB"
"SNP_A-1519512"	"4"	9358972	-0.217591435	"BB"
"SNP_A-1512626"	"4"	9528284	0.765534746	"BB"
"SNP_A-1518279"	"4"	9565339	0.49057013	"AB"
"SNP_A-1507669"	"4"	9855553	-0.234465254	"AB"
"SNP_A-1507624"	"4"	9855671	-0.59946207	"BB"
"SNP_A-1507623"	"4"	9933991	-1.074000581	"BB"
"SNP_A-1507525"	"4"	9934069	0.918386234	"AA"
"SNP_A-1507425"	"4"	9934494	0.89917563	"BB"
"SNP_A-1507362"	"4"	9934681	1.23878686	"AA"
"SNP_A-1519760"	"4"	9934702	1.114367025	"BB"
"SNP_A-1515803"	"4"	9934778	0.321928095	"NoCall"
"SNP_A-1517443"	"4"	9939209	-0.971430848	"BB"
"SNP_A-1517399"	"4"	9939264	-0.251538767	"BB"
"SNP_A-1515984"	"4"	9953457	-0.200912694	"BB"
"SNP_A-1516637"	"4"	9953762	-1.577766999	"BB"
"SNP_A-1512948"	"4"	10000634	0.263034406	"BB"
"SNP_A-1510841"	"4"	10336739	0.077242999	"AB"
"SNP_A-1516671"	"4"	10387647	-0.567040593	"AB"
"SNP_A-1516716"	"4"	10387724	-0.192645078	"NoCall"
"SNP_A-1513504"	"4"	10623624	0.541019153	"AB"
"SNP_A-1515909"	"4"	10835564	-0.610433188	"AA"
"SNP_A-1516291"	"4"	11130937	0.028569152	"NoCall"
"SNP_A-1507544"	"4"	11661883	-0.823677227	"NoCall"
"SNP_A-1519398"	"4"	11661979	-0.915935735	"AB"
"SNP_A-1514387"	"4"	11662043	-0.277533976	"NoCall"
"SNP_A-1518725"	"4"	11728619	-0.862496476	"BB"
"SNP_A-1518735"	"4"	11931360	-0.535331733	"AB"
"SNP_A-1518785"	"4"	11931631	-1.029146346	"AB"
"SNP_A-1518834"	"4"	11931674	-1.043943348	"AA"
"SNP_A-1516833"	"4"	11931879	-0.59946207	"NoCall"
"SNP_A-1513253"	"4"	11987949	0.163498732	"AA"
"SNP_A-1513212"	"4"	11988192	0.189033824	"BB"
"SNP_A-1517880"	"4"	12409557	0.794935663	"BB"
"SNP_A-1518126"	"4"	12476536	-0.13606155	"BB"
"SNP_A-1508107"	"4"	12693022	0.257010618	"AA"
"SNP_A-1508155"	"4"	12693141	-0.64385619	"BB"
"SNP_A-1513298"	"4"	12858065	1.121015401	"BB"
"SNP_A-1511145"	"4"	13704596	-1.713118852	"BB"
"SNP_A-1509418"	"4"	13790934	0.469885976	"BB"
"SNP_A-1514511"	"4"	13843804	0.761285273	"AB"
"SNP_A-1517912"	"4"	13872645	-1.089267338	"NoCall"
"SNP_A-1518761"	"4"	14034583	-0.051399153	"AB"
"SNP_A-1516667"	"4"	14136097	0.90303827	"AA"
"SNP_A-1516573"	"4"	14136220	0.35614381	"BB"
"SNP_A-1512033"	"4"	14221476	-1.377069649	"BB"
"SNP_A-1512064"	"4"	14303176	-0.77349147	"AA"
"SNP_A-1512160"	"4"	14303337	0.584962501	"AA"
"SNP_A-1509280"	"4"	14318654	-1	"AB"
"SNP_A-1517151"	"4"	14718149	-0.40545145	"AA"
"SNP_A-1519098"	"4"	14753667	0	"AA"
"SNP_A-1516087"	"4"	14861113	-1.074000581	"AA"
"SNP_A-1513962"	"4"	14918399	0.028569152	"BB"
"SNP_A-1512892"	"4"	14918431	-1.377069649	"AA"
"SNP_A-1512845"	"4"	14918609	-0.066427362	"NoCall"
"SNP_A-1512790"	"4"	14918640	-0.785875195	"AA"
"SNP_A-1507908"	"4"	14945244	-0.985644707	"BB"
"SNP_A-1517502"	"4"	14945396	-1.888968688	"BB"
"SNP_A-1510249"	"4"	15217918	-0.160040413	"AB"
"SNP_A-1519445"	"4"	15647224	-0.152003093	"BB"
"SNP_A-1516016"	"4"	15746197	0.269033146	"BB"
"SNP_A-1510669"	"4"	15789225	-0.058893689	"AB"
"SNP_A-1515603"	"4"	15863882	-0.701341684	"AB"
"SNP_A-1516159"	"4"	15864141	0.327687364	"AA"
"SNP_A-1514905"	"4"	16588839	0.963474124	"AB"
"SNP_A-1511080"	"4"	16857214	0.028569152	"AB"
"SNP_A-1518652"	"4"	16947092	0.937344392	"AA"
"SNP_A-1518837"	"4"	16974398	0.495695163	"AB"
"SNP_A-1514763"	"4"	16974508	-0.535331733	"AB"
"SNP_A-1512916"	"4"	17086647	-0.556393349	"AA"
"SNP_A-1509027"	"4"	17119418	-0.144010303	"AB"
"SNP_A-1510662"	"4"	17428188	-0.535331733	"BB"
"SNP_A-1516998"	"4"	17429483	-0.286304185	"AA"
"SNP_A-1509493"	"4"	17470425	0.704871964	"BB"
"SNP_A-1507819"	"4"	17524325	0.333423734	"AB"
"SNP_A-1510579"	"4"	17533147	-0.798366139	"AB"
"SNP_A-1516334"	"4"	17912987	-0.242976753	"AA"
"SNP_A-1510606"	"4"	17999825	1.336283388	"AA"
"SNP_A-1512766"	"4"	18001697	-1.089267338	"BB"
"SNP_A-1511499"	"4"	18055558	0.207892852	"AB"
"SNP_A-1512570"	"4"	18263409	-0.415037499	"NoCall"
"SNP_A-1508904"	"4"	18378395	-0.144010303	"AA"
"SNP_A-1508033"	"4"	18746776	0.077242999	"BB"
"SNP_A-1517937"	"4"	19838461	0.263034406	"NoCall"
"SNP_A-1514399"	"4"	19838942	0.021479727	"BB"
"SNP_A-1510346"	"4"	20414749	-0.713118852	"AA"
"SNP_A-1507724"	"4"	20415204	0.298658316	"AA"
"SNP_A-1509222"	"4"	20415293	0.028569152	"NoCall"
"SNP_A-1516621"	"4"	20649103	-0.749038426	"AB"
"SNP_A-1512961"	"4"	20831185	0	"AB"
"SNP_A-1511637"	"4"	20863932	-1.415037499	"AB"
"SNP_A-1512959"	"4"	21156512	0.23878686	"NoCall"
"SNP_A-1518442"	"4"	21390767	1.319039816	"BB"
"SNP_A-1515649"	"4"	21515644	-0.217591435	"AA"
"SNP_A-1516902"	"4"	21724622	0.773996325	"NoCall"
"SNP_A-1511938"	"4"	22086561	0.555816155	"AB"
"SNP_A-1511577"	"4"	22356238	-0.043943348	"AA"
"SNP_A-1517741"	"4"	22652230	0.565597176	"BB"
"SNP_A-1516440"	"4"	23096337	1.23878686	"NoCall"
"SNP_A-1507753"	"4"	23309729	-0.058893689	"AB"
"SNP_A-1514940"	"4"	23312545	-0.678071905	"AB"
"SNP_A-1509756"	"4"	23713010	0.40053793	"AA"
"SNP_A-1509004"	"4"	23718650	-1.377069649	"AB"
"SNP_A-1507673"	"4"	23808896	0.007195501	"BB"
"SNP_A-1516048"	"4"	24920925	-0.76121314	"NoCall"
"SNP_A-1516099"	"4"	24921068	-0.200912694	"BB"
"SNP_A-1514331"	"4"	25346413	-0.621488377	"AB"
"SNP_A-1509059"	"4"	25346700	-0.59946207	"AB"
"SNP_A-1511798"	"4"	25523954	-0.610433188	"AA"
"SNP_A-1512473"	"4"	25524333	-0.029146346	"NoCall"
"SNP_A-1518263"	"4"	25872558	-0.836501268	"AB"
"SNP_A-1514124"	"4"	26052947	-0.09696173	"AA"
"SNP_A-1514073"	"4"	26053438	-0.377069649	"BB"
"SNP_A-1507566"	"4"	26231028	0.918386234	"AA"
"SNP_A-1515757"	"4"	26852524	-0.454031631	"BB"
"SNP_A-1515712"	"4"	26853312	-0.915935735	"AA"
"SNP_A-1509833"	"4"	26957343	0.914564523	"AA"
"SNP_A-1507573"	"4"	27495090	0	"AB"
"SNP_A-1507529"	"4"	27495173	0.641546029	"NoCall"
"SNP_A-1519008"	"4"	28096658	0.214124805	"AA"
"SNP_A-1515324"	"4"	28490529	1.44625623	"AA"
"SNP_A-1511947"	"4"	28490761	0.163498732	"BB"
"SNP_A-1507698"	"4"	28490839	0.526068812	"AA"
"SNP_A-1512738"	"4"	28671003	0.627606838	"BB"
"SNP_A-1511074"	"4"	28713811	1.117695043	"AB"
"SNP_A-1513180"	"4"	28945462	0.613531653	"AB"
"SNP_A-1518438"	"4"	29082000	-0.321928095	"AA"
"SNP_A-1510829"	"4"	29419146	-1.104697379	"BB"
"SNP_A-1510791"	"4"	29419246	-0.349235441	"BB"
"SNP_A-1517136"	"4"	30362572	0.220329955	"AA"
"SNP_A-1507574"	"4"	31310262	-0.577766999	"AA"
"SNP_A-1517408"	"4"	31313129	1.498250868	"BB"
"SNP_A-1513197"	"4"	31535956	-1.713118852	"NoCall"
"SNP_A-1513244"	"4"	31536141	-0.524915117	"BB"
"SNP_A-1519160"	"4"	32221680	0.959770155	"AA"
"SNP_A-1519582"	"4"	32238622	-0.556393349	"BB"
"SNP_A-1518474"	"4"	32367349	-0.655171503	"BB"
"SNP_A-1509543"	"4"	32446846	1.073820233	"AA"
"SNP_A-1513421"	"4"	33017723	-1.358453971	"BB"
"SNP_A-1513891"	"4"	33100195	-0.304006187	"BB"
"SNP_A-1516467"	"4"	33583318	-0.610433188	"BB"
"SNP_A-1508201"	"4"	33583840	0.827819025	"BB"
"SNP_A-1513951"	"4"	33791177	0.761285273	"AA"
"SNP_A-1511201"	"4"	34320430	-1.514573173	"AA"
"SNP_A-1518298"	"4"	34359738	1.080657663	"BB"
"SNP_A-1519373"	"4"	34768677	0.735522177	"NoCall"
"SNP_A-1509373"	"4"	35676018	0.748461233	"NoCall"
"SNP_A-1511207"	"4"	35685314	-0.234465254	"NoCall"
"SNP_A-1511172"	"4"	35685351	-0.632628934	"NoCall"
"SNP_A-1509054"	"4"	35793189	0.545968369	"AB"
"SNP_A-1512541"	"4"	35876807	-0.395928676	"AB"
"SNP_A-1517148"	"4"	36189198	0.604071324	"AA"
"SNP_A-1512086"	"4"	36510544	-0.749038426	"BB"
"SNP_A-1517347"	"4"	36828550	-0.01449957	"AA"
"SNP_A-1517394"	"4"	36828604	-0.862496476	"AA"
"SNP_A-1517503"	"4"	36829250	-0.304006187	"AB"
"SNP_A-1510902"	"4"	36901230	0.411426246	"NoCall"
"SNP_A-1511844"	"4"	37040327	1.280956314	"AB"
"SNP_A-1514640"	"4"	37045539	-0.577766999	"NoCall"
"SNP_A-1511831"	"4"	37045950	-0.713118852	"AA"
"SNP_A-1518548"	"4"	37055891	0.117695043	"AA"
"SNP_A-1514179"	"4"	37074402	-1.340075442	"BB"
"SNP_A-1511218"	"4"	37125686	0.98550043	"AA"
"SNP_A-1515684"	"4"	37131444	0.117695043	"AA"
"SNP_A-1516957"	"4"	37145617	0.22650853	"AA"
"SNP_A-1512439"	"4"	37157586	-0.849440323	"AA"
"SNP_A-1511879"	"4"	37157623	-0.358453971	"BB"
"SNP_A-1511329"	"4"	37259818	-1.971430848	"BB"
"SNP_A-1514393"	"4"	37300661	1.257010618	"BB"
"SNP_A-1509589"	"4"	37459187	0.23878686	"BB"
"SNP_A-1515522"	"4"	37983975	1.253989266	"BB"
"SNP_A-1515482"	"4"	37984285	1.389566812	"AB"
"SNP_A-1515745"	"4"	38864326	1.735522177	"AA"
"SNP_A-1512849"	"4"	39058414	-0.943416472	"NoCall"
"SNP_A-1513662"	"4"	40344922	-0.749038426	"AA"
"SNP_A-1514543"	"4"	40758443	1.266036894	"AB"
"SNP_A-1516486"	"4"	40914067	-0.556393349	"NoCall"
"SNP_A-1515989"	"4"	41182722	0.627606838	"BB"
"SNP_A-1514454"	"4"	42736714	1.13093087	"AB"
"SNP_A-1514407"	"4"	42737053	1.655351829	"AB"
"SNP_A-1518821"	"4"	42970199	0.748461233	"BB"
"SNP_A-1517519"	"4"	43255039	-0.473931188	"NoCall"
"SNP_A-1512828"	"4"	43602505	1.344828497	"BB"
"SNP_A-1510000"	"4"	44462553	-0.875671865	"BB"
"SNP_A-1516028"	"4"	44524726	0.327687364	"BB"
"SNP_A-1519111"	"4"	44567729	0.459431619	"AA"
"SNP_A-1516324"	"4"	44718239	-0.749038426	"AA"
"SNP_A-1512907"	"4"	44723680	0.257010618	"BB"
"SNP_A-1508961"	"4"	45340005	-0.415037499	"AA"
"SNP_A-1508309"	"4"	45377140	-0.902389203	"BB"
"SNP_A-1518833"	"4"	45505044	-0.567040593	"AA"
"SNP_A-1512520"	"4"	45849627	-0.128156351	"NoCall"
"SNP_A-1517735"	"4"	45948967	0.097610797	"BB"
"SNP_A-1510738"	"4"	46841355	-0.377069649	"BB"
"SNP_A-1518587"	"4"	47273225	-0.242976753	"AA"
"SNP_A-1512694"	"4"	48054077	0.565597176	"AA"
"SNP_A-1518208"	"4"	48177105	-0.234465254	"BB"
"SNP_A-1508715"	"4"	48678216	-0.724992953	"NoCall"
"SNP_A-1514635"	"4"	48830866	-0.689659879	"AB"
"SNP_A-1518623"	"4"	53134662	0.526068812	"AB"
"SNP_A-1514861"	"4"	53790757	-0.915935735	"BB"
"SNP_A-1517575"	"4"	53805897	0.117695043	"AA"
"SNP_A-1510786"	"4"	54490016	-1.395928676	"BB"
"SNP_A-1511314"	"4"	54622973	0.22650853	"BB"
"SNP_A-1512510"	"4"	55140663	1.384049807	"AB"
"SNP_A-1512680"	"4"	55622369	0.298658316	"BB"
"SNP_A-1508560"	"4"	55622544	-0.226003675	"AA"
"SNP_A-1507780"	"4"	56434686	1.739848103	"AA"
"SNP_A-1516982"	"4"	56525025	-0.058893689	"NoCall"
"SNP_A-1511140"	"4"	56611380	-1.434402824	"NoCall"
"SNP_A-1510727"	"4"	57182948	0.565597176	"BB"
"SNP_A-1519417"	"4"	57485299	1.09423607	"AA"
"SNP_A-1509234"	"4"	57709293	0.176322773	"BB"
"SNP_A-1519039"	"4"	57997872	0.163498732	"BB"
"SNP_A-1507857"	"4"	58179811	1.386810946	"BB"
"SNP_A-1508017"	"4"	58180104	-0.217591435	"BB"
"SNP_A-1510454"	"4"	58312943	0	"AA"
"SNP_A-1510185"	"4"	58586536	-0.415037499	"AB"
"SNP_A-1513984"	"4"	58630928	0.560714954	"AA"
"SNP_A-1515866"	"4"	58690810	-1	"BB"
"SNP_A-1512007"	"4"	58849397	0.691534165	"AA"
"SNP_A-1511789"	"4"	59136958	0.384049807	"AA"
"SNP_A-1517345"	"4"	59291289	-0.09696173	"NoCall"
"SNP_A-1514822"	"4"	60837138	-1.556393349	"BB"
"SNP_A-1510307"	"4"	61167022	-0.424687669	"AB"
"SNP_A-1510351"	"4"	61167098	0.641546029	"AA"
"SNP_A-1517855"	"4"	61354638	0.914564523	"AA"
"SNP_A-1509088"	"4"	61374958	-0.007231569	"AB"
"SNP_A-1513277"	"4"	61685875	0.13093087	"BB"
"SNP_A-1515260"	"4"	61951234	-0.160040413	"BB"
"SNP_A-1518677"	"4"	62135470	-0.424687669	"AA"
"SNP_A-1510648"	"4"	62255686	-0.415037499	"AB"
"SNP_A-1517678"	"4"	62363442	-0.524915117	"AA"
"SNP_A-1513343"	"4"	62417754	-0.689659879	"AB"
"SNP_A-1513571"	"4"	62740792	-0.736965594	"BB"
"SNP_A-1517670"	"4"	63247465	-1.234465254	"AB"
"SNP_A-1507794"	"4"	63261075	-0.473931188	"BB"
"SNP_A-1511266"	"4"	63757379	-0.577766999	"NoCall"
"SNP_A-1513809"	"4"	64304990	0.40053793	"AB"
"SNP_A-1513493"	"4"	64382785	-1.395928676	"BB"
"SNP_A-1509811"	"4"	64535137	0.599317794	"AA"
"SNP_A-1513295"	"4"	65619628	-0.567040593	"NoCall"
"SNP_A-1507467"	"4"	65619646	1.678071905	"AB"
"SNP_A-1507519"	"4"	65619988	1.03562391	"AB"
"SNP_A-1515766"	"4"	66122876	0.298658316	"BB"
"SNP_A-1517664"	"4"	66171448	0.521050737	"BB"
"SNP_A-1515012"	"4"	66192052	-0.40545145	"AA"
"SNP_A-1519120"	"4"	66691805	0.40599236	"AB"
"SNP_A-1516348"	"4"	66731416	0.929790998	"AB"
"SNP_A-1515126"	"4"	66807059	-0.367731785	"NoCall"
"SNP_A-1507350"	"4"	66973778	0.59454855	"AA"
"SNP_A-1516443"	"4"	67504028	0.077242999	"AA"
"SNP_A-1510354"	"4"	67737237	0.310340121	"BB"
"SNP_A-1509749"	"4"	67762634	0.049630768	"BB"
"SNP_A-1517785"	"4"	67794417	0.084064265	"AA"
"SNP_A-1516134"	"4"	67795237	-0.915935735	"AA"
"SNP_A-1511699"	"4"	68067911	0.286881148	"NoCall"
"SNP_A-1518078"	"4"	68803565	-1.043943348	"AB"
"SNP_A-1519395"	"4"	68823320	-0.4639471	"NoCall"
"SNP_A-1513099"	"4"	68861924	-1.59946207	"NoCall"
"SNP_A-1509082"	"4"	69898040	0.5360529	"AA"
"SNP_A-1511082"	"4"	69899964	0.604071324	"AA"
"SNP_A-1517630"	"4"	69934884	0.82374936	"AA"
"SNP_A-1511065"	"4"	70660186	-0.713118852	"AA"
"SNP_A-1514303"	"4"	70699458	-0.217591435	"AA"
"SNP_A-1514255"	"4"	70699668	-0.713118852	"AA"
"SNP_A-1514808"	"4"	70719675	0.321928095	"BB"
"SNP_A-1514770"	"4"	70719741	0.815575429	"BB"
"SNP_A-1507480"	"4"	70916871	1.432959407	"BB"
"SNP_A-1514005"	"4"	70991436	-0.888968688	"AA"
"SNP_A-1509506"	"4"	71354117	0.669026766	"BB"
"SNP_A-1517598"	"4"	71505656	-0.736965594	"BB"
"SNP_A-1517658"	"4"	71505846	-1.49410907	"AA"
"SNP_A-1510736"	"4"	71505960	-0.168122759	"AA"
"SNP_A-1514631"	"4"	71506059	1.137503524	"AB"
"SNP_A-1515190"	"4"	71506577	0.739848103	"BB"
"SNP_A-1509131"	"4"	73008045	-0.902389203	"AA"
"SNP_A-1518770"	"4"	73300483	0.310340121	"AA"
"SNP_A-1519374"	"4"	73301783	-0.514573173	"AA"
"SNP_A-1519478"	"4"	73302011	-0.875671865	"AA"
"SNP_A-1513422"	"4"	73833697	0.416839742	"BB"
"SNP_A-1510380"	"4"	74082207	-0.785875195	"BB"
"SNP_A-1517199"	"4"	74082397	-0.386468347	"AA"
"SNP_A-1515336"	"4"	74135822	-0.17625064	"AA"
"SNP_A-1516030"	"4"	74141185	-0.160040413	"AA"
"SNP_A-1519625"	"4"	75021728	1.44625623	"AB"
"SNP_A-1507330"	"4"	75205327	-1.120294234	"BB"
"SNP_A-1514698"	"4"	75324221	-0.358453971	"AB"
"SNP_A-1514743"	"4"	75324302	0.063502942	"AB"
"SNP_A-1514887"	"4"	75549587	-0.785875195	"AA"
"SNP_A-1511840"	"4"	75722386	-0.902389203	"AA"
"SNP_A-1512416"	"4"	75722481	-1.358453971	"AA"
"SNP_A-1511996"	"4"	76225029	0.5360529	"AA"
"SNP_A-1511070"	"4"	76259449	-0.377069649	"NoCall"
"SNP_A-1517671"	"4"	76259629	-0.260151897	"BB"
"SNP_A-1507535"	"4"	76523967	0.459431619	"AA"
"SNP_A-1512749"	"4"	76817645	-0.295128036	"AB"
"SNP_A-1507697"	"4"	77261720	0.275007047	"AA"
"SNP_A-1518669"	"4"	77340374	0.077242999	"BB"
"SNP_A-1515590"	"4"	77558294	0.914564523	"AA"
"SNP_A-1515530"	"4"	78109292	-0.358453971	"BB"
"SNP_A-1513538"	"4"	78651343	0	"AA"
"SNP_A-1513583"	"4"	78651469	0.344828497	"AA"
"SNP_A-1514380"	"4"	78669242	-0.836501268	"AA"
"SNP_A-1512248"	"4"	78728428	1.032100843	"AB"
"SNP_A-1519379"	"4"	78809459	0.835924074	"BB"
"SNP_A-1510103"	"4"	78860774	1.684818738	"NoCall"
"SNP_A-1508694"	"4"	78931140	1.14404637	"AA"
"SNP_A-1510879"	"4"	78962358	-1.340075442	"AB"
"SNP_A-1515121"	"4"	79792659	0.310340121	"AA"
"SNP_A-1519397"	"4"	79792949	0.077242999	"BB"
"SNP_A-1508407"	"4"	79795473	-0.736965594	"AA"
"SNP_A-1511489"	"4"	80080803	-0.454031631	"BB"
"SNP_A-1512884"	"4"	80118060	-0.02180437	"BB"
"SNP_A-1512834"	"4"	80118159	-0.632628934	"BB"
"SNP_A-1508196"	"4"	80338167	0.521050737	"BB"
"SNP_A-1507925"	"4"	80394905	0.622930351	"BB"
"SNP_A-1507874"	"4"	80394965	0.922197848	"BB"
"SNP_A-1510447"	"4"	80407378	-0.689659879	"AA"
"SNP_A-1511576"	"4"	80877026	1.263034406	"BB"
"SNP_A-1510483"	"4"	81672187	-2.358453971	"BB"
"SNP_A-1509633"	"4"	82473279	-0.051399153	"AA"
"SNP_A-1512610"	"4"	82736051	0.799087306	"BB"
"SNP_A-1509144"	"4"	83181855	0.555816155	"BB"
"SNP_A-1508257"	"4"	83182269	-0.144010303	"AA"
"SNP_A-1508293"	"4"	83185492	-0.234465254	"BB"
"SNP_A-1508244"	"4"	83185572	0.480265122	"BB"
"SNP_A-1516723"	"4"	83185593	-0.160040413	"AA"
"SNP_A-1514495"	"4"	83281328	-1.321928095	"NoCall"
"SNP_A-1510782"	"4"	83281499	-0.749038426	"AB"
"SNP_A-1513937"	"4"	83281581	-0.713118852	"AA"
"SNP_A-1516678"	"4"	83368998	0.959770155	"AA"
"SNP_A-1516795"	"4"	83369513	0.584962501	"AB"
"SNP_A-1511873"	"4"	83426759	1.769771739	"NoCall"
"SNP_A-1518019"	"4"	83563410	-0.209227962	"AB"
"SNP_A-1509309"	"4"	83724728	-0.77349147	"BB"
"SNP_A-1507683"	"4"	83891801	-0.051399153	"BB"
"SNP_A-1518317"	"4"	84117423	-0.321928095	"AA"
"SNP_A-1510854"	"4"	84160186	0.752748591	"BB"
"SNP_A-1507687"	"4"	85040655	-0.367731785	"AB"
"SNP_A-1508487"	"4"	85139321	1.269033146	"AA"
"SNP_A-1515103"	"4"	85251600	-0.367731785	"BB"
"SNP_A-1512162"	"4"	85313943	-0.386468347	"BB"
"SNP_A-1509398"	"4"	85341523	0.09085343	"AA"
"SNP_A-1515214"	"4"	85465370	0.182692298	"BB"
"SNP_A-1508193"	"4"	85610915	0.974529312	"AA"
"SNP_A-1517388"	"4"	85618286	0.89917563	"AA"
"SNP_A-1519658"	"4"	85711061	-1.689659879	"BB"
"SNP_A-1518032"	"4"	85752783	-0.367731785	"BB"
"SNP_A-1517984"	"4"	85752860	-1.184424571	"BB"
"SNP_A-1508772"	"4"	85833962	0.560714954	"AA"
"SNP_A-1515694"	"4"	85927002	-1.736965594	"NoCall"
"SNP_A-1515611"	"4"	85927077	-2.058893689	"AB"
"SNP_A-1515564"	"4"	85927273	-0.4639471	"NoCall"
"SNP_A-1515008"	"4"	85927292	-1.415037499	"AB"
"SNP_A-1510993"	"4"	86294849	0.691534165	"BB"
"SNP_A-1511790"	"4"	86452133	-0.377069649	"AA"
"SNP_A-1515479"	"4"	86713142	0.182692298	"BB"
"SNP_A-1514236"	"4"	86809078	0.937344392	"BB"
"SNP_A-1508548"	"4"	86814274	0.580145484	"AB"
"SNP_A-1516075"	"4"	87213945	-0.59946207	"BB"
"SNP_A-1512698"	"4"	87398172	1.121015401	"BB"
"SNP_A-1511427"	"4"	87624039	1.014355293	"AA"
"SNP_A-1515726"	"4"	88335686	-0.128156351	"BB"
"SNP_A-1515621"	"4"	88464762	0.269033146	"AA"
"SNP_A-1509261"	"4"	89027379	0.599317794	"AB"
"SNP_A-1510695"	"4"	89167664	-0.577766999	"BB"
"SNP_A-1510043"	"4"	89209131	0.910732662	"AA"
"SNP_A-1510090"	"4"	89209295	1.14404637	"BB"
"SNP_A-1516387"	"4"	90034975	-1.943416472	"AB"
"SNP_A-1509122"	"4"	90051550	0.286881148	"NoCall"
"SNP_A-1511183"	"4"	90177762	0.835924074	"AA"
"SNP_A-1518559"	"4"	90567926	0	"AB"
"SNP_A-1515955"	"4"	90965112	1.150559677	"BB"
"SNP_A-1508294"	"4"	91145901	0	"BB"
"SNP_A-1507517"	"4"	91174068	0.207892852	"AB"
"SNP_A-1516093"	"4"	91223607	-0.713118852	"AA"
"SNP_A-1518869"	"4"	91223617	-0.007231569	"AB"
"SNP_A-1517653"	"4"	91278180	1.107687869	"AB"
"SNP_A-1516029"	"4"	91430139	1.550900665	"NoCall"
"SNP_A-1517988"	"4"	91753305	0.40599236	"AB"
"SNP_A-1511286"	"4"	92155371	0.150559677	"NoCall"
"SNP_A-1511538"	"4"	92167393	0.3950628	"AB"
"SNP_A-1508142"	"4"	92167483	0.550900665	"AA"
"SNP_A-1508168"	"4"	92175379	1.353323291	"BB"
"SNP_A-1511119"	"4"	92198152	-0.367731785	"AB"
"SNP_A-1514488"	"4"	92289093	-0.112474729	"AA"
"SNP_A-1518904"	"4"	92860054	-0.849440323	"BB"
"SNP_A-1517188"	"4"	93430907	1.250961574	"AA"
"SNP_A-1518456"	"4"	93458831	0.257010618	"BB"
"SNP_A-1516834"	"4"	94868967	0.084064265	"AA"
"SNP_A-1514203"	"4"	96458210	-1.043943348	"AB"
"SNP_A-1514798"	"4"	96473701	-0.415037499	"AA"
"SNP_A-1513533"	"4"	96547452	-0.209227962	"AB"
"SNP_A-1509888"	"4"	96653924	0.111031312	"AA"
"SNP_A-1510448"	"4"	97060785	0.952333566	"AA"
"SNP_A-1512110"	"4"	97098993	0.757023247	"AA"
"SNP_A-1511311"	"4"	97231709	-0.226003675	"NoCall"
"SNP_A-1516831"	"4"	97255609	0.641546029	"AB"
"SNP_A-1517907"	"4"	97256297	-0.192645078	"AB"
"SNP_A-1508528"	"4"	97274186	-0.358453971	"NoCall"
"SNP_A-1517257"	"4"	97421812	-1.473931188	"BB"
"SNP_A-1514783"	"4"	98964857	1.053111336	"AB"
"SNP_A-1519019"	"4"	99492254	0.510961919	"AB"
"SNP_A-1518374"	"4"	99895973	1.025028794	"AA"
"SNP_A-1519178"	"4"	100056270	-0.066427362	"BB"
"SNP_A-1513159"	"4"	100129438	-0.251538767	"NoCall"
"SNP_A-1509879"	"4"	100334166	0.182692298	"AA"
"SNP_A-1510251"	"4"	100540548	0.292781749	"AB"
"SNP_A-1517662"	"4"	101205648	-0.473931188	"AB"
"SNP_A-1508680"	"4"	101418603	-0.785875195	"AA"
"SNP_A-1513202"	"4"	101894595	-0.007231569	"AB"
"SNP_A-1518671"	"4"	101894712	0.941106311	"AA"
"SNP_A-1517596"	"4"	102324812	0.782408565	"AA"
"SNP_A-1513726"	"4"	102441305	-0.349235441	"AB"
"SNP_A-1515799"	"4"	102524025	0.851998837	"NoCall"
"SNP_A-1508242"	"4"	102573580	-0.483984853	"BB"
"SNP_A-1511085"	"4"	103412075	0.454175893	"NoCall"
"SNP_A-1508959"	"4"	103444244	-0.349235441	"BB"
"SNP_A-1513170"	"4"	103593552	-0.567040593	"NoCall"
"SNP_A-1515181"	"4"	103661308	0.097610797	"AB"
"SNP_A-1512827"	"4"	103661622	0.15704371	"AA"
"SNP_A-1518440"	"4"	104811385	0.367371066	"NoCall"
"SNP_A-1516123"	"4"	105029869	-0.862496476	"AA"
"SNP_A-1511899"	"4"	105436851	-1.01449957	"AA"
"SNP_A-1514913"	"4"	105675475	-0.577766999	"AB"
"SNP_A-1516263"	"4"	105678690	0.411426246	"AB"
"SNP_A-1519018"	"4"	106024038	-0.160040413	"NoCall"
"SNP_A-1511913"	"4"	106535326	-1.01449957	"AA"
"SNP_A-1509871"	"4"	106610462	-0.330973234	"AB"
"SNP_A-1509824"	"4"	106610663	0.367371066	"AB"
"SNP_A-1508789"	"4"	106945877	0.372952098	"NoCall"
"SNP_A-1508740"	"4"	106945976	0.516015147	"NoCall"
"SNP_A-1509823"	"4"	106982797	2.001802243	"AA"
"SNP_A-1512683"	"4"	108141383	1.084064265	"BB"
"SNP_A-1508353"	"4"	109040813	0.5360529	"NoCall"
"SNP_A-1507620"	"4"	109390371	-1.234465254	"NoCall"
"SNP_A-1508198"	"4"	109390457	-0.454031631	"NoCall"
"SNP_A-1512860"	"4"	109505780	-1.666576266	"AB"
"SNP_A-1511048"	"4"	109855552	1.543495883	"BB"
"SNP_A-1507354"	"4"	110460876	-0.724992953	"NoCall"
"SNP_A-1511364"	"4"	111022458	-0.01449957	"NoCall"
"SNP_A-1517547"	"4"	111728662	-1.089267338	"AB"
"SNP_A-1518190"	"4"	111740752	1.310340121	"AB"
"SNP_A-1513141"	"4"	112183291	0.867896464	"AB"
"SNP_A-1513094"	"4"	112183321	-0.17625064	"AB"
"SNP_A-1516724"	"4"	112400508	-0.260151897	"BB"
"SNP_A-1519346"	"4"	112412090	-0.321928095	"BB"
"SNP_A-1509198"	"4"	114512908	-1.395928676	"AB"
"SNP_A-1509632"	"4"	115700535	-0.701341684	"AA"
"SNP_A-1515594"	"4"	116426048	0.875780063	"AA"
"SNP_A-1519420"	"4"	116442964	-0.395928676	"NoCall"
"SNP_A-1519712"	"4"	116624924	0.163498732	"AA"
"SNP_A-1516769"	"4"	116639375	0.713695815	"BB"
"SNP_A-1516718"	"4"	117447717	-0.242976753	"AA"
"SNP_A-1507325"	"4"	117631162	-0.081613766	"BB"
"SNP_A-1515387"	"4"	117643472	1.121015401	"AA"
"SNP_A-1511446"	"4"	117966518	0.15704371	"AA"
"SNP_A-1517865"	"4"	118308863	0.831877241	"AA"
"SNP_A-1517814"	"4"	118309275	0.40599236	"AA"
"SNP_A-1508986"	"4"	118327701	-1.535331733	"NoCall"
"SNP_A-1508515"	"4"	118908281	-0.295128036	"AB"
"SNP_A-1511781"	"4"	118971723	-0.49410907	"AB"
"SNP_A-1512925"	"4"	119109164	-0.321928095	"AA"
"SNP_A-1511641"	"4"	119359200	-0.217591435	"AB"
"SNP_A-1507475"	"4"	120609286	-1.104697379	"BB"
"SNP_A-1512737"	"4"	120711625	1.147306699	"BB"
"SNP_A-1513379"	"4"	120908978	-0.785875195	"BB"
"SNP_A-1515315"	"4"	121151867	0.443606651	"BB"
"SNP_A-1518924"	"4"	121421204	0.879705766	"NoCall"
"SNP_A-1518871"	"4"	121500105	0.59454855	"AA"
"SNP_A-1510361"	"4"	121567337	-0.349235441	"AB"
"SNP_A-1510319"	"4"	121567555	1.010779839	"AA"
"SNP_A-1518914"	"4"	121567694	1.014355293	"AA"
"SNP_A-1516640"	"4"	121728291	0	"AB"
"SNP_A-1516886"	"4"	122069412	0.22650853	"BB"
"SNP_A-1509215"	"4"	122208497	0.137503524	"AA"
"SNP_A-1510349"	"4"	122208690	-0.588573754	"AA"
"SNP_A-1512803"	"4"	122542933	-0.888968688	"NoCall"
"SNP_A-1518905"	"4"	122834127	0.970853654	"NoCall"
"SNP_A-1515957"	"4"	122870348	0.280956314	"NoCall"
"SNP_A-1508223"	"4"	124850518	0.03562391	"BB"
"SNP_A-1513557"	"4"	124876171	1.523561956	"BB"
"SNP_A-1512486"	"4"	125195313	0.448900951	"AB"
"SNP_A-1509957"	"4"	125209060	0.560714954	"NoCall"
"SNP_A-1510191"	"4"	125306061	-0.066427362	"BB"
"SNP_A-1509965"	"4"	125437483	-0.377069649	"AA"
"SNP_A-1512385"	"4"	125527090	0.752748591	"BB"
"SNP_A-1511826"	"4"	125645497	1.056583528	"AA"
"SNP_A-1518130"	"4"	125646869	0.339137385	"AA"
"SNP_A-1514745"	"4"	126184175	-0.09696173	"AB"
"SNP_A-1507399"	"4"	126242981	0.207892852	"BB"
"SNP_A-1507347"	"4"	126243120	-0.160040413	"AA"
"SNP_A-1516361"	"4"	126263158	0.3950628	"BB"
"SNP_A-1516323"	"4"	126263300	0.176322773	"BB"
"SNP_A-1516273"	"4"	126263344	-0.444183845	"AA"
"SNP_A-1519023"	"4"	126526049	0.875780063	"AA"
"SNP_A-1509830"	"4"	126888092	-0.036525876	"BB"
"SNP_A-1513611"	"4"	127023822	0.333423734	"NoCall"
"SNP_A-1507663"	"4"	127332000	-0.051399153	"AA"
"SNP_A-1508524"	"4"	127533609	-0.836501268	"AA"
"SNP_A-1517715"	"4"	127667538	0.367371066	"BB"
"SNP_A-1515273"	"4"	127710202	1.014355293	"BB"
"SNP_A-1511087"	"4"	127898830	0.604071324	"BB"
"SNP_A-1510943"	"4"	127900113	-0.823677227	"AA"
"SNP_A-1512274"	"4"	128126765	-0.504304837	"BB"
"SNP_A-1512225"	"4"	128126813	0.384049807	"BB"
"SNP_A-1513018"	"4"	128547327	-0.473931188	"AA"
"SNP_A-1512973"	"4"	128547602	-0.304006187	"AB"
"SNP_A-1514977"	"4"	128977781	0.432959407	"BB"
"SNP_A-1514442"	"4"	128978057	-0.029146346	"BB"
"SNP_A-1507364"	"4"	129942269	-0.242976753	"AA"
"SNP_A-1518596"	"4"	129991614	-0.454031631	"AB"
"SNP_A-1511754"	"4"	130366738	-0.823677227	"NoCall"
"SNP_A-1509256"	"4"	130646328	-1.074000581	"AA"
"SNP_A-1519065"	"4"	130858629	-0.915935735	"AA"
"SNP_A-1512622"	"4"	130903653	-0.49410907	"AB"
"SNP_A-1513073"	"4"	130911897	0.713695815	"AA"
"SNP_A-1511854"	"4"	131017593	0.416839742	"AA"
"SNP_A-1518436"	"4"	131135840	-0.168122759	"AB"
"SNP_A-1518386"	"4"	131135896	-0.535331733	"BB"
"SNP_A-1511125"	"4"	131151272	1.316145742	"NoCall"
"SNP_A-1514579"	"4"	131488392	-0.321928095	"AB"
"SNP_A-1512851"	"4"	131715844	-1.043943348	"NoCall"
"SNP_A-1513384"	"4"	131716057	-1.395928676	"AB"
"SNP_A-1513432"	"4"	131716096	-1.340075442	"AB"
"SNP_A-1512205"	"4"	131961015	-0.168122759	"AA"
"SNP_A-1519314"	"4"	132345202	0.084064265	"AB"
"SNP_A-1514710"	"4"	132948460	-1.49410907	"NoCall"
"SNP_A-1515307"	"4"	133497030	0.5360529	"AB"
"SNP_A-1507394"	"4"	133614981	1.462052319	"BB"
"SNP_A-1514038"	"4"	134021275	-0.689659879	"AB"
"SNP_A-1513867"	"4"	134021739	0.269033146	"AB"
"SNP_A-1515333"	"4"	134920146	-0.40545145	"NoCall"
"SNP_A-1513261"	"4"	134989207	0.803227036	"AA"
"SNP_A-1515862"	"4"	134989983	0.627606838	"AB"
"SNP_A-1515988"	"4"	135112273	-0.59946207	"AA"
"SNP_A-1511530"	"4"	135748809	0.570462931	"AA"
"SNP_A-1511573"	"4"	135748925	1.195347598	"AA"
"SNP_A-1511618"	"4"	135749206	0.510961919	"BB"
"SNP_A-1512198"	"4"	136603729	0.422233001	"BB"
"SNP_A-1519255"	"4"	136607518	-0.184424571	"AA"
"SNP_A-1519196"	"4"	136607755	-0.277533976	"AA"
"SNP_A-1511870"	"4"	136608374	-0.4639471	"AA"
"SNP_A-1514877"	"4"	137031221	-1	"BB"
"SNP_A-1513080"	"4"	137031406	0.09085343	"BB"
"SNP_A-1509257"	"4"	137164771	0.163498732	"BB"
"SNP_A-1519605"	"4"	137485252	0.220329955	"BB"
"SNP_A-1511832"	"4"	137697080	-1.168122759	"AA"
"SNP_A-1511889"	"4"	137697243	-0.386468347	"NoCall"
"SNP_A-1516638"	"4"	137951836	0.014355293	"AA"
"SNP_A-1517179"	"4"	137951907	-0.358453971	"AA"
"SNP_A-1514002"	"4"	138199293	-0.749038426	"AB"
"SNP_A-1513950"	"4"	138199335	-1.556393349	"NoCall"
"SNP_A-1510602"	"4"	138456168	-1.251538767	"AB"
"SNP_A-1515129"	"4"	138653597	0.232660757	"AA"
"SNP_A-1515329"	"4"	138753556	-1.089267338	"NoCall"
"SNP_A-1508803"	"4"	138772387	0.773996325	"AB"
"SNP_A-1519002"	"4"	138848887	-0.40545145	"AA"
"SNP_A-1518708"	"4"	139249912	-0.621488377	"BB"
"SNP_A-1507836"	"4"	139482599	0.925999419	"AB"
"SNP_A-1512391"	"4"	140008982	-0.066427362	"AB"
"SNP_A-1509197"	"4"	140216605	-0.59946207	"AA"
"SNP_A-1516656"	"4"	140534597	-0.386468347	"BB"
"SNP_A-1514737"	"4"	141002631	0.735522177	"BB"
"SNP_A-1517135"	"4"	141186952	0.286881148	"BB"
"SNP_A-1514297"	"4"	142129426	1.59454855	"AA"
"SNP_A-1512154"	"4"	142276557	0.220329955	"AA"
"SNP_A-1516460"	"4"	142333517	0.929790998	"AA"
"SNP_A-1512273"	"4"	142677471	0.871843649	"NoCall"
"SNP_A-1508830"	"4"	142677916	0.815575429	"AB"
"SNP_A-1510418"	"4"	143328353	-0.358453971	"AA"
"SNP_A-1515410"	"4"	143494585	0	"NoCall"
"SNP_A-1517093"	"4"	143699173	0.361768359	"BB"
"SNP_A-1507768"	"4"	144172809	0.937344392	"AA"
"SNP_A-1509155"	"4"	144523759	-1.104697379	"BB"
"SNP_A-1516411"	"4"	144770744	0.765534746	"AA"
"SNP_A-1515088"	"4"	145225673	-1.377069649	"AB"
"SNP_A-1514150"	"4"	145259203	-0.875671865	"AB"
"SNP_A-1514237"	"4"	145259336	-0.749038426	"AB"
"SNP_A-1515113"	"4"	145902974	0.321928095	"AB"
"SNP_A-1509187"	"4"	145903157	0.650764559	"AB"
"SNP_A-1516562"	"4"	146039991	-0.610433188	"AB"
"SNP_A-1516622"	"4"	146040215	0.150559677	"AB"
"SNP_A-1518895"	"4"	146402778	-0.367731785	"AB"
"SNP_A-1517404"	"4"	147453178	0.469885976	"AB"
"SNP_A-1518046"	"4"	147763940	0.989139007	"AA"
"SNP_A-1510341"	"4"	148279246	0.117695043	"AA"
"SNP_A-1514247"	"4"	148446057	0.63691458	"BB"
"SNP_A-1509762"	"4"	148923166	0.13093087	"AA"
"SNP_A-1508011"	"4"	148923225	0.526068812	"AA"
"SNP_A-1518461"	"4"	149806965	0.459431619	"AA"
"SNP_A-1516843"	"4"	149833997	1.746312766	"AA"
"SNP_A-1509399"	"4"	150280595	-0.444183845	"AA"
"SNP_A-1513993"	"4"	150280769	-0.59946207	"BB"
"SNP_A-1508873"	"4"	150291499	0.584962501	"NoCall"
"SNP_A-1513000"	"4"	150312595	-0.234465254	"AA"
"SNP_A-1508907"	"4"	150634876	-0.577766999	"BB"
"SNP_A-1509231"	"4"	151147015	-0.713118852	"AA"
"SNP_A-1515506"	"4"	151734822	-0.277533976	"AA"
"SNP_A-1516044"	"4"	151734947	0.495695163	"BB"
"SNP_A-1515443"	"4"	151894387	0.063502942	"AA"
"SNP_A-1509748"	"4"	152242724	0.545968369	"BB"
"SNP_A-1510173"	"4"	152295869	-0.424687669	"BB"
"SNP_A-1511589"	"4"	153339699	-1.473931188	"AA"
"SNP_A-1509754"	"4"	153381638	-0.875671865	"AB"
"SNP_A-1509662"	"4"	153381767	-1.168122759	"AB"
"SNP_A-1515580"	"4"	154533425	0.933572638	"NoCall"
"SNP_A-1515536"	"4"	154533567	0.49057013	"AB"
"SNP_A-1510430"	"4"	154533633	0.372952098	"AB"
"SNP_A-1515053"	"4"	154597336	-1.089267338	"NoCall"
"SNP_A-1515157"	"4"	154597477	-1.49410907	"AB"
"SNP_A-1510463"	"4"	154597695	2.075532631	"AB"
"SNP_A-1509226"	"4"	154610954	0.263034406	"AA"
"SNP_A-1513122"	"4"	155231694	1.693765712	"BB"
"SNP_A-1517562"	"4"	155625158	-0.810966176	"AB"
"SNP_A-1508623"	"4"	155718814	-0.902389203	"BB"
"SNP_A-1508901"	"4"	155878497	-0.77349147	"BB"
"SNP_A-1509451"	"4"	155878565	-0.76121314	"AA"
"SNP_A-1512668"	"4"	156153911	0.163498732	"BB"
"SNP_A-1511852"	"4"	156388728	-0.09696173	"BB"
"SNP_A-1507861"	"4"	156388772	-1.59946207	"BB"
"SNP_A-1517585"	"4"	156677982	-0.321928095	"BB"
"SNP_A-1517534"	"4"	156678048	-0.277533976	"AB"
"SNP_A-1517406"	"4"	156869087	-0.02180437	"NoCall"
"SNP_A-1508411"	"4"	156992822	0.244887059	"BB"
"SNP_A-1508452"	"4"	156993031	-1.358453971	"NoCall"
"SNP_A-1515960"	"4"	157079905	0.959770155	"AB"
"SNP_A-1516503"	"4"	157080075	0.799087306	"NoCall"
"SNP_A-1514868"	"4"	157128720	-0.588573754	"AB"
"SNP_A-1514929"	"4"	157128734	-1.168122759	"AB"
"SNP_A-1508040"	"4"	157484489	-1.340075442	"AA"
"SNP_A-1511980"	"4"	157810146	-0.724992953	"BB"
"SNP_A-1514458"	"4"	158171766	-0.217591435	"BB"
"SNP_A-1517045"	"4"	159021249	-0.849440323	"AA"
"SNP_A-1515437"	"4"	159070601	0.761285273	"AA"
"SNP_A-1511331"	"4"	159102289	-0.836501268	"AA"
"SNP_A-1508037"	"4"	159113298	0.124328135	"AB"
"SNP_A-1519152"	"4"	159156732	0.739848103	"AB"
"SNP_A-1507749"	"4"	159226316	-2.120294234	"NoCall"
"SNP_A-1514559"	"4"	159767917	-0.120294234	"NoCall"
"SNP_A-1507730"	"4"	161469838	0.748461233	"NoCall"
"SNP_A-1511150"	"4"	161601785	0.15704371	"BB"
"SNP_A-1513011"	"4"	161792907	-0.415037499	"AB"
"SNP_A-1512589"	"4"	161857796	-0.621488377	"BB"
"SNP_A-1514513"	"4"	161942770	0.150559677	"AA"
"SNP_A-1512648"	"4"	162198566	0.794935663	"AB"
"SNP_A-1513052"	"4"	162724739	0.150559677	"AA"
"SNP_A-1516218"	"4"	162790277	0.049630768	"AB"
"SNP_A-1516268"	"4"	162790339	-1	"AB"
"SNP_A-1517455"	"4"	163267986	0.811471031	"AA"
"SNP_A-1517405"	"4"	163268187	0.117695043	"BB"
"SNP_A-1516844"	"4"	163268301	0.867896464	"BB"
"SNP_A-1512815"	"4"	163280329	-0.556393349	"AA"
"SNP_A-1516064"	"4"	163585865	-2.089267338	"AB"
"SNP_A-1518302"	"4"	163650498	0.10433666	"AB"
"SNP_A-1518414"	"4"	163650772	-0.058893689	"AB"
"SNP_A-1518470"	"4"	163650796	-0.036525876	"AB"
"SNP_A-1518344"	"4"	164354372	-0.64385619	"AA"
"SNP_A-1515321"	"4"	164535283	-0.036525876	"BB"
"SNP_A-1508653"	"4"	164991809	0.176322773	"BB"
"SNP_A-1508378"	"4"	165040414	1.032100843	"NoCall"
"SNP_A-1507984"	"4"	165206471	1.424922088	"AB"
"SNP_A-1512574"	"4"	165252658	1.750606505	"BB"
"SNP_A-1515104"	"4"	165859942	0.007195501	"AB"
"SNP_A-1512733"	"4"	166936588	0.280956314	"AA"
"SNP_A-1511378"	"4"	166940377	-1.184424571	"NoCall"
"SNP_A-1513532"	"4"	166967847	-0.524915117	"AB"
"SNP_A-1513574"	"4"	166967982	0.286881148	"AB"
"SNP_A-1510658"	"4"	166968144	0.608809243	"AB"
"SNP_A-1513779"	"4"	167251943	-0.689659879	"BB"
"SNP_A-1513837"	"4"	167252139	-0.029146346	"BB"
"SNP_A-1513883"	"4"	167252226	-0.251538767	"BB"
"SNP_A-1517327"	"4"	167370828	-0.386468347	"AA"
"SNP_A-1509337"	"4"	167537446	-0.632628934	"AB"
"SNP_A-1516074"	"4"	167699600	1.014355293	"AA"
"SNP_A-1514758"	"4"	167786086	-0.192645078	"BB"
"SNP_A-1513570"	"4"	167924700	-0.666576266	"BB"
"SNP_A-1515860"	"4"	168956566	-0.217591435	"AB"
"SNP_A-1509711"	"4"	169333222	-0.64385619	"AB"
"SNP_A-1519577"	"4"	169869281	-1.395928676	"BB"
"SNP_A-1513971"	"4"	169933554	0.438292852	"AA"
"SNP_A-1511656"	"4"	170025211	-0.749038426	"AA"
"SNP_A-1516625"	"4"	170460379	0.655351829	"AA"
"SNP_A-1508826"	"4"	171867785	-0.556393349	"AB"
"SNP_A-1518460"	"4"	172177337	-0.358453971	"BB"
"SNP_A-1515050"	"4"	172347871	0.422233001	"BB"
"SNP_A-1509237"	"4"	172484040	-0.40545145	"AA"
"SNP_A-1517973"	"4"	172829827	0.321928095	"BB"
"SNP_A-1510938"	"4"	172847450	-0.567040593	"BB"
"SNP_A-1510838"	"4"	172847601	-0.798366139	"AA"
"SNP_A-1517319"	"4"	172847710	-0.367731785	"BB"
"SNP_A-1513693"	"4"	172963777	0.933572638	"BB"
"SNP_A-1515683"	"4"	173054634	-0.888968688	"BB"
"SNP_A-1516025"	"4"	173438429	0	"AA"
"SNP_A-1507507"	"4"	173438467	-0.13606155	"BB"
"SNP_A-1508870"	"4"	173507703	0.280956314	"AA"
"SNP_A-1509404"	"4"	173507717	-0.349235441	"AA"
"SNP_A-1508643"	"4"	173512090	-0.514573173	"AB"
"SNP_A-1516009"	"4"	173655707	-0.152003093	"NoCall"
"SNP_A-1512370"	"4"	173851484	-0.724992953	"AB"
"SNP_A-1514077"	"4"	173974303	-0.160040413	"AA"
"SNP_A-1519349"	"4"	174285380	1.680324357	"AA"
"SNP_A-1514012"	"4"	174361149	-0.59946207	"AA"
"SNP_A-1514057"	"4"	174361277	-0.312939312	"AA"
"SNP_A-1513788"	"4"	174647503	-0.377069649	"AA"
"SNP_A-1519681"	"4"	175060142	-0.386468347	"AA"
"SNP_A-1514532"	"4"	175143279	0.163498732	"NoCall"
"SNP_A-1512578"	"4"	176517813	-0.260151897	"AB"
"SNP_A-1508166"	"4"	177246433	0.906890596	"NoCall"
"SNP_A-1512194"	"4"	177263405	0.843983844	"BB"
"SNP_A-1512423"	"4"	177370916	0.189033824	"BB"
"SNP_A-1512710"	"4"	177441637	0.709290636	"AA"
"SNP_A-1510710"	"4"	177930796	-0.798366139	"AB"
"SNP_A-1510667"	"4"	177930836	-1.434402824	"AB"
"SNP_A-1510628"	"4"	177930985	-0.577766999	"NoCall"
"SNP_A-1510599"	"4"	178052578	1.03562391	"BB"
"SNP_A-1514588"	"4"	178070533	-0.074000581	"AA"
"SNP_A-1507961"	"4"	178133983	-0.902389203	"NoCall"
"SNP_A-1508005"	"4"	178134007	-0.875671865	"NoCall"
"SNP_A-1507660"	"4"	178151388	0.15704371	"AB"
"SNP_A-1515011"	"4"	178157255	0.448900951	"NoCall"
"SNP_A-1517799"	"4"	178323842	0.361768359	"AB"
"SNP_A-1513302"	"4"	178392219	-1.535331733	"BB"
"SNP_A-1509474"	"4"	178546413	-1.01449957	"NoCall"
"SNP_A-1509527"	"4"	178546438	-0.226003675	"NoCall"
"SNP_A-1519481"	"4"	178836832	-0.304006187	"NoCall"
"SNP_A-1508649"	"4"	178837431	-0.610433188	"BB"
"SNP_A-1508737"	"4"	178837526	0.459431619	"AB"
"SNP_A-1508347"	"4"	179013842	-0.074000581	"BB"
"SNP_A-1508443"	"4"	179014081	-0.377069649	"BB"
"SNP_A-1512157"	"4"	179382986	-0.655171503	"AA"
"SNP_A-1515372"	"4"	179396752	0.700439718	"AA"
"SNP_A-1512915"	"4"	179665883	-0.277533976	"BB"
"SNP_A-1510637"	"4"	179808887	0.378511623	"NoCall"
"SNP_A-1507386"	"4"	179909496	1.257010618	"NoCall"
"SNP_A-1515829"	"4"	180182022	1.147306699	"BB"
"SNP_A-1512981"	"4"	180246961	0.049630768	"AA"
"SNP_A-1515542"	"4"	180251308	0.887525271	"BB"
"SNP_A-1515502"	"4"	180251647	1.411426246	"AA"
"SNP_A-1516499"	"4"	180323939	1.198494154	"AB"
"SNP_A-1515872"	"4"	180577677	-0.76121314	"BB"
"SNP_A-1508497"	"4"	181115506	-0.943416472	"BB"
"SNP_A-1510241"	"4"	181357217	0.695993813	"AA"
"SNP_A-1510884"	"4"	181357470	0.028569152	"AA"
"SNP_A-1512083"	"4"	181490560	-0.535331733	"BB"
"SNP_A-1517726"	"4"	181655592	0.339137385	"AB"
"SNP_A-1516176"	"4"	181655677	-0.304006187	"AA"
"SNP_A-1508954"	"4"	181673870	0.495695163	"AB"
"SNP_A-1511373"	"4"	182027736	-0.785875195	"BB"
"SNP_A-1511851"	"4"	182537084	-0.295128036	"AA"
"SNP_A-1519272"	"4"	182537746	1.080657663	"BB"
"SNP_A-1510247"	"4"	183023728	0.316145742	"BB"
"SNP_A-1510201"	"4"	183023758	0.077242999	"BB"
"SNP_A-1510295"	"4"	183023833	-0.09696173	"BB"
"SNP_A-1510877"	"4"	183316114	-0.77349147	"NoCall"
"SNP_A-1510105"	"4"	183345244	0.632268215	"BB"
"SNP_A-1518327"	"4"	183476458	-1.152003093	"AB"
"SNP_A-1512279"	"4"	183559088	0.871843649	"AA"
"SNP_A-1519703"	"4"	183559179	0.682573297	"BB"
"SNP_A-1513859"	"4"	183950551	-0.066427362	"AB"
"SNP_A-1513269"	"4"	184250826	0.070389328	"AA"
"SNP_A-1514109"	"4"	184289086	-0.112474729	"NoCall"
"SNP_A-1507597"	"4"	184911565	-0.77349147	"AA"
"SNP_A-1517239"	"4"	184911722	-0.888968688	"AA"
"SNP_A-1508869"	"4"	184976834	-0.610433188	"NoCall"
"SNP_A-1508599"	"4"	184977157	-0.473931188	"AA"
"SNP_A-1513814"	"4"	185887402	-0.144010303	"NoCall"
"SNP_A-1512390"	"4"	186129895	0.673556424	"BB"
"SNP_A-1511756"	"4"	186253471	0.541019153	"BB"
"SNP_A-1517710"	"4"	186886184	-0.200912694	"BB"
"SNP_A-1519251"	"4"	187241946	-0.836501268	"AB"
"SNP_A-1514318"	"4"	187393384	0.769771739	"AA"
"SNP_A-1514792"	"4"	187549919	-0.524915117	"AB"
"SNP_A-1510719"	"4"	187831446	-0.251538767	"BB"
"SNP_A-1512641"	"4"	188086751	-0.810966176	"AA"
"SNP_A-1515086"	"4"	188110075	0.555816155	"NoCall"
"SNP_A-1519222"	"4"	188234023	-0.971430848	"BB"
"SNP_A-1511736"	"4"	188397582	0.659924558	"AA"
"SNP_A-1510181"	"4"	188398035	1.09085343	"AB"
"SNP_A-1517003"	"4"	188553082	0.269033146	"BB"
"SNP_A-1514339"	"4"	189116799	-0.724992953	"NoCall"
"SNP_A-1516585"	"4"	189221787	-0.200912694	"AA"
"SNP_A-1518486"	"4"	189623712	-0.473931188	"BB"
"SNP_A-1513721"	"4"	189630995	-0.929610672	"AB"
"SNP_A-1513672"	"4"	189631073	-1.104697379	"AB"
"SNP_A-1510622"	"4"	189990929	0.201633861	"NoCall"
"SNP_A-1508262"	"4"	190129180	-2.251538767	"AB"
"SNP_A-1513318"	"4"	190129389	-1.943416472	"AB"
"SNP_A-1513268"	"4"	190129415	-1.168122759	"AB"
"SNP_A-1518903"	"4"	190216965	-0.444183845	"AA"
"SNP_A-1518808"	"4"	190217327	-0.349235441	"BB"
"SNP_A-1508159"	"4"	190225463	-1.395928676	"AB"
"SNP_A-1507889"	"4"	190333358	1.531069493	"AB"
"SNP_A-1518198"	"4"	190438406	0.989139007	"AA"
"SNP_A-1515714"	"4"	190520772	-0.242976753	"BB"
"SNP_A-1516020"	"4"	190571481	-0.724992953	"AA"
"SNP_A-1517372"	"4"	190704121	-1.01449957	"NoCall"
"SNP_A-1515347"	"4"	190986294	0.097610797	"AA"
"SNP_A-1515155"	"4"	190986350	-0.377069649	"BB"
"SNP_A-1516147"	"4"	190986547	-0.377069649	"AA"
"SNP_A-1514615"	"4"	191412074	-1.01449957	"BB"
"SNP_A-1507787"	"5"	1677089	-0.971430848	"AA"
"SNP_A-1507826"	"5"	1829423	0.117695043	"AA"
"SNP_A-1518002"	"5"	2284308	-0.058893689	"AB"
"SNP_A-1511488"	"5"	2372262	1.080657663	"BB"
"SNP_A-1511924"	"5"	2372741	0.709290636	"AB"
"SNP_A-1519235"	"5"	2484466	0.014355293	"AA"
"SNP_A-1511388"	"5"	2657368	0.378511623	"BB"
"SNP_A-1517976"	"5"	2657398	-0.514573173	"NoCall"
"SNP_A-1519755"	"5"	2665485	1.589763487	"AB"
"SNP_A-1518884"	"5"	2787710	0.713695815	"AA"
"SNP_A-1509766"	"5"	3581923	0.378511623	"NoCall"
"SNP_A-1510780"	"5"	3582223	0.835924074	"AA"
"SNP_A-1510332"	"5"	3830132	-0.415037499	"BB"
"SNP_A-1511491"	"5"	4007264	1.464668267	"BB"
"SNP_A-1510880"	"5"	4007308	0.851998837	"BB"
"SNP_A-1515622"	"5"	5019633	1.147306699	"BB"
"SNP_A-1516439"	"5"	5019755	1.03562391	"AA"
"SNP_A-1507616"	"5"	5020384	-1.234465254	"BB"
"SNP_A-1515042"	"5"	5144766	-0.798366139	"AB"
"SNP_A-1514923"	"5"	5199770	0.361768359	"AA"
"SNP_A-1518875"	"5"	5199945	1.046141782	"AB"
"SNP_A-1518639"	"5"	5200132	0.007195501	"AB"
"SNP_A-1516183"	"5"	5638041	-0.556393349	"AA"
"SNP_A-1516137"	"5"	5638081	-0.295128036	"AA"
"SNP_A-1512784"	"5"	5718335	-0.02180437	"AB"
"SNP_A-1517487"	"5"	5718819	0.411426246	"AB"
"SNP_A-1509066"	"5"	5845245	-1.377069649	"AB"
"SNP_A-1519040"	"5"	5854794	0.042644337	"AB"
"SNP_A-1509389"	"5"	6073112	-1.434402824	"AB"
"SNP_A-1509450"	"5"	6073156	-1.395928676	"AB"
"SNP_A-1507804"	"5"	6073226	-2.058893689	"AB"
"SNP_A-1517811"	"5"	6173756	-0.286304185	"BB"
"SNP_A-1517450"	"5"	6197537	0.632268215	"BB"
"SNP_A-1519079"	"5"	6844290	-0.386468347	"AB"
"SNP_A-1510259"	"5"	6844645	0.448900951	"AB"
"SNP_A-1510573"	"5"	6912633	-0.358453971	"AA"
"SNP_A-1510497"	"5"	7004935	0.443606651	"AA"
"SNP_A-1516384"	"5"	7715816	0.097610797	"NoCall"
"SNP_A-1516511"	"5"	8089123	0.555816155	"NoCall"
"SNP_A-1514076"	"5"	8161136	-0.985644707	"BB"
"SNP_A-1510453"	"5"	8368381	0.150559677	"BB"
"SNP_A-1509945"	"5"	8437674	1.13093087	"BB"
"SNP_A-1514440"	"5"	8437918	0.769771739	"AB"
"SNP_A-1517459"	"5"	8438033	0.480265122	"AB"
"SNP_A-1508887"	"5"	8512399	0.570462931	"AA"
"SNP_A-1514263"	"5"	8530018	-0.349235441	"AA"
"SNP_A-1512688"	"5"	8576830	0.589763487	"AB"
"SNP_A-1514593"	"5"	8643897	0.937344392	"AA"
"SNP_A-1509947"	"5"	8692631	-0.785875195	"AA"
"SNP_A-1509905"	"5"	8692775	-1.152003093	"BB"
"SNP_A-1515375"	"5"	8880809	-0.02180437	"AB"
"SNP_A-1515326"	"5"	8880873	-0.160040413	"NoCall"
"SNP_A-1515232"	"5"	8881121	0.731183242	"AB"
"SNP_A-1515575"	"5"	9451949	-0.192645078	"AB"
"SNP_A-1510225"	"5"	9498199	-0.209227962	"BB"
"SNP_A-1513326"	"5"	9538226	-1.415037499	"AB"
"SNP_A-1509377"	"5"	9676889	0.03562391	"AA"
"SNP_A-1515238"	"5"	9699750	-0.577766999	"BB"
"SNP_A-1511847"	"5"	10185701	0.321928095	"AB"
"SNP_A-1518370"	"5"	10786487	-0.902389203	"NoCall"
"SNP_A-1509270"	"5"	10786514	-0.810966176	"AA"
"SNP_A-1515637"	"5"	10825591	0.678071905	"BB"
"SNP_A-1517493"	"5"	10962254	0	"NoCall"
"SNP_A-1519568"	"5"	11661268	-0.434402824	"AA"
"SNP_A-1519743"	"5"	12299914	0.526068812	"BB"
"SNP_A-1519650"	"5"	12300167	-0.277533976	"BB"
"SNP_A-1515394"	"5"	12342047	-1.713118852	"NoCall"
"SNP_A-1515159"	"5"	12961356	0.049630768	"BB"
"SNP_A-1519428"	"5"	13282173	-1.120294234	"BB"
"SNP_A-1516381"	"5"	13381027	-0.4639471	"BB"
"SNP_A-1511604"	"5"	13511105	-0.074000581	"BB"
"SNP_A-1518667"	"5"	13706156	0.201633861	"AB"
"SNP_A-1507653"	"5"	13735754	0.735522177	"BB"
"SNP_A-1517987"	"5"	13735922	0.422233001	"AA"
"SNP_A-1512859"	"5"	13792605	-0.01449957	"BB"
"SNP_A-1513363"	"5"	13894197	0.275007047	"NoCall"
"SNP_A-1513453"	"5"	13931581	0.722466024	"BB"
"SNP_A-1514304"	"5"	14031386	-1.120294234	"AA"
"SNP_A-1510360"	"5"	14320674	0.333423734	"BB"
"SNP_A-1508460"	"5"	15872353	-0.915935735	"NoCall"
"SNP_A-1516188"	"5"	16045437	0.232660757	"BB"
"SNP_A-1513774"	"5"	16045722	1.185866545	"AA"
"SNP_A-1512584"	"5"	16709541	1.608809243	"AB"
"SNP_A-1511359"	"5"	16837611	-0.217591435	"AB"
"SNP_A-1518744"	"5"	16877127	-1.621488377	"AB"
"SNP_A-1518609"	"5"	17302158	-1.810966176	"AB"
"SNP_A-1510755"	"5"	17444767	1.053111336	"NoCall"
"SNP_A-1510489"	"5"	17896151	-0.504304837	"AA"
"SNP_A-1515319"	"5"	18201820	-0.424687669	"NoCall"
"SNP_A-1514607"	"5"	18277033	0.361768359	"AB"
"SNP_A-1509334"	"5"	18760631	0.14404637	"AA"
"SNP_A-1514830"	"5"	19668644	-1.434402824	"AA"
"SNP_A-1512670"	"5"	19959147	-0.007231569	"BB"
"SNP_A-1513603"	"5"	20099407	0.070389328	"AA"
"SNP_A-1518484"	"5"	21166776	-0.915935735	"BB"
"SNP_A-1513139"	"5"	21279038	0.632268215	"AA"
"SNP_A-1509190"	"5"	21677105	1.263034406	"BB"
"SNP_A-1509233"	"5"	21677214	-0.074000581	"BB"
"SNP_A-1516490"	"5"	22680870	-0.367731785	"BB"
"SNP_A-1511928"	"5"	23080796	0.169925001	"AA"
"SNP_A-1510490"	"5"	23676462	-0.713118852	"AA"
"SNP_A-1510581"	"5"	23676825	-0.985644707	"AA"
"SNP_A-1515239"	"5"	24036097	0.769771739	"AA"
"SNP_A-1509259"	"5"	25075662	0.673556424	"BB"
"SNP_A-1518714"	"5"	25653817	-0.678071905	"AA"
"SNP_A-1516481"	"5"	26560221	0.560714954	"BB"
"SNP_A-1509318"	"5"	26912264	1.080657663	"AB"
"SNP_A-1513328"	"5"	26993997	-0.556393349	"BB"
"SNP_A-1516076"	"5"	26994377	-0.277533976	"BB"
"SNP_A-1508344"	"5"	27564307	1.137503524	"AA"
"SNP_A-1515997"	"5"	28005962	-0.13606155	"BB"
"SNP_A-1515800"	"5"	28327142	0.851998837	"AB"
"SNP_A-1519540"	"5"	28382110	-0.632628934	"BB"
"SNP_A-1507561_2"	"5"	29083250	-1.152003093	"BB"
"SNP_A-1507459"	"5"	29083522	-1.340075442	"BB"
"SNP_A-1508398"	"5"	29109580	-0.081613766	"AB"
"SNP_A-1518615"	"5"	29145855	-0.40545145	"AA"
"SNP_A-1509940"	"5"	29893847	0.10433666	"BB"
"SNP_A-1517800"	"5"	30585341	1.150559677	"BB"
"SNP_A-1511291"	"5"	30768988	-0.40545145	"AA"
"SNP_A-1513291"	"5"	30877478	-0.242976753	"BB"
"SNP_A-1514475"	"5"	30882169	-0.340075442	"BB"
"SNP_A-1513915"	"5"	30882245	-1.514573173	"AA"
"SNP_A-1513990"	"5"	31056597	-0.234465254	"AB"
"SNP_A-1508995"	"5"	31568782	-0.713118852	"AA"
"SNP_A-1508952"	"5"	31569098	-0.76121314	"AA"
"SNP_A-1514618"	"5"	31693141	-0.434402824	"AB"
"SNP_A-1514580"	"5"	31693258	0	"NoCall"
"SNP_A-1517191"	"5"	33089716	-0.434402824	"AA"
"SNP_A-1514950"	"5"	33101281	-0.104697379	"AB"
"SNP_A-1514899"	"5"	33101846	0.604071324	"AB"
"SNP_A-1517412"	"5"	33206249	-0.76121314	"AB"
"SNP_A-1519105"	"5"	33817892	-0.424687669	"BB"
"SNP_A-1517171"	"5"	33818142	-0.144010303	"AA"
"SNP_A-1516632"	"5"	33818197	-0.168122759	"BB"
"SNP_A-1519176"	"5"	33856170	-0.321928095	"BB"
"SNP_A-1518824"	"5"	34548853	1.053111336	"AA"
"SNP_A-1518772"	"5"	34549047	-0.358453971	"BB"
"SNP_A-1514725"	"5"	34709416	2.357552005	"AB"
"SNP_A-1513246"	"5"	34908721	-1.340075442	"AB"
"SNP_A-1515562"	"5"	35032205	0.967168608	"BB"
"SNP_A-1514246"	"5"	35419810	-0.081613766	"NoCall"
"SNP_A-1513683"	"5"	35495956	0.195347598	"BB"
"SNP_A-1518087"	"5"	35519011	-0.051399153	"AA"
"SNP_A-1512488"	"5"	35587275	1.580145484	"AA"
"SNP_A-1517549"	"5"	35889465	-0.251538767	"NoCall"
"SNP_A-1519679"	"5"	36194921	-0.312939312	"NoCall"
"SNP_A-1513265"	"5"	36206708	0.803227036	"BB"
"SNP_A-1512231"	"5"	36551556	0.021479727	"AA"
"SNP_A-1517051"	"5"	36681066	-0.59946207	"AB"
"SNP_A-1507789"	"5"	36681445	0.137503524	"AB"
"SNP_A-1512109"	"5"	36836227	0.189033824	"AB"
"SNP_A-1516945"	"5"	36957117	1.100977648	"AB"
"SNP_A-1510743"	"5"	37966736	-0.724992953	"AB"
"SNP_A-1513629"	"5"	38068380	-0.160040413	"AB"
"SNP_A-1513694"	"5"	38074830	0.469885976	"AB"
"SNP_A-1514809"	"5"	38425257	-0.915935735	"BB"
"SNP_A-1511333"	"5"	38446428	-0.823677227	"BB"
"SNP_A-1511282"	"5"	38446658	0.169925001	"BB"
"SNP_A-1510952"	"5"	38863782	-0.128156351	"NoCall"
"SNP_A-1510683"	"5"	39203295	0.735522177	"AA"
"SNP_A-1511473"	"5"	39236795	1.220329955	"AA"
"SNP_A-1519156"	"5"	39259116	-0.081613766	"BB"
"SNP_A-1510438"	"5"	39279067	-0.312939312	"BB"
"SNP_A-1511184"	"5"	39300266	-0.666576266	"AA"
"SNP_A-1507816"	"5"	39458299	0.15704371	"AB"
"SNP_A-1519436"	"5"	39479598	0.422233001	"NoCall"
"SNP_A-1519180"	"5"	39946650	0.292781749	"AA"
"SNP_A-1514036"	"5"	40076514	0.3950628	"AB"
"SNP_A-1512901"	"5"	40076756	1.464668267	"AA"
"SNP_A-1513982"	"5"	40076811	0.367371066	"AA"
"SNP_A-1511561"	"5"	40238527	1.014355293	"BB"
"SNP_A-1514968"	"5"	40261587	-0.588573754	"AA"
"SNP_A-1515533"	"5"	40261745	-0.168122759	"BB"
"SNP_A-1517007"	"5"	40365378	0.700439718	"BB"
"SNP_A-1512870"	"5"	40660623	0.659924558	"NoCall"
"SNP_A-1518549"	"5"	40962166	0.726831217	"BB"
"SNP_A-1512459"	"5"	41006665	1.049630768	"BB"
"SNP_A-1507342"	"5"	41025105	0.974529312	"AA"
"SNP_A-1513632"	"5"	41043736	0.263034406	"AB"
"SNP_A-1509623"	"5"	41170573	0.819668183	"AB"
"SNP_A-1511341"	"5"	41348428	1.121015401	"AA"
"SNP_A-1510927"	"5"	41436850	-1.377069649	"BB"
"SNP_A-1513378"	"5"	41665333	-0.036525876	"NoCall"
"SNP_A-1511481"	"5"	41665333	0.111031312	"AB"
"SNP_A-1508181"	"5"	41720158	-0.415037499	"BB"
"SNP_A-1511925"	"5"	41720356	1.121015401	"AA"
"SNP_A-1511861"	"5"	41720389	-0.226003675	"BB"
"SNP_A-1511810"	"5"	41720404	0.526068812	"AA"
"SNP_A-1516264"	"5"	41761894	-1.836501268	"BB"
"SNP_A-1515696"	"5"	41762078	-0.066427362	"BB"
"SNP_A-1509985"	"5"	41792152	0.137503524	"BB"
"SNP_A-1517529"	"5"	42771130	-0.144010303	"AB"
"SNP_A-1516189"	"5"	42793623	0.042644337	"AB"
"SNP_A-1516142"	"5"	42793790	-0.929610672	"AB"
"SNP_A-1511435"	"5"	44279162	-1.736965594	"BB"
"SNP_A-1511346"	"5"	44279279	-1.043943348	"AB"
"SNP_A-1519689"	"5"	44488444	-1.377069649	"BB"
"SNP_A-1515889"	"5"	44841791	-0.424687669	"NoCall"
"SNP_A-1517371"	"5"	45766788	-0.128156351	"AA"
"SNP_A-1512184"	"5"	45767625	-0.678071905	"BB"
"SNP_A-1515040"	"5"	49576744	0.201633861	"BB"
"SNP_A-1518925"	"5"	50544074	-0.689659879	"AA"
"SNP_A-1508519"	"5"	52022687	0.974529312	"AA"
"SNP_A-1517507"	"5"	52023103	-0.144010303	"AA"
"SNP_A-1511568"	"5"	52476934	-0.610433188	"AA"
"SNP_A-1511763"	"5"	52477043	-2.888968688	"BB"
"SNP_A-1515740"	"5"	52576529	-1.168122759	"AA"
"SNP_A-1516148"	"5"	52744514	-1.286304185	"BB"
"SNP_A-1515063"	"5"	52767241	1.049630768	"BB"
"SNP_A-1518773"	"5"	53294867	-1	"BB"
"SNP_A-1519170"	"5"	53343456	-0.160040413	"BB"
"SNP_A-1511952"	"5"	53662013	0.655351829	"AA"
"SNP_A-1507735"	"5"	54193294	0.454175893	"AA"
"SNP_A-1518949"	"5"	54211676	-0.02180437	"BB"
"SNP_A-1519649"	"5"	54243244	-0.200912694	"BB"
"SNP_A-1519693"	"5"	54243313	0.627606838	"AA"
"SNP_A-1519741"	"5"	54243489	0.722466024	"BB"
"SNP_A-1513695"	"5"	54268918	0.929790998	"BB"
"SNP_A-1516535"	"5"	54449278	-1.074000581	"AA"
"SNP_A-1516350"	"5"	54455351	-1.785875195	"BB"
"SNP_A-1518412"	"5"	54852683	0.321928095	"BB"
"SNP_A-1507989"	"5"	54982253	0.275007047	"BB"
"SNP_A-1508042"	"5"	54982295	-0.066427362	"AA"
"SNP_A-1511702"	"5"	55218436	0.678071905	"BB"
"SNP_A-1512615"	"5"	55580981	0.350497247	"BB"
"SNP_A-1507873"	"5"	55581160	0.480265122	"AA"
"SNP_A-1515597"	"5"	56726400	0.970853654	"AA"
"SNP_A-1513843"	"5"	56735553	-0.209227962	"NoCall"
"SNP_A-1512380"	"5"	56781260	-0.823677227	"AA"
"SNP_A-1515749"	"5"	56790819	-0.666576266	"BB"
"SNP_A-1516696"	"5"	56885138	-0.340075442	"AA"
"SNP_A-1508622"	"5"	57092745	0.575312331	"AA"
"SNP_A-1512289"	"5"	57141705	0.687060688	"BB"
"SNP_A-1509333"	"5"	57446717	0.150559677	"AA"
"SNP_A-1509433"	"5"	57446922	-0.678071905	"BB"
"SNP_A-1507981"	"5"	57545915	0.150559677	"AA"
"SNP_A-1511485"	"5"	57816476	-0.160040413	"AA"
"SNP_A-1517510"	"5"	57946977	-0.128156351	"AA"
"SNP_A-1518115"	"5"	57947261	0.014355293	"AA"
"SNP_A-1518162"	"5"	57947281	-0.556393349	"BB"
"SNP_A-1511580"	"5"	58096915	0.613531653	"BB"
"SNP_A-1514147"	"5"	58097277	0.66448284	"NoCall"
"SNP_A-1509264"	"5"	58489693	-1.434402824	"AA"
"SNP_A-1510503"	"5"	58634774	-0.689659879	"AA"
"SNP_A-1507951"	"5"	58639849	-0.13606155	"AA"
"SNP_A-1512209"	"5"	58864866	1.414135533	"AA"
"SNP_A-1508276"	"5"	58922476	-0.514573173	"BB"
"SNP_A-1510192"	"5"	59187955	-0.567040593	"BB"
"SNP_A-1513517"	"5"	59791021	-1.454031631	"AA"
"SNP_A-1509686"	"5"	59806870	0.304511042	"AA"
"SNP_A-1509637"	"5"	59811589	-0.242976753	"AA"
"SNP_A-1519476"	"5"	60227310	-1.184424571	"BB"
"SNP_A-1517442"	"5"	60348701	-0.168122759	"AA"
"SNP_A-1512783"	"5"	60503557	-1.59946207	"BB"
"SNP_A-1512434"	"5"	61177984	1.021479727	"BB"
"SNP_A-1519482"	"5"	62034371	-0.64385619	"AA"
"SNP_A-1515825"	"5"	62034736	-1.286304185	"BB"
"SNP_A-1512672"	"5"	62078708	-0.588573754	"AA"
"SNP_A-1512745"	"5"	62078963	0.021479727	"AA"
"SNP_A-1508219"	"5"	62292965	1.137503524	"BB"
"SNP_A-1515853"	"5"	62576121	0.891419187	"BB"
"SNP_A-1515907"	"5"	62576416	0.111031312	"AA"
"SNP_A-1514053"	"5"	62882909	0.22650853	"AA"
"SNP_A-1515820"	"5"	62882968	0.89917563	"AA"
"SNP_A-1519626"	"5"	62937207	1.066950244	"AA"
"SNP_A-1515557"	"5"	63129935	-1.217591435	"AA"
"SNP_A-1517939"	"5"	63312684	0.659924558	"BB"
"SNP_A-1510357"	"5"	63367096	0.887525271	"AB"
"SNP_A-1510543"	"5"	63616059	-0.234465254	"BB"
"SNP_A-1509773"	"5"	63731800	-0.268816758	"AA"
"SNP_A-1509217"	"5"	63765110	-0.304006187	"AA"
"SNP_A-1510044"	"5"	63928693	1.901108243	"AB"
"SNP_A-1517164"	"5"	63929571	0.469885976	"BB"
"SNP_A-1508210"	"5"	64886978	-1.089267338	"NoCall"
"SNP_A-1508263"	"5"	64887017	-1.089267338	"AB"
"SNP_A-1509590"	"5"	65164435	0.735522177	"AA"
"SNP_A-1513594"	"5"	65549749	0.438292852	"BB"
"SNP_A-1507651"	"5"	65663334	-1.074000581	"AA"
"SNP_A-1516207"	"5"	65705987	0.608809243	"AA"
"SNP_A-1516115"	"5"	66152506	0.275007047	"AB"
"SNP_A-1519536"	"5"	66259605	0.918386234	"BB"
"SNP_A-1519644"	"5"	66265105	-0.367731785	"AA"
"SNP_A-1517361"	"5"	66314521	-1.377069649	"AB"
"SNP_A-1511722"	"5"	66486933	1.066950244	"AA"
"SNP_A-1507370"	"5"	66706116	-0.277533976	"BB"
"SNP_A-1512777"	"5"	67367964	0.748461233	"AA"
"SNP_A-1514684"	"5"	67858990	0.700439718	"AB"
"SNP_A-1516952"	"5"	68088006	-0.226003675	"AB"
"SNP_A-1518069"	"5"	68095098	0.459431619	"AB"
"SNP_A-1513926"	"5"	68101391	-0.184424571	"AB"
"SNP_A-1512664"	"5"	70940451	-0.473931188	"AB"
"SNP_A-1518918"	"5"	71497701	-1.089267338	"AB"
"SNP_A-1509963"	"5"	72072302	-0.340075442	"AA"
"SNP_A-1514981"	"5"	73762457	-0.234465254	"BB"
"SNP_A-1508744"	"5"	73762709	-0.632628934	"BB"
"SNP_A-1514915"	"5"	73874259	-0.621488377	"AA"
"SNP_A-1514388"	"5"	73874496	-0.971430848	"BB"
"SNP_A-1507489"	"5"	74547258	-0.304006187	"NoCall"
"SNP_A-1515589"	"5"	74590731	-0.007231569	"AB"
"SNP_A-1512321"	"5"	75184697	0.416839742	"BB"
"SNP_A-1512410"	"5"	75184843	0.807354922	"BB"
"SNP_A-1516749"	"5"	75184989	0.220329955	"AA"
"SNP_A-1519150"	"5"	75559331	1.220329955	"AB"
"SNP_A-1512763"	"5"	75986606	-0.321928095	"AB"
"SNP_A-1514362"	"5"	76020453	1.077242999	"BB"
"SNP_A-1515198"	"5"	76303469	-0.144010303	"AB"
"SNP_A-1513527"	"5"	76720309	-1.49410907	"BB"
"SNP_A-1518694"	"5"	77057425	0.475084883	"AA"
"SNP_A-1508209"	"5"	77188683	0.632268215	"BB"
"SNP_A-1515054"	"5"	77504685	-0.713118852	"AB"
"SNP_A-1515116"	"5"	77504729	0.495695163	"AB"
"SNP_A-1515425"	"5"	78000421	0.15704371	"AA"
"SNP_A-1516220"	"5"	79123161	0.565597176	"BB"
"SNP_A-1516751"	"5"	79123268	1.301587647	"AA"
"SNP_A-1514364"	"5"	79256209	-1.434402824	"BB"
"SNP_A-1510435"	"5"	79484510	-0.036525876	"AB"
"SNP_A-1510214"	"5"	79484851	0.5360529	"AA"
"SNP_A-1515224"	"5"	79662740	1.397802962	"BB"
"SNP_A-1507853"	"5"	79860960	0.097610797	"AB"
"SNP_A-1513635"	"5"	79904598	1.533563348	"AA"
"SNP_A-1508100"	"5"	79905426	-0.810966176	"AA"
"SNP_A-1508096"	"5"	80037466	-0.483984853	"AB"
"SNP_A-1508184"	"5"	80037557	-0.043943348	"AB"
"SNP_A-1508240"	"5"	80037654	0.063502942	"NoCall"
"SNP_A-1518733"	"5"	80037849	-0.120294234	"AB"
"SNP_A-1515312"	"5"	80162654	-0.377069649	"AB"
"SNP_A-1514932"	"5"	80361118	-0.277533976	"AB"
"SNP_A-1515119"	"5"	80361309	-0.01449957	"AB"
"SNP_A-1518315"	"5"	80389071	-0.588573754	"AB"
"SNP_A-1514395"	"5"	80511649	-0.312939312	"AA"
"SNP_A-1518166"	"5"	80511713	-0.749038426	"BB"
"SNP_A-1518207"	"5"	80511995	-0.483984853	"AA"
"SNP_A-1518260"	"5"	80512053	-0.007231569	"AA"
"SNP_A-1518392"	"5"	80760613	0.906890596	"AA"
"SNP_A-1519468"	"5"	80776168	-0.535331733	"AB"
"SNP_A-1510236"	"5"	81045895	0.077242999	"AB"
"SNP_A-1509988"	"5"	81045932	-0.286304185	"AA"
"SNP_A-1512455"	"5"	81344194	-0.724992953	"AA"
"SNP_A-1510633"	"5"	81635550	0.575312331	"AB"
"SNP_A-1515576"	"5"	81635732	-0.144010303	"NoCall"
"SNP_A-1508990"	"5"	81677673	0.111031312	"AA"
"SNP_A-1513722"	"5"	81960183	0.485426827	"AA"
"SNP_A-1511037"	"5"	82477761	-1.666576266	"BB"
"SNP_A-1515874"	"5"	82648889	-1.120294234	"NoCall"
"SNP_A-1513187"	"5"	83116398	0.214124805	"AB"
"SNP_A-1515339"	"5"	83555059	0.691534165	"AA"
"SNP_A-1507815"	"5"	83659704	0.641546029	"AB"
"SNP_A-1518604"	"5"	84997034	-0.798366139	"AB"
"SNP_A-1516373"	"5"	85752163	0.50589093	"AA"
"SNP_A-1516463"	"5"	85752566	-0.120294234	"AB"
"SNP_A-1511458"	"5"	86051126	0.851998837	"AB"
"SNP_A-1519175"	"5"	86183978	-0.226003675	"AA"
"SNP_A-1519244"	"5"	86184205	-0.798366139	"NoCall"
"SNP_A-1516733"	"5"	86529598	0.500802053	"BB"
"SNP_A-1519276"	"5"	86878568	0.879705766	"AA"
"SNP_A-1518220"	"5"	87327411	-1.286304185	"AB"
"SNP_A-1516343"	"5"	87355249	-0.386468347	"AB"
"SNP_A-1518508"	"5"	87821355	-0.49410907	"NoCall"
"SNP_A-1507839"	"5"	88095212	-0.415037499	"AB"
"SNP_A-1517989"	"5"	88172512	-0.556393349	"BB"
"SNP_A-1510292"	"5"	88307493	-0.577766999	"BB"
"SNP_A-1515406"	"5"	89187002	0.632268215	"NoCall"
"SNP_A-1511646"	"5"	89372946	-0.621488377	"AA"
"SNP_A-1509310"	"5"	89459876	-0.915935735	"AB"
"SNP_A-1513813"	"5"	90120162	-0.13606155	"BB"
"SNP_A-1517615"	"5"	90383142	1.485426827	"AB"
"SNP_A-1517668"	"5"	90383296	1.981852653	"AB"
"SNP_A-1518742"	"5"	90427051	0.786596362	"AA"
"SNP_A-1509338"	"5"	90500465	-0.875671865	"BB"
"SNP_A-1508447"	"5"	90978027	0.948600847	"AA"
"SNP_A-1508402"	"5"	90978688	0.555816155	"BB"
"SNP_A-1512039"	"5"	91160225	-0.029146346	"AB"
"SNP_A-1511909"	"5"	91423178	0.028569152	"AA"
"SNP_A-1514133"	"5"	92261604	-0.556393349	"NoCall"
"SNP_A-1514714"	"5"	92403000	0.855989697	"AA"
"SNP_A-1507993"	"5"	93663682	1.689299161	"AA"
"SNP_A-1512933"	"5"	93830721	-0.40545145	"NoCall"
"SNP_A-1513098"	"5"	94403747	-0.251538767	"AA"
"SNP_A-1513038"	"5"	94403873	-0.610433188	"AA"
"SNP_A-1517018"	"5"	94547642	-0.074000581	"AB"
"SNP_A-1513106"	"5"	94549183	-0.655171503	"AB"
"SNP_A-1518606"	"5"	95815553	0.713695815	"AA"
"SNP_A-1518546"	"5"	95815564	1.147306699	"BB"
"SNP_A-1507842"	"5"	95815874	1.042644337	"AA"
"SNP_A-1513500"	"5"	95899822	0.584962501	"BB"
"SNP_A-1512839"	"5"	95960228	-0.836501268	"AB"
"SNP_A-1509842"	"5"	96048418	-1.689659879	"BB"
"SNP_A-1516756"	"5"	96306879	-0.689659879	"BB"
"SNP_A-1517504"	"5"	96367889	-0.251538767	"BB"
"SNP_A-1510488"	"5"	96368002	0.641546029	"AA"
"SNP_A-1514254"	"5"	96839238	0.773996325	"AB"
"SNP_A-1510159"	"5"	96839501	0.669026766	"AB"
"SNP_A-1508077"	"5"	97146551	0.782408565	"BB"
"SNP_A-1509753"	"5"	97515080	-0.971430848	"AA"
"SNP_A-1508072"	"5"	97768808	-0.836501268	"BB"
"SNP_A-1517825"	"5"	97807680	-0.112474729	"BB"
"SNP_A-1510929"	"5"	97865898	0.847996907	"AA"
"SNP_A-1517480"	"5"	98134141	-0.058893689	"BB"
"SNP_A-1507656"	"5"	98527979	0.769771739	"AA"
"SNP_A-1515403"	"5"	98528591	0.495695163	"AA"
"SNP_A-1511030"	"5"	98528663	-0.655171503	"AA"
"SNP_A-1507712"	"5"	98642813	0.09085343	"NoCall"
"SNP_A-1513466"	"5"	99702073	1.6622055	"AB"
"SNP_A-1517222"	"5"	100509786	-0.836501268	"AB"
"SNP_A-1518642"	"5"	100796854	0.726831217	"AA"
"SNP_A-1515975"	"5"	101339190	-0.632628934	"NoCall"
"SNP_A-1512448"	"5"	101411471	-0.701341684	"AA"
"SNP_A-1512297"	"5"	101449802	-0.377069649	"AB"
"SNP_A-1508538"	"5"	101758600	-0.875671865	"BB"
"SNP_A-1512500"	"5"	102237327	0.454175893	"AB"
"SNP_A-1509554"	"5"	102242290	0.815575429	"AB"
"SNP_A-1510886"	"5"	102505631	0.195347598	"BB"
"SNP_A-1510942"	"5"	102505642	-0.577766999	"AA"
"SNP_A-1512518"	"5"	102914634	0.084064265	"BB"
"SNP_A-1507393"	"5"	103345910	-0.312939312	"BB"
"SNP_A-1507345"	"5"	103346720	0.163498732	"AA"
"SNP_A-1519284"	"5"	103494920	0.565597176	"AB"
"SNP_A-1513708"	"5"	103717145	-0.312939312	"BB"
"SNP_A-1513770"	"5"	103717370	-0.321928095	"BB"
"SNP_A-1513816"	"5"	103717409	-0.01449957	"BB"
"SNP_A-1507917"	"5"	104098126	-1.13606155	"AB"
"SNP_A-1513563"	"5"	104236349	0.077242999	"AB"
"SNP_A-1516774"	"5"	106165810	0.13093087	"BB"
"SNP_A-1508366"	"5"	106165918	-0.849440323	"BB"
"SNP_A-1508416"	"5"	106166002	-0.556393349	"BB"
"SNP_A-1508459"	"5"	106166111	-0.304006187	"BB"
"SNP_A-1517665"	"5"	106332844	0.35614381	"BB"
"SNP_A-1507733"	"5"	107273192	1.275007047	"AA"
"SNP_A-1515526"	"5"	107456277	-0.277533976	"NoCall"
"SNP_A-1513824"	"5"	107479154	-1.152003093	"AA"
"SNP_A-1518753"	"5"	107538340	0.03562391	"BB"
"SNP_A-1508958"	"5"	107559070	1.702657543	"AA"
"SNP_A-1518233"	"5"	107601721	0.070389328	"NoCall"
"SNP_A-1517464"	"5"	107756840	0.887525271	"AA"
"SNP_A-1517165"	"5"	108474558	-0.209227962	"AA"
"SNP_A-1509684"	"5"	108728516	0.475084883	"AB"
"SNP_A-1517812"	"5"	108823420	-0.59946207	"BB"
"SNP_A-1516069"	"5"	108823746	-0.556393349	"BB"
"SNP_A-1516396"	"5"	109019212	-0.785875195	"AA"
"SNP_A-1515779"	"5"	109129551	0.063502942	"AA"
"SNP_A-1515735"	"5"	109129676	0.90303827	"BB"
"SNP_A-1508239"	"5"	109163889	-0.434402824	"BB"
"SNP_A-1511642"	"5"	109268452	0.097610797	"AA"
"SNP_A-1509990"	"5"	109293884	1.207892852	"BB"
"SNP_A-1508695"	"5"	109524964	0.207892852	"AB"
"SNP_A-1507975"	"5"	110280784	-0.875671865	"AB"
"SNP_A-1517637"	"5"	110281001	-0.76121314	"AB"
"SNP_A-1512406"	"5"	110549586	0.555816155	"AA"
"SNP_A-1513007"	"5"	110549744	0.974529312	"BB"
"SNP_A-1508941"	"5"	110550408	-1.120294234	"NoCall"
"SNP_A-1513515"	"5"	110552616	-0.424687669	"AB"
"SNP_A-1509239"	"5"	110616741	-0.217591435	"NoCall"
"SNP_A-1513161"	"5"	110638716	-0.736965594	"AA"
"SNP_A-1513204"	"5"	110638820	-0.785875195	"NoCall"
"SNP_A-1516983"	"5"	110731623	0.280956314	"AB"
"SNP_A-1513741"	"5"	110771974	0.981852653	"AB"
"SNP_A-1511721"	"5"	111031044	0.560714954	"BB"
"SNP_A-1511181"	"5"	111042429	-1.377069649	"AA"
"SNP_A-1514799"	"5"	111518927	0.344828497	"AB"
"SNP_A-1518371"	"5"	111553471	1.217230716	"BB"
"SNP_A-1510174"	"5"	111822482	-0.051399153	"BB"
"SNP_A-1519221"	"5"	112046780	2.275007047	"BB"
"SNP_A-1518707"	"5"	112068598	-0.277533976	"BB"
"SNP_A-1518611"	"5"	112068704	-0.349235441	"AB"
"SNP_A-1518329"	"5"	112141323	-0.277533976	"BB"
"SNP_A-1515555"	"5"	112441161	0.389566812	"BB"
"SNP_A-1513005"	"5"	112680976	-0.304006187	"AA"
"SNP_A-1513998"	"5"	112805688	0.541019153	"AA"
"SNP_A-1519106"	"5"	113075274	-0.713118852	"AB"
"SNP_A-1513455"	"5"	113236706	-0.514573173	"BB"
"SNP_A-1513413"	"5"	113236725	-0.736965594	"AA"
"SNP_A-1513884"	"5"	113781685	0.63691458	"AB"
"SNP_A-1517132"	"5"	114634344	0.150559677	"AB"
"SNP_A-1513959"	"5"	114714841	-0.286304185	"AA"
"SNP_A-1511474"	"5"	114714907	-0.535331733	"BB"
"SNP_A-1519285"	"5"	115397964	0.244887059	"BB"
"SNP_A-1519334"	"5"	115398035	1.427606173	"BB"
"SNP_A-1519377"	"5"	115398049	0.469885976	"AB"
"SNP_A-1507384"	"5"	115637344	-0.217591435	"AB"
"SNP_A-1517360"	"5"	115813862	-0.473931188	"AA"
"SNP_A-1518509"	"5"	115867266	-0.483984853	"NoCall"
"SNP_A-1518574"	"5"	115867513	0.084064265	"AB"
"SNP_A-1511768"	"5"	116122014	-0.535331733	"AA"
"SNP_A-1518727"	"5"	116226215	0.097610797	"NoCall"
"SNP_A-1507442"	"5"	116308568	0.726831217	"BB"
"SNP_A-1514171"	"5"	117104573	0.077242999	"BB"
"SNP_A-1511317"	"5"	117126584	-0.810966176	"AB"
"SNP_A-1517134"	"5"	117340869	0.275007047	"AA"
"SNP_A-1508942"	"5"	117453889	-0.514573173	"AB"
"SNP_A-1509661"	"5"	117710846	0.613531653	"AA"
"SNP_A-1518812"	"5"	118096922	-0.823677227	"AA"
"SNP_A-1508289"	"5"	118135750	0.077242999	"AB"
"SNP_A-1517407"	"5"	118203955	-0.810966176	"AA"
"SNP_A-1511777"	"5"	118715486	0.411426246	"AA"
"SNP_A-1519335"	"5"	119023611	0.13093087	"AA"
"SNP_A-1519382"	"5"	119023683	-1.304006187	"AA"
"SNP_A-1519230"	"5"	119023878	-0.358453971	"AA"
"SNP_A-1516935"	"5"	119197039	-0.929610672	"BB"
"SNP_A-1512781"	"5"	119558456	0.40053793	"BB"
"SNP_A-1512746"	"5"	119558669	0.678071905	"AA"
"SNP_A-1515739"	"5"	119603100	0.86393845	"AA"
"SNP_A-1517859"	"5"	119613475	0.731183242	"BB"
"SNP_A-1511453"	"5"	119739813	0.669026766	"BB"
"SNP_A-1515064"	"5"	120771359	-0.043943348	"BB"
"SNP_A-1516863"	"5"	120833478	-1.377069649	"BB"
"SNP_A-1513477"	"5"	120857252	-0.4639471	"AA"
"SNP_A-1513195"	"5"	120901956	-1.395928676	"AA"
"SNP_A-1519530"	"5"	121055096	0.613531653	"AB"
"SNP_A-1519057"	"5"	121158601	0.952333566	"AB"
"SNP_A-1515017"	"5"	121188483	1.283921772	"BB"
"SNP_A-1509834"	"5"	121503446	0.510961919	"BB"
"SNP_A-1509784"	"5"	121611355	0.906890596	"AB"
"SNP_A-1518043"	"5"	121699616	-0.666576266	"AB"
"SNP_A-1518095"	"5"	121699649	-0.64385619	"AB"
"SNP_A-1509993"	"5"	122189667	-0.029146346	"AB"
"SNP_A-1509978"	"5"	122326970	-0.036525876	"AA"
"SNP_A-1513502"	"5"	122332217	-0.415037499	"BB"
"SNP_A-1508103"	"5"	122749838	1.853995647	"BB"
"SNP_A-1509620"	"5"	122916147	-0.535331733	"BB"
"SNP_A-1519270"	"5"	123075171	-0.577766999	"BB"
"SNP_A-1519207"	"5"	123075555	0.298658316	"BB"
"SNP_A-1519151"	"5"	123075628	0.560714954	"BB"
"SNP_A-1515461"	"5"	123148249	0	"BB"
"SNP_A-1509574"	"5"	123148277	-0.810966176	"AA"
"SNP_A-1514671"	"5"	123294936	1.060047384	"NoCall"
"SNP_A-1513673"	"5"	123562822	0.555816155	"AB"
"SNP_A-1512471"	"5"	123738811	0.321928095	"AB"
"SNP_A-1508479"	"5"	123781556	-0.666576266	"BB"
"SNP_A-1513832"	"5"	124376975	0.056583528	"AA"
"SNP_A-1508813"	"5"	124376993	0.021479727	"AB"
"SNP_A-1508855"	"5"	124377047	-0.862496476	"AB"
"SNP_A-1514043"	"5"	124398687	-0.454031631	"AA"
"SNP_A-1513160"	"5"	124544737	-0.545824107	"BB"
"SNP_A-1507662"	"5"	124553617	1.185866545	"BB"
"SNP_A-1515841"	"5"	124620851	1.513490746	"BB"
"SNP_A-1512756"	"5"	124657998	0.859969548	"BB"
"SNP_A-1514848"	"5"	124669389	1.09423607	"AB"
"SNP_A-1510946"	"5"	124908338	1.070389328	"BB"
"SNP_A-1519537"	"5"	124985115	0.292781749	"AB"
"SNP_A-1508881"	"5"	125022748	0.207892852	"NoCall"
"SNP_A-1511514"	"5"	125095629	-1.200912694	"AB"
"SNP_A-1513146"	"5"	125095849	-1.13606155	"AA"
"SNP_A-1512168"	"5"	125095897	0.250961574	"BB"
"SNP_A-1513617"	"5"	125516269	-0.200912694	"BB"
"SNP_A-1513679"	"5"	125516395	-0.785875195	"AA"
"SNP_A-1509565"	"5"	125572361	0.40599236	"AA"
"SNP_A-1513023"	"5"	125603971	-1.089267338	"BB"
"SNP_A-1515247"	"5"	125604208	-1.120294234	"AA"
"SNP_A-1510266"	"5"	125921311	2.49441561	"BB"
"SNP_A-1517509"	"5"	126105768	0.111031312	"BB"
"SNP_A-1509984"	"5"	126247126	0.89917563	"BB"
"SNP_A-1514375"	"5"	126732716	1.794935663	"AB"
"SNP_A-1514924"	"5"	126733214	-0.286304185	"AB"
"SNP_A-1507970"	"5"	126944650	-0.058893689	"NoCall"
"SNP_A-1512628"	"5"	126977335	0.682573297	"BB"
"SNP_A-1513051"	"5"	127383500	-0.168122759	"BB"
"SNP_A-1518312"	"5"	127403865	-0.304006187	"BB"
"SNP_A-1518528"	"5"	128361877	0.028569152	"BB"
"SNP_A-1519062"	"5"	128538260	0.778208576	"AB"
"SNP_A-1514108"	"5"	128959130	0.545968369	"AB"
"SNP_A-1508182"	"5"	129101121	-0.985644707	"AB"
"SNP_A-1515267"	"5"	129112732	-0.200912694	"NoCall"
"SNP_A-1509132"	"5"	129270184	0.007195501	"AA"
"SNP_A-1511508"	"5"	129270480	-0.666576266	"AA"
"SNP_A-1512513"	"5"	129278433	0.049630768	"BB"
"SNP_A-1516211"	"5"	129523540	0.50589093	"BB"
"SNP_A-1514010"	"5"	130058419	-0.610433188	"AA"
"SNP_A-1507866"	"5"	130102084	-0.321928095	"BB"
"SNP_A-1507882"	"5"	130327933	0.739848103	"AA"
"SNP_A-1519275"	"5"	130637473	0.250961574	"BB"
"SNP_A-1507472"	"5"	132642427	0.304511042	"BB"
"SNP_A-1518434"	"5"	132884691	-0.524915117	"AA"
"SNP_A-1515106"	"5"	132885363	-0.588573754	"AB"
"SNP_A-1516519"	"5"	132960983	-0.349235441	"AA"
"SNP_A-1517006"	"5"	132963754	0.691534165	"AA"
"SNP_A-1510959"	"5"	133328549	0.510961919	"AA"
"SNP_A-1514836"	"5"	133941668	-1.029146346	"AA"
"SNP_A-1516447"	"5"	134127620	0.495695163	"BB"
"SNP_A-1508786"	"5"	134719276	-1.152003093	"BB"
"SNP_A-1512425"	"5"	134719332	-1.217591435	"BB"
"SNP_A-1519203"	"5"	134754143	-0.358453971	"AA"
"SNP_A-1515921"	"5"	134868080	0.007195501	"NoCall"
"SNP_A-1507361"	"5"	134914504	-0.081613766	"NoCall"
"SNP_A-1509296"	"5"	135453565	0.819668183	"BB"
"SNP_A-1518447"	"5"	135756455	0.077242999	"BB"
"SNP_A-1518393"	"5"	135756697	-0.902389203	"AB"
"SNP_A-1517495"	"5"	135763445	-0.226003675	"AA"
"SNP_A-1512163"	"5"	135785493	0.007195501	"AA"
"SNP_A-1515539"	"5"	136681732	0.748461233	"AB"
"SNP_A-1518132"	"5"	136997630	0.851998837	"BB"
"SNP_A-1510129"	"5"	137063239	-1.184424571	"AB"
"SNP_A-1511417"	"5"	137097822	-0.377069649	"AB"
"SNP_A-1517278"	"5"	138195616	1.430285273	"NoCall"
"SNP_A-1512822"	"5"	138335018	0.097610797	"AB"
"SNP_A-1510921"	"5"	138516017	-1.64385619	"AB"
"SNP_A-1510971"	"5"	139318733	0.871843649	"AB"
"SNP_A-1511849"	"5"	139371675	0.589763487	"NoCall"
"SNP_A-1508666"	"5"	139549057	1.10433666	"AB"
"SNP_A-1511076"	"5"	139630895	-0.749038426	"BB"
"SNP_A-1512089"	"5"	140327316	-0.112474729	"AB"
"SNP_A-1508625"	"5"	140812097	-0.823677227	"AA"
"SNP_A-1513006"	"5"	142164808	-0.736965594	"AB"
"SNP_A-1510232"	"5"	142318042	0.275007047	"AB"
"SNP_A-1514805"	"5"	143158554	-0.929610672	"AA"
"SNP_A-1519268"	"5"	143190771	1.189033824	"BB"
"SNP_A-1519321"	"5"	143190846	1.704871964	"BB"
"SNP_A-1507455"	"5"	143320173	1.049630768	"AA"
"SNP_A-1509426"	"5"	143414494	-0.902389203	"NoCall"
"SNP_A-1509374"	"5"	143414524	-0.971430848	"BB"
"SNP_A-1508842"	"5"	143414600	-1.268816758	"AA"
"SNP_A-1511224"	"5"	143415081	1.250961574	"AA"
"SNP_A-1511185"	"5"	143415282	0.655351829	"BB"
"SNP_A-1509552"	"5"	143587201	0.416839742	"BB"
"SNP_A-1518197"	"5"	143703474	-0.514573173	"AB"
"SNP_A-1512720"	"5"	143947384	-0.036525876	"AA"
"SNP_A-1511905"	"5"	144470304	-0.081613766	"BB"
"SNP_A-1512222"	"5"	144470352	0.269033146	"BB"
"SNP_A-1512174"	"5"	144470708	0.782408565	"BB"
"SNP_A-1518012"	"5"	144697530	0.700439718	"BB"
"SNP_A-1512548"	"5"	144729666	0.40053793	"AA"
"SNP_A-1516662"	"5"	144982434	-0.810966176	"NoCall"
"SNP_A-1512675"	"5"	145007534	0.422233001	"AB"
"SNP_A-1512748"	"5"	145007576	-0.066427362	"NoCall"
"SNP_A-1515900"	"5"	145769955	-0.454031631	"BB"
"SNP_A-1515945"	"5"	145770190	-1.184424571	"BB"
"SNP_A-1516883"	"5"	145808863	-0.701341684	"AB"
"SNP_A-1513646"	"5"	145823927	0.718087584	"BB"
"SNP_A-1511366"	"5"	146045499	-0.514573173	"BB"
"SNP_A-1511334"	"5"	146045512	-0.943416472	"AA"
"SNP_A-1511597"	"5"	146785503	-0.058893689	"AB"
"SNP_A-1511876"	"5"	147450520	-0.321928095	"BB"
"SNP_A-1517891"	"5"	147700899	-0.444183845	"NoCall"
"SNP_A-1513615"	"5"	147787954	0.713695815	"BB"
"SNP_A-1516432"	"5"	147924818	-0.340075442	"BB"
"SNP_A-1510763"	"5"	148086218	0.480265122	"AB"
"SNP_A-1512155"	"5"	148844269	1.680324357	"NoCall"
"SNP_A-1514727"	"5"	150285901	-0.588573754	"BB"
"SNP_A-1511162"	"5"	150559757	-0.081613766	"BB"
"SNP_A-1517733"	"5"	150562942	0.084064265	"AA"
"SNP_A-1508655"	"5"	150763142	0.765534746	"AB"
"SNP_A-1509991"	"5"	151003023	0.367371066	"AB"
"SNP_A-1509653"	"5"	151085221	-0.567040593	"AB"
"SNP_A-1509609"	"5"	151085555	-0.655171503	"AA"
"SNP_A-1519496"	"5"	151313113	-0.59946207	"AB"
"SNP_A-1510698"	"5"	151597927	-1.074000581	"AB"
"SNP_A-1515865"	"5"	151820783	-0.545824107	"NoCall"
"SNP_A-1510035"	"5"	152437540	-0.160040413	"AA"
"SNP_A-1516687"	"5"	152437680	-1.104697379	"BB"
"SNP_A-1509614"	"5"	152446377	0.09085343	"BB"
"SNP_A-1515028"	"5"	152527680	0.584962501	"AB"
"SNP_A-1512813"	"5"	152640832	-0.112474729	"NoCall"
"SNP_A-1518634"	"5"	152747346	0.298658316	"AA"
"SNP_A-1518622"	"5"	152747772	-0.066427362	"AA"
"SNP_A-1518800"	"5"	152941179	-1.666576266	"BB"
"SNP_A-1518750"	"5"	152941358	-0.929610672	"AA"
"SNP_A-1517227"	"5"	153039186	-0.260151897	"AB"
"SNP_A-1518216"	"5"	153050786	0.350497247	"BB"
"SNP_A-1512145"	"5"	153198104	0.021479727	"AB"
"SNP_A-1512096"	"5"	153198250	1.397802962	"BB"
"SNP_A-1511566"	"5"	153826878	1.09085343	"BB"
"SNP_A-1507986"	"5"	154014874	0.028569152	"AA"
"SNP_A-1507945"	"5"	154014972	0.731183242	"NoCall"
"SNP_A-1514401"	"5"	154593828	-1	"BB"
"SNP_A-1510177"	"5"	154632336	-0.454031631	"BB"
"SNP_A-1511738"	"5"	154812687	0.718087584	"BB"
"SNP_A-1513748"	"5"	154821496	-0.862496476	"NoCall"
"SNP_A-1509467"	"5"	154834784	-0.915935735	"AA"
"SNP_A-1514996"	"5"	154973395	0.250961574	"AA"
"SNP_A-1513231"	"5"	155292063	0.952333566	"BB"
"SNP_A-1508647"	"5"	155458761	-1.785875195	"AA"
"SNP_A-1514426"	"5"	155740541	-1.268816758	"AA"
"SNP_A-1507781"	"5"	155740682	-0.577766999	"BB"
"SNP_A-1507832"	"5"	155740741	-1.286304185	"AA"
"SNP_A-1519364"	"5"	155854998	1.283921772	"AB"
"SNP_A-1509648"	"5"	155899663	-0.367731785	"AA"
"SNP_A-1510275"	"5"	156003831	1.244887059	"AB"
"SNP_A-1513135"	"5"	156592388	1.09423607	"BB"
"SNP_A-1518977"	"5"	156630027	0.124328135	"AB"
"SNP_A-1508763"	"5"	156741694	-0.971430848	"AA"
"SNP_A-1508716"	"5"	156741737	0.021479727	"AA"
"SNP_A-1515094"	"5"	156773183	0.673556424	"AB"
"SNP_A-1512950"	"5"	157166955	-0.902389203	"AA"
"SNP_A-1508437"	"5"	157464901	-1.120294234	"AA"
"SNP_A-1510882"	"5"	157464986	-0.395928676	"BB"
"SNP_A-1516205"	"5"	157527972	2.119356177	"AA"
"SNP_A-1517749"	"5"	157764391	0.028569152	"NoCall"
"SNP_A-1519384"	"5"	157825430	1.592158002	"BB"
"SNP_A-1519484"	"5"	157825781	1.618238656	"BB"
"SNP_A-1514190"	"5"	157924371	0.189033824	"NoCall"
"SNP_A-1518409"	"5"	157996798	1.039138394	"BB"
"SNP_A-1510844"	"5"	158025523	-0.524915117	"AA"
"SNP_A-1507802"	"5"	158146882	0.077242999	"AB"
"SNP_A-1518573"	"5"	158279606	-0.915935735	"AB"
"SNP_A-1508970"	"5"	158660474	0.952333566	"BB"
"SNP_A-1519325"	"5"	158765006	0.361768359	"NoCall"
"SNP_A-1516307"	"5"	158796514	0.304511042	"AB"
"SNP_A-1519610"	"5"	159006611	0.163498732	"AB"
"SNP_A-1512990"	"5"	159371772	-0.902389203	"BB"
"SNP_A-1513580"	"5"	160089944	0.286881148	"BB"
"SNP_A-1515244"	"5"	160361237	1.185866545	"BB"
"SNP_A-1511744"	"5"	160361558	-0.321928095	"BB"
"SNP_A-1511693"	"5"	160361597	0.03562391	"BB"
"SNP_A-1511490"	"5"	160573396	0.782408565	"AA"
"SNP_A-1516146"	"5"	160594089	0.604071324	"BB"
"SNP_A-1508840"	"5"	160982486	0.014355293	"BB"
"SNP_A-1516725"	"5"	161295991	1.459431619	"AA"
"SNP_A-1513590"	"5"	161300209	0.613531653	"BB"
"SNP_A-1512466"	"5"	161524466	-0.09696173	"AB"
"SNP_A-1512386"	"5"	161524606	-0.567040593	"BB"
"SNP_A-1511371"	"5"	161542698	0.15704371	"AB"
"SNP_A-1512407"	"5"	161600399	-1.029146346	"BB"
"SNP_A-1515809"	"5"	161626365	-0.277533976	"BB"
"SNP_A-1514644"	"5"	162239442	0.803227036	"AB"
"SNP_A-1516524"	"5"	162608539	-0.632628934	"BB"
"SNP_A-1516578"	"5"	162608908	0.389566812	"AA"
"SNP_A-1512183"	"5"	162658129	0.427606173	"BB"
"SNP_A-1515376"	"5"	162716667	1.773996325	"NoCall"
"SNP_A-1509126"	"5"	162801880	0.443606651	"AA"
"SNP_A-1508179"	"5"	162911909	0.778208576	"AA"
"SNP_A-1516303"	"5"	162975538	-1.184424571	"AB"
"SNP_A-1513419"	"5"	163086317	-2	"AB"
"SNP_A-1516965"	"5"	163552299	0.735522177	"NoCall"
"SNP_A-1519380"	"5"	163960223	-0.160040413	"AA"
"SNP_A-1518746"	"5"	164128606	-0.13606155	"AA"
"SNP_A-1511380"	"5"	164156664	-0.089267338	"AB"
"SNP_A-1508629"	"5"	165044779	-0.701341684	"BB"
"SNP_A-1516729"	"5"	165268442	0.070389328	"BB"
"SNP_A-1514751"	"5"	165315263	0.695993813	"BB"
"SNP_A-1514071"	"5"	165315584	0.176322773	"AA"
"SNP_A-1518303"	"5"	165687498	-0.971430848	"AA"
"SNP_A-1517995"	"5"	165704590	0.655351829	"AA"
"SNP_A-1512984"	"5"	166247836	-0.152003093	"BB"
"SNP_A-1515023"	"5"	166431767	0.50589093	"AB"
"SNP_A-1512421"	"5"	166469923	0.646162657	"NoCall"
"SNP_A-1511182"	"5"	166470557	-1.043943348	"NoCall"
"SNP_A-1516279"	"5"	167544480	1.659924558	"AA"
"SNP_A-1511170"	"5"	167601145	1.100977648	"AA"
"SNP_A-1511253"	"5"	167681724	-0.104697379	"BB"
"SNP_A-1518432"	"5"	167730773	0.726831217	"BB"
"SNP_A-1518532"	"5"	167730850	0.811471031	"AB"
"SNP_A-1519479"	"5"	168177594	-0.785875195	"BB"
"SNP_A-1517655"	"5"	168956651	-0.304006187	"NoCall"
"SNP_A-1517362"	"5"	169199736	-0.340075442	"BB"
"SNP_A-1513920"	"5"	169308515	-0.678071905	"AB"
"SNP_A-1514480"	"5"	169308776	-0.610433188	"BB"
"SNP_A-1511669"	"5"	169321050	0.007195501	"BB"
"SNP_A-1508966"	"5"	169457906	-0.160040413	"AA"
"SNP_A-1517545"	"5"	169792304	-0.678071905	"NoCall"
"SNP_A-1518933"	"5"	170082635	1.220329955	"AA"
"SNP_A-1515770"	"5"	170118604	0.350497247	"AA"
"SNP_A-1517019"	"5"	170479876	-0.736965594	"BB"
"SNP_A-1518845"	"5"	171017733	-0.701341684	"AB"
"SNP_A-1516077"	"5"	171017761	-0.545824107	"AB"
"SNP_A-1515671"	"5"	171084240	1.577730931	"BB"
"SNP_A-1519056"	"5"	171231587	-0.77349147	"AB"
"SNP_A-1511428"	"5"	171963046	1.198494154	"AA"
"SNP_A-1507326"	"5"	172965037	-0.415037499	"AB"
"SNP_A-1512193"	"5"	172997877	0.678071905	"BB"
"SNP_A-1512105"	"5"	172998010	0.819668183	"BB"
"SNP_A-1519571"	"5"	172998024	0.137503524	"NoCall"
"SNP_A-1518405"	"5"	173164547	-1.395928676	"BB"
"SNP_A-1510724"	"5"	173563974	0.292781749	"AA"
"SNP_A-1510768"	"5"	173564335	-0.144010303	"AA"
"SNP_A-1513278"	"5"	173782335	-0.785875195	"NoCall"
"SNP_A-1511878"	"5"	174064256	-0.295128036	"BB"
"SNP_A-1513650"	"5"	174396647	-0.632628934	"BB"
"SNP_A-1510200"	"5"	174449278	1.448900951	"AB"
"SNP_A-1509111"	"5"	174590654	0.077242999	"AB"
"SNP_A-1509935"	"5"	174590767	-0.689659879	"AB"
"SNP_A-1511298"	"5"	174950056	-0.234465254	"NoCall"
"SNP_A-1515702"	"5"	175018281	-1.286304185	"BB"
"SNP_A-1518234"	"5"	175019105	1.3950628	"BB"
"SNP_A-1507721"	"5"	175195140	1.053111336	"NoCall"
"SNP_A-1515092"	"5"	175337389	0.117695043	"AA"
"SNP_A-1518276"	"5"	176228959	1.003602237	"AB"
"SNP_A-1518238"	"5"	178443329	0.201633861	"NoCall"
"SNP_A-1518836"	"5"	178443447	-0.985644707	"NoCall"
"SNP_A-1507855"	"5"	178653001	0.695993813	"AA"
"SNP_A-1512963"	"5"	179973482	-1.234465254	"BB"
"SNP_A-1519575"	"6"	150610	-1.074000581	"AB"
"SNP_A-1519521"	"6"	150800	-0.081613766	"NoCall"
"SNP_A-1519473"	"6"	150878	-0.689659879	"AB"
"SNP_A-1508186"	"6"	374457	-0.13606155	"AA"
"SNP_A-1516523"	"6"	778579	-0.483984853	"AB"
"SNP_A-1516057"	"6"	945604	-0.029146346	"AA"
"SNP_A-1513896"	"6"	1222151	-0.749038426	"BB"
"SNP_A-1514424"	"6"	1263550	0.526068812	"AA"
"SNP_A-1514373"	"6"	1263711	0.333423734	"BB"
"SNP_A-1508392"	"6"	1416645	-1.395928676	"AA"
"SNP_A-1508441"	"6"	1416716	-1.415037499	"AA"
"SNP_A-1510117"	"6"	1478115	0.207892852	"AB"
"SNP_A-1517368"	"6"	1720435	0.580145484	"BB"
"SNP_A-1514980"	"6"	1720713	-0.349235441	"BB"
"SNP_A-1514871"	"6"	1720862	-0.192645078	"AA"
"SNP_A-1513854"	"6"	2040233	0.744161096	"AA"
"SNP_A-1517200"	"6"	2144947	-0.689659879	"AA"
"SNP_A-1513907"	"6"	2630305	0.049630768	"AA"
"SNP_A-1510580"	"6"	3031099	-0.007231569	"AA"
"SNP_A-1517736"	"6"	3149678	-1.434402824	"BB"
"SNP_A-1517698"	"6"	3149820	-0.454031631	"BB"
"SNP_A-1508894"	"6"	3273452	-0.13606155	"BB"
"SNP_A-1508853"	"6"	3273482	0.169925001	"AA"
"SNP_A-1509227"	"6"	3632313	-0.59946207	"AB"
"SNP_A-1517724"	"6"	3662123	0.021479727	"BB"
"SNP_A-1518017"	"6"	3801426	-0.286304185	"AB"
"SNP_A-1512970"	"6"	3975912	0.214124805	"BB"
"SNP_A-1518018"	"6"	3976147	-1.836501268	"NoCall"
"SNP_A-1513208"	"6"	4014165	1.49057013	"AB"
"SNP_A-1507621"	"6"	4042314	0.014355293	"BB"
"SNP_A-1508012"	"6"	4193931	0.207892852	"AA"
"SNP_A-1508499"	"6"	4381298	-0.985644707	"AB"
"SNP_A-1510524"	"6"	4507465	-1.340075442	"AB"
"SNP_A-1508458"	"6"	4865084	0.007195501	"AB"
"SNP_A-1518927"	"6"	4865229	-0.104697379	"BB"
"SNP_A-1514738"	"6"	4873386	0.650764559	"AA"
"SNP_A-1517042"	"6"	5234205	1.277984747	"AB"
"SNP_A-1512203"	"6"	5556081	-0.810966176	"BB"
"SNP_A-1508514"	"6"	5966877	0.709290636	"AB"
"SNP_A-1518193"	"6"	6313577	1.933572638	"AA"
"SNP_A-1509470"	"6"	6492486	-0.251538767	"AB"
"SNP_A-1517826"	"6"	6903260	1.408711861	"AA"
"SNP_A-1517885"	"6"	6903308	1.72900887	"BB"
"SNP_A-1510041"	"6"	6904105	0.550900665	"AA"
"SNP_A-1517254"	"6"	6960957	0.176322773	"AA"
"SNP_A-1518739"	"6"	7456900	1.163498732	"BB"
"SNP_A-1518146"	"6"	7456918	0.887525271	"AA"
"SNP_A-1510079"	"6"	7595231	1.707082992	"BB"
"SNP_A-1517521"	"6"	7946277	0.782408565	"AA"
"SNP_A-1517565"	"6"	7946336	0.13093087	"AB"
"SNP_A-1510314"	"6"	8201963	-1.454031631	"BB"
"SNP_A-1514080"	"6"	8426521	-0.043943348	"AA"
"SNP_A-1513004"	"6"	8426708	0.232660757	"BB"
"SNP_A-1515469"	"6"	8426784	0.176322773	"AA"
"SNP_A-1515508"	"6"	8426832	-0.268816758	"BB"
"SNP_A-1509465"	"6"	8463408	0.117695043	"BB"
"SNP_A-1510518"	"6"	8463670	0.201633861	"BB"
"SNP_A-1513403"	"6"	8472399	0.438292852	"BB"
"SNP_A-1517224"	"6"	8472511	-0.043943348	"AA"
"SNP_A-1514417"	"6"	8573040	1.003602237	"AA"
"SNP_A-1508944"	"6"	8590629	-0.40545145	"AA"
"SNP_A-1514935"	"6"	8598686	0.627606838	"AA"
"SNP_A-1519332"	"6"	9088625	-0.655171503	"AB"
"SNP_A-1514484"	"6"	9595662	-0.454031631	"AA"
"SNP_A-1513988"	"6"	9615393	0.918386234	"AB"
"SNP_A-1512551"	"6"	10121622	0.339137385	"NoCall"
"SNP_A-1513140"	"6"	10121666	0.918386234	"AB"
"SNP_A-1510451"	"6"	12372985	0.604071324	"BB"
"SNP_A-1508820"	"6"	12561585	-1.340075442	"BB"
"SNP_A-1515569"	"6"	12561774	0.510961919	"BB"
"SNP_A-1507974"	"6"	12643553	0.613531653	"BB"
"SNP_A-1511097"	"6"	12644328	-0.09696173	"AA"
"SNP_A-1514594"	"6"	12996990	-0.836501268	"NoCall"
"SNP_A-1511674"	"6"	13259212	0.195347598	"BB"
"SNP_A-1510321"	"6"	14069973	-0.058893689	"BB"
"SNP_A-1519094"	"6"	14070436	1.757023247	"BB"
"SNP_A-1512220"	"6"	14087505	0.604071324	"AA"
"SNP_A-1518816"	"6"	14112260	-0.321928095	"BB"
"SNP_A-1516736"	"6"	14196281	0.575312331	"BB"
"SNP_A-1513720"	"6"	14676648	0	"BB"
"SNP_A-1517115"	"6"	14741247	1.137503524	"BB"
"SNP_A-1517070"	"6"	14741352	0.773996325	"AA"
"SNP_A-1512627"	"6"	15186268	0.752748591	"AB"
"SNP_A-1509854"	"6"	15655455	-1.321928095	"AA"
"SNP_A-1511708"	"6"	15944386	-1.340075442	"BB"
"SNP_A-1510412"	"6"	16176095	0.799087306	"AA"
"SNP_A-1511927"	"6"	16186293	0.50589093	"AA"
"SNP_A-1513166"	"6"	16186458	-0.089267338	"BB"
"SNP_A-1517609"	"6"	16535503	-0.081613766	"AB"
"SNP_A-1513677"	"6"	16778258	-1.01449957	"AB"
"SNP_A-1508002"	"6"	16778880	1.358958826	"AB"
"SNP_A-1509942"	"6"	16780739	0.459431619	"AB"
"SNP_A-1515765"	"6"	16791838	1.671293372	"AB"
"SNP_A-1510099"	"6"	17562629	-0.104697379	"BB"
"SNP_A-1516812"	"6"	17993330	-0.066427362	"AB"
"SNP_A-1516856"	"6"	17993381	-0.209227962	"AB"
"SNP_A-1515729"	"6"	18429050	0.35614381	"AA"
"SNP_A-1515773"	"6"	18429104	-0.395928676	"BB"
"SNP_A-1508905"	"6"	18444756	-0.304006187	"BB"
"SNP_A-1513456"	"6"	18515722	-0.888968688	"AA"
"SNP_A-1508648"	"6"	18516078	-0.621488377	"AA"
"SNP_A-1515076"	"6"	18594466	-0.395928676	"BB"
"SNP_A-1511040"	"6"	18944310	-0.434402824	"AA"
"SNP_A-1511110_2"	"6"	19103288	-0.915935735	"AA"
"SNP_A-1516552"	"6"	19280102	-0.736965594	"BB"
"SNP_A-1517580"	"6"	19346312	0.042644337	"BB"
"SNP_A-1517765"	"6"	19366877	0.163498732	"AB"
"SNP_A-1516413"	"6"	19463205	-0.655171503	"BB"
"SNP_A-1516084"	"6"	19921598	-1.13606155	"AA"
"SNP_A-1514639"	"6"	19983825	-1.058893689	"AA"
"SNP_A-1515700"	"6"	20024236	0.584962501	"NoCall"
"SNP_A-1511381"	"6"	20029849	0.163498732	"NoCall"
"SNP_A-1514376"	"6"	20053264	-0.02180437	"AA"
"SNP_A-1509625"	"6"	20053428	-0.168122759	"AA"
"SNP_A-1509675"	"6"	20053484	0.372952098	"BB"
"SNP_A-1514191"	"6"	20079796	-0.395928676	"NoCall"
"SNP_A-1509639"	"6"	20345022	0.195347598	"BB"
"SNP_A-1511372"	"6"	20739932	-0.112474729	"BB"
"SNP_A-1515182"	"6"	20826219	-0.610433188	"AA"
"SNP_A-1517008"	"6"	21308369	0.021479727	"NoCall"
"SNP_A-1508637"	"6"	21316408	0.443606651	"NoCall"
"SNP_A-1507610"	"6"	21395972	-1.577766999	"AA"
"SNP_A-1512532"	"6"	21792915	-0.168122759	"AA"
"SNP_A-1518810"	"6"	21992498	0.485426827	"AB"
"SNP_A-1511850"	"6"	22502049	0.5360529	"AB"
"SNP_A-1514759"	"6"	22631155	-0.76121314	"NoCall"
"SNP_A-1512060"	"6"	22723463	-0.849440323	"BB"
"SNP_A-1511945"	"6"	23672345	-0.588573754	"BB"
"SNP_A-1515148"	"6"	23824464	0.333423734	"BB"
"SNP_A-1511390"	"6"	23849815	-1.104697379	"AB"
"SNP_A-1517113"	"6"	23850282	-0.321928095	"AA"
"SNP_A-1508747"	"6"	23872711	0.22650853	"BB"
"SNP_A-1513725"	"6"	23872971	0.014355293	"AA"
"SNP_A-1517057"	"6"	23904066	-0.434402824	"BB"
"SNP_A-1508968"	"6"	23998670	-0.749038426	"BB"
"SNP_A-1509511"	"6"	23998744	-2.358453971	"AA"
"SNP_A-1513346"	"6"	23998940	0.545968369	"BB"
"SNP_A-1507950"	"6"	25027094	0.918386234	"BB"
"SNP_A-1508094"	"6"	25071163	0.495695163	"AB"
"SNP_A-1514045"	"6"	25071234	-0.483984853	"NoCall"
"SNP_A-1517563"	"6"	25071608	-0.104697379	"NoCall"
"SNP_A-1509819"	"6"	25282049	-0.277533976	"BB"
"SNP_A-1509810"	"6"	25356454	-1.217591435	"NoCall"
"SNP_A-1507613"	"6"	25382063	0.970853654	"BB"
"SNP_A-1507650"	"6"	25382145	-0.260151897	"AA"
"SNP_A-1518505"	"6"	25382624	0.195347598	"AA"
"SNP_A-1510347"	"6"	25408718	0.195347598	"BB"
"SNP_A-1510608"	"6"	25949101	-1.577766999	"AA"
"SNP_A-1519531"	"6"	25951725	-0.678071905	"AB"
"SNP_A-1517761"	"6"	26075047	0.691534165	"BB"
"SNP_A-1514823"	"6"	26557415	-0.749038426	"BB"
"SNP_A-1510195"	"6"	27642219	1.397802962	"NoCall"
"SNP_A-1519724"	"6"	28574967	0.448900951	"AA"
"SNP_A-1519144"	"6"	28759639	0.967168608	"AA"
"SNP_A-1518110"	"6"	29100172	-0.295128036	"BB"
"SNP_A-1512835"	"6"	29149555	-0.655171503	"NoCall"
"SNP_A-1516056"	"6"	29359392	-0.209227962	"BB"
"SNP_A-1511209"	"6"	29479032	0.339137385	"AA"
"SNP_A-1511173"	"6"	29479282	-0.386468347	"AA"
"SNP_A-1512445"	"6"	29489773	-0.444183845	"BB"
"SNP_A-1513433"	"6"	29566109	-0.902389203	"AB"
"SNP_A-1510234"	"6"	30198917	1.298658316	"AA"
"SNP_A-1514862"	"6"	30265228	-1.089267338	"AB"
"SNP_A-1518007"	"6"	30441139	1.289834465	"AA"
"SNP_A-1508271"	"6"	31089926	-0.358453971	"AA"
"SNP_A-1518085"	"6"	31092281	0.176322773	"AB"
"SNP_A-1509040"	"6"	31092322	0.007195501	"AB"
"SNP_A-1513970"	"6"	31092555	0.007195501	"AA"
"SNP_A-1508938"	"6"	31092639	0.117695043	"AB"
"SNP_A-1508845"	"6"	31534507	-0.434402824	"BB"
"SNP_A-1518033"	"6"	32410777	-1.043943348	"AB"
"SNP_A-1515972"	"6"	32410876	-0.588573754	"AB"
"SNP_A-1510812"	"6"	32459456	-0.514573173	"AB"
"SNP_A-1510850"	"6"	32459489	-0.713118852	"AB"
"SNP_A-1517774"	"6"	32484448	-0.40545145	"AB"
"SNP_A-1512695"	"6"	32484506	0.618238656	"BB"
"SNP_A-1514350"	"6"	32484648	0.257010618	"AB"
"SNP_A-1507403"	"6"	32799110	0.14404637	"AB"
"SNP_A-1507504"	"6"	32799532	1.408711861	"AA"
"SNP_A-1513454"	"6"	33051274	1.292781749	"BB"
"SNP_A-1515481"	"6"	34527947	-1.152003093	"AB"
"SNP_A-1514688"	"6"	35786196	-0.358453971	"AA"
"SNP_A-1512864"	"6"	36529518	-0.434402824	"BB"
"SNP_A-1514645"	"6"	36840190	1.887525271	"AA"
"SNP_A-1513929"	"6"	37304642	-0.957355663	"BB"
"SNP_A-1517053"	"6"	37475432	1.220329955	"AB"
"SNP_A-1510693"	"6"	37596199	0.485426827	"AB"
"SNP_A-1510093"	"6"	38144629	1.042644337	"BB"
"SNP_A-1519060"	"6"	38287273	0.891419187	"AB"
"SNP_A-1509105"	"6"	38706833	-0.09696173	"AA"
"SNP_A-1517570"	"6"	38821276	1.039138394	"AB"
"SNP_A-1514990"	"6"	38934408	0.687060688	"BB"
"SNP_A-1507458"	"6"	39000147	-0.074000581	"AB"
"SNP_A-1517790"	"6"	39810361	-0.823677227	"NoCall"
"SNP_A-1518781"	"6"	39932610	0.752748591	"AA"
"SNP_A-1515246"	"6"	40044031	-0.610433188	"BB"
"SNP_A-1509061"	"6"	40371149	0.555816155	"AA"
"SNP_A-1513918"	"6"	40488727	-0.545824107	"AA"
"SNP_A-1519339"	"6"	40505480	-0.888968688	"AB"
"SNP_A-1513942"	"6"	40849835	0.422233001	"BB"
"SNP_A-1515170"	"6"	40866122	-1.689659879	"AA"
"SNP_A-1511500"	"6"	41136536	0.077242999	"BB"
"SNP_A-1511057"	"6"	41246666	-0.666576266	"NoCall"
"SNP_A-1511009"	"6"	41246740	-0.713118852	"AA"
"SNP_A-1515501"	"6"	41490328	-0.444183845	"AB"
"SNP_A-1515540"	"6"	41490470	0.510961919	"AA"
"SNP_A-1518080"	"6"	44287048	0.021479727	"AB"
"SNP_A-1509003"	"6"	44360277	-1.862496476	"AA"
"SNP_A-1519541"	"6"	44381505	0.454175893	"BB"
"SNP_A-1518320"	"6"	44588791	0.23878686	"AA"
"SNP_A-1508784"	"6"	44606508	0.981852653	"AA"
"SNP_A-1510485"	"6"	44655179	-1.104697379	"AA"
"SNP_A-1515598"	"6"	44812390	0.070389328	"AB"
"SNP_A-1515548"	"6"	44812515	-1.666576266	"NoCall"
"SNP_A-1513232"	"6"	45468485	-1.120294234	"AB"
"SNP_A-1518706"	"6"	45546855	1.150559677	"BB"
"SNP_A-1517527"	"6"	46091032	-0.632628934	"AA"
"SNP_A-1509531"	"6"	46272590	0.416839742	"BB"
"SNP_A-1516626"	"6"	46352290	-0.358453971	"AA"
"SNP_A-1516661"	"6"	46352378	-0.875671865	"AA"
"SNP_A-1510153"	"6"	46366114	-1.736965594	"BB"
"SNP_A-1516564"	"6"	46376240	-0.043943348	"AA"
"SNP_A-1516616"	"6"	46518323	-0.798366139	"AA"
"SNP_A-1510061"	"6"	46525186	0.220329955	"AA"
"SNP_A-1515314"	"6"	46568175	-0.13606155	"AA"
"SNP_A-1512735"	"6"	46600904	0.163498732	"BB"
"SNP_A-1508391"	"6"	46659919	-0.217591435	"NoCall"
"SNP_A-1519412"	"6"	46673189	0.220329955	"AB"
"SNP_A-1519474"	"6"	46762915	-0.678071905	"AB"
"SNP_A-1511012"	"6"	46971821	-0.798366139	"AB"
"SNP_A-1510964"	"6"	46972012	-0.862496476	"BB"
"SNP_A-1512640"	"6"	47168111	0.448900951	"AA"
"SNP_A-1519050"	"6"	47755267	0.480265122	"AA"
"SNP_A-1512307"	"6"	47857835	1.189033824	"AB"
"SNP_A-1510053"	"6"	47925874	1.13093087	"AB"
"SNP_A-1516891"	"6"	47926190	1.584962501	"AB"
"SNP_A-1514492"	"6"	48029849	-0.386468347	"AB"
"SNP_A-1507727"	"6"	48329486	1.881664619	"NoCall"
"SNP_A-1507788"	"6"	48329653	1.182692298	"AB"
"SNP_A-1513492"	"6"	48656415	0.117695043	"BB"
"SNP_A-1507392"	"6"	48789473	-0.49410907	"AA"
"SNP_A-1515234"	"6"	49213614	1.956056652	"AA"
"SNP_A-1510907"	"6"	50061919	-0.066427362	"AA"
"SNP_A-1512699"	"6"	50264549	1.411426246	"AB"
"SNP_A-1515744"	"6"	50268641	-0.535331733	"AB"
"SNP_A-1510601"	"6"	50337098	0.189033824	"BB"
"SNP_A-1518934"	"6"	51112593	-0.888968688	"AA"
"SNP_A-1514539"	"6"	51177323	-0.749038426	"AA"
"SNP_A-1509195"	"6"	51220631	0.176322773	"AA"
"SNP_A-1507846"	"6"	51274732	1.40053793	"AB"
"SNP_A-1507598"	"6"	51275735	0.545968369	"BB"
"SNP_A-1514912"	"6"	51569324	-0.007231569	"BB"
"SNP_A-1512027"	"6"	51720775	-0.4639471	"NoCall"
"SNP_A-1508621"	"6"	51778609	1.62058641	"BB"
"SNP_A-1519464"	"6"	51923007	-0.736965594	"AB"
"SNP_A-1512734"	"6"	51923103	-0.59946207	"NoCall"
"SNP_A-1519607"	"6"	52034289	-0.77349147	"AB"
"SNP_A-1513647"	"6"	52162449	0.454175893	"AA"
"SNP_A-1517427"	"6"	52174363	-0.957355663	"AA"
"SNP_A-1517373"	"6"	52174417	-0.01449957	"AA"
"SNP_A-1515452"	"6"	52249228	-1.13606155	"AA"
"SNP_A-1517303"	"6"	52442346	3.575917361	"NoCall"
"SNP_A-1507851"	"6"	52447725	0.996388746	"AA"
"SNP_A-1507603"	"6"	52582110	0.292781749	"NoCall"
"SNP_A-1518311"	"6"	52789052	-0.444183845	"AA"
"SNP_A-1515642"	"6"	52860771	-0.160040413	"AA"
"SNP_A-1511186"	"6"	53053886	0.835924074	"BB"
"SNP_A-1511134"	"6"	53054039	-0.209227962	"AA"
"SNP_A-1510836"	"6"	53479046	1.403267722	"AA"
"SNP_A-1514517"	"6"	53827268	1.689299161	"AA"
"SNP_A-1515731"	"6"	53893368	-0.09696173	"AB"
"SNP_A-1510868"	"6"	53929176	1.107687869	"AB"
"SNP_A-1510073"	"6"	54078720	0.280956314	"BB"
"SNP_A-1512639"	"6"	54079501	-1.666576266	"AA"
"SNP_A-1519565"	"6"	54212153	-0.902389203	"NoCall"
"SNP_A-1518826"	"6"	54448103	-0.128156351	"AB"
"SNP_A-1514768"	"6"	54448125	0.056583528	"AB"
"SNP_A-1512369"	"6"	54493214	-1.152003093	"NoCall"
"SNP_A-1510328"	"6"	54680871	0.887525271	"NoCall"
"SNP_A-1519588"	"6"	54726814	-1.577766999	"AB"
"SNP_A-1513817"	"6"	54803144	0.847996907	"AB"
"SNP_A-1511130"	"6"	57039964	-0.330973234	"BB"
"SNP_A-1507946"	"6"	57410284	0.40053793	"NoCall"
"SNP_A-1513411"	"6"	57520175	-1.168122759	"AB"
"SNP_A-1518731"	"6"	58379697	0.618238656	"AB"
"SNP_A-1508365"	"6"	58513611	0.117695043	"AB"
"SNP_A-1508318"	"6"	58513651	0.875780063	"AB"
"SNP_A-1517757"	"6"	58663679	0.794935663	"NoCall"
"SNP_A-1518544"	"6"	62305420	-1.76121314	"BB"
"SNP_A-1517919"	"6"	62305504	-1.304006187	"AA"
"SNP_A-1519614"	"6"	62333667	1.440952198	"BB"
"SNP_A-1514372"	"6"	62334540	-0.377069649	"BB"
"SNP_A-1509010"	"6"	62773175	-0.13606155	"AB"
"SNP_A-1514662"	"6"	62811966	0.263034406	"AB"
"SNP_A-1519495"	"6"	62976134	-0.713118852	"AB"
"SNP_A-1509487"	"6"	63014964	0.350497247	"AB"
"SNP_A-1508035"	"6"	63136545	-0.473931188	"BB"
"SNP_A-1507823"	"6"	63423856	0.163498732	"BB"
"SNP_A-1511358"	"6"	63739174	-0.13606155	"NoCall"
"SNP_A-1511325"	"6"	63739250	0.807354922	"AB"
"SNP_A-1517739"	"6"	63766919	0.214124805	"BB"
"SNP_A-1519756"	"6"	63884962	-0.823677227	"AA"
"SNP_A-1516053"	"6"	64191620	0.550900665	"BB"
"SNP_A-1514148"	"6"	64986279	0.201633861	"AB"
"SNP_A-1514610"	"6"	65312893	-0.621488377	"NoCall"
"SNP_A-1514722"	"6"	65520719	-0.483984853	"NoCall"
"SNP_A-1507579"	"6"	65820177	0.070389328	"NoCall"
"SNP_A-1512875"	"6"	66131115	0.286881148	"AA"
"SNP_A-1516826"	"6"	66358415	0.867896464	"BB"
"SNP_A-1519162"	"6"	66491708	-0.036525876	"AA"
"SNP_A-1509500"	"6"	66501761	0.097610797	"BB"
"SNP_A-1515743"	"6"	66756593	-0.120294234	"AB"
"SNP_A-1510862"	"6"	67118942	-0.242976753	"AB"
"SNP_A-1515768"	"6"	68488046	0.937344392	"AB"
"SNP_A-1515911"	"6"	68644144	-0.395928676	"AA"
"SNP_A-1511728"	"6"	68970544	-0.514573173	"AA"
"SNP_A-1512441"	"6"	69883771	0.748461233	"AB"
"SNP_A-1508779"	"6"	70100730	1.62058641	"AB"
"SNP_A-1513239"	"6"	70134257	0.427606173	"AA"
"SNP_A-1514962"	"6"	70181567	-0.888968688	"NoCall"
"SNP_A-1515446"	"6"	70558213	-0.836501268	"AB"
"SNP_A-1514988"	"6"	70889162	-0.4639471	"BB"
"SNP_A-1518378"	"6"	71113159	0.163498732	"BB"
"SNP_A-1514368"	"6"	71783325	-0.036525876	"BB"
"SNP_A-1517400"	"6"	71868269	0.933572638	"AA"
"SNP_A-1512826"	"6"	72111219	1.13422094	"BB"
"SNP_A-1517473"	"6"	72164970	-0.610433188	"AA"
"SNP_A-1518670"	"6"	72433316	0.280956314	"BB"
"SNP_A-1515077"	"6"	72446178	-0.689659879	"BB"
"SNP_A-1512969"	"6"	72703479	-0.434402824	"AB"
"SNP_A-1507772"	"6"	73173880	1.599317794	"BB"
"SNP_A-1507397"	"6"	73247332	-0.367731785	"BB"
"SNP_A-1518358"	"6"	73761763	0.608809243	"NoCall"
"SNP_A-1510202"	"6"	74361405	0.526068812	"AA"
"SNP_A-1509628"	"6"	74449254	0.378511623	"AB"
"SNP_A-1519360"	"6"	74604036	-0.957355663	"AB"
"SNP_A-1511478"	"6"	74604508	-0.434402824	"BB"
"SNP_A-1512013"	"6"	74962589	0.580145484	"AA"
"SNP_A-1518890"	"6"	74976722	1.575312331	"BB"
"SNP_A-1514101"	"6"	75089956	0.280956314	"AA"
"SNP_A-1515055"	"6"	75772581	0.150559677	"AA"
"SNP_A-1516119"	"6"	75896322	1.347665656	"BB"
"SNP_A-1512340"	"6"	76225551	-0.168122759	"AA"
"SNP_A-1510161"	"6"	76718608	-0.277533976	"NoCall"
"SNP_A-1507959"	"6"	76921381	-0.367731785	"BB"
"SNP_A-1517604"	"6"	77459612	-0.689659879	"NoCall"
"SNP_A-1509897"	"6"	77999201	0.422233001	"AB"
"SNP_A-1507703"	"6"	78217990	0.757023247	"AB"
"SNP_A-1509068"	"6"	78222295	0.565597176	"NoCall"
"SNP_A-1507512"	"6"	78222513	-0.929610672	"NoCall"
"SNP_A-1517751"	"6"	78222789	0.906890596	"AB"
"SNP_A-1519488"	"6"	78223780	1.160274831	"NoCall"
"SNP_A-1511596"	"6"	78658512	0.713695815	"NoCall"
"SNP_A-1512791"	"6"	78728757	1.12763328	"BB"
"SNP_A-1512846"	"6"	78728857	0.922197848	"BB"
"SNP_A-1514182"	"6"	78901476	-0.632628934	"BB"
"SNP_A-1518594"	"6"	78986421	-0.678071905	"AA"
"SNP_A-1516395"	"6"	79263077	1.500802053	"BB"
"SNP_A-1509164"	"6"	79695755	-1.058893689	"NoCall"
"SNP_A-1517498"	"6"	79924326	0.372952098	"AB"
"SNP_A-1514715"	"6"	80488530	-1.200912694	"AB"
"SNP_A-1507578"	"6"	80550177	-0.268816758	"AA"
"SNP_A-1510977"	"6"	80738476	0.438292852	"AA"
"SNP_A-1511425"	"6"	80934824	0.163498732	"AB"
"SNP_A-1516824"	"6"	81051956	-0.535331733	"AA"
"SNP_A-1509804"	"6"	81341629	1.192194165	"BB"
"SNP_A-1514051"	"6"	81402165	-0.621488377	"AA"
"SNP_A-1514087"	"6"	81402227	-1.029146346	"NoCall"
"SNP_A-1514643"	"6"	81402258	-1.043943348	"BB"
"SNP_A-1510814"	"6"	81661707	0.182692298	"AA"
"SNP_A-1516078"	"6"	81737881	0.731183242	"AA"
"SNP_A-1511555"	"6"	82059746	-0.76121314	"AB"
"SNP_A-1507903"	"6"	82060061	-0.029146346	"AB"
"SNP_A-1511513"	"6"	82125928	0.250961574	"AB"
"SNP_A-1510144"	"6"	82327384	-0.4639471	"BB"
"SNP_A-1509301"	"6"	82526510	-0.610433188	"AB"
"SNP_A-1509341"	"6"	82526844	-0.545824107	"BB"
"SNP_A-1514519"	"6"	82535724	-0.02180437	"AB"
"SNP_A-1516832"	"6"	82800888	0.327687364	"BB"
"SNP_A-1516515"	"6"	82801149	0.90303827	"AA"
"SNP_A-1508062"	"6"	82801410	-0.051399153	"AB"
"SNP_A-1515099"	"6"	82962771	-0.535331733	"NoCall"
"SNP_A-1509128"	"6"	83033151	-0.621488377	"NoCall"
"SNP_A-1517131"	"6"	83369459	0.580145484	"NoCall"
"SNP_A-1509825"	"6"	83401703	1.693765712	"BB"
"SNP_A-1516167"	"6"	83528755	0.773996325	"BB"
"SNP_A-1519503"	"6"	83699351	0.584962501	"AA"
"SNP_A-1516720"	"6"	83729621	1.214124805	"AA"
"SNP_A-1515078"	"6"	84107615	-1.029146346	"AB"
"SNP_A-1508614"	"6"	84272633	0.560714954	"AB"
"SNP_A-1518751"	"6"	84368654	-0.089267338	"AB"
"SNP_A-1510903"	"6"	84987861	-0.798366139	"AB"
"SNP_A-1516414"	"6"	85754798	0.007195501	"AA"
"SNP_A-1514486"	"6"	85897722	0.956056652	"AA"
"SNP_A-1511510"	"6"	85900857	0.15704371	"AA"
"SNP_A-1509717"	"6"	85900904	0.084064265	"AB"
"SNP_A-1518122"	"6"	86054683	-0.312939312	"BB"
"SNP_A-1508283"	"6"	86627915	1.687060688	"AA"
"SNP_A-1512727"	"6"	86677437	0.891419187	"BB"
"SNP_A-1515617"	"6"	86810145	-0.268816758	"BB"
"SNP_A-1518049"	"6"	86851128	0.895302621	"AA"
"SNP_A-1516292"	"6"	86977719	-0.184424571	"BB"
"SNP_A-1515471"	"6"	87003779	1.384049807	"AB"
"SNP_A-1516458"	"6"	87180206	-1.415037499	"AA"
"SNP_A-1513102"	"6"	87207512	-0.066427362	"AA"
"SNP_A-1513149"	"6"	87207539	1.229587923	"BB"
"SNP_A-1514317"	"6"	87216223	-0.943416472	"BB"
"SNP_A-1515677"	"6"	87246790	0.195347598	"AA"
"SNP_A-1515720"	"6"	87246884	-1.251538767	"AA"
"SNP_A-1512041"	"6"	87287293	0.275007047	"BB"
"SNP_A-1511994"	"6"	87287413	0.292781749	"BB"
"SNP_A-1508412"	"6"	87344759	0.918386234	"BB"
"SNP_A-1515365"	"6"	87393724	-0.029146346	"BB"
"SNP_A-1509501"	"6"	87445084	0.350497247	"AA"
"SNP_A-1516962"	"6"	87445160	0.555816155	"BB"
"SNP_A-1517659"	"6"	87447383	-0.504304837	"AA"
"SNP_A-1517118"	"6"	88545391	0.280956314	"BB"
"SNP_A-1514275"	"6"	88713362	-0.295128036	"AB"
"SNP_A-1516088"	"6"	89287387	-0.251538767	"BB"
"SNP_A-1519004"	"6"	89690704	-0.367731785	"AA"
"SNP_A-1508598"	"6"	89806007	-0.01449957	"BB"
"SNP_A-1513848"	"6"	91172499	1.09423607	"AB"
"SNP_A-1508255"	"6"	91388918	1.207892852	"AA"
"SNP_A-1513401"	"6"	91389115	0.769771739	"AA"
"SNP_A-1508872"	"6"	92037502	0.3950628	"AB"
"SNP_A-1516269"	"6"	92037640	0.384049807	"AB"
"SNP_A-1512792"	"6"	92243998	0.922197848	"AB"
"SNP_A-1515890"	"6"	92336400	-1.971430848	"NoCall"
"SNP_A-1508949"	"6"	92462767	0.516015147	"AA"
"SNP_A-1508445"	"6"	92462856	0.176322773	"AA"
"SNP_A-1514802"	"6"	92463709	0.613531653	"BB"
"SNP_A-1513514"	"6"	92504954	0.207892852	"NoCall"
"SNP_A-1510585"	"6"	92563398	-0.724992953	"NoCall"
"SNP_A-1514432"	"6"	92887016	0.257010618	"BB"
"SNP_A-1516549"	"6"	93007097	-0.104697379	"AA"
"SNP_A-1510657"	"6"	93207600	1.269033146	"BB"
"SNP_A-1508177"	"6"	93251312	-1.59946207	"BB"
"SNP_A-1510589"	"6"	93491708	-0.588573754	"BB"
"SNP_A-1507576"	"6"	93548895	-0.13606155	"AB"
"SNP_A-1507671"	"6"	93549023	-0.632628934	"BB"
"SNP_A-1519662"	"6"	93741032	-0.473931188	"AB"
"SNP_A-1516226"	"6"	93847850	-0.556393349	"BB"
"SNP_A-1517255"	"6"	94198452	-0.567040593	"AA"
"SNP_A-1519485"	"6"	94198514	0.097610797	"NoCall"
"SNP_A-1519089"	"6"	94487967	-0.13606155	"BB"
"SNP_A-1509305"	"6"	94611722	0.250961574	"AB"
"SNP_A-1513545"	"6"	94658458	1.114367025	"AB"
"SNP_A-1518855"	"6"	94921585	-0.277533976	"BB"
"SNP_A-1518649"	"6"	94933331	1.232660757	"BB"
"SNP_A-1513256"	"6"	94977986	0.269033146	"AB"
"SNP_A-1518613"	"6"	94983651	-0.358453971	"AB"
"SNP_A-1519711"	"6"	95064764	0.182692298	"AA"
"SNP_A-1514230"	"6"	95151853	0.752748591	"AB"
"SNP_A-1518936"	"6"	95152016	1.003602237	"BB"
"SNP_A-1517633"	"6"	95352777	-0.823677227	"AA"
"SNP_A-1513476"	"6"	95904835	1.684818738	"BB"
"SNP_A-1507581"	"6"	96549565	-1.377069649	"AA"
"SNP_A-1508275"	"6"	96818066	0.443606651	"BB"
"SNP_A-1519453"	"6"	96818098	-1.268816758	"AA"
"SNP_A-1514065"	"6"	97118694	0.769771739	"NoCall"
"SNP_A-1509914"	"6"	97183170	-0.836501268	"NoCall"
"SNP_A-1512372"	"6"	97373427	-0.200912694	"BB"
"SNP_A-1508867"	"6"	97375775	-0.340075442	"AB"
"SNP_A-1518981"	"6"	97375947	-0.217591435	"AA"
"SNP_A-1509720"	"6"	97468279	0.182692298	"AB"
"SNP_A-1509321"	"6"	97468528	1.459431619	"AA"
"SNP_A-1515384"	"6"	97792842	-0.192645078	"BB"
"SNP_A-1508733"	"6"	99303325	0.726831217	"AA"
"SNP_A-1513389"	"6"	100800356	-1.395928676	"NoCall"
"SNP_A-1518648"	"6"	100904757	0.956056652	"BB"
"SNP_A-1517441"	"6"	100940185	-0.689659879	"AB"
"SNP_A-1514295"	"6"	101023949	-0.943416472	"AA"
"SNP_A-1508022"	"6"	102146470	1.166715445	"BB"
"SNP_A-1509453"	"6"	103061365	-1.736965594	"NoCall"
"SNP_A-1515197"	"6"	103110627	0.070389328	"AA"
"SNP_A-1509392"	"6"	103110730	0.454175893	"AA"
"SNP_A-1518352"	"6"	103228208	-0.089267338	"NoCall"
"SNP_A-1518947"	"6"	103244426	-0.483984853	"AB"
"SNP_A-1509894"	"6"	104626668	0.778208576	"NoCall"
"SNP_A-1510861"	"6"	104797058	1.301587647	"AA"
"SNP_A-1516386"	"6"	104858268	1.375734539	"AA"
"SNP_A-1517861"	"6"	104997263	0.700439718	"BB"
"SNP_A-1509735"	"6"	104997445	2.061776198	"BB"
"SNP_A-1517026"	"6"	105022766	-0.120294234	"AA"
"SNP_A-1512346"	"6"	105113449	0.726831217	"BB"
"SNP_A-1517218"	"6"	105887900	-0.724992953	"BB"
"SNP_A-1519249"	"6"	106019034	-0.209227962	"AA"
"SNP_A-1515711"	"6"	106944796	0.59454855	"AB"
"SNP_A-1515755"	"6"	106944981	0.937344392	"AB"
"SNP_A-1515255"	"6"	107159931	-0.971430848	"BB"
"SNP_A-1508015"	"6"	107203603	0.372952098	"AB"
"SNP_A-1513143"	"6"	107325884	-0.312939312	"AB"
"SNP_A-1512046"	"6"	107785610	1.097610797	"AA"
"SNP_A-1511113"	"6"	107966098	0.650764559	"BB"
"SNP_A-1512100"	"6"	108135807	0.613531653	"AB"
"SNP_A-1512055"	"6"	108135909	1.333423734	"NoCall"
"SNP_A-1513568"	"6"	108384897	-0.64385619	"AB"
"SNP_A-1517603"	"6"	108418825	1.13422094	"NoCall"
"SNP_A-1519082"	"6"	108529040	-0.286304185	"NoCall"
"SNP_A-1518356"	"6"	109288656	1.733354341	"BB"
"SNP_A-1511848"	"6"	109552031	1.533563348	"AA"
"SNP_A-1516507"	"6"	109594283	0.739848103	"BB"
"SNP_A-1512187"	"6"	110027730	0.232660757	"BB"
"SNP_A-1507877"	"6"	110028175	0.599317794	"BB"
"SNP_A-1507929"	"6"	110028199	0.280956314	"AA"
"SNP_A-1516714"	"6"	110891818	-0.434402824	"AA"
"SNP_A-1516660"	"6"	112214920	-0.036525876	"BB"
"SNP_A-1516933"	"6"	112228857	0.316145742	"AA"
"SNP_A-1514028"	"6"	112287724	-0.862496476	"BB"
"SNP_A-1511127"	"6"	112486704	0.137503524	"BB"
"SNP_A-1507580"	"6"	112751837	1.533563348	"BB"
"SNP_A-1509028"	"6"	113046228	0.589763487	"BB"
"SNP_A-1513482"	"6"	113422618	1.321928095	"AA"
"SNP_A-1515607"	"6"	113561384	1.427606173	"NoCall"
"SNP_A-1511482"	"6"	113666269	-0.701341684	"NoCall"
"SNP_A-1512481"	"6"	113790146	-0.473931188	"BB"
"SNP_A-1518255"	"6"	114354360	-0.277533976	"BB"
"SNP_A-1518297"	"6"	114354414	-0.849440323	"AA"
"SNP_A-1510382"	"6"	114397197	-0.888968688	"AB"
"SNP_A-1516992"	"6"	114398187	1.40599236	"AB"
"SNP_A-1514894"	"6"	114718524	0.028569152	"AA"
"SNP_A-1514418"	"6"	115019935	-0.192645078	"AB"
"SNP_A-1509704"	"6"	115834371	1.419538892	"AA"
"SNP_A-1516912"	"6"	115935856	-0.007231569	"AA"
"SNP_A-1512240"	"6"	116117682	1.280956314	"AB"
"SNP_A-1518351"	"6"	116129959	-0.40545145	"AA"
"SNP_A-1512029"	"6"	116238799	0.469885976	"BB"
"SNP_A-1516941"	"6"	116464694	0.570462931	"BB"
"SNP_A-1512947"	"6"	117263925	1.13093087	"AB"
"SNP_A-1512848"	"6"	117264263	0.084064265	"BB"
"SNP_A-1508394"	"6"	117300006	-0.929610672	"NoCall"
"SNP_A-1510749"	"6"	117424375	0.887525271	"AA"
"SNP_A-1508735"	"6"	117567726	0.799087306	"NoCall"
"SNP_A-1512192"	"6"	117568255	-0.888968688	"NoCall"
"SNP_A-1517444"	"6"	117770069	0.952333566	"AB"
"SNP_A-1517979"	"6"	117838448	0.22650853	"AA"
"SNP_A-1518448"	"6"	118183624	1.430285273	"AA"
"SNP_A-1518493"	"6"	118184265	-0.268816758	"BB"
"SNP_A-1519146"	"6"	118184965	0.03562391	"AB"
"SNP_A-1514474"	"6"	118700951	-0.524915117	"NoCall"
"SNP_A-1515132"	"6"	118840722	-1.535331733	"AA"
"SNP_A-1510491"	"6"	119300570	-0.168122759	"AA"
"SNP_A-1509900"	"6"	119393495	0.35614381	"AB"
"SNP_A-1516366"	"6"	119393528	1.053111336	"AA"
"SNP_A-1516971"	"6"	119626629	0.03562391	"AB"
"SNP_A-1518086"	"6"	119811001	0.084064265	"NoCall"
"SNP_A-1510740"	"6"	120205332	-0.036525876	"NoCall"
"SNP_A-1518253"	"6"	120223280	-0.029146346	"AA"
"SNP_A-1513072"	"6"	120241546	-0.058893689	"AB"
"SNP_A-1517728"	"6"	120634037	0.111031312	"AB"
"SNP_A-1518555"	"6"	120796138	-0.312939312	"AB"
"SNP_A-1510748"	"6"	120900416	0.739848103	"AB"
"SNP_A-1509099"	"6"	121295655	0.35614381	"AB"
"SNP_A-1514283"	"6"	121338359	0.673556424	"AB"
"SNP_A-1508296"	"6"	122344075	-0.823677227	"AB"
"SNP_A-1515949"	"6"	122344310	-0.349235441	"BB"
"SNP_A-1515180"	"6"	122409191	0.150559677	"AB"
"SNP_A-1515227"	"6"	122412988	0.195347598	"AA"
"SNP_A-1517578"	"6"	122524558	0.084064265	"AA"
"SNP_A-1514708"	"6"	122725585	-0.112474729	"NoCall"
"SNP_A-1517970"	"6"	122968086	1.528571319	"AB"
"SNP_A-1519641"	"6"	123099762	-2.089267338	"AA"
"SNP_A-1518131"	"6"	123224721	0.82374936	"AA"
"SNP_A-1510472"	"6"	123612784	0.50589093	"BB"
"SNP_A-1519262"	"6"	123613208	0.124328135	"AA"
"SNP_A-1514883"	"6"	123627754	-0.971430848	"BB"
"SNP_A-1510966"	"6"	123627993	-1.76121314	"BB"
"SNP_A-1510753"	"6"	124118901	0.028569152	"AA"
"SNP_A-1517079"	"6"	124321109	0.137503524	"AA"
"SNP_A-1513756"	"6"	124526611	0.049630768	"BB"
"SNP_A-1512530"	"6"	124591417	0.275007047	"NoCall"
"SNP_A-1509271"	"6"	124741575	-0.666576266	"AA"
"SNP_A-1513921"	"6"	124741659	0.014355293	"AA"
"SNP_A-1512342"	"6"	124742025	-0.168122759	"BB"
"SNP_A-1511683"	"6"	124781483	0.700439718	"AA"
"SNP_A-1511407"	"6"	125455057	0.918386234	"AB"
"SNP_A-1510808"	"6"	125483627	-0.051399153	"AB"
"SNP_A-1515166"	"6"	125814324	-0.621488377	"AB"
"SNP_A-1519569"	"6"	125843396	0.344828497	"AB"
"SNP_A-1513096"	"6"	126416297	-0.444183845	"NoCall"
"SNP_A-1516710"	"6"	127770549	-0.120294234	"AB"
"SNP_A-1510523"	"6"	127790935	0.201633861	"AB"
"SNP_A-1507884"	"6"	127853677	1.364572432	"AA"
"SNP_A-1512191"	"6"	127854247	0.744161096	"NoCall"
"SNP_A-1518389"	"6"	127854433	-0.217591435	"NoCall"
"SNP_A-1513361"	"6"	127876323	0.182692298	"AB"
"SNP_A-1517378"	"6"	127891120	0.007195501	"NoCall"
"SNP_A-1518646"	"6"	128001055	-0.535331733	"AB"
"SNP_A-1515657"	"6"	128074072	-0.4639471	"NoCall"
"SNP_A-1508921"	"6"	128235980	0.111031312	"BB"
"SNP_A-1508969"	"6"	128236193	-1	"AA"
"SNP_A-1516332"	"6"	128884876	-0.066427362	"AB"
"SNP_A-1512299"	"6"	129585626	1.883620816	"AB"
"SNP_A-1510498"	"6"	129749463	0.195347598	"BB"
"SNP_A-1509580"	"6"	130315679	-0.043943348	"AA"
"SNP_A-1509094"	"6"	130326405	0.028569152	"NoCall"
"SNP_A-1508285"	"6"	130627966	-0.785875195	"AA"
"SNP_A-1514623"	"6"	130629563	0.835924074	"AA"
"SNP_A-1519413"	"6"	130684603	-0.128156351	"AA"
"SNP_A-1517526"	"6"	130979544	0.655351829	"AB"
"SNP_A-1510305"	"6"	131057597	-0.4639471	"BB"
"SNP_A-1508832"	"6"	131076047	-0.444183845	"AB"
"SNP_A-1513046"	"6"	131080876	0.056583528	"NoCall"
"SNP_A-1513113"	"6"	131080986	-0.234465254	"AB"
"SNP_A-1513293"	"6"	131081288	-0.007231569	"AB"
"SNP_A-1516686"	"6"	131173668	1.192194165	"AA"
"SNP_A-1516308"	"6"	131350778	-0.632628934	"AA"
"SNP_A-1518852"	"6"	131371782	0.077242999	"AB"
"SNP_A-1510096"	"6"	131604774	-0.200912694	"BB"
"SNP_A-1515204"	"6"	131718224	-0.377069649	"AA"
"SNP_A-1513802"	"6"	131797383	0.956056652	"AB"
"SNP_A-1513671"	"6"	132400420	-0.051399153	"BB"
"SNP_A-1517264"	"6"	132587348	0.700439718	"AA"
"SNP_A-1509859"	"6"	132701193	0.718087584	"BB"
"SNP_A-1507744"	"6"	132859828	0.163498732	"BB"
"SNP_A-1507805"	"6"	132859870	0.070389328	"NoCall"
"SNP_A-1517779"	"6"	132867915	-0.689659879	"AB"
"SNP_A-1513076"	"6"	132882985	-0.49410907	"AB"
"SNP_A-1517612"	"6"	133184968	-0.226003675	"AB"
"SNP_A-1510064"	"6"	133336115	0.195347598	"AA"
"SNP_A-1507834"	"6"	133696458	-0.444183845	"NoCall"
"SNP_A-1516156"	"6"	134113086	-1.043943348	"NoCall"
"SNP_A-1509870"	"6"	135194056	0.333423734	"AA"
"SNP_A-1516312"	"6"	135226864	-0.349235441	"AB"
"SNP_A-1509958"	"6"	135310539	0.485426827	"AB"
"SNP_A-1516203"	"6"	136740505	0.049630768	"AA"
"SNP_A-1516802"	"6"	136773534	-1.152003093	"AA"
"SNP_A-1510128"	"6"	137159957	-1.152003093	"AB"
"SNP_A-1511714"	"6"	137305959	-0.701341684	"BB"
"SNP_A-1514566"	"6"	137564364	0.195347598	"BB"
"SNP_A-1512233"	"6"	137674407	-0.483984853	"AB"
"SNP_A-1511230"	"6"	139105710	0.280956314	"NoCall"
"SNP_A-1517683"	"6"	139258453	-0.286304185	"BB"
"SNP_A-1518016"	"6"	139471663	1.713695815	"AB"
"SNP_A-1516910"	"6"	139472326	-0.081613766	"AB"
"SNP_A-1518383"	"6"	140214067	0.773996325	"NoCall"
"SNP_A-1518475"	"6"	140272407	-0.01449957	"AB"
"SNP_A-1518804"	"6"	140524206	2.102658131	"AB"
"SNP_A-1515503"	"6"	141312529	0.570462931	"BB"
"SNP_A-1513063"	"6"	141356499	0.673556424	"AB"
"SNP_A-1517138"	"6"	141574843	0.416839742	"AB"
"SNP_A-1513597"	"6"	142336556	-0.444183845	"AA"
"SNP_A-1508829"	"6"	142577690	1.570462931	"AB"
"SNP_A-1517307"	"6"	142902631	-0.59946207	"NoCall"
"SNP_A-1508334"	"6"	143049885	0.137503524	"AB"
"SNP_A-1511021"	"6"	143152583	-0.77349147	"NoCall"
"SNP_A-1513546"	"6"	143322538	0.959770155	"BB"
"SNP_A-1508790"	"6"	143698594	1.207892852	"BB"
"SNP_A-1517075"	"6"	143869845	0.516015147	"AA"
"SNP_A-1511463"	"6"	144063955	-0.971430848	"BB"
"SNP_A-1511416"	"6"	144064023	0.739848103	"AA"
"SNP_A-1509224"	"6"	144169375	0.232660757	"AA"
"SNP_A-1518527"	"6"	144902915	0.90303827	"BB"
"SNP_A-1517936"	"6"	144915773	1.22342255	"AA"
"SNP_A-1507667"	"6"	144926393	1.244887059	"AB"
"SNP_A-1508258"	"6"	144926400	1.121015401	"BB"
"SNP_A-1513494"	"6"	145411470	0.03562391	"AA"
"SNP_A-1517100"	"6"	145531666	-0.128156351	"AB"
"SNP_A-1516635"	"6"	145532268	-0.862496476	"AA"
"SNP_A-1516580"	"6"	145532286	-0.234465254	"AA"
"SNP_A-1514767"	"6"	145708884	-0.902389203	"BB"
"SNP_A-1514508"	"6"	145874254	2.13093087	"AB"
"SNP_A-1518349"	"6"	145874591	0.66448284	"NoCall"
"SNP_A-1512111"	"6"	146649615	0.641546029	"AB"
"SNP_A-1513610"	"6"	146656835	0.879705766	"AB"
"SNP_A-1513567"	"6"	146656978	0.608809243	"AA"
"SNP_A-1509759"	"6"	146733030	0.316145742	"AB"
"SNP_A-1512185"	"6"	146772862	0.03562391	"AB"
"SNP_A-1509200"	"6"	146960159	-1.217591435	"AB"
"SNP_A-1516579"	"6"	147191247	-0.724992953	"AA"
"SNP_A-1514583"	"6"	147219434	-0.007231569	"AA"
"SNP_A-1511471"	"6"	147276964	-0.160040413	"BB"
"SNP_A-1516179"	"6"	147567901	-0.415037499	"BB"
"SNP_A-1513772"	"6"	147795154	-0.666576266	"BB"
"SNP_A-1512630"	"6"	148164142	-0.184424571	"BB"
"SNP_A-1514916"	"6"	148322328	2.224966365	"BB"
"SNP_A-1511599"	"6"	149485334	0.422233001	"BB"
"SNP_A-1513840"	"6"	149574490	-0.349235441	"BB"
"SNP_A-1514638"	"6"	149700473	1.23878686	"BB"
"SNP_A-1511943"	"6"	150118510	0.851998837	"AA"
"SNP_A-1518678"	"6"	150151027	0.555816155	"AA"
"SNP_A-1519615"	"6"	150192552	-1.785875195	"BB"
"SNP_A-1513385"	"6"	150323732	1.669026766	"BB"
"SNP_A-1510986"	"6"	150323917	0.910732662	"BB"
"SNP_A-1514107"	"6"	150340483	0.232660757	"BB"
"SNP_A-1513350"	"6"	150386257	-0.330973234	"NoCall"
"SNP_A-1513400"	"6"	150386281	0.344828497	"AA"
"SNP_A-1514338"	"6"	150502254	0.070389328	"AB"
"SNP_A-1514289"	"6"	150502585	0.201633861	"AB"
"SNP_A-1519719"	"6"	150684040	0.933572638	"AA"
"SNP_A-1510260"	"6"	150765913	0.480265122	"BB"
"SNP_A-1512800"	"6"	150798538	-0.09696173	"BB"
"SNP_A-1511244"	"6"	151284373	0.411426246	"BB"
"SNP_A-1512819"	"6"	151453741	-0.260151897	"NoCall"
"SNP_A-1516108"	"6"	151477707	0.10433666	"BB"
"SNP_A-1509183"	"6"	151964166	0.03562391	"BB"
"SNP_A-1510373"	"6"	152322357	-1.514573173	"AA"
"SNP_A-1510876"	"6"	152322457	-1.915935735	"NoCall"
"SNP_A-1510920"	"6"	152322557	-1.59946207	"AB"
"SNP_A-1514624"	"6"	152333569	0.604071324	"AB"
"SNP_A-1514675"	"6"	152333645	-0.473931188	"BB"
"SNP_A-1514865"	"6"	152353876	-0.074000581	"AA"
"SNP_A-1511078"	"6"	152354183	-0.701341684	"BB"
"SNP_A-1513619"	"6"	152478710	0.933572638	"BB"
"SNP_A-1513294"	"6"	152668586	-0.473931188	"AB"
"SNP_A-1514353"	"6"	152685151	-0.77349147	"AA"
"SNP_A-1518789"	"6"	152745437	0.056583528	"AB"
"SNP_A-1514636"	"6"	152890634	0.521050737	"AA"
"SNP_A-1510918"	"6"	152978944	1.003602237	"AB"
"SNP_A-1509981"	"6"	152994771	-1.915935735	"NoCall"
"SNP_A-1509937"	"6"	152994817	0.15704371	"AB"
"SNP_A-1508760"	"6"	153184582	0.350497247	"BB"
"SNP_A-1514904"	"6"	153374943	-0.277533976	"AB"
"SNP_A-1508451"	"6"	153580664	0.875780063	"BB"
"SNP_A-1509922"	"6"	153715112	-0.64385619	"AA"
"SNP_A-1510017"	"6"	153823780	-0.251538767	"BB"
"SNP_A-1511315"	"6"	154089980	1.03562391	"AB"
"SNP_A-1509051"	"6"	154143736	1.526068812	"AB"
"SNP_A-1508999"	"6"	154144081	0.448900951	"AB"
"SNP_A-1519745"	"6"	154379800	-0.556393349	"BB"
"SNP_A-1513778"	"6"	155213323	-0.226003675	"NoCall"
"SNP_A-1511195"	"6"	155517172	-0.849440323	"NoCall"
"SNP_A-1516283"	"6"	155652009	-0.377069649	"AA"
"SNP_A-1516331"	"6"	155652042	-0.810966176	"BB"
"SNP_A-1511825"	"6"	155663752	-0.985644707	"BB"
"SNP_A-1511883"	"6"	155663834	-0.321928095	"NoCall"
"SNP_A-1514597"	"6"	156015389	-0.074000581	"AB"
"SNP_A-1516190"	"6"	156446979	0.22650853	"BB"
"SNP_A-1508287"	"6"	156584885	-0.545824107	"BB"
"SNP_A-1518621"	"6"	156991429	0.622930351	"AB"
"SNP_A-1517050"	"6"	157227289	-1.029146346	"AA"
"SNP_A-1515459"	"6"	157367055	1.347665656	"AB"
"SNP_A-1509517"	"6"	157677867	0.14404637	"BB"
"SNP_A-1511880"	"6"	157879954	-1.321928095	"BB"
"SNP_A-1518968"	"6"	157880228	-1.49410907	"AA"
"SNP_A-1517096"	"6"	157894520	0.480265122	"BB"
"SNP_A-1516448"	"6"	157996410	-0.036525876	"BB"
"SNP_A-1515220"	"6"	157996710	1.565597176	"AA"
"SNP_A-1516317"	"6"	158015433	-0.713118852	"BB"
"SNP_A-1516375"	"6"	158308288	-0.849440323	"AB"
"SNP_A-1507636"	"6"	158396429	-0.260151897	"AB"
"SNP_A-1517909"	"6"	159014699	-1.184424571	"AA"
"SNP_A-1511462"	"6"	159334993	-0.888968688	"AB"
"SNP_A-1518471"	"6"	159791986	0.207892852	"BB"
"SNP_A-1518416"	"6"	159792009	0.15704371	"AA"
"SNP_A-1518684"	"6"	159863386	-1.340075442	"AB"
"SNP_A-1519171"	"6"	160190462	-1.666576266	"NoCall"
"SNP_A-1509323"	"6"	160202343	0.875780063	"AB"
"SNP_A-1508799"	"6"	160202439	1.608809243	"AB"
"SNP_A-1514089"	"6"	160772396	0.195347598	"AB"
"SNP_A-1509837"	"6"	160998206	0.438292852	"BB"
"SNP_A-1511156"	"6"	161125896	0.361768359	"AA"
"SNP_A-1518637"	"6"	161271966	-0.666576266	"AA"
"SNP_A-1518346"	"6"	161279094	-0.268816758	"AA"
"SNP_A-1519154"	"6"	161388867	-0.340075442	"BB"
"SNP_A-1511415"	"6"	161479491	0.111031312	"BB"
"SNP_A-1514200"	"6"	161720196	0.049630768	"AB"
"SNP_A-1519311"	"6"	161792278	-0.724992953	"AA"
"SNP_A-1508303"	"6"	161796913	-0.029146346	"AA"
"SNP_A-1513509"	"6"	162480611	-0.395928676	"AB"
"SNP_A-1513556"	"6"	162480669	-1.01449957	"NoCall"
"SNP_A-1516789"	"6"	162571278	-1.058893689	"AB"
"SNP_A-1511707"	"6"	163028568	1.392317423	"NoCall"
"SNP_A-1508074"	"6"	163431454	0.575312331	"AB"
"SNP_A-1510632"	"6"	163432032	0.007195501	"AA"
"SNP_A-1510106"	"6"	163432259	0.516015147	"AB"
"SNP_A-1513641"	"6"	163712916	-0.556393349	"AB"
"SNP_A-1512188"	"6"	163829542	-0.312939312	"NoCall"
"SNP_A-1513365"	"6"	163984130	0.169925001	"AA"
"SNP_A-1514007"	"6"	164104915	-0.074000581	"AA"
"SNP_A-1509065"	"6"	164315073	-0.929610672	"AB"
"SNP_A-1511526"	"6"	164478561	-0.304006187	"NoCall"
"SNP_A-1509203"	"6"	164523606	0.378511623	"AA"
"SNP_A-1514649"	"6"	164954622	0.495695163	"AA"
"SNP_A-1510003"	"6"	164975400	0.427606173	"BB"
"SNP_A-1517331"	"6"	164975591	-0.713118852	"BB"
"SNP_A-1509423"	"6"	165180908	-0.545824107	"NoCall"
"SNP_A-1507827"	"6"	165353108	0.59454855	"BB"
"SNP_A-1515513"	"6"	165466838	-1.535331733	"BB"
"SNP_A-1518286"	"6"	165574079	0.207892852	"AA"
"SNP_A-1518239"	"6"	165574141	0.411426246	"BB"
"SNP_A-1519576"	"6"	165689635	-0.588573754	"BB"
"SNP_A-1511343"	"6"	165730639	0.646162657	"AA"
"SNP_A-1516479"	"6"	166312815	-0.242976753	"AA"
"SNP_A-1517332"	"6"	166397218	-0.058893689	"BB"
"SNP_A-1513566"	"6"	166836243	-0.535331733	"AA"
"SNP_A-1517433"	"6"	166961336	-0.13606155	"BB"
"SNP_A-1515512"	"6"	167376389	0	"AB"
"SNP_A-1508044"	"6"	167376637	0.589763487	"AB"
"SNP_A-1515549"	"6"	167376721	0.427606173	"AB"
"SNP_A-1511760"	"6"	167601086	-1.888968688	"AB"
"SNP_A-1508021"	"6"	168046544	-0.678071905	"AA"
"SNP_A-1514409"	"6"	170445163	-1.454031631	"AA"
"SNP_A-1508924"	"7"	1562335	-1.043943348	"NoCall"
"SNP_A-1510048"	"7"	1809464	0.23878686	"AA"
"SNP_A-1511029"	"7"	2001117	0.883620816	"NoCall"
"SNP_A-1509260"	"7"	2525428	-1.434402824	"AB"
"SNP_A-1511684"	"7"	2940671	-0.386468347	"AB"
"SNP_A-1511643"	"7"	2940773	-0.01449957	"AB"
"SNP_A-1517217"	"7"	3062439	-0.577766999	"AA"
"SNP_A-1508893"	"7"	3096850	-0.655171503	"NoCall"
"SNP_A-1516921"	"7"	3238709	0.726831217	"AA"
"SNP_A-1508462"	"7"	3275554	0.859969548	"AB"
"SNP_A-1508516"	"7"	3275613	0.59454855	"BB"
"SNP_A-1513523"	"7"	4186524	-1.59946207	"BB"
"SNP_A-1515018"	"7"	7108946	-1.64385619	"AB"
"SNP_A-1508781"	"7"	7203126	0.726831217	"BB"
"SNP_A-1507406"	"7"	7223707	-0.226003675	"AA"
"SNP_A-1514061"	"7"	7235855	0.214124805	"NoCall"
"SNP_A-1509808"	"7"	7642052	0.049630768	"AB"
"SNP_A-1509986"	"7"	7648178	1.160274831	"BB"
"SNP_A-1510797"	"7"	7761236	0.084064265	"BB"
"SNP_A-1513441"	"7"	7764977	-1.058893689	"AB"
"SNP_A-1509206"	"7"	8138585	0.432959407	"BB"
"SNP_A-1509241"	"7"	8138721	-0.535331733	"BB"
"SNP_A-1507920"	"7"	8337999	-0.736965594	"AA"
"SNP_A-1507447"	"7"	8462417	-0.49410907	"AA"
"SNP_A-1509127"	"7"	8495769	1.182692298	"BB"
"SNP_A-1509184"	"7"	8496180	0.367371066	"AB"
"SNP_A-1516201"	"7"	8601253	-0.535331733	"BB"
"SNP_A-1510759"	"7"	8610334	0.650764559	"BB"
"SNP_A-1512597"	"7"	8697605	0.22650853	"AB"
"SNP_A-1512015"	"7"	8697643	0.704871964	"NoCall"
"SNP_A-1513728"	"7"	8704633	1.641546029	"AB"
"SNP_A-1512024"	"7"	8919108	0.618238656	"AA"
"SNP_A-1514192"	"7"	9175368	-0.268816758	"AA"
"SNP_A-1508429"	"7"	9541671	-1.074000581	"AA"
"SNP_A-1508472"	"7"	9541801	-0.971430848	"AA"
"SNP_A-1512214"	"7"	9769653	-0.152003093	"NoCall"
"SNP_A-1513542"	"7"	10140307	-0.823677227	"NoCall"
"SNP_A-1512305"	"7"	10263099	-0.209227962	"AB"
"SNP_A-1509658"	"7"	10425000	0.550900665	"BB"
"SNP_A-1512239"	"7"	10735997	0	"AB"
"SNP_A-1517533"	"7"	10980984	-0.377069649	"AB"
"SNP_A-1518703"	"7"	11004576	0.883620816	"NoCall"
"SNP_A-1515458"	"7"	11091856	-0.535331733	"AA"
"SNP_A-1518149"	"7"	11102437	0.910732662	"AA"
"SNP_A-1518051"	"7"	11102730	-0.349235441	"BB"
"SNP_A-1512120"	"7"	11551142	-1.689659879	"AB"
"SNP_A-1515483"	"7"	11790840	0.713695815	"AB"
"SNP_A-1515429"	"7"	11791062	1.269033146	"NoCall"
"SNP_A-1509240"	"7"	11872936	-2.089267338	"AB"
"SNP_A-1518063"	"7"	11964161	1.114367025	"AA"
"SNP_A-1509359"	"7"	12217858	0.292781749	"BB"
"SNP_A-1511007"	"7"	12548537	0.339137385	"AA"
"SNP_A-1511056"	"7"	12548772	1.053111336	"BB"
"SNP_A-1509576"	"7"	12737127	0.500802053	"AA"
"SNP_A-1511206"	"7"	12795982	0.859969548	"BB"
"SNP_A-1507725"	"7"	12797173	-0.40545145	"BB"
"SNP_A-1507378"	"7"	12955137	1.176322773	"AA"
"SNP_A-1515628"	"7"	13172133	-0.678071905	"NoCall"
"SNP_A-1514177"	"7"	13299371	-0.736965594	"NoCall"
"SNP_A-1514047"	"7"	13427417	0.855989697	"AA"
"SNP_A-1518106"	"7"	14579354	0.480265122	"BB"
"SNP_A-1517335"	"7"	14579505	0.948600847	"AB"
"SNP_A-1517375"	"7"	14579894	0.049630768	"AB"
"SNP_A-1516754"	"7"	14786944	0.182692298	"AA"
"SNP_A-1516791"	"7"	14786972	0.03562391	"AA"
"SNP_A-1515493"	"7"	14818155	-0.168122759	"AA"
"SNP_A-1516265"	"7"	14890450	0.207892852	"AB"
"SNP_A-1510031"	"7"	15283109	-1.340075442	"NoCall"
"SNP_A-1513582"	"7"	15717862	0.970853654	"AA"
"SNP_A-1511655"	"7"	16557825	0.063502942	"BB"
"SNP_A-1516939"	"7"	16686819	0.811471031	"AA"
"SNP_A-1516994"	"7"	16686998	0.459431619	"AA"
"SNP_A-1508758"	"7"	17305065	0.580145484	"AB"
"SNP_A-1508577"	"7"	17430661	-0.17625064	"AA"
"SNP_A-1518217"	"7"	17480728	-1.304006187	"BB"
"SNP_A-1515290"	"7"	17480890	-0.286304185	"BB"
"SNP_A-1516976"	"7"	17610703	-0.144010303	"AA"
"SNP_A-1511665"	"7"	17705143	-1.943416472	"AB"
"SNP_A-1507412"	"7"	17977774	-0.49410907	"BB"
"SNP_A-1507902"	"7"	18191640	-0.066427362	"AA"
"SNP_A-1508101_2"	"7"	18692532	0.709290636	"AA"
"SNP_A-1518946"	"7"	18696402	0.521050737	"BB"
"SNP_A-1510285"	"7"	18707004	-0.234465254	"AB"
"SNP_A-1515572"	"7"	18909580	-0.785875195	"BB"
"SNP_A-1511158"	"7"	19038446	0.042644337	"AA"
"SNP_A-1515392"	"7"	19491940	0.847996907	"BB"
"SNP_A-1519165"	"7"	20381061	0.438292852	"AA"
"SNP_A-1513393"	"7"	20445004	-0.749038426	"AB"
"SNP_A-1509030"	"7"	21498547	-0.081613766	"BB"
"SNP_A-1509706"	"7"	21564854	-0.434402824	"BB"
"SNP_A-1515656"	"7"	21737976	0.599317794	"AA"
"SNP_A-1512780"	"7"	21876598	1.49057013	"BB"
"SNP_A-1508962"	"7"	21967581	0.214124805	"AB"
"SNP_A-1511917"	"7"	22726162	-0.251538767	"AA"
"SNP_A-1508408"	"7"	23488693	-1.029146346	"AB"
"SNP_A-1516739"	"7"	23840001	-0.312939312	"BB"
"SNP_A-1508260"	"7"	23840172	-0.849440323	"BB"
"SNP_A-1510778"	"7"	23955628	-0.377069649	"AB"
"SNP_A-1515292"	"7"	23993586	1.021479727	"NoCall"
"SNP_A-1515172"	"7"	24089998	-0.007231569	"BB"
"SNP_A-1518868"	"7"	24156719	1.435628594	"BB"
"SNP_A-1510830"	"7"	24538029	0.700439718	"AA"
"SNP_A-1513171"	"7"	24704471	-0.104697379	"BB"
"SNP_A-1507934"	"7"	24971325	-0.567040593	"AA"
"SNP_A-1507978"	"7"	24971658	-1.268816758	"AA"
"SNP_A-1508337"	"7"	25095041	0.014355293	"BB"
"SNP_A-1508280"	"7"	25095081	-0.17625064	"NoCall"
"SNP_A-1507491"	"7"	25302784	0.851998837	"BB"
"SNP_A-1507445"	"7"	25302977	0.361768359	"AA"
"SNP_A-1507806"	"7"	26170161	0.948600847	"AA"
"SNP_A-1512949"	"7"	26177669	1.596935142	"AA"
"SNP_A-1509284"	"7"	27355024	2.007195501	"AA"
"SNP_A-1511692"	"7"	27371748	-1.49410907	"BB"
"SNP_A-1516171"	"7"	27650813	0.384049807	"AA"
"SNP_A-1508302"	"7"	27651309	-0.268816758	"AA"
"SNP_A-1510403"	"7"	27658490	1.021479727	"AB"
"SNP_A-1514054"	"7"	27804544	-0.610433188	"AB"
"SNP_A-1514199"	"7"	27918577	-1.395928676	"NoCall"
"SNP_A-1514329"	"7"	28107669	-0.13606155	"NoCall"
"SNP_A-1514860"	"7"	28107747	0.042644337	"AB"
"SNP_A-1511328"	"7"	28287883	1.454175893	"AB"
"SNP_A-1511313"	"7"	28358902	-0.260151897	"AA"
"SNP_A-1515655"	"7"	28633529	0.659924558	"AB"
"SNP_A-1519344"	"7"	28742646	0.815575429	"AA"
"SNP_A-1514721"	"7"	28784203	0.35614381	"BB"
"SNP_A-1510936"	"7"	28892267	0.03562391	"AA"
"SNP_A-1511534"	"7"	29256331	-1.13606155	"AA"
"SNP_A-1509855"	"7"	29322168	-0.724992953	"NoCall"
"SNP_A-1517716"	"7"	29347428	-0.724992953	"NoCall"
"SNP_A-1516012"	"7"	29374581	0.049630768	"BB"
"SNP_A-1516418"	"7"	29629219	0.5360529	"AA"
"SNP_A-1518102"	"7"	29659044	-0.504304837	"AA"
"SNP_A-1509664"	"7"	30446431	0.014355293	"AB"
"SNP_A-1507897"	"7"	31001880	-0.066427362	"AA"
"SNP_A-1507850"	"7"	31002047	-0.567040593	"AB"
"SNP_A-1507800"	"7"	31002266	-0.217591435	"AB"
"SNP_A-1516516"	"7"	31306989	-1.556393349	"BB"
"SNP_A-1508908"	"7"	31526308	1.220329955	"AA"
"SNP_A-1509497"	"7"	31553276	-1.043943348	"AA"
"SNP_A-1516546"	"7"	31763860	-0.655171503	"AA"
"SNP_A-1519331"	"7"	31799078	0.10433666	"AB"
"SNP_A-1519119"	"7"	31831713	0.03562391	"BB"
"SNP_A-1511676"	"7"	31945719	0.608809243	"BB"
"SNP_A-1517140"	"7"	32122422	0.09085343	"BB"
"SNP_A-1515420"	"7"	32427992	-0.483984853	"BB"
"SNP_A-1511809"	"7"	32608941	-1.168122759	"BB"
"SNP_A-1512723"	"7"	32632900	-0.514573173	"BB"
"SNP_A-1517745"	"7"	33253865	-0.798366139	"NoCall"
"SNP_A-1518542"	"7"	33259738	-0.943416472	"AB"
"SNP_A-1516576"	"7"	33454975	0.14404637	"BB"
"SNP_A-1515940"	"7"	33735200	-1.286304185	"BB"
"SNP_A-1510548"	"7"	33885465	0.49057013	"NoCall"
"SNP_A-1512918"	"7"	33887125	1.182692298	"NoCall"
"SNP_A-1516814"	"7"	33895492	0.298658316	"BB"
"SNP_A-1514161"	"7"	33912173	0.275007047	"AB"
"SNP_A-1519185"	"7"	34074442	0.448900951	"AA"
"SNP_A-1519247"	"7"	34074846	0.13093087	"BB"
"SNP_A-1513275"	"7"	34390887	0.214124805	"BB"
"SNP_A-1510962"	"7"	34390985	-1.234465254	"BB"
"SNP_A-1514683"	"7"	34443207	-0.524915117	"NoCall"
"SNP_A-1507734"	"7"	34720301	-0.798366139	"AB"
"SNP_A-1514312"	"7"	35081677	-0.943416472	"AA"
"SNP_A-1512087"	"7"	35380085	-1.168122759	"BB"
"SNP_A-1515021"	"7"	35535398	-0.074000581	"AB"
"SNP_A-1516295"	"7"	36047073	0.5360529	"BB"
"SNP_A-1514958"	"7"	36487411	0.014355293	"AB"
"SNP_A-1510162"	"7"	36530986	0.722466024	"BB"
"SNP_A-1516786"	"7"	36531454	-0.689659879	"AA"
"SNP_A-1512979"	"7"	37127784	-0.535331733	"AB"
"SNP_A-1513025"	"7"	37127958	0.310340121	"AB"
"SNP_A-1515206"	"7"	37304280	0.021479727	"BB"
"SNP_A-1512599"	"7"	37605727	0.22650853	"AB"
"SNP_A-1513731"	"7"	37699069	0.687060688	"AA"
"SNP_A-1513522"	"7"	37732230	-0.424687669	"AA"
"SNP_A-1513483"	"7"	37732303	0.887525271	"AA"
"SNP_A-1514361"	"7"	37928797	0.618238656	"AB"
"SNP_A-1517129"	"7"	38455172	-0.13606155	"BB"
"SNP_A-1514225"	"7"	38800278	0.819668183	"AB"
"SNP_A-1519551"	"7"	38888696	-0.051399153	"AA"
"SNP_A-1516991"	"7"	39129727	0.384049807	"NoCall"
"SNP_A-1514716"	"7"	39891935	0.448900951	"AB"
"SNP_A-1507420"	"7"	40012861	-1.321928095	"NoCall"
"SNP_A-1519055"	"7"	40047803	0.10433666	"AA"
"SNP_A-1512661"	"7"	40576725	0.063502942	"BB"
"SNP_A-1512730"	"7"	40576999	0.378511623	"AA"
"SNP_A-1512775"	"7"	40577024	0.66448284	"AA"
"SNP_A-1513316"	"7"	40577071	0.803227036	"AB"
"SNP_A-1517305"	"7"	41053772	0.163498732	"BB"
"SNP_A-1512868"	"7"	41182510	0.731183242	"NoCall"
"SNP_A-1513368"	"7"	41204346	-0.76121314	"AB"
"SNP_A-1508079"	"7"	41204963	-1.514573173	"NoCall"
"SNP_A-1514509"	"7"	41305773	-0.59946207	"BB"
"SNP_A-1510383"	"7"	41458887	1.111031312	"AB"
"SNP_A-1512071"	"7"	41516528	-0.849440323	"AA"
"SNP_A-1516560"	"7"	41639971	0.713695815	"AA"
"SNP_A-1511011"	"7"	41869676	0.070389328	"AB"
"SNP_A-1517087"	"7"	41911821	-1.104697379	"AB"
"SNP_A-1517832"	"7"	42073657	-1.234465254	"AA"
"SNP_A-1510245"	"7"	42175626	-0.234465254	"AB"
"SNP_A-1518411"	"7"	42383049	-0.02180437	"BB"
"SNP_A-1511167"	"7"	42383147	-1	"BB"
"SNP_A-1511559"	"7"	42503026	0.03562391	"BB"
"SNP_A-1518620"	"7"	42608482	-1.217591435	"BB"
"SNP_A-1518721"	"7"	42608576	-0.929610672	"AA"
"SNP_A-1518206"	"7"	42903402	1.341985747	"NoCall"
"SNP_A-1518116"	"7"	42903835	1.615887074	"AB"
"SNP_A-1512560"	"7"	42942522	1.066950244	"NoCall"
"SNP_A-1515969"	"7"	43704997	-0.567040593	"AB"
"SNP_A-1517960"	"7"	43705626	-1.168122759	"AA"
"SNP_A-1509043"	"7"	43886690	1.137503524	"AB"
"SNP_A-1514885"	"7"	45036747	-1.514573173	"AB"
"SNP_A-1509213"	"7"	45256860	1.207892852	"AA"
"SNP_A-1510121"	"7"	45303527	0.709290636	"AB"
"SNP_A-1510859"	"7"	46494900	0.298658316	"NoCall"
"SNP_A-1511767"	"7"	46895340	1.269033146	"AB"
"SNP_A-1512903"	"7"	46895395	1.211012193	"AB"
"SNP_A-1510274"	"7"	47002343	0.14404637	"AB"
"SNP_A-1518187"	"7"	47236394	0.565597176	"AB"
"SNP_A-1511977"	"7"	47359110	0.275007047	"BB"
"SNP_A-1511005"	"7"	48174230	0.176322773	"BB"
"SNP_A-1518343"	"7"	48253620	-0.120294234	"AA"
"SNP_A-1509544"	"7"	48288834	1.629939409	"AA"
"SNP_A-1516705"	"7"	48572364	-0.49410907	"BB"
"SNP_A-1517034"	"7"	48738153	0.40053793	"AA"
"SNP_A-1508116"	"7"	49039749	0.40053793	"NoCall"
"SNP_A-1510803"	"7"	49207010	0.189033824	"BB"
"SNP_A-1516434"	"7"	49303385	0.384049807	"AA"
"SNP_A-1516480"	"7"	49303514	0.10433666	"AB"
"SNP_A-1514110"	"7"	49304049	-1.473931188	"AA"
"SNP_A-1515914"	"7"	49487026	-0.588573754	"NoCall"
"SNP_A-1508704"	"7"	49491355	-1.217591435	"BB"
"SNP_A-1513872"	"7"	49624340	-1.535331733	"AB"
"SNP_A-1514669"	"7"	49886322	0.13093087	"BB"
"SNP_A-1508256"	"7"	49981265	-0.358453971	"NoCall"
"SNP_A-1519454"	"7"	50014473	0.327687364	"NoCall"
"SNP_A-1508061"	"7"	50294800	1.361768359	"AB"
"SNP_A-1514025"	"7"	50706691	0.782408565	"AA"
"SNP_A-1513524"	"7"	51319214	-0.074000581	"AB"
"SNP_A-1515297"	"7"	51319520	0.739848103	"NoCall"
"SNP_A-1513337"	"7"	51566866	-0.621488377	"BB"
"SNP_A-1519516"	"7"	52231057	1.59454855	"AA"
"SNP_A-1518407"	"7"	52402330	-1.304006187	"NoCall"
"SNP_A-1518350"	"7"	52402383	-1.971430848	"BB"
"SNP_A-1518252"	"7"	52402489	-0.40545145	"AA"
"SNP_A-1507538"	"7"	52464305	0.748461233	"AB"
"SNP_A-1510468"	"7"	52890882	0.124328135	"AA"
"SNP_A-1509220"	"7"	53322603	-0.836501268	"BB"
"SNP_A-1516299"	"7"	53989857	-1.736965594	"BB"
"SNP_A-1513284"	"7"	53990011	-1.556393349	"AA"
"SNP_A-1515695"	"7"	54372835	1.073820233	"AA"
"SNP_A-1515653"	"7"	54372941	0.195347598	"BB"
"SNP_A-1515613"	"7"	54373121	0.275007047	"BB"
"SNP_A-1509679"	"7"	54518391	0.321928095	"AB"
"SNP_A-1508811"	"7"	54605634	-0.295128036	"AA"
"SNP_A-1518129"	"7"	54605821	-0.415037499	"BB"
"SNP_A-1518582"	"7"	54836946	0.843983844	"AB"
"SNP_A-1515407"	"7"	54913378	0.752748591	"AA"
"SNP_A-1518452"	"7"	54984531	1.575312331	"AA"
"SNP_A-1514821"	"7"	55998242	-0.49410907	"BB"
"SNP_A-1515390"	"7"	57266979	1.201633861	"AB"
"SNP_A-1510697"	"7"	57721595	0.82374936	"AB"
"SNP_A-1512612"	"7"	57790342	-0.971430848	"BB"
"SNP_A-1516533"	"7"	61488653	-0.785875195	"BB"
"SNP_A-1513655"	"7"	64775972	0.10433666	"BB"
"SNP_A-1512335"	"7"	65237529	-1.395928676	"AA"
"SNP_A-1512376"	"7"	65237599	-0.76121314	"AA"
"SNP_A-1519578"	"7"	65362230	-0.395928676	"AA"
"SNP_A-1519021"	"7"	66470912	1.456806149	"BB"
"SNP_A-1518967"	"7"	66471080	0.13093087	"AA"
"SNP_A-1513767"	"7"	66537228	0.807354922	"AB"
"SNP_A-1512764"	"7"	66631237	0.831877241	"BB"
"SNP_A-1514686"	"7"	66781426	0.970853654	"AB"
"SNP_A-1508526"	"7"	67571709	0.070389328	"AA"
"SNP_A-1511640"	"7"	68454841	1.028569152	"AB"
"SNP_A-1516768"	"7"	68732385	-0.701341684	"AA"
"SNP_A-1517482"	"7"	69181486	0.992768431	"BB"
"SNP_A-1512021"	"7"	69479982	0.220329955	"BB"
"SNP_A-1518210"	"7"	69499688	-1.434402824	"BB"
"SNP_A-1517101"	"7"	69621754	-0.304006187	"AA"
"SNP_A-1514595"	"7"	69730544	-0.504304837	"BB"
"SNP_A-1511043"	"7"	70077907	0.580145484	"BB"
"SNP_A-1512625"	"7"	70807267	0.304511042	"NoCall"
"SNP_A-1516005"	"7"	71263703	-0.242976753	"AA"
"SNP_A-1518296"	"7"	77594548	-1.689659879	"AB"
"SNP_A-1508719"	"7"	77684753	0.021479727	"BB"
"SNP_A-1517365"	"7"	77707292	-0.17625064	"BB"
"SNP_A-1511131"	"7"	77789048	0.422233001	"AB"
"SNP_A-1516080"	"7"	77934007	1.370164281	"BB"
"SNP_A-1508572"	"7"	77934115	1.451540833	"AA"
"SNP_A-1508613"	"7"	77934132	0.944858446	"BB"
"SNP_A-1508699"	"7"	77934210	0.718087584	"BB"
"SNP_A-1512433"	"7"	78179693	-0.217591435	"AA"
"SNP_A-1510323"	"7"	78215054	0.550900665	"AA"
"SNP_A-1508564"	"7"	78481204	-1.888968688	"AB"
"SNP_A-1515618"	"7"	78488107	-0.689659879	"AA"
"SNP_A-1515534"	"7"	78931981	-0.943416472	"BB"
"SNP_A-1515574"	"7"	78932787	0.748461233	"BB"
"SNP_A-1509460"	"7"	79605305	0.163498732	"AA"
"SNP_A-1509508"	"7"	79605307	-1.074000581	"NoCall"
"SNP_A-1508093"	"7"	80221998	-0.377069649	"BB"
"SNP_A-1511547"	"7"	80370895	-0.152003093	"BB"
"SNP_A-1512951"	"7"	80597000	0.084064265	"BB"
"SNP_A-1513442"	"7"	80640950	-1.251538767	"BB"
"SNP_A-1508087"	"7"	80644300	-0.483984853	"BB"
"SNP_A-1509642"	"7"	80936437	1.733354341	"BB"
"SNP_A-1517831"	"7"	80953913	-0.043943348	"AA"
"SNP_A-1511108"	"7"	81023079	1.634593268	"AA"
"SNP_A-1511652"	"7"	81726404	0.90303827	"AA"
"SNP_A-1515377"	"7"	81878766	0.843983844	"AB"
"SNP_A-1518565"	"7"	81976219	0.871843649	"BB"
"SNP_A-1508860"	"7"	82324350	-0.036525876	"NoCall"
"SNP_A-1511795"	"7"	82531860	0.608809243	"AB"
"SNP_A-1507498"	"7"	82679436	1.073820233	"AB"
"SNP_A-1511396"	"7"	83142116	0.084064265	"BB"
"SNP_A-1514726"	"7"	83347944	-0.724992953	"AB"
"SNP_A-1507416"	"7"	83350532	-1.395928676	"AA"
"SNP_A-1512919"	"7"	83387847	-0.066427362	"AB"
"SNP_A-1509137"	"7"	83565801	-0.545824107	"BB"
"SNP_A-1513865"	"7"	84442989	-0.915935735	"AA"
"SNP_A-1512104"	"7"	84539169	-0.444183845	"BB"
"SNP_A-1514933"	"7"	84636694	0.811471031	"AB"
"SNP_A-1512502"	"7"	84668801	0.389566812	"AA"
"SNP_A-1510654"	"7"	84668832	-0.444183845	"BB"
"SNP_A-1509663"	"7"	84669233	0.22650853	"AA"
"SNP_A-1517830"	"7"	84985802	1.214124805	"AA"
"SNP_A-1515262"	"7"	85102982	0.304511042	"AB"
"SNP_A-1515060"	"7"	85194763	-0.836501268	"NoCall"
"SNP_A-1519206"	"7"	85937649	0.459431619	"AB"
"SNP_A-1512880"	"7"	85964828	0.469885976	"BB"
"SNP_A-1517645"	"7"	86013304	-0.524915117	"AA"
"SNP_A-1518192"	"7"	86013621	-0.504304837	"BB"
"SNP_A-1516807"	"7"	86025626	0.214124805	"AA"
"SNP_A-1518877"	"7"	87684924	-1.415037499	"AB"
"SNP_A-1515363"	"7"	87721885	1.49057013	"AB"
"SNP_A-1517318"	"7"	87804717	-1.13606155	"AB"
"SNP_A-1510399"	"7"	87813471	-0.277533976	"AA"
"SNP_A-1508771"	"7"	88003787	1.480265122	"AA"
"SNP_A-1514560"	"7"	88411708	-0.810966176	"BB"
"SNP_A-1512921"	"7"	88529181	-0.242976753	"BB"
"SNP_A-1510478"	"7"	88531581	1.477677328	"BB"
"SNP_A-1518550"	"7"	88570554	1.601696516	"BB"
"SNP_A-1516690"	"7"	89099838	-0.051399153	"BB"
"SNP_A-1519597"	"7"	89624115	-0.081613766	"NoCall"
"SNP_A-1510444"	"7"	90001216	-0.128156351	"AB"
"SNP_A-1512126"	"7"	90001467	-0.321928095	"AB"
"SNP_A-1510397"	"7"	90001675	-0.632628934	"AB"
"SNP_A-1509529"	"7"	90030432	0.627606838	"AB"
"SNP_A-1515179"	"7"	90254248	0.124328135	"AA"
"SNP_A-1518170"	"7"	90267610	-0.160040413	"NoCall"
"SNP_A-1508527"	"7"	90326711	1.097610797	"AA"
"SNP_A-1510751"	"7"	90385225	0.176322773	"BB"
"SNP_A-1510707"	"7"	90385389	1.032100843	"AA"
"SNP_A-1515675"	"7"	90713494	-0.632628934	"AB"
"SNP_A-1508520"	"7"	91537285	-1.089267338	"AB"
"SNP_A-1517116"	"7"	93223939	0.007195501	"AB"
"SNP_A-1516508"	"7"	94343583	-0.17625064	"AA"
"SNP_A-1513040"	"7"	94483753	1.247927513	"AA"
"SNP_A-1510858"	"7"	94576669	-0.415037499	"AA"
"SNP_A-1508010"	"7"	94763968	0.028569152	"AA"
"SNP_A-1515780"	"7"	94774039	-0.434402824	"AB"
"SNP_A-1513459"	"7"	94997209	0	"AB"
"SNP_A-1517986"	"7"	95324835	0.097610797	"AB"
"SNP_A-1507614"	"7"	95649008	-1.713118852	"AA"
"SNP_A-1512555"	"7"	95957415	0.580145484	"AA"
"SNP_A-1513352"	"7"	95963574	-1.104697379	"BB"
"SNP_A-1515310"	"7"	96005782	0.807354922	"NoCall"
"SNP_A-1517730"	"7"	96133673	-0.836501268	"AA"
"SNP_A-1517772"	"7"	96133692	0.163498732	"BB"
"SNP_A-1517701"	"7"	97077816	0.35614381	"NoCall"
"SNP_A-1508937"	"7"	97373792	0.021479727	"BB"
"SNP_A-1508982"	"7"	97373871	0.014355293	"BB"
"SNP_A-1509496"	"7"	97598898	-0.036525876	"NoCall"
"SNP_A-1517597"	"7"	97964283	0.411426246	"AB"
"SNP_A-1516170"	"7"	102032311	-0.556393349	"AA"
"SNP_A-1513934"	"7"	102247541	-0.312939312	"AA"
"SNP_A-1510042"	"7"	102331411	-0.415037499	"BB"
"SNP_A-1509911"	"7"	102815675	0.327687364	"AB"
"SNP_A-1509826"	"7"	102843544	-0.01449957	"AB"
"SNP_A-1509411"	"7"	102891475	-0.268816758	"AB"
"SNP_A-1517722"	"7"	103155894	0.811471031	"AA"
"SNP_A-1517674"	"7"	103156183	0.182692298	"AA"
"SNP_A-1516477"	"7"	103388405	0.15704371	"AB"
"SNP_A-1514550"	"7"	103609062	0.516015147	"BB"
"SNP_A-1514180"	"7"	103644250	0	"AA"
"SNP_A-1508004"	"7"	103828087	0.627606838	"AA"
"SNP_A-1514702"	"7"	103963240	-0.985644707	"BB"
"SNP_A-1509615"	"7"	104174322	-0.621488377	"AA"
"SNP_A-1515931"	"7"	104443836	1.097610797	"AA"
"SNP_A-1515996"	"7"	104938199	1.260025656	"AA"
"SNP_A-1512773"	"7"	105568088	-1.01449957	"AA"
"SNP_A-1519136"	"7"	106169568	0.117695043	"AA"
"SNP_A-1519189"	"7"	106169634	-0.168122759	"AB"
"SNP_A-1511188"	"7"	106392892	0.752748591	"NoCall"
"SNP_A-1509776"	"7"	106757254	-0.577766999	"AA"
"SNP_A-1513752"	"7"	108023939	0.220329955	"BB"
"SNP_A-1514215"	"7"	108240427	0.485426827	"AA"
"SNP_A-1519003"	"7"	108240828	0.992768431	"AA"
"SNP_A-1517461"	"7"	108361919	1.531069493	"AA"
"SNP_A-1517644"	"7"	108463658	-0.943416472	"AA"
"SNP_A-1517587"	"7"	108463716	0.275007047	"AA"
"SNP_A-1512681"	"7"	108477748	0.974529312	"BB"
"SNP_A-1507965"	"7"	109126217	-0.535331733	"BB"
"SNP_A-1510154"	"7"	109312205	-1.888968688	"AA"
"SNP_A-1513636"	"7"	109451496	0.09085343	"AA"
"SNP_A-1508049"	"7"	109735375	-0.577766999	"AA"
"SNP_A-1517029"	"7"	109770515	-0.444183845	"AA"
"SNP_A-1515952"	"7"	110031160	1.835924074	"AA"
"SNP_A-1516229"	"7"	110146658	-0.104697379	"AA"
"SNP_A-1512460"	"7"	111120578	0.618238656	"AA"
"SNP_A-1507998"	"7"	111877650	0.516015147	"NoCall"
"SNP_A-1518691"	"7"	112701839	-0.089267338	"BB"
"SNP_A-1508189"	"7"	112887697	0.339137385	"BB"
"SNP_A-1509848"	"7"	113158475	-0.089267338	"AB"
"SNP_A-1512906"	"7"	113857336	0.257010618	"NoCall"
"SNP_A-1512863"	"7"	113857358	0.906890596	"AB"
"SNP_A-1512806"	"7"	113857406	1.160274831	"AA"
"SNP_A-1514556"	"7"	114631696	1.046141782	"AA"
"SNP_A-1519732"	"7"	115432163	-0.524915117	"BB"
"SNP_A-1508612"	"7"	115550779	0.867896464	"BB"
"SNP_A-1513447"	"7"	115686389	-0.4639471	"AA"
"SNP_A-1511962"	"7"	115873505	1.859969548	"AB"
"SNP_A-1509559"	"7"	116438094	-1.395928676	"AA"
"SNP_A-1512652"	"7"	116814449	0.10433666	"BB"
"SNP_A-1514019"	"7"	117086655	0.731183242	"BB"
"SNP_A-1509148"	"7"	117259760	0.049630768	"NoCall"
"SNP_A-1515404"	"7"	117520462	-0.915935735	"BB"
"SNP_A-1515868"	"7"	117976978	0.084064265	"AA"
"SNP_A-1513614"	"7"	119023707	0.176322773	"BB"
"SNP_A-1517794"	"7"	119096617	0.077242999	"AA"
"SNP_A-1515231"	"7"	119742288	0.286881148	"AA"
"SNP_A-1518443"	"7"	120177290	0.411426246	"AB"
"SNP_A-1518490"	"7"	120177339	0.459431619	"AB"
"SNP_A-1514582"	"7"	120580005	0.137503524	"AB"
"SNP_A-1512323"	"7"	120804096	0.59454855	"AB"
"SNP_A-1507404"	"7"	121503821	-1.454031631	"NoCall"
"SNP_A-1514489"	"7"	121701322	-0.029146346	"AB"
"SNP_A-1514435"	"7"	121701540	-0.76121314	"AB"
"SNP_A-1517004"	"7"	122251162	0.150559677	"AB"
"SNP_A-1515280"	"7"	122491104	1.09423607	"AA"
"SNP_A-1515341"	"7"	122491159	0.941106311	"BB"
"SNP_A-1512878"	"7"	122811895	0.207892852	"AB"
"SNP_A-1509473"	"7"	122979028	-0.200912694	"BB"
"SNP_A-1509523"	"7"	122979086	0.137503524	"AB"
"SNP_A-1508174"	"7"	123162955	-1.689659879	"BB"
"SNP_A-1512873"	"7"	123398212	0.40053793	"BB"
"SNP_A-1508406"	"7"	123699502	0.007195501	"AA"
"SNP_A-1518792"	"7"	124007173	-0.02180437	"AB"
"SNP_A-1519442"	"7"	124007209	-0.632628934	"AB"
"SNP_A-1519493"	"7"	124007464	-0.444183845	"AB"
"SNP_A-1511543"	"7"	124016530	0.3950628	"AB"
"SNP_A-1511494"	"7"	124016584	-0.192645078	"AB"
"SNP_A-1514429"	"7"	124799900	0.056583528	"AB"
"SNP_A-1519561"	"7"	124803088	-0.535331733	"AB"
"SNP_A-1518404"	"7"	125021978	0.14404637	"AB"
"SNP_A-1510082"	"7"	125267226	-0.295128036	"NoCall"
"SNP_A-1510180"	"7"	125267272	-0.49410907	"BB"
"SNP_A-1507388"	"7"	125617920	1.121015401	"AB"
"SNP_A-1516677"	"7"	125618185	0.182692298	"AB"
"SNP_A-1515192"	"7"	125621522	-0.029146346	"BB"
"SNP_A-1515144"	"7"	125621895	0.214124805	"AB"
"SNP_A-1512965"	"7"	125833274	0.063502942	"BB"
"SNP_A-1512914"	"7"	125833297	-0.902389203	"AA"
"SNP_A-1513484"	"7"	125834801	0.464668267	"BB"
"SNP_A-1513681"	"7"	125867333	-1.043943348	"BB"
"SNP_A-1515956"	"7"	126087606	0.691534165	"AA"
"SNP_A-1519286"	"7"	126189589	-0.64385619	"BB"
"SNP_A-1518270"	"7"	126693392	0.049630768	"AB"
"SNP_A-1518169"	"7"	126693647	1.448900951	"AB"
"SNP_A-1518214"	"7"	126693697	-0.312939312	"AB"
"SNP_A-1517446"	"7"	126899161	1.185866545	"AA"
"SNP_A-1514370"	"7"	127073759	-1.454031631	"BB"
"SNP_A-1509601"	"7"	127329311	-0.524915117	"BB"
"SNP_A-1510487"	"7"	128022374	-0.902389203	"BB"
"SNP_A-1516893"	"7"	128443807	-0.01449957	"AA"
"SNP_A-1510626"	"7"	128444650	-0.473931188	"AB"
"SNP_A-1509936"	"7"	130843477	1.220329955	"AA"
"SNP_A-1515870"	"7"	130987190	0.627606838	"AB"
"SNP_A-1514803"	"7"	131063654	-1.666576266	"AA"
"SNP_A-1507814"	"7"	131297860	0.10433666	"NoCall"
"SNP_A-1513703"	"7"	131366446	0.682573297	"AA"
"SNP_A-1513808"	"7"	131366530	-1.785875195	"NoCall"
"SNP_A-1516574"	"7"	131366698	-0.128156351	"BB"
"SNP_A-1518616"	"7"	131510098	0.232660757	"BB"
"SNP_A-1514601"	"7"	131544198	1.049630768	"BB"
"SNP_A-1513541"	"7"	131545010	0.641546029	"BB"
"SNP_A-1516242"	"7"	131551637	1.910732662	"AA"
"SNP_A-1509031"	"7"	131708213	-0.184424571	"AA"
"SNP_A-1517599"	"7"	131783093	-0.4639471	"AB"
"SNP_A-1515472"	"7"	131783461	-0.77349147	"AB"
"SNP_A-1512072"	"7"	132369207	0.214124805	"AB"
"SNP_A-1508914"	"7"	132537064	-0.49410907	"NoCall"
"SNP_A-1515605"	"7"	132554079	0.847996907	"AB"
"SNP_A-1513651"	"7"	132557131	1.060047384	"BB"
"SNP_A-1513010"	"7"	132882212	0.831877241	"AB"
"SNP_A-1513467"	"7"	133013315	0.176322773	"AB"
"SNP_A-1512208"	"7"	133240244	-0.168122759	"AA"
"SNP_A-1519000"	"7"	133266990	0.98550043	"AA"
"SNP_A-1518944"	"7"	133267130	0.851998837	"BB"
"SNP_A-1514131"	"7"	133447945	0.516015147	"BB"
"SNP_A-1512044"	"7"	133704707	0.695993813	"NoCall"
"SNP_A-1515903"	"7"	133763244	-0.200912694	"AA"
"SNP_A-1512296"	"7"	133830587	-0.724992953	"BB"
"SNP_A-1512393"	"7"	133830681	-0.234465254	"AB"
"SNP_A-1511308"	"7"	133881503	-1.104697379	"AB"
"SNP_A-1512090"	"7"	133881726	-1.120294234	"NoCall"
"SNP_A-1511606"	"7"	134017577	-1.836501268	"AB"
"SNP_A-1510151"	"7"	134969831	-0.454031631	"NoCall"
"SNP_A-1507895"	"7"	135109691	-0.09696173	"AA"
"SNP_A-1518765"	"7"	135893756	0.232660757	"BB"
"SNP_A-1511284"	"7"	136049225	0.752748591	"BB"
"SNP_A-1509130"	"7"	136049746	0.521050737	"AA"
"SNP_A-1515450"	"7"	136220719	-0.849440323	"BB"
"SNP_A-1510609"	"7"	136220796	-0.749038426	"AA"
"SNP_A-1517817"	"7"	136333826	0.731183242	"AA"
"SNP_A-1517873"	"7"	136333838	0.427606173	"BB"
"SNP_A-1507847"	"7"	136336396	-0.473931188	"AA"
"SNP_A-1507582"	"7"	136395881	-1.120294234	"BB"
"SNP_A-1507413"	"7"	136497255	1.592158002	"AB"
"SNP_A-1515111"	"7"	136832259	0.292781749	"AA"
"SNP_A-1518954"	"7"	136995899	0.014355293	"BB"
"SNP_A-1508636"	"7"	137315968	1.003602237	"AB"
"SNP_A-1514910"	"7"	137373198	1.176322773	"BB"
"SNP_A-1508171"	"7"	138136267	0.584962501	"AA"
"SNP_A-1508120"	"7"	138136300	-0.524915117	"BB"
"SNP_A-1508063"	"7"	138136339	0.992768431	"AA"
"SNP_A-1513280"	"7"	138899924	-0.304006187	"BB"
"SNP_A-1508222"	"7"	140413281	-1.01449957	"BB"
"SNP_A-1513127"	"7"	140540398	-0.888968688	"BB"
"SNP_A-1511727"	"7"	141412386	0.613531653	"NoCall"
"SNP_A-1517066"	"7"	141598180	1.140778656	"AB"
"SNP_A-1508903"	"7"	141784151	-0.40545145	"AB"
"SNP_A-1510030"	"7"	141826404	1.424922088	"NoCall"
"SNP_A-1508802"	"7"	143143969	1.17951105	"AA"
"SNP_A-1508250"	"7"	143239599	0.269033146	"BB"
"SNP_A-1517041"	"7"	143503448	0.176322773	"BB"
"SNP_A-1508702"	"7"	143905290	0.575312331	"BB"
"SNP_A-1510253"	"7"	144149686	0.03562391	"AB"
"SNP_A-1517852"	"7"	144149703	0.584962501	"AB"
"SNP_A-1507473"	"7"	144232436	-0.76121314	"AA"
"SNP_A-1507572"	"7"	144232584	0.432959407	"BB"
"SNP_A-1513933"	"7"	144400371	-0.386468347	"AA"
"SNP_A-1517451"	"7"	144571002	-0.051399153	"AA"
"SNP_A-1510049"	"7"	144571391	-0.058893689	"BB"
"SNP_A-1518899"	"7"	144781967	0.13093087	"BB"
"SNP_A-1518142"	"7"	144900389	0.070389328	"BB"
"SNP_A-1513097"	"7"	145141684	-1.304006187	"BB"
"SNP_A-1513037"	"7"	145141698	-0.77349147	"AA"
"SNP_A-1514973"	"7"	145759534	0.803227036	"AA"
"SNP_A-1512966"	"7"	146072070	0.448900951	"AA"
"SNP_A-1512831"	"7"	146107602	0.063502942	"AA"
"SNP_A-1508356"	"7"	146135347	1.100977648	"BB"
"SNP_A-1518366"	"7"	146416470	-0.051399153	"AA"
"SNP_A-1518959"	"7"	146416491	-0.209227962	"BB"
"SNP_A-1510825"	"7"	146501671	-0.200912694	"BB"
"SNP_A-1509167"	"7"	147100378	-0.610433188	"BB"
"SNP_A-1509218"	"7"	147100561	-0.330973234	"BB"
"SNP_A-1512533"	"7"	147319020	-0.621488377	"BB"
"SNP_A-1510058"	"7"	147555402	0.773996325	"AB"
"SNP_A-1510198"	"7"	147657604	-0.632628934	"BB"
"SNP_A-1516321"	"7"	148098958	0.182692298	"BB"
"SNP_A-1511623"	"7"	149074363	-0.029146346	"AA"
"SNP_A-1515468"	"7"	149529609	-0.128156351	"BB"
"SNP_A-1518535"	"7"	149535546	0.150559677	"BB"
"SNP_A-1519613"	"7"	149567848	0.713695815	"AA"
"SNP_A-1518322"	"7"	149662791	-0.424687669	"AB"
"SNP_A-1511575"	"7"	149790850	-0.655171503	"AB"
"SNP_A-1511041"	"7"	149804032	0.280956314	"NoCall"
"SNP_A-1517197"	"7"	150251987	0.432959407	"AA"
"SNP_A-1511326"	"7"	152081816	-1.074000581	"AA"
"SNP_A-1509171"	"7"	152285314	-1.434402824	"BB"
"SNP_A-1511663"	"7"	152547262	1.247927513	"AA"
"SNP_A-1514656"	"7"	153475450	0.124328135	"BB"
"SNP_A-1513438"	"7"	153486520	-0.577766999	"BB"
"SNP_A-1512156"	"7"	153615781	1.080657663	"BB"
"SNP_A-1518760"	"7"	153792757	-0.081613766	"BB"
"SNP_A-1519665"	"7"	154579254	1.266036894	"BB"
"SNP_A-1512825"	"7"	154760528	0.014355293	"BB"
"SNP_A-1515222"	"7"	155042367	-0.689659879	"AB"
"SNP_A-1509297"	"7"	155104658	2.628773595	"NoCall"
"SNP_A-1516823"	"7"	155824079	0.86393845	"NoCall"
"SNP_A-1511984"	"7"	155880835	1.292781749	"BB"
"SNP_A-1512081"	"7"	155880966	1.09085343	"BB"
"SNP_A-1517156"	"7"	157972304	1.948600847	"BB"
"SNP_A-1507957"	"7"	158383513	-0.043943348	"BB"
"SNP_A-1507935"	"7"	158383816	0.731183242	"BB"
"SNP_A-1517210"	"8"	1130901	-0.454031631	"AA"
"SNP_A-1519705"	"8"	2096849	0.111031312	"AA"
"SNP_A-1517640"	"8"	2390378	0.731183242	"AB"
"SNP_A-1517314"	"8"	2667456	0.731183242	"BB"
"SNP_A-1517261"	"8"	2667662	1.277984747	"AA"
"SNP_A-1515124"	"8"	2761850	0.427606173	"BB"
"SNP_A-1515068"	"8"	2761999	-0.823677227	"BB"
"SNP_A-1515013"	"8"	2762045	-0.424687669	"AA"
"SNP_A-1515784"	"8"	3146756	-0.749038426	"BB"
"SNP_A-1515646"	"8"	3147116	-0.76121314	"AA"
"SNP_A-1517086"	"8"	3909528	-1.043943348	"NoCall"
"SNP_A-1516987"	"8"	3909668	-0.943416472	"NoCall"
"SNP_A-1516928"	"8"	3909711	-1.184424571	"BB"
"SNP_A-1516744"	"8"	3910104	0.339137385	"AB"
"SNP_A-1516122"	"8"	3910258	0	"BB"
"SNP_A-1519027"	"8"	4473854	0.257010618	"NoCall"
"SNP_A-1519070"	"8"	4474025	0.13093087	"AA"
"SNP_A-1519184"	"8"	4474300	-0.128156351	"NoCall"
"SNP_A-1518034"	"8"	4605186	-0.424687669	"BB"
"SNP_A-1518577"	"8"	4605218	-0.144010303	"BB"
"SNP_A-1512394"	"8"	4881417	-0.524915117	"AA"
"SNP_A-1510984"	"8"	4881957	0.367371066	"BB"
"SNP_A-1513599"	"8"	4948992	0.773996325	"NoCall"
"SNP_A-1513654"	"8"	4949245	0.691534165	"AA"
"SNP_A-1514233"	"8"	4949307	-0.666576266	"BB"
"SNP_A-1508486"	"8"	5143436	-0.567040593	"NoCall"
"SNP_A-1509057"	"8"	5255776	-0.066427362	"NoCall"
"SNP_A-1512879"	"8"	5678630	-0.17625064	"BB"
"SNP_A-1512899"	"8"	5862903	0.049630768	"AA"
"SNP_A-1509872"	"8"	5900613	-1.184424571	"NoCall"
"SNP_A-1517250"	"8"	6250239	-1.286304185	"NoCall"
"SNP_A-1517719"	"8"	6250491	-0.454031631	"AB"
"SNP_A-1514103"	"8"	6297826	0.495695163	"AA"
"SNP_A-1519640"	"8"	6384394	0.077242999	"NoCall"
"SNP_A-1515342"	"8"	6463312	0.811471031	"AA"
"SNP_A-1507516"	"8"	6780950	2.250961574	"BB"
"SNP_A-1514529"	"8"	8160867	-1.862496476	"NoCall"
"SNP_A-1519265"	"8"	8256592	-0.971430848	"BB"
"SNP_A-1519320"	"8"	8256759	-0.701341684	"AA"
"SNP_A-1508827"	"8"	8584258	0.778208576	"AA"
"SNP_A-1509677"	"8"	8643892	-0.823677227	"BB"
"SNP_A-1510960"	"8"	8713900	-0.312939312	"AA"
"SNP_A-1509084"	"8"	9018773	0.304511042	"BB"
"SNP_A-1509714"	"8"	9235071	0.03562391	"AB"
"SNP_A-1511694"	"8"	9237452	0.726831217	"AA"
"SNP_A-1508485"	"8"	10649118	0.459431619	"BB"
"SNP_A-1508297"	"8"	11054299	-0.736965594	"AA"
"SNP_A-1513639"	"8"	11422122	-1.76121314	"AA"
"SNP_A-1512230"	"8"	12887816	0.14404637	"NoCall"
"SNP_A-1515419"	"8"	13023991	0.963474124	"BB"
"SNP_A-1516591"	"8"	13121232	1.319039816	"NoCall"
"SNP_A-1510996"	"8"	13536612	-0.666576266	"BB"
"SNP_A-1508202"	"8"	13712677	-0.849440323	"AB"
"SNP_A-1508824"	"8"	13712865	0.422233001	"AB"
"SNP_A-1509682"	"8"	13971905	-0.849440323	"AA"
"SNP_A-1516907"	"8"	14025954	0.40599236	"NoCall"
"SNP_A-1510851"	"8"	14134081	0.63691458	"BB"
"SNP_A-1510771"	"8"	14134135	-0.386468347	"NoCall"
"SNP_A-1510815"	"8"	14134233	0.280956314	"AB"
"SNP_A-1514926"	"8"	14497914	-0.036525876	"AB"
"SNP_A-1519372"	"8"	15046067	0.469885976	"NoCall"
"SNP_A-1518776"	"8"	15271454	-1.340075442	"AB"
"SNP_A-1518825"	"8"	15271611	-0.217591435	"NoCall"
"SNP_A-1518874"	"8"	15271799	-0.713118852	"AB"
"SNP_A-1518926"	"8"	15337510	1.301587647	"NoCall"
"SNP_A-1518191"	"8"	15666052	-1.13606155	"BB"
"SNP_A-1509921"	"8"	15687389	1.111031312	"NoCall"
"SNP_A-1513661"	"8"	15687630	-0.268816758	"AA"
"SNP_A-1509881"	"8"	15687653	0.875780063	"AB"
"SNP_A-1512794"	"8"	15934872	1.028569152	"AB"
"SNP_A-1510906"	"8"	15953079	-0.349235441	"BB"
"SNP_A-1510694"	"8"	16054408	-1.76121314	"BB"
"SNP_A-1510171"	"8"	16054430	-0.454031631	"AA"
"SNP_A-1510625"	"8"	16123002	0.169925001	"AA"
"SNP_A-1511745"	"8"	16420856	-1.556393349	"AA"
"SNP_A-1513940"	"8"	16447625	0.263034406	"AB"
"SNP_A-1513565"	"8"	16488475	-1.666576266	"AB"
"SNP_A-1517419"	"8"	16810107	1.691534165	"AA"
"SNP_A-1512143"	"8"	16810353	0.03562391	"BB"
"SNP_A-1518851"	"8"	16833889	0.521050737	"AA"
"SNP_A-1512252"	"8"	16917681	0.117695043	"AA"
"SNP_A-1516972"	"8"	17222497	0.389566812	"AA"
"SNP_A-1511460"	"8"	17254875	-0.59946207	"BB"
"SNP_A-1510895"	"8"	17255083	-1.217591435	"NoCall"
"SNP_A-1510571"	"8"	17551964	0.327687364	"BB"
"SNP_A-1515033"	"8"	17552272	-0.242976753	"AA"
"SNP_A-1513945"	"8"	17939677	0.09085343	"BB"
"SNP_A-1514535"	"8"	18131644	-1.340075442	"AB"
"SNP_A-1509867"	"8"	18393684	-0.434402824	"BB"
"SNP_A-1516341"	"8"	18557534	-0.051399153	"AA"
"SNP_A-1514172"	"8"	18612121	1.693765712	"AA"
"SNP_A-1519017"	"8"	18612627	1.063502942	"AA"
"SNP_A-1517964"	"8"	18841101	-1.514573173	"AB"
"SNP_A-1515812"	"8"	19913042	-0.76121314	"AA"
"SNP_A-1518237"	"8"	20092163	0.220329955	"AA"
"SNP_A-1511063"	"8"	20101636	0.014355293	"AA"
"SNP_A-1518093"	"8"	20128266	-0.112474729	"NoCall"
"SNP_A-1519317"	"8"	20801290	1.056583528	"BB"
"SNP_A-1511441"	"8"	21183933	-1.058893689	"AB"
"SNP_A-1513198"	"8"	21425860	0.432959407	"BB"
"SNP_A-1519401"	"8"	22416858	1.827819025	"AA"
"SNP_A-1512582"	"8"	22493085	-1.415037499	"AA"
"SNP_A-1516784"	"8"	23367464	2.337711092	"NoCall"
"SNP_A-1508796"	"8"	23486708	-0.535331733	"NoCall"
"SNP_A-1512643"	"8"	23550597	-0.632628934	"AB"
"SNP_A-1510911"	"8"	23726233	-0.577766999	"AA"
"SNP_A-1519103"	"8"	23900290	0.321928095	"AA"
"SNP_A-1510125"	"8"	23920355	0.516015147	"AA"
"SNP_A-1515998"	"8"	24648072	-0.377069649	"BB"
"SNP_A-1514947"	"8"	25032105	1.286881148	"NoCall"
"SNP_A-1510787"	"8"	25642888	-0.713118852	"NoCall"
"SNP_A-1518488"	"8"	25754605	0.117695043	"AB"
"SNP_A-1518439"	"8"	25754681	-0.76121314	"AB"
"SNP_A-1513125"	"8"	25763239	-0.104697379	"BB"
"SNP_A-1517300"	"8"	25844270	-1.666576266	"BB"
"SNP_A-1514807"	"8"	25943176	1.298658316	"AB"
"SNP_A-1514853"	"8"	25943404	-0.268816758	"BB"
"SNP_A-1513436"	"8"	26398447	0.40599236	"AB"
"SNP_A-1513473"	"8"	26398469	0.286881148	"AB"
"SNP_A-1512549"	"8"	27013715	-0.798366139	"NoCall"
"SNP_A-1512495"	"8"	27013789	0.384049807	"AB"
"SNP_A-1518856"	"8"	27058634	1.111031312	"BB"
"SNP_A-1516554"	"8"	27275487	-0.242976753	"AA"
"SNP_A-1512832"	"8"	27287386	1.283921772	"AA"
"SNP_A-1507501"	"8"	27336729	-0.192645078	"BB"
"SNP_A-1516210"	"8"	27403906	-1.168122759	"AA"
"SNP_A-1510700"	"8"	27630646	0.422233001	"BB"
"SNP_A-1515848"	"8"	27630667	-0.713118852	"AB"
"SNP_A-1510461"	"8"	27631450	-0.058893689	"AB"
"SNP_A-1516406"	"8"	28044838	-0.312939312	"AA"
"SNP_A-1516452"	"8"	28044868	-0.49410907	"BB"
"SNP_A-1518579"	"8"	28045149	0.292781749	"AB"
"SNP_A-1516175"	"8"	28168612	0.531069493	"BB"
"SNP_A-1516216"	"8"	28168665	-0.260151897	"BB"
"SNP_A-1516747"	"8"	28168683	0.327687364	"AA"
"SNP_A-1517351"	"8"	28724711	0.084064265	"AB"
"SNP_A-1516926"	"8"	30332805	-0.168122759	"BB"
"SNP_A-1507937"	"8"	30713031	0.682573297	"BB"
"SNP_A-1510352"	"8"	30856054	0.063502942	"BB"
"SNP_A-1512258"	"8"	30922612	-0.260151897	"BB"
"SNP_A-1514309"	"8"	31026092	-0.09696173	"AA"
"SNP_A-1516172"	"8"	31031625	0.815575429	"AB"
"SNP_A-1510387"	"8"	31233397	2.005399988	"AB"
"SNP_A-1516836"	"8"	31300235	-0.77349147	"AB"
"SNP_A-1510263"	"8"	31306656	0.056583528	"BB"
"SNP_A-1510843"	"8"	31502797	0.220329955	"BB"
"SNP_A-1510888"	"8"	31503075	1.066950244	"BB"
"SNP_A-1511404"	"8"	31503164	-1.152003093	"BB"
"SNP_A-1515257"	"8"	31905460	0.056583528	"NoCall"
"SNP_A-1515417"	"8"	32085509	-1.321928095	"NoCall"
"SNP_A-1507901"	"8"	32115479	-0.424687669	"AB"
"SNP_A-1512603"	"8"	32116296	-0.588573754	"AB"
"SNP_A-1519761"	"8"	32136769	0.521050737	"BB"
"SNP_A-1508145"	"8"	32144853	0.13093087	"BB"
"SNP_A-1518717"	"8"	32151157	0.372952098	"BB"
"SNP_A-1510388"	"8"	32258222	1.13422094	"NoCall"
"SNP_A-1519153"	"8"	32296833	-0.104697379	"NoCall"
"SNP_A-1519213"	"8"	32299086	-1.234465254	"BB"
"SNP_A-1516740"	"8"	32355768	0.063502942	"BB"
"SNP_A-1508073"	"8"	32584949	-0.40545145	"BB"
"SNP_A-1512291"	"8"	33253123	-0.577766999	"BB"
"SNP_A-1514201"	"8"	33273772	-0.473931188	"BB"
"SNP_A-1509104"	"8"	34166002	0.111031312	"NoCall"
"SNP_A-1516482"	"8"	34338662	0.589763487	"AA"
"SNP_A-1518526"	"8"	34686072	-0.621488377	"AA"
"SNP_A-1508126"	"8"	34696545	-1.268816758	"BB"
"SNP_A-1516421"	"8"	35200624	0.790772038	"NoCall"
"SNP_A-1518304"	"8"	35209238	0.176322773	"AB"
"SNP_A-1513520"	"8"	35209437	-1.01449957	"AA"
"SNP_A-1518044"	"8"	35254909	-0.184424571	"AB"
"SNP_A-1513406"	"8"	35472305	1.678071905	"BB"
"SNP_A-1513448"	"8"	35472320	1.367371066	"BB"
"SNP_A-1517228"	"8"	35472361	1.367371066	"AA"
"SNP_A-1517267"	"8"	35472398	1.09423607	"BB"
"SNP_A-1517928"	"8"	36467272	-0.836501268	"BB"
"SNP_A-1507557"	"8"	36781603	0.077242999	"AB"
"SNP_A-1513900"	"8"	40055027	-0.632628934	"BB"
"SNP_A-1519242"	"8"	40055117	0.454175893	"AB"
"SNP_A-1507642"	"8"	40056172	-0.358453971	"AB"
"SNP_A-1508235"	"8"	40056232	-0.349235441	"NoCall"
"SNP_A-1518608"	"8"	40102524	0.117695043	"BB"
"SNP_A-1518850"	"8"	40102638	-0.120294234	"BB"
"SNP_A-1518650"	"8"	40102782	1.097610797	"AA"
"SNP_A-1518893"	"8"	40102802	-0.200912694	"AB"
"SNP_A-1519425"	"8"	40318256	-1.268816758	"AB"
"SNP_A-1509638"	"8"	40416437	1.182692298	"BB"
"SNP_A-1514117"	"8"	40505341	-0.588573754	"AA"
"SNP_A-1512706"	"8"	43116423	0.339137385	"AA"
"SNP_A-1514547"	"8"	47299069	0.622930351	"AB"
"SNP_A-1510915"	"8"	49619468	0.550900665	"AA"
"SNP_A-1512858"	"8"	50198793	-0.798366139	"AB"
"SNP_A-1507532"	"8"	50339862	-0.588573754	"AA"
"SNP_A-1518531"	"8"	50436581	-0.358453971	"NoCall"
"SNP_A-1511357"	"8"	50817837	-1.377069649	"AB"
"SNP_A-1517607"	"8"	50817983	-0.340075442	"AA"
"SNP_A-1507748"	"8"	50833661	-0.888968688	"AB"
"SNP_A-1511374"	"8"	51184748	0.214124805	"BB"
"SNP_A-1516437"	"8"	51490664	-1.200912694	"AB"
"SNP_A-1518764"	"8"	51794768	-0.810966176	"AA"
"SNP_A-1518712"	"8"	51794821	0.169925001	"BB"
"SNP_A-1518658"	"8"	51794992	-0.349235441	"AA"
"SNP_A-1510928"	"8"	51987871	0.028569152	"AA"
"SNP_A-1510807"	"8"	52765425	0.448900951	"BB"
"SNP_A-1514286"	"8"	52765699	-0.217591435	"NoCall"
"SNP_A-1516861"	"8"	52857562	0.722466024	"AB"
"SNP_A-1510819"	"8"	52963612	0.344828497	"BB"
"SNP_A-1510777"	"8"	52963707	0.956056652	"AA"
"SNP_A-1510692"	"8"	52963868	0.03562391	"BB"
"SNP_A-1510967"	"8"	52982434	-0.074000581	"AA"
"SNP_A-1511042"	"8"	53094307	-0.367731785	"BB"
"SNP_A-1512132"	"8"	53235678	-0.415037499	"AA"
"SNP_A-1516325"	"8"	53368584	1.14404637	"AA"
"SNP_A-1514228"	"8"	53405311	-1.074000581	"NoCall"
"SNP_A-1514185"	"8"	53405585	-1.104697379	"BB"
"SNP_A-1515901"	"8"	53537705	-0.724992953	"NoCall"
"SNP_A-1509313"	"8"	53725531	-0.798366139	"BB"
"SNP_A-1517463"	"8"	54093632	0.627606838	"AA"
"SNP_A-1518674"	"8"	54141315	1.389566812	"AA"
"SNP_A-1519643"	"8"	54169174	0.59454855	"AA"
"SNP_A-1519690"	"8"	54169354	1.310340121	"AA"
"SNP_A-1512237"	"8"	54550043	0.500802053	"AA"
"SNP_A-1513956"	"8"	54550463	2.372952098	"AA"
"SNP_A-1514008"	"8"	54550730	-0.902389203	"NoCall"
"SNP_A-1511796"	"8"	55259823	-0.689659879	"AB"
"SNP_A-1511739"	"8"	55259892	-0.358453971	"AB"
"SNP_A-1511645"	"8"	55260178	-1.200912694	"NoCall"
"SNP_A-1511969"	"8"	55490290	-0.358453971	"AA"
"SNP_A-1517903"	"8"	55796180	-0.386468347	"AA"
"SNP_A-1518003"	"8"	55796317	1.266036894	"AA"
"SNP_A-1516985"	"8"	55875083	-0.312939312	"AA"
"SNP_A-1513077"	"8"	56114532	1.150559677	"AB"
"SNP_A-1511743"	"8"	56278647	-1.395928676	"AA"
"SNP_A-1513039"	"8"	56576400	-0.556393349	"AA"
"SNP_A-1516385"	"8"	56934050	-1.217591435	"NoCall"
"SNP_A-1519633"	"8"	57468413	1.35614381	"AA"
"SNP_A-1511715"	"8"	57538534	0.500802053	"AA"
"SNP_A-1508880"	"8"	57726498	0.981852653	"AA"
"SNP_A-1510176"	"8"	57846923	0.807354922	"BB"
"SNP_A-1512590"	"8"	58074129	0.280956314	"AA"
"SNP_A-1514900"	"8"	58769132	1.232660757	"BB"
"SNP_A-1514479"	"8"	59392316	0.871843649	"AB"
"SNP_A-1510470"	"8"	59645979	-0.209227962	"AA"
"SNP_A-1510511"	"8"	59646179	-0.577766999	"AA"
"SNP_A-1517953"	"8"	60684518	-0.77349147	"AB"
"SNP_A-1514187"	"8"	61014068	1.046141782	"NoCall"
"SNP_A-1516054"	"8"	61146061	-1.058893689	"AA"
"SNP_A-1514332"	"8"	61146137	-0.112474729	"AB"
"SNP_A-1516360"	"8"	61631385	-1.074000581	"BB"
"SNP_A-1516327"	"8"	62021101	0.757023247	"NoCall"
"SNP_A-1508183"	"8"	62025321	-0.377069649	"AA"
"SNP_A-1509751"	"8"	62053414	-0.823677227	"BB"
"SNP_A-1516763"	"8"	62897078	-0.40545145	"AA"
"SNP_A-1515412"	"8"	62916828	1.111031312	"AA"
"SNP_A-1517435"	"8"	62916902	0.257010618	"AA"
"SNP_A-1517390"	"8"	62917071	-0.058893689	"BB"
"SNP_A-1517346"	"8"	62917110	0.084064265	"AA"
"SNP_A-1517123"	"8"	62917353	-0.268816758	"NoCall"
"SNP_A-1519525"	"8"	62921730	0.646162657	"BB"
"SNP_A-1512344"	"8"	62921976	0.201633861	"AA"
"SNP_A-1511897"	"8"	62987120	-0.074000581	"BB"
"SNP_A-1509289"	"8"	63131603	0.941106311	"AA"
"SNP_A-1517477"	"8"	63667057	-1.120294234	"AA"
"SNP_A-1517483"	"8"	63732456	0.748461233	"BB"
"SNP_A-1514206"	"8"	63732575	0.580145484	"BB"
"SNP_A-1510898"	"8"	63746604	-0.295128036	"BB"
"SNP_A-1511204"	"8"	64403480	-1.234465254	"AA"
"SNP_A-1518181"	"8"	64494827	1.280956314	"AB"
"SNP_A-1514650"	"8"	64590446	-0.321928095	"BB"
"SNP_A-1511121"	"8"	64768793	1.192194165	"NoCall"
"SNP_A-1511174"	"8"	64768904	-0.610433188	"NoCall"
"SNP_A-1514677"	"8"	65075727	-1.200912694	"NoCall"
"SNP_A-1508364"	"8"	65265347	0.622930351	"BB"
"SNP_A-1517927"	"8"	65418188	-1.304006187	"BB"
"SNP_A-1517350"	"8"	66627797	-0.17625064	"AA"
"SNP_A-1510010"	"8"	66983581	0.384049807	"AB"
"SNP_A-1512644"	"8"	67274531	-1.59946207	"BB"
"SNP_A-1512053"	"8"	67274844	-0.424687669	"AA"
"SNP_A-1511226"	"8"	68699546	0.257010618	"BB"
"SNP_A-1519728"	"8"	69600159	1.548436625	"AA"
"SNP_A-1513987"	"8"	69958172	0.521050737	"BB"
"SNP_A-1516245"	"8"	70200513	0.310340121	"AA"
"SNP_A-1513607"	"8"	70201165	0.565597176	"AA"
"SNP_A-1513558"	"8"	70201636	-0.514573173	"AA"
"SNP_A-1508672"	"8"	70201846	0.807354922	"AA"
"SNP_A-1512960"	"8"	70202013	0.761285273	"AA"
"SNP_A-1509415"	"8"	70515456	0.163498732	"BB"
"SNP_A-1509707"	"8"	70683352	-0.321928095	"AB"
"SNP_A-1515904"	"8"	70774872	-0.386468347	"AB"
"SNP_A-1508583"	"8"	70976639	-1.01449957	"BB"
"SNP_A-1508946"	"8"	70976832	-1.120294234	"BB"
"SNP_A-1515200"	"8"	71285928	0.739848103	"AB"
"SNP_A-1509866"	"8"	71906481	0.82374936	"BB"
"SNP_A-1509308"	"8"	71950735	-0.295128036	"AA"
"SNP_A-1514184"	"8"	72019391	-1.168122759	"BB"
"SNP_A-1514088"	"8"	72027008	-0.120294234	"BB"
"SNP_A-1518058"	"8"	72616117	-1	"BB"
"SNP_A-1518008"	"8"	72616205	-1.058893689	"AA"
"SNP_A-1512048"	"8"	72861282	0.028569152	"BB"
"SNP_A-1517535"	"8"	72861540	0.63691458	"AB"
"SNP_A-1509924"	"8"	72866118	0.673556424	"NoCall"
"SNP_A-1508633"	"8"	73007677	0.704871964	"BB"
"SNP_A-1510583"	"8"	73163080	0.304511042	"AB"
"SNP_A-1509319"	"8"	73417955	0.13093087	"AA"
"SNP_A-1509734"	"8"	73572353	-0.029146346	"AA"
"SNP_A-1519656"	"8"	73735051	-0.785875195	"NoCall"
"SNP_A-1512945"	"8"	74139699	1.675815931	"AB"
"SNP_A-1516711"	"8"	75058231	-1.13606155	"AB"
"SNP_A-1508518"	"8"	75872813	-0.13606155	"AA"
"SNP_A-1516707"	"8"	76087529	0.811471031	"AB"
"SNP_A-1509204"	"8"	76239304	-1.49410907	"NoCall"
"SNP_A-1513601"	"8"	76270618	-1.321928095	"AA"
"SNP_A-1519215"	"8"	76817438	0.176322773	"AA"
"SNP_A-1515355"	"8"	76817546	-0.304006187	"AA"
"SNP_A-1511862"	"8"	76982126	-0.089267338	"NoCall"
"SNP_A-1511223"	"8"	77260191	0.40599236	"NoCall"
"SNP_A-1507351"	"8"	77836493	-0.424687669	"AA"
"SNP_A-1519747"	"8"	77836668	-0.504304837	"BB"
"SNP_A-1519061"	"8"	77845202	1.543495883	"BB"
"SNP_A-1511516"	"8"	77869819	1.480265122	"BB"
"SNP_A-1512119"	"8"	77870512	0.815575429	"BB"
"SNP_A-1508727"	"8"	78550027	-0.192645078	"AB"
"SNP_A-1516867"	"8"	78601664	1.107687869	"AB"
"SNP_A-1518096"	"8"	78708089	-0.424687669	"AB"
"SNP_A-1514301"	"8"	78743349	0.14404637	"AA"
"SNP_A-1514214"	"8"	78743498	1.114367025	"BB"
"SNP_A-1517846"	"8"	78818136	-0.200912694	"BB"
"SNP_A-1511031"	"8"	79625135	-1.104697379	"NoCall"
"SNP_A-1509669"	"8"	80711695	-0.577766999	"BB"
"SNP_A-1510772"	"8"	81096812	0.599317794	"AA"
"SNP_A-1511289"	"8"	81096939	0.207892852	"AA"
"SNP_A-1509475"	"8"	81097581	-0.785875195	"BB"
"SNP_A-1507360"	"8"	82168921	-0.577766999	"BB"
"SNP_A-1514963"	"8"	82521570	0.321928095	"AB"
"SNP_A-1510617"	"8"	82823834	0.49057013	"AB"
"SNP_A-1511650"	"8"	82997912	-0.454031631	"AA"
"SNP_A-1512577"	"8"	83494566	-0.632628934	"BB"
"SNP_A-1515203"	"8"	83738123	-0.043943348	"AB"
"SNP_A-1515118"	"8"	83738341	0.859969548	"AB"
"SNP_A-1509898"	"8"	83970066	-1.556393349	"AB"
"SNP_A-1516272"	"8"	84151088	0.735522177	"AB"
"SNP_A-1511392"	"8"	84329846	0.117695043	"BB"
"SNP_A-1512206"	"8"	84375338	0.565597176	"AB"
"SNP_A-1514220"	"8"	85118827	0.459431619	"AA"
"SNP_A-1510045"	"8"	85877705	-0.367731785	"AB"
"SNP_A-1509597"	"8"	86341545	0.967168608	"BB"
"SNP_A-1511440"	"8"	87105878	0.077242999	"AA"
"SNP_A-1518377"	"8"	87106029	-0.785875195	"AA"
"SNP_A-1519507"	"8"	88126220	1.3950628	"AA"
"SNP_A-1510663"	"8"	88745678	0.042644337	"AA"
"SNP_A-1510302"	"8"	89114442	0.500802053	"AA"
"SNP_A-1511660"	"8"	89504062	-1	"AA"
"SNP_A-1508997"	"8"	89504951	1.615887074	"BB"
"SNP_A-1518553"	"8"	90219910	0.250961574	"AA"
"SNP_A-1516298"	"8"	90502315	-0.943416472	"BB"
"SNP_A-1517063"	"8"	90541944	0.589763487	"BB"
"SNP_A-1508634"	"8"	90587399	0.641546029	"AA"
"SNP_A-1508676"	"8"	90587698	-0.066427362	"BB"
"SNP_A-1518647"	"8"	90597245	0.731183242	"AB"
"SNP_A-1519740"	"8"	90627208	0.448900951	"AA"
"SNP_A-1507363"	"8"	90779311	-0.610433188	"AB"
"SNP_A-1511603"	"8"	90976996	-0.295128036	"BB"
"SNP_A-1507798"	"8"	91691065	-0.798366139	"AB"
"SNP_A-1512687"	"8"	91823313	-0.120294234	"BB"
"SNP_A-1514281"	"8"	92582121	0.14404637	"AA"
"SNP_A-1513913"	"8"	93154819	1.247927513	"BB"
"SNP_A-1511015"	"8"	94232560	-1.217591435	"AB"
"SNP_A-1516126"	"8"	94352595	0.956056652	"BB"
"SNP_A-1516072"	"8"	94352914	-0.066427362	"BB"
"SNP_A-1511235"	"8"	94353031	0.895302621	"BB"
"SNP_A-1515366"	"8"	95086960	0.23878686	"AA"
"SNP_A-1516311"	"8"	95087398	-0.104697379	"BB"
"SNP_A-1507762"	"8"	95183507	0.169925001	"AA"
"SNP_A-1507508"	"8"	95193581	0.835924074	"AB"
"SNP_A-1507560"	"8"	95193608	0.952333566	"AB"
"SNP_A-1519283"	"8"	96893783	0.565597176	"BB"
"SNP_A-1511452"	"8"	97779695	-0.76121314	"BB"
"SNP_A-1508532"	"8"	98238495	0.580145484	"AB"
"SNP_A-1514447"	"8"	98544091	0.89917563	"AA"
"SNP_A-1515953"	"8"	99024837	0.786596362	"NoCall"
"SNP_A-1514534"	"8"	99024873	-0.01449957	"AA"
"SNP_A-1516489"	"8"	100461820	0.650764559	"BB"
"SNP_A-1509884"	"8"	100959403	0.516015147	"AA"
"SNP_A-1518815"	"8"	101445133	-0.915935735	"AA"
"SNP_A-1511243"	"8"	101476934	0.560714954	"AA"
"SNP_A-1518502"	"8"	101477023	-0.043943348	"BB"
"SNP_A-1512315"	"8"	101639225	2.5360529	"AA"
"SNP_A-1512259"	"8"	101639360	1.653060017	"AB"
"SNP_A-1516073"	"8"	101838479	0.028569152	"BB"
"SNP_A-1512118"	"8"	102083903	0.695993813	"AA"
"SNP_A-1512172"	"8"	102084025	-0.184424571	"BB"
"SNP_A-1514984"	"8"	102297779	-0.64385619	"AB"
"SNP_A-1508493"	"8"	102840278	0.250961574	"BB"
"SNP_A-1514093"	"8"	102852724	1.13422094	"BB"
"SNP_A-1516974"	"8"	102932948	0.028569152	"BB"
"SNP_A-1516964"	"8"	104673888	2.476381688	"BB"
"SNP_A-1511447"	"8"	104805859	0.454175893	"BB"
"SNP_A-1515368"	"8"	105428496	-0.736965594	"AA"
"SNP_A-1511072"	"8"	105665819	-0.277533976	"AA"
"SNP_A-1516639"	"8"	106068539	0.735522177	"AB"
"SNP_A-1512074"	"8"	106225778	-1.058893689	"AA"
"SNP_A-1519446"	"8"	106318707	-0.058893689	"BB"
"SNP_A-1514466"	"8"	106711317	0.794935663	"AB"
"SNP_A-1515343"	"8"	107275147	0.117695043	"AB"
"SNP_A-1515286"	"8"	107275387	-0.152003093	"BB"
"SNP_A-1515691"	"8"	108085295	-0.349235441	"AB"
"SNP_A-1508405"	"8"	108338250	-0.473931188	"NoCall"
"SNP_A-1510001"	"8"	108368525	1.277984747	"AB"
"SNP_A-1519081"	"8"	108422837	0.918386234	"AB"
"SNP_A-1519421"	"8"	108483368	-0.736965594	"BB"
"SNP_A-1508328"	"8"	108633609	0.049630768	"BB"
"SNP_A-1517890"	"8"	108910464	-0.277533976	"AA"
"SNP_A-1516942"	"8"	109570539	-1.104697379	"AB"
"SNP_A-1510682"	"8"	110371159	0.137503524	"AB"
"SNP_A-1512757"	"8"	110432159	0.875780063	"AB"
"SNP_A-1512702"	"8"	110432269	0.443606651	"AA"
"SNP_A-1507654"	"8"	110448460	1.648465443	"AA"
"SNP_A-1507562"	"8"	110448547	1.277984747	"BB"
"SNP_A-1509868"	"8"	110786692	1.432959407	"AB"
"SNP_A-1514510"	"8"	111012068	-0.184424571	"AA"
"SNP_A-1509039"	"8"	111012322	0.454175893	"AA"
"SNP_A-1512396"	"8"	111012416	-0.168122759	"AA"
"SNP_A-1508604"	"8"	111630276	-1.473931188	"AB"
"SNP_A-1512814"	"8"	111638243	0.545968369	"BB"
"SNP_A-1510509"	"8"	112018158	0.807354922	"BB"
"SNP_A-1508654"	"8"	112777314	1.358958826	"AB"
"SNP_A-1508703"	"8"	112777463	-0.286304185	"NoCall"
"SNP_A-1508956"	"8"	112804086	0.443606651	"BB"
"SNP_A-1509966"	"8"	113427531	-1.577766999	"AB"
"SNP_A-1517232"	"8"	113435983	0.895302621	"AB"
"SNP_A-1513771"	"8"	113698446	0.049630768	"AB"
"SNP_A-1515725"	"8"	113836815	0.411426246	"BB"
"SNP_A-1513889"	"8"	113975723	1.166715445	"AB"
"SNP_A-1518969"	"8"	114328482	-0.217591435	"AB"
"SNP_A-1508413"	"8"	114406944	0.286881148	"AB"
"SNP_A-1518697"	"8"	114438868	-1.415037499	"AA"
"SNP_A-1516488"	"8"	114885310	0.475084883	"AA"
"SNP_A-1516422"	"8"	114907522	0.316145742	"AA"
"SNP_A-1517470"	"8"	114984259	-0.349235441	"NoCall"
"SNP_A-1517364"	"8"	114984413	0.292781749	"NoCall"
"SNP_A-1517275"	"8"	114984533	0.207892852	"BB"
"SNP_A-1515142"	"8"	115495370	-1.321928095	"AA"
"SNP_A-1510983"	"8"	115495598	-0.192645078	"NoCall"
"SNP_A-1507655"	"8"	115719799	1.438292852	"AA"
"SNP_A-1517085"	"8"	115993738	-0.358453971	"AA"
"SNP_A-1518853"	"8"	116153170	0.3950628	"BB"
"SNP_A-1517437"	"8"	116153310	0.925999419	"BB"
"SNP_A-1509422"	"8"	116167106	0.316145742	"BB"
"SNP_A-1519584"	"8"	116233201	0.361768359	"AB"
"SNP_A-1517369"	"8"	116357169	0.925999419	"BB"
"SNP_A-1511686"	"8"	116646408	-0.836501268	"AA"
"SNP_A-1513067"	"8"	117536558	-1.713118852	"NoCall"
"SNP_A-1512302"	"8"	117872603	-1.058893689	"NoCall"
"SNP_A-1512349"	"8"	117872823	-1.268816758	"AB"
"SNP_A-1512400"	"8"	117872869	-1.888968688	"BB"
"SNP_A-1514394"	"8"	117884525	0.244887059	"BB"
"SNP_A-1516116"	"8"	118009834	-0.217591435	"BB"
"SNP_A-1508819"	"8"	118009908	0.59454855	"BB"
"SNP_A-1516300"	"8"	118070896	0.189033824	"AA"
"SNP_A-1519563"	"8"	118153391	0.367371066	"AB"
"SNP_A-1518123"	"8"	118297408	-0.043943348	"BB"
"SNP_A-1509281"	"8"	118357299	0.678071905	"AB"
"SNP_A-1511476"	"8"	118731585	-0.701341684	"NoCall"
"SNP_A-1510685"	"8"	118893390	-0.454031631	"AA"
"SNP_A-1519140"	"8"	119252874	0.731183242	"AA"
"SNP_A-1514415"	"8"	119616767	-0.424687669	"AB"
"SNP_A-1511532"	"8"	119983150	0.545968369	"BB"
"SNP_A-1515140"	"8"	119983955	1.12763328	"AA"
"SNP_A-1513581"	"8"	120008116	-0.59946207	"AA"
"SNP_A-1517274"	"8"	120138447	-1.666576266	"BB"
"SNP_A-1513307"	"8"	120342175	-0.209227962	"AB"
"SNP_A-1515994"	"8"	120400672	0.250961574	"AA"
"SNP_A-1510060"	"8"	120480681	0.66448284	"NoCall"
"SNP_A-1519411"	"8"	120506983	0.422233001	"AB"
"SNP_A-1508778"	"8"	120554005	0.464668267	"AA"
"SNP_A-1508019"	"8"	120554134	-0.234465254	"BB"
"SNP_A-1519115"	"8"	122096140	0.948600847	"BB"
"SNP_A-1507954"	"8"	122195481	0.280956314	"AA"
"SNP_A-1508482"	"8"	122472902	0.416839742	"AB"
"SNP_A-1514969"	"8"	122473133	0.713695815	"AB"
"SNP_A-1514084"	"8"	122562891	-0.40545145	"AA"
"SNP_A-1514132"	"8"	122563125	-0.971430848	"BB"
"SNP_A-1517195"	"8"	122848601	0.316145742	"AA"
"SNP_A-1517330"	"8"	123560061	-2.514573173	"NoCall"
"SNP_A-1508086"	"8"	124084081	-1.01449957	"AA"
"SNP_A-1508396"	"8"	124549595	-0.678071905	"BB"
"SNP_A-1508310"	"8"	124668763	0.15704371	"AB"
"SNP_A-1517033"	"8"	124701227	-0.01449957	"AB"
"SNP_A-1517694"	"8"	124701248	1.805292456	"AB"
"SNP_A-1508038"	"8"	125709859	-0.09696173	"BB"
"SNP_A-1513674"	"8"	125710437	-0.330973234	"NoCall"
"SNP_A-1513273"	"8"	126919501	0.521050737	"AA"
"SNP_A-1508362"	"8"	127060030	0.580145484	"AB"
"SNP_A-1508965"	"8"	127139411	-0.689659879	"AA"
"SNP_A-1519209"	"8"	127811294	0.63691458	"AA"
"SNP_A-1510356"	"8"	127865985	1.272023189	"AA"
"SNP_A-1515805"	"8"	127866906	0.550900665	"NoCall"
"SNP_A-1519224"	"8"	127898850	0.464668267	"AB"
"SNP_A-1513033"	"8"	127898968	-0.4639471	"AB"
"SNP_A-1508899"	"8"	127939208	-0.112474729	"NoCall"
"SNP_A-1508945"	"8"	127939262	-0.13606155	"AB"
"SNP_A-1512088"	"8"	127939557	-0.49410907	"AB"
"SNP_A-1508988"	"8"	128004177	-1.184424571	"AA"
"SNP_A-1517294"	"8"	128027038	0.744161096	"AB"
"SNP_A-1516354"	"8"	128027258	1.229587923	"AA"
"SNP_A-1511800"	"8"	128079248	-0.985644707	"NoCall"
"SNP_A-1509322"	"8"	128193410	-0.377069649	"BB"
"SNP_A-1508957"	"8"	128406810	0.372952098	"AB"
"SNP_A-1515456"	"8"	128905812	-0.112474729	"BB"
"SNP_A-1517991"	"8"	128906032	-0.268816758	"AA"
"SNP_A-1516525"	"8"	129136515	1.422233001	"AA"
"SNP_A-1514826"	"8"	129170601	-0.473931188	"NoCall"
"SNP_A-1508773"	"8"	129641142	-1.104697379	"BB"
"SNP_A-1508818"	"8"	129641274	-1.321928095	"AA"
"SNP_A-1515798"	"8"	129645013	0.584962501	"BB"
"SNP_A-1516168"	"8"	129762269	-0.01449957	"AB"
"SNP_A-1518993"	"8"	129797328	-0.567040593	"AA"
"SNP_A-1517731"	"8"	130415728	-0.454031631	"AA"
"SNP_A-1517619"	"8"	130416001	-1.184424571	"AA"
"SNP_A-1517102"	"8"	130479097	0.084064265	"BB"
"SNP_A-1514493"	"8"	130833024	0.286881148	"AB"
"SNP_A-1514031"	"8"	130981623	1.286881148	"AB"
"SNP_A-1509913"	"8"	131679291	0.454175893	"AA"
"SNP_A-1509874"	"8"	131679386	0.150559677	"AA"
"SNP_A-1512546"	"8"	131851472	0.480265122	"AB"
"SNP_A-1512604"	"8"	131851490	0.316145742	"AB"
"SNP_A-1511153"	"8"	132448526	-0.200912694	"BB"
"SNP_A-1515660"	"8"	132878463	0.316145742	"BB"
"SNP_A-1510760"	"8"	134630304	0.03562391	"NoCall"
"SNP_A-1512277"	"8"	134630775	0.438292852	"BB"
"SNP_A-1507782"	"8"	134697571	0.438292852	"AB"
"SNP_A-1508743"	"8"	135704251	-0.483984853	"AA"
"SNP_A-1508936"	"8"	136143818	0.275007047	"AB"
"SNP_A-1517753"	"8"	136165906	-1.168122759	"BB"
"SNP_A-1516760"	"8"	136203519	-1.415037499	"AB"
"SNP_A-1515186"	"8"	136951627	1.419538892	"AB"
"SNP_A-1517158"	"8"	136955895	0.831877241	"NoCall"
"SNP_A-1507509"	"8"	137722096	1.310340121	"AA"
"SNP_A-1519129"	"8"	137760257	1.214124805	"AB"
"SNP_A-1519183"	"8"	137760435	0.673556424	"AB"
"SNP_A-1515878"	"8"	137761855	-0.49410907	"AB"
"SNP_A-1508847"	"8"	137788462	0.726831217	"AA"
"SNP_A-1512417"	"8"	137788630	1.042644337	"BB"
"SNP_A-1511807"	"8"	139352602	0.14404637	"AA"
"SNP_A-1509216"	"8"	139352990	-0.749038426	"BB"
"SNP_A-1507947"	"8"	139384002	1.454175893	"BB"
"SNP_A-1518886"	"8"	139505170	0.111031312	"BB"
"SNP_A-1518841"	"8"	139505182	-0.943416472	"BB"
"SNP_A-1511437"	"8"	140205944	-1.217591435	"AB"
"SNP_A-1509358"	"8"	140359078	0.63691458	"NoCall"
"SNP_A-1508529"	"8"	140505119	0.339137385	"BB"
"SNP_A-1514687"	"8"	140507675	-0.483984853	"AB"
"SNP_A-1518402"	"8"	140578087	1.40053793	"AB"
"SNP_A-1511336"	"8"	140578363	1.634593268	"AA"
"SNP_A-1509075"	"8"	140579815	-0.168122759	"AA"
"SNP_A-1513863"	"8"	141973953	-0.349235441	"NoCall"
"SNP_A-1513815"	"8"	141974110	-0.007231569	"AB"
"SNP_A-1516063"	"9"	239391	1.786596362	"AB"
"SNP_A-1518775"	"9"	341558	0.819668183	"BB"
"SNP_A-1511301"	"9"	384947	0.700439718	"BB"
"SNP_A-1511268"	"9"	507715	1.867896464	"AA"
"SNP_A-1508923"	"9"	559992	1.250961574	"AA"
"SNP_A-1510630"	"9"	1493356	0.622930351	"AB"
"SNP_A-1510584"	"9"	1493556	0.722466024	"AB"
"SNP_A-1517760"	"9"	1599249	0.963474124	"AB"
"SNP_A-1513188"	"9"	2022845	-0.678071905	"AA"
"SNP_A-1518077"	"9"	2093950	0.875780063	"NoCall"
"SNP_A-1514682"	"9"	2110825	-0.4639471	"NoCall"
"SNP_A-1514646"	"9"	2227390	-0.77349147	"AA"
"SNP_A-1510517"	"9"	2332217	0.673556424	"AB"
"SNP_A-1510565"	"9"	2332366	0.485426827	"NoCall"
"SNP_A-1513914"	"9"	2332642	0.014355293	"AB"
"SNP_A-1513979"	"9"	2332706	0.769771739	"AB"
"SNP_A-1512882"	"9"	2549492	1.23572706	"AA"
"SNP_A-1509585"	"9"	2927654	-1.49410907	"AB"
"SNP_A-1519429"	"9"	2931418	0.82374936	"AB"
"SNP_A-1509698"	"9"	2973774	1.713695815	"AB"
"SNP_A-1519322"	"9"	2988820	-0.168122759	"NoCall"
"SNP_A-1509078"	"9"	3111992	0.372952098	"BB"
"SNP_A-1509365"	"9"	3121352	0.599317794	"AB"
"SNP_A-1515515"	"9"	3124377	0.555816155	"AA"
"SNP_A-1514276"	"9"	3639097	1.117695043	"AB"
"SNP_A-1516877"	"9"	3640174	0.367371066	"NoCall"
"SNP_A-1510634"	"9"	3663684	0.007195501	"AA"
"SNP_A-1513780"	"9"	4094571	-0.545824107	"AA"
"SNP_A-1516547"	"9"	5256897	-0.234465254	"AA"
"SNP_A-1517616"	"9"	5257043	1.742006211	"AB"
"SNP_A-1516967"	"9"	5719377	1.070389328	"AB"
"SNP_A-1508718"	"9"	6083132	0.14404637	"AA"
"SNP_A-1516599"	"9"	6108911	1.080657663	"BB"
"SNP_A-1507479"	"9"	6109038	0.847996907	"AA"
"SNP_A-1516240"	"9"	6136121	-0.330973234	"BB"
"SNP_A-1508863"	"9"	6320915	0.735522177	"AA"
"SNP_A-1516249"	"9"	6322901	-0.785875195	"NoCall"
"SNP_A-1512378"	"9"	6323156	-0.621488377	"AA"
"SNP_A-1518519"	"9"	6355683	-0.17625064	"NoCall"
"SNP_A-1510655"	"9"	6606648	-0.349235441	"BB"
"SNP_A-1517403"	"9"	6967633	0.3950628	"BB"
"SNP_A-1508885"	"9"	7036901	-0.823677227	"AA"
"SNP_A-1511246"	"9"	7087991	0.207892852	"AA"
"SNP_A-1508393"	"9"	7097769	-0.454031631	"BB"
"SNP_A-1508346"	"9"	7097843	-0.349235441	"AA"
"SNP_A-1515400"	"9"	7136888	-0.655171503	"BB"
"SNP_A-1515601"	"9"	7247213	0.201633861	"AB"
"SNP_A-1510371"	"9"	7560393	0.378511623	"BB"
"SNP_A-1510421"	"9"	7560610	0.929790998	"BB"
"SNP_A-1512078"	"9"	7697372	-0.689659879	"AB"
"SNP_A-1509890"	"9"	7703572	0.22650853	"BB"
"SNP_A-1513252"	"9"	8149670	0.263034406	"AA"
"SNP_A-1511208"	"9"	8167428	-0.02180437	"AB"
"SNP_A-1511171"	"9"	8167453	0.700439718	"AA"
"SNP_A-1511306"	"9"	8167793	0.89917563	"BB"
"SNP_A-1512373"	"9"	8167862	-0.64385619	"AA"
"SNP_A-1515769"	"9"	8257854	-0.473931188	"AA"
"SNP_A-1515817"	"9"	8257866	0.974529312	"BB"
"SNP_A-1514444"	"9"	8258198	-0.226003675	"AA"
"SNP_A-1507677"	"9"	8451714	-0.888968688	"NoCall"
"SNP_A-1513014"	"9"	8746012	-1.377069649	"BB"
"SNP_A-1517152"	"9"	8746140	-1.340075442	"AA"
"SNP_A-1513727"	"9"	8858177	0.292781749	"BB"
"SNP_A-1512744"	"9"	9044621	0.815575429	"AB"
"SNP_A-1511609"	"9"	9044913	0.201633861	"NoCall"
"SNP_A-1513616"	"9"	9163304	-0.632628934	"BB"
"SNP_A-1508023"	"9"	9353616	-1.395928676	"AB"
"SNP_A-1511337"	"9"	9427369	-0.621488377	"AA"
"SNP_A-1517409"	"9"	9455190	1.244887059	"BB"
"SNP_A-1512659"	"9"	9496817	-1.074000581	"AA"
"SNP_A-1512696"	"9"	9589450	-0.340075442	"AB"
"SNP_A-1510141"	"9"	9757713	-0.312939312	"AA"
"SNP_A-1512057"	"9"	9760495	-0.184424571	"NoCall"
"SNP_A-1512101"	"9"	9760741	0.070389328	"AA"
"SNP_A-1508252"	"9"	10004143	0.137503524	"AB"
"SNP_A-1509265"	"9"	10130101	-0.985644707	"NoCall"
"SNP_A-1513488"	"9"	10281421	0.292781749	"BB"
"SNP_A-1515563"	"9"	11005935	0.555816155	"AB"
"SNP_A-1515006"	"9"	11005952	0.632268215	"AA"
"SNP_A-1514954"	"9"	11005966	0.416839742	"AA"
"SNP_A-1514042"	"9"	11021051	0.286881148	"AA"
"SNP_A-1511786"	"9"	11140966	0.111031312	"NoCall"
"SNP_A-1514326"	"9"	11611204	0.042644337	"BB"
"SNP_A-1509932"	"9"	11666507	-0.340075442	"AB"
"SNP_A-1515971"	"9"	11666909	0.15704371	"BB"
"SNP_A-1509974"	"9"	11697012	0.084064265	"NoCall"
"SNP_A-1508553"	"9"	11740023	-0.678071905	"AA"
"SNP_A-1516966"	"9"	12010873	-1.043943348	"AA"
"SNP_A-1512588"	"9"	12018131	-0.483984853	"AA"
"SNP_A-1512531"	"9"	12018143	0.650764559	"BB"
"SNP_A-1518820"	"9"	12018387	-0.029146346	"BB"
"SNP_A-1511965"	"9"	12018566	0.480265122	"NoCall"
"SNP_A-1508325"	"9"	12255747	-0.444183845	"AA"
"SNP_A-1517932"	"9"	12277518	-0.701341684	"BB"
"SNP_A-1510934"	"9"	12277871	0.691534165	"AB"
"SNP_A-1508291"	"9"	12445236	0.650764559	"AA"
"SNP_A-1518518"	"9"	12662097	1.269033146	"AB"
"SNP_A-1517449"	"9"	12742371	-0.209227962	"AB"
"SNP_A-1517546"	"9"	12873664	0.709290636	"BB"
"SNP_A-1517709"	"9"	12874940	-0.713118852	"BB"
"SNP_A-1517679"	"9"	12879873	0.201633861	"AB"
"SNP_A-1507377"	"9"	13041712	-0.242976753	"AA"
"SNP_A-1518729"	"9"	13460671	0.077242999	"AA"
"SNP_A-1515228"	"9"	13540069	0.344828497	"BB"
"SNP_A-1510597"	"9"	13570593	-0.454031631	"NoCall"
"SNP_A-1518778"	"9"	13673568	-0.120294234	"AA"
"SNP_A-1514892"	"9"	13691927	1.100977648	"NoCall"
"SNP_A-1510092"	"9"	13822491	-0.251538767	"AA"
"SNP_A-1516590"	"9"	13983595	-0.112474729	"NoCall"
"SNP_A-1510122"	"9"	14030706	0.510961919	"AB"
"SNP_A-1510175"	"9"	14030837	-0.535331733	"NoCall"
"SNP_A-1507630"	"9"	14100242	-0.058893689	"AA"
"SNP_A-1517288"	"9"	14136391	-0.358453971	"AA"
"SNP_A-1515763"	"9"	14171653	-0.655171503	"NoCall"
"SNP_A-1515093"	"9"	14379011	0.739848103	"AB"
"SNP_A-1511950"	"9"	14388875	0	"BB"
"SNP_A-1515777"	"9"	14417560	1.543495883	"AA"
"SNP_A-1512149"	"9"	14481347	0.304511042	"AA"
"SNP_A-1517520"	"9"	14830299	1.941106311	"AA"
"SNP_A-1518125"	"9"	14831387	1.503348735	"BB"
"SNP_A-1510646"	"9"	14915706	-0.089267338	"AA"
"SNP_A-1507784"	"9"	15131249	-0.367731785	"BB"
"SNP_A-1516685"	"9"	15340199	-0.724992953	"AB"
"SNP_A-1509185"	"9"	15722420	-0.152003093	"AB"
"SNP_A-1510855"	"9"	15745645	0.257010618	"NoCall"
"SNP_A-1517706"	"9"	15995751	0.316145742	"AB"
"SNP_A-1517396"	"9"	16248118	0.250961574	"BB"
"SNP_A-1517478"	"9"	16398826	0.269033146	"AA"
"SNP_A-1507715"	"9"	16429783	1.851998837	"AA"
"SNP_A-1509700"	"9"	16577648	-0.902389203	"BB"
"SNP_A-1507773"	"9"	16577758	-1.64385619	"BB"
"SNP_A-1508805"	"9"	16806655	0.735522177	"BB"
"SNP_A-1511712"	"9"	17052834	0.929790998	"AB"
"SNP_A-1515269"	"9"	17294243	1.493134922	"BB"
"SNP_A-1508383"	"9"	17689909	-0.277533976	"AB"
"SNP_A-1508338"	"9"	17689981	-0.17625064	"AB"
"SNP_A-1514269"	"9"	17756315	-0.483984853	"AA"
"SNP_A-1507365"	"9"	17897828	0.263034406	"AA"
"SNP_A-1508996"	"9"	17905215	-0.152003093	"BB"
"SNP_A-1512379"	"9"	18000485	-0.395928676	"BB"
"SNP_A-1507943"	"9"	18046991	-0.330973234	"AA"
"SNP_A-1507985"	"9"	18047101	-0.268816758	"AA"
"SNP_A-1511503"	"9"	18130769	1.247927513	"AB"
"SNP_A-1507461"	"9"	18130836	1.367371066	"BB"
"SNP_A-1514059"	"9"	18138090	1.137503524	"AB"
"SNP_A-1508152"	"9"	18139174	-0.200912694	"BB"
"SNP_A-1515559"	"9"	18139365	-0.798366139	"AA"
"SNP_A-1510055"	"9"	18180591	1.748461233	"AB"
"SNP_A-1515210"	"9"	18643380	0.207892852	"AA"
"SNP_A-1512728"	"9"	18670679	0.659924558	"BB"
"SNP_A-1512890"	"9"	18858647	-1.321928095	"NoCall"
"SNP_A-1512943"	"9"	18858775	-1.577766999	"BB"
"SNP_A-1509864"	"9"	19583084	0.13093087	"AA"
"SNP_A-1513349"	"9"	19871864	0.555816155	"AB"
"SNP_A-1515102"	"9"	19882748	0.384049807	"AB"
"SNP_A-1515871"	"9"	20361741	0.117695043	"AA"
"SNP_A-1509594"	"9"	20543571	-0.13606155	"AB"
"SNP_A-1509486"	"9"	20780622	1.344828497	"BB"
"SNP_A-1512693"	"9"	20866470	-0.545824107	"AB"
"SNP_A-1517768"	"9"	20866513	0.250961574	"AB"
"SNP_A-1508567"	"9"	20881855	-1.321928095	"NoCall"
"SNP_A-1510957"	"9"	21204877	-0.089267338	"AA"
"SNP_A-1515208"	"9"	21283631	0.367371066	"NoCall"
"SNP_A-1517593"	"9"	21413049	0.232660757	"AA"
"SNP_A-1514018"	"9"	21413520	1.003602237	"AB"
"SNP_A-1512354"	"9"	21525576	-0.524915117	"AA"
"SNP_A-1508595"	"9"	21701675	0.632268215	"AB"
"SNP_A-1509799"	"9"	21701735	-1.120294234	"NoCall"
"SNP_A-1508632"	"9"	21701815	0.292781749	"AB"
"SNP_A-1513414"	"9"	21971583	-1.120294234	"BB"
"SNP_A-1515857"	"9"	22026112	0.22650853	"AA"
"SNP_A-1509299"	"9"	22026367	-0.226003675	"BB"
"SNP_A-1516703"	"9"	22089568	1.070389328	"BB"
"SNP_A-1512540"	"9"	22205296	0.782408565	"BB"
"SNP_A-1511239"	"9"	22449115	0.378511623	"AA"
"SNP_A-1515910"	"9"	22921804	-0.260151897	"BB"
"SNP_A-1509272"	"9"	23212186	-1.152003093	"NoCall"
"SNP_A-1519193"	"9"	23659912	0.687060688	"BB"
"SNP_A-1519139"	"9"	23660123	-0.535331733	"AA"
"SNP_A-1519032"	"9"	23660311	1.140778656	"BB"
"SNP_A-1518387"	"9"	23692349	-0.304006187	"BB"
"SNP_A-1512170"	"9"	23692730	-0.736965594	"BB"
"SNP_A-1517474"	"9"	23721597	-1.321928095	"AA"
"SNP_A-1519192"	"9"	23765449	-0.701341684	"AA"
"SNP_A-1508800"	"9"	23783644	1.313245852	"BB"
"SNP_A-1517423"	"9"	23995998	-0.971430848	"AB"
"SNP_A-1517484"	"9"	23996078	-0.358453971	"NoCall"
"SNP_A-1510473"	"9"	23996322	-0.836501268	"AB"
"SNP_A-1509908"	"9"	24576464	-0.321928095	"AB"
"SNP_A-1507411"	"9"	24816156	-0.277533976	"AB"
"SNP_A-1513744"	"9"	24912485	-0.066427362	"AA"
"SNP_A-1509793"	"9"	25099106	-1.152003093	"BB"
"SNP_A-1512229"	"9"	25253918	-1.340075442	"BB"
"SNP_A-1509918"	"9"	25372588	-0.051399153	"AA"
"SNP_A-1518121"	"9"	25733092	-0.588573754	"AB"
"SNP_A-1514453"	"9"	25903757	1.459431619	"AA"
"SNP_A-1517485"	"9"	25953989	-0.785875195	"BB"
"SNP_A-1516609"	"9"	25994102	0.827819025	"NoCall"
"SNP_A-1514897"	"9"	25996861	-0.610433188	"AB"
"SNP_A-1515348"	"9"	26089466	-0.823677227	"BB"
"SNP_A-1512595"	"9"	26485103	-1.089267338	"AA"
"SNP_A-1507585"	"9"	26521692	-0.226003675	"BB"
"SNP_A-1508801"	"9"	27218503	0.169925001	"AB"
"SNP_A-1512458"	"9"	27295598	-1.666576266	"NoCall"
"SNP_A-1515305"	"9"	27316780	-0.454031631	"NoCall"
"SNP_A-1507766"	"9"	27418665	-0.152003093	"AA"
"SNP_A-1508170"	"9"	27505967	-0.545824107	"AA"
"SNP_A-1515858"	"9"	27697461	-0.304006187	"BB"
"SNP_A-1515802"	"9"	27697600	-1.089267338	"BB"
"SNP_A-1515754"	"9"	27697666	-0.77349147	"BB"
"SNP_A-1515584"	"9"	27703723	-1.340075442	"BB"
"SNP_A-1515537"	"9"	27703844	0.794935663	"AA"
"SNP_A-1514239"	"9"	27775391	0.655351829	"BB"
"SNP_A-1510801"	"9"	28026991	-0.535331733	"AB"
"SNP_A-1513893"	"9"	28027082	-0.514573173	"NoCall"
"SNP_A-1511658"	"9"	28039518	1.046141782	"BB"
"SNP_A-1512263"	"9"	28059037	0.269033146	"NoCall"
"SNP_A-1510923"	"9"	28114180	0.731183242	"BB"
"SNP_A-1513736"	"9"	28150396	0.655351829	"BB"
"SNP_A-1508014"	"9"	28313673	-0.200912694	"BB"
"SNP_A-1515038"	"9"	28417231	0.321928095	"NoCall"
"SNP_A-1514889"	"9"	28929607	-1.621488377	"AA"
"SNP_A-1513263"	"9"	29315577	-0.473931188	"BB"
"SNP_A-1515455"	"9"	29582848	-0.524915117	"NoCall"
"SNP_A-1514665"	"9"	29583098	-0.971430848	"AB"
"SNP_A-1519218"	"9"	29694495	-0.234465254	"BB"
"SNP_A-1509157"	"9"	30075410	-0.295128036	"AB"
"SNP_A-1516544"	"9"	30738943	0.516015147	"AA"
"SNP_A-1508503"	"9"	31194481	1.140778656	"BB"
"SNP_A-1513323"	"9"	31349923	-0.386468347	"AB"
"SNP_A-1513219"	"9"	31609334	0.321928095	"BB"
"SNP_A-1513258"	"9"	31609571	-0.473931188	"AB"
"SNP_A-1509831"	"9"	32010862	0.367371066	"BB"
"SNP_A-1516377"	"9"	32033426	-0.621488377	"NoCall"
"SNP_A-1511765"	"9"	32506864	1.014355293	"AB"
"SNP_A-1511821"	"9"	32506949	0.691534165	"AB"
"SNP_A-1508660"	"9"	32872845	0.257010618	"NoCall"
"SNP_A-1514641"	"9"	32872911	0.704871964	"AA"
"SNP_A-1517901"	"9"	32880160	-0.13606155	"AA"
"SNP_A-1517844"	"9"	32880348	-0.160040413	"AA"
"SNP_A-1511016"	"9"	33334252	-0.444183845	"BB"
"SNP_A-1515082"	"9"	33646908	-0.340075442	"AA"
"SNP_A-1513649"	"9"	33754524	-0.128156351	"BB"
"SNP_A-1518318"	"9"	33772141	0.220329955	"BB"
"SNP_A-1512325"	"9"	33774344	0.344828497	"BB"
"SNP_A-1519266"	"9"	33777532	1.010779839	"AB"
"SNP_A-1516563"	"9"	33777871	1.389566812	"AB"
"SNP_A-1516280"	"9"	33916449	0.40053793	"BB"
"SNP_A-1516328"	"9"	33916496	0.327687364	"AA"
"SNP_A-1512254"	"9"	34571525	-0.242976753	"AA"
"SNP_A-1512324"	"9"	34733551	-0.304006187	"AB"
"SNP_A-1512496"	"9"	35033291	0.970853654	"BB"
"SNP_A-1512437"	"9"	35099949	-0.02180437	"NoCall"
"SNP_A-1512164"	"9"	35339764	-1.251538767	"AA"
"SNP_A-1514551"	"9"	35397431	0.914564523	"AA"
"SNP_A-1509138"	"9"	35510967	-1.104697379	"AA"
"SNP_A-1512261"	"9"	35893370	-0.444183845	"BB"
"SNP_A-1509417"	"9"	36004850	0.989139007	"AB"
"SNP_A-1508299"	"9"	36082024	-2.029146346	"AB"
"SNP_A-1509006"	"9"	38017644	-1.434402824	"BB"
"SNP_A-1507953"	"9"	38288204	-0.251538767	"AA"
"SNP_A-1511764"	"9"	38288233	-0.277533976	"AA"
"SNP_A-1507898"	"9"	38288279	-0.545824107	"BB"
"SNP_A-1518290"	"9"	38288618	1.207892852	"AA"
"SNP_A-1516090"	"9"	40743850	0.752748591	"BB"
"SNP_A-1509710"	"9"	65327941	-1.268816758	"AA"
"SNP_A-1513904"	"9"	65328272	0.182692298	"AA"
"SNP_A-1517078"	"9"	65946734	0.03562391	"AB"
"SNP_A-1517810"	"9"	66503077	-0.17625064	"AB"
"SNP_A-1517625"	"9"	66738820	-0.454031631	"AB"
"SNP_A-1514747"	"9"	66966718	-0.798366139	"BB"
"SNP_A-1511166"	"9"	67161946	-0.473931188	"BB"
"SNP_A-1510220"	"9"	67245046	0.627606838	"AA"
"SNP_A-1518056"	"9"	67303902	-0.736965594	"AA"
"SNP_A-1515847"	"9"	68072988	0.007195501	"BB"
"SNP_A-1509025"	"9"	68286933	-0.160040413	"AA"
"SNP_A-1512095"	"9"	68630800	-0.785875195	"AA"
"SNP_A-1507701"	"9"	68847160	0.244887059	"AA"
"SNP_A-1511414"	"9"	68899017	-0.377069649	"AB"
"SNP_A-1507564"	"9"	68899078	-0.577766999	"AA"
"SNP_A-1518158"	"9"	69035585	0.042644337	"BB"
"SNP_A-1518202"	"9"	69035645	1.09423607	"AB"
"SNP_A-1518124"	"9"	69130278	0.378511623	"BB"
"SNP_A-1509573"	"9"	69136356	-1.168122759	"BB"
"SNP_A-1510709"	"9"	69473892	0.895302621	"AB"
"SNP_A-1511967"	"9"	70031651	-0.377069649	"NoCall"
"SNP_A-1508106"	"9"	70981903	-0.577766999	"AB"
"SNP_A-1510353"	"9"	70987673	0.682573297	"AB"
"SNP_A-1518943"	"9"	71120123	-0.64385619	"BB"
"SNP_A-1516047"	"9"	71162626	1.475084883	"AB"
"SNP_A-1510800"	"9"	71493474	-0.007231569	"NoCall"
"SNP_A-1517517"	"9"	71713855	-1.13606155	"AB"
"SNP_A-1510088"	"9"	72329747	0.722466024	"BB"
"SNP_A-1516988"	"9"	72676174	0.077242999	"BB"
"SNP_A-1513391"	"9"	72676514	-0.504304837	"AA"
"SNP_A-1517867"	"9"	73375279	-0.268816758	"AA"
"SNP_A-1515131"	"9"	73562619	1.613531653	"BB"
"SNP_A-1519095"	"9"	73610714	-0.192645078	"AA"
"SNP_A-1510432"	"9"	73614749	0.427606173	"AA"
"SNP_A-1518955"	"9"	73759622	0.22650853	"AB"
"SNP_A-1517666"	"9"	74178387	1.361768359	"AA"
"SNP_A-1508698"	"9"	74268266	2.068670811	"AB"
"SNP_A-1512431"	"9"	74288534	-0.112474729	"AB"
"SNP_A-1509449"	"9"	74361391	0.700439718	"AB"
"SNP_A-1516040"	"9"	74659276	0.176322773	"NoCall"
"SNP_A-1516825"	"9"	74687361	-0.957355663	"BB"
"SNP_A-1514846"	"9"	76161850	0.117695043	"BB"
"SNP_A-1512080"	"9"	76422712	0.773996325	"AA"
"SNP_A-1518068"	"9"	76423033	1.046141782	"AA"
"SNP_A-1518118"	"9"	76423170	0.632268215	"AA"
"SNP_A-1514431"	"9"	76806775	-0.377069649	"BB"
"SNP_A-1515573"	"9"	77023607	-0.514573173	"AA"
"SNP_A-1510007"	"9"	77827646	-0.59946207	"BB"
"SNP_A-1515467"	"9"	77880832	-0.957355663	"AA"
"SNP_A-1514878"	"9"	77880913	-0.160040413	"AB"
"SNP_A-1513230"	"9"	77985770	-0.358453971	"BB"
"SNP_A-1509861"	"9"	78022321	1.657640005	"BB"
"SNP_A-1513079"	"9"	78180159	-0.483984853	"AB"
"SNP_A-1509416"	"9"	78180505	0.03562391	"AB"
"SNP_A-1516922"	"9"	78300612	0.851998837	"AB"
"SNP_A-1516864"	"9"	78300720	1.010779839	"AB"
"SNP_A-1518888"	"9"	78301363	0.14404637	"AB"
"SNP_A-1518794"	"9"	78301540	0.794935663	"BB"
"SNP_A-1517392"	"9"	78301622	0.618238656	"BB"
"SNP_A-1511509"	"9"	78940810	-0.862496476	"NoCall"
"SNP_A-1517073"	"9"	79036587	-0.902389203	"AA"
"SNP_A-1516969"	"9"	79036895	-0.915935735	"BB"
"SNP_A-1510863"	"9"	79048668	0.739848103	"BB"
"SNP_A-1517432"	"9"	79178037	0.847996907	"AA"
"SNP_A-1514079"	"9"	79668939	-1.556393349	"BB"
"SNP_A-1518189"	"9"	80405843	-0.17625064	"BB"
"SNP_A-1517536"	"9"	80408345	0.867896464	"AA"
"SNP_A-1514812"	"9"	80561491	1.014355293	"BB"
"SNP_A-1515189"	"9"	80918640	-0.192645078	"NoCall"
"SNP_A-1513249"	"9"	81077127	-0.286304185	"AB"
"SNP_A-1510672"	"9"	81393007	-1	"AA"
"SNP_A-1511159"	"9"	81420987	0.280956314	"BB"
"SNP_A-1511263"	"9"	81456219	-0.058893689	"AA"
"SNP_A-1515705"	"9"	82460881	-0.330973234	"AA"
"SNP_A-1510063"	"9"	82704436	-0.632628934	"AB"
"SNP_A-1509429"	"9"	82704567	-1	"AB"
"SNP_A-1514782"	"9"	82785037	0.673556424	"AB"
"SNP_A-1513017"	"9"	82930128	1.272023189	"AA"
"SNP_A-1507763"	"9"	83104219	0.244887059	"AA"
"SNP_A-1516446"	"9"	83104553	0.063502942	"AB"
"SNP_A-1510492"	"9"	83466923	1.039138394	"AB"
"SNP_A-1517983"	"9"	83541275	0.214124805	"NoCall"
"SNP_A-1509887"	"9"	84486310	-0.577766999	"AA"
"SNP_A-1512450"	"9"	84768070	-1.268816758	"AB"
"SNP_A-1508340"	"9"	85067914	1.40053793	"AB"
"SNP_A-1513223"	"9"	85402676	0.691534165	"AB"
"SNP_A-1513516"	"9"	85432712	-0.184424571	"AA"
"SNP_A-1518902"	"9"	85727446	0.389566812	"BB"
"SNP_A-1507909"	"9"	85865706	-0.051399153	"AB"
"SNP_A-1512352"	"9"	86804313	-1.152003093	"NoCall"
"SNP_A-1519058"	"9"	86937988	-0.902389203	"AB"
"SNP_A-1512304"	"9"	86939429	0.622930351	"AB"
"SNP_A-1518061"	"9"	87390028	0.541019153	"NoCall"
"SNP_A-1509656"	"9"	88065336	0.5360529	"BB"
"SNP_A-1510258"	"9"	88178873	1.485426827	"AA"
"SNP_A-1516256"	"9"	88400685	-0.798366139	"AB"
"SNP_A-1515350"	"9"	88551331	-0.330973234	"AB"
"SNP_A-1514119"	"9"	88971198	0.09085343	"AB"
"SNP_A-1508150"	"9"	88996025	0.682573297	"AB"
"SNP_A-1509205"	"9"	88996106	0.182692298	"AB"
"SNP_A-1510343"	"9"	89782610	-0.395928676	"AB"
"SNP_A-1517894"	"9"	90197904	0.970853654	"BB"
"SNP_A-1507867"	"9"	92630957	-0.112474729	"NoCall"
"SNP_A-1507813"	"9"	92630992	0.137503524	"AB"
"SNP_A-1508424"	"9"	92731507	-0.304006187	"NoCall"
"SNP_A-1507921"	"9"	92840593	-0.454031631	"BB"
"SNP_A-1516041"	"9"	93121772	0.049630768	"BB"
"SNP_A-1516182"	"9"	93900221	-0.724992953	"NoCall"
"SNP_A-1507358"	"9"	94104509	0.726831217	"AB"
"SNP_A-1518385"	"9"	94276452	0.618238656	"AB"
"SNP_A-1508003"	"9"	94452316	1.350497247	"BB"
"SNP_A-1510002"	"9"	95453205	-1.01449957	"NoCall"
"SNP_A-1510050"	"9"	95735651	0.063502942	"AA"
"SNP_A-1516512"	"9"	95766284	-0.666576266	"BB"
"SNP_A-1514523"	"9"	95862507	-1.785875195	"AB"
"SNP_A-1514577"	"9"	95862814	-0.724992953	"AA"
"SNP_A-1512102"	"9"	96978279	-0.556393349	"AB"
"SNP_A-1508490"	"9"	97203165	-0.13606155	"AA"
"SNP_A-1519716"	"9"	97203211	0.454175893	"BB"
"SNP_A-1509425"	"9"	97492683	-0.535331733	"AA"
"SNP_A-1508588"	"9"	98236144	-1.01449957	"NoCall"
"SNP_A-1511548"	"9"	98508192	0.580145484	"AB"
"SNP_A-1515364"	"9"	98715346	0.214124805	"AA"
"SNP_A-1513155"	"9"	98944817	0.432959407	"BB"
"SNP_A-1515395"	"9"	98944912	0.316145742	"BB"
"SNP_A-1510974"	"9"	99022240	0.316145742	"NoCall"
"SNP_A-1511019"	"9"	99034656	0.695993813	"AA"
"SNP_A-1508123"	"9"	99293709	-1.577766999	"BB"
"SNP_A-1519562"	"9"	99389419	-1.184424571	"NoCall"
"SNP_A-1514261"	"9"	99812131	1.10433666	"BB"
"SNP_A-1513288"	"9"	99812711	1.414135533	"AA"
"SNP_A-1507619"	"9"	100088295	0.286881148	"AA"
"SNP_A-1508187"	"9"	100140602	-0.081613766	"AB"
"SNP_A-1508323"	"9"	100238244	0.03562391	"AA"
"SNP_A-1510558"	"9"	100869967	0.622930351	"AB"
"SNP_A-1510822"	"9"	101113139	0.03562391	"AA"
"SNP_A-1513776"	"9"	101169957	1.510961919	"AA"
"SNP_A-1507341"	"9"	101747488	-0.340075442	"AA"
"SNP_A-1507801"	"9"	101848179	0.827819025	"AB"
"SNP_A-1517030"	"9"	101901421	-0.377069649	"AA"
"SNP_A-1515487"	"9"	101970019	-0.483984853	"AA"
"SNP_A-1517883"	"9"	102054986	-0.902389203	"AA"
"SNP_A-1517321"	"9"	102055128	0.007195501	"BB"
"SNP_A-1510940"	"9"	102246944	1.032100843	"AA"
"SNP_A-1507854"	"9"	102323869	-0.76121314	"AA"
"SNP_A-1513309"	"9"	102424896	0.339137385	"BB"
"SNP_A-1518100"	"9"	102534400	0.769771739	"NoCall"
"SNP_A-1515001"	"9"	102746309	-0.77349147	"AB"
"SNP_A-1513612"	"9"	102851146	0.516015147	"NoCall"
"SNP_A-1519282"	"9"	104129985	-0.689659879	"BB"
"SNP_A-1516691"	"9"	104535938	0.344828497	"BB"
"SNP_A-1515389"	"9"	104822914	-0.192645078	"BB"
"SNP_A-1519416"	"9"	105027757	1.124328135	"BB"
"SNP_A-1510726"	"9"	105293145	-1.120294234	"NoCall"
"SNP_A-1510774"	"9"	105293312	-1.13606155	"AA"
"SNP_A-1511762"	"9"	105852134	-0.089267338	"NoCall"
"SNP_A-1517858"	"9"	105852317	0.40599236	"AB"
"SNP_A-1512427"	"9"	105931673	-0.545824107	"BB"
"SNP_A-1513894"	"9"	106279856	1.40053793	"AB"
"SNP_A-1518429"	"9"	106425672	0.23878686	"AA"
"SNP_A-1512399"	"9"	106466456	1.845991771	"AB"
"SNP_A-1508203"	"9"	106484947	-0.76121314	"NoCall"
"SNP_A-1508388"	"9"	106636411	-0.349235441	"NoCall"
"SNP_A-1509619"	"9"	106636565	0.485426827	"AB"
"SNP_A-1519483"	"9"	106689139	2.007195501	"BB"
"SNP_A-1515380"	"9"	106748631	-0.454031631	"AA"
"SNP_A-1513334"	"9"	106807592	1.22342255	"BB"
"SNP_A-1517111"	"9"	106807703	3.106013238	"AA"
"SNP_A-1514091"	"9"	106931860	0.580145484	"AA"
"SNP_A-1514369"	"9"	107050261	0.124328135	"AA"
"SNP_A-1519459"	"9"	107050545	0.244887059	"BB"
"SNP_A-1507829"	"9"	107421763	1.214124805	"BB"
"SNP_A-1510056"	"9"	107768297	-0.929610672	"AB"
"SNP_A-1515776"	"9"	107952629	-1.304006187	"BB"
"SNP_A-1519145"	"9"	108107330	-0.007231569	"BB"
"SNP_A-1519083"	"9"	108107356	0.63691458	"BB"
"SNP_A-1516796"	"9"	108158264	-0.029146346	"BB"
"SNP_A-1511492"	"9"	108235264	1.408711861	"AA"
"SNP_A-1514290"	"9"	108385125	-1.168122759	"NoCall"
"SNP_A-1517216"	"9"	108585540	0.367371066	"AB"
"SNP_A-1519460"	"9"	109074579	-0.483984853	"AA"
"SNP_A-1514083"	"9"	109215218	0.555816155	"AB"
"SNP_A-1508581"	"9"	109780836	0.786596362	"BB"
"SNP_A-1508619"	"9"	109781011	1.711494907	"AA"
"SNP_A-1509752"	"9"	109872650	0.948600847	"BB"
"SNP_A-1514604"	"9"	110101521	0.669026766	"NoCall"
"SNP_A-1514549"	"9"	110101575	1.042644337	"BB"
"SNP_A-1508468"	"9"	110102084	1.994579724	"AB"
"SNP_A-1513081"	"9"	110224637	0.321928095	"AA"
"SNP_A-1512322"	"9"	110471097	1.09085343	"NoCall"
"SNP_A-1508357"	"9"	111701544	1.937344392	"BB"
"SNP_A-1507831"	"9"	111824195	-0.242976753	"BB"
"SNP_A-1509360"	"9"	112118527	0.257010618	"BB"
"SNP_A-1509459"	"9"	112118878	0.077242999	"BB"
"SNP_A-1509507"	"9"	112118936	-0.504304837	"AA"
"SNP_A-1509563"	"9"	112184098	0.843983844	"AA"
"SNP_A-1517221"	"9"	112655375	0.137503524	"AA"
"SNP_A-1516899"	"9"	112770104	1.849999259	"NoCall"
"SNP_A-1510145"	"9"	112878287	1.397802962	"BB"
"SNP_A-1517553"	"9"	112968683	-0.929610672	"BB"
"SNP_A-1517605"	"9"	112968823	-0.798366139	"AB"
"SNP_A-1518583"	"9"	112998719	-0.610433188	"AA"
"SNP_A-1508587"	"9"	113199946	0.182692298	"BB"
"SNP_A-1519312"	"9"	113307925	0.021479727	"AA"
"SNP_A-1514734"	"9"	113345118	-0.286304185	"NoCall"
"SNP_A-1512986"	"9"	113367237	0.232660757	"NoCall"
"SNP_A-1512729"	"9"	113383477	0.570462931	"AA"
"SNP_A-1513701"	"9"	113428386	1.61117238	"AA"
"SNP_A-1514986"	"9"	113455817	-1.029146346	"BB"
"SNP_A-1507506"	"9"	113790622	-0.395928676	"AA"
"SNP_A-1516618"	"9"	113790664	0.40599236	"BB"
"SNP_A-1507647"	"9"	113816585	1.283921772	"AB"
"SNP_A-1511828"	"9"	113821672	0.333423734	"NoCall"
"SNP_A-1515114"	"9"	114020855	-0.943416472	"BB"
"SNP_A-1512146"	"9"	114253129	-0.209227962	"AB"
"SNP_A-1516916"	"9"	114628322	-1.058893689	"BB"
"SNP_A-1516777"	"9"	114811936	0.263034406	"AA"
"SNP_A-1514562"	"9"	114851927	1.160274831	"AA"
"SNP_A-1514611"	"9"	114852315	0.545968369	"BB"
"SNP_A-1514386"	"9"	114892989	1.263034406	"AA"
"SNP_A-1517476"	"9"	114916906	1.121015401	"AA"
"SNP_A-1518849"	"9"	115000720	1.232660757	"AA"
"SNP_A-1510051"	"9"	115243811	1.443606651	"AA"
"SNP_A-1509999"	"9"	115244228	-0.621488377	"AB"
"SNP_A-1512583"	"9"	115814522	0.687060688	"AA"
"SNP_A-1511874"	"9"	115983986	-0.454031631	"BB"
"SNP_A-1509412"	"9"	115984959	0.372952098	"AA"
"SNP_A-1516721"	"9"	116207901	-0.59946207	"NoCall"
"SNP_A-1518906"	"9"	116207927	-1.556393349	"AB"
"SNP_A-1510666"	"9"	116272209	-0.749038426	"AB"
"SNP_A-1510708"	"9"	116272307	-0.689659879	"BB"
"SNP_A-1510796"	"9"	116272435	0.049630768	"NoCall"
"SNP_A-1517804"	"9"	116417798	0.887525271	"NoCall"
"SNP_A-1515567"	"9"	116456994	0.811471031	"BB"
"SNP_A-1510396"	"9"	116654336	0.269033146	"AA"
"SNP_A-1510681"	"9"	116667810	0.49057013	"BB"
"SNP_A-1515961"	"9"	116827663	0.327687364	"AA"
"SNP_A-1515912"	"9"	116827931	0.3950628	"NoCall"
"SNP_A-1510335"	"9"	116911441	0.333423734	"AA"
"SNP_A-1514035"	"9"	116920294	0.416839742	"BB"
"SNP_A-1509798"	"9"	116921267	0.042644337	"AA"
"SNP_A-1516221"	"9"	117575248	-0.577766999	"BB"
"SNP_A-1513954"	"9"	117607234	1.053111336	"AA"
"SNP_A-1518745"	"9"	117620800	0.757023247	"BB"
"SNP_A-1513369"	"9"	117800254	0.86393845	"BB"
"SNP_A-1514672"	"9"	117821396	0.480265122	"BB"
"SNP_A-1514044"	"9"	117937205	-0.415037499	"AA"
"SNP_A-1511991"	"9"	118034032	-0.957355663	"AA"
"SNP_A-1513329"	"9"	118093588	-0.112474729	"AA"
"SNP_A-1512857"	"9"	118120775	-0.340075442	"NoCall"
"SNP_A-1509100"	"9"	118253831	-0.234465254	"BB"
"SNP_A-1514796"	"9"	118324420	1.014355293	"AB"
"SNP_A-1514825"	"9"	118498232	-0.295128036	"NoCall"
"SNP_A-1518612"	"9"	119327730	-0.120294234	"BB"
"SNP_A-1518656"	"9"	119327777	0.500802053	"BB"
"SNP_A-1508301"	"9"	119361393	1.173127433	"AA"
"SNP_A-1517576"	"9"	120294727	0.963474124	"NoCall"
"SNP_A-1512199"	"9"	120541270	1.10433666	"AA"
"SNP_A-1511318"	"9"	120763228	-0.386468347	"BB"
"SNP_A-1516948"	"9"	120823402	-0.17625064	"BB"
"SNP_A-1513879"	"9"	121873307	-0.192645078	"BB"
"SNP_A-1512094"	"9"	123689489	0.070389328	"BB"
"SNP_A-1514404"	"9"	124302136	2.419538892	"AA"
"SNP_A-1511629"	"9"	125938770	1.625270489	"AB"
"SNP_A-1518120"	"9"	127241145	-0.321928095	"AA"
"SNP_A-1508521"	"9"	129239627	0.956056652	"BB"
"SNP_A-1511248"	"9"	129896080	0.10433666	"AA"
"SNP_A-1511200"	"9"	129896217	0.378511623	"AB"
"SNP_A-1507705"	"9"	130308935	-0.330973234	"BB"
"SNP_A-1508471"	"9"	130729322	1.117695043	"BB"
"SNP_A-1508427"	"9"	130729484	0.14404637	"AA"
"SNP_A-1519475"	"9"	130840779	-0.168122759	"NoCall"
"SNP_A-1507968"	"9"	130840991	0.650764559	"NoCall"
"SNP_A-1516363"	"9"	131062949	0.459431619	"AB"
"SNP_A-1512854"	"9"	131804231	1.073820233	"AA"
"SNP_A-1508864"	"9"	131804596	-0.377069649	"AA"
"SNP_A-1511504"	"9"	132020813	3.088311236	"BB"
"SNP_A-1514975"	"9"	132579477	0.416839742	"NoCall"
"SNP_A-1516365"	"9"	133267975	-0.655171503	"BB"
"SNP_A-1514476"	"10"	99698	1.733354341	"AB"
"SNP_A-1515778"	"10"	272677	-1.029146346	"AB"
"SNP_A-1517777"	"10"	1329416	0.541019153	"BB"
"SNP_A-1513537"	"10"	1390204	-1.785875195	"AA"
"SNP_A-1514869"	"10"	1600744	-0.535331733	"AA"
"SNP_A-1514978"	"10"	1600899	-1.621488377	"AB"
"SNP_A-1514931"	"10"	1600959	-1.286304185	"BB"
"SNP_A-1515845"	"10"	2038135	-0.260151897	"NoCall"
"SNP_A-1508909"	"10"	2133986	-1.184424571	"NoCall"
"SNP_A-1509002"	"10"	2134332	0.545968369	"BB"
"SNP_A-1508358"	"10"	2538375	-0.444183845	"AB"
"SNP_A-1516284"	"10"	2559324	0.232660757	"NoCall"
"SNP_A-1514800"	"10"	3459030	-0.295128036	"AA"
"SNP_A-1514762"	"10"	3460070	-0.152003093	"BB"
"SNP_A-1507999"	"10"	3460218	-0.367731785	"AA"
"SNP_A-1517384"	"10"	3939194	0.469885976	"AA"
"SNP_A-1511344"	"10"	4007441	-0.184424571	"NoCall"
"SNP_A-1518950"	"10"	4448108	-1.251538767	"BB"
"SNP_A-1509774"	"10"	4465533	0.163498732	"BB"
"SNP_A-1509813"	"10"	4465571	0.883620816	"BB"
"SNP_A-1515840"	"10"	4764561	0.15704371	"BB"
"SNP_A-1517067"	"10"	5095289	-0.340075442	"AA"
"SNP_A-1517015"	"10"	5095307	-0.17625064	"AB"
"SNP_A-1513796"	"10"	5264680	-0.902389203	"AB"
"SNP_A-1519553"	"10"	6117788	0.627606838	"BB"
"SNP_A-1518081"	"10"	6168316	-0.234465254	"BB"
"SNP_A-1511022"	"10"	6194349	-0.862496476	"AB"
"SNP_A-1519020"	"10"	6216022	-0.251538767	"AA"
"SNP_A-1510157"	"10"	6360216	0.550900665	"AA"
"SNP_A-1512701"	"10"	6867532	0.678071905	"AB"
"SNP_A-1512634"	"10"	6867621	0.526068812	"AB"
"SNP_A-1507427"	"10"	7017549	-0.875671865	"AB"
"SNP_A-1516362"	"10"	7668100	-0.01449957	"AA"
"SNP_A-1514704"	"10"	8051556	0.269033146	"AA"
"SNP_A-1509247"	"10"	8274896	0.207892852	"BB"
"SNP_A-1512616"	"10"	8879851	-0.823677227	"BB"
"SNP_A-1516960"	"10"	8879932	-1	"BB"
"SNP_A-1508046"	"10"	8897740	-0.029146346	"AA"
"SNP_A-1511304"	"10"	9067536	0.150559677	"AA"
"SNP_A-1510112"	"10"	9067782	0.794935663	"BB"
"SNP_A-1514599"	"10"	9423102	0.50589093	"BB"
"SNP_A-1513742"	"10"	9518742	0.521050737	"AA"
"SNP_A-1509961"	"10"	9594066	-1.251538767	"BB"
"SNP_A-1516416"	"10"	10078469	-0.59946207	"AA"
"SNP_A-1512797"	"10"	10152239	-0.192645078	"NoCall"
"SNP_A-1514561"	"10"	10300388	-1.234465254	"AA"
"SNP_A-1511666"	"10"	10502667	0.117695043	"NoCall"
"SNP_A-1515065"	"10"	10525481	-0.689659879	"AA"
"SNP_A-1512522"	"10"	10525838	0.257010618	"BB"
"SNP_A-1509048"	"10"	10525932	-0.251538767	"AA"
"SNP_A-1519645"	"10"	10611752	0.521050737	"AA"
"SNP_A-1515335"	"10"	10628744	-0.209227962	"BB"
"SNP_A-1507528"	"10"	10726619	1.324810603	"NoCall"
"SNP_A-1507474"	"10"	10726664	1.344828497	"BB"
"SNP_A-1513669"	"10"	10916891	1.378511623	"AA"
"SNP_A-1516726"	"10"	10917080	0.432959407	"BB"
"SNP_A-1516885"	"10"	11923870	-0.444183845	"AA"
"SNP_A-1516712"	"10"	12483661	0.063502942	"BB"
"SNP_A-1513564"	"10"	12483709	-0.09696173	"AA"
"SNP_A-1511803"	"10"	12612682	0.510961919	"AB"
"SNP_A-1511824"	"10"	12766309	-0.666576266	"AB"
"SNP_A-1511770"	"10"	12766482	-0.089267338	"AB"
"SNP_A-1508237"	"10"	12938447	0.682573297	"BB"
"SNP_A-1516644"	"10"	13051512	-0.64385619	"BB"
"SNP_A-1517740"	"10"	13253196	-0.943416472	"AA"
"SNP_A-1517729"	"10"	13266072	-0.036525876	"AB"
"SNP_A-1512902"	"10"	13266149	0.339137385	"AB"
"SNP_A-1517190"	"10"	13266161	-1.200912694	"AB"
"SNP_A-1508491"	"10"	13266391	-0.081613766	"AB"
"SNP_A-1519714"	"10"	13751201	-0.160040413	"BB"
"SNP_A-1513986"	"10"	14129641	0.803227036	"AA"
"SNP_A-1511273"	"10"	14129659	0.778208576	"BB"
"SNP_A-1516655"	"10"	14655056	1.153805336	"AB"
"SNP_A-1510688"	"10"	15324589	0.201633861	"AA"
"SNP_A-1510729"	"10"	15324615	0.570462931	"BB"
"SNP_A-1515253"	"10"	16151446	-0.424687669	"NoCall"
"SNP_A-1515212"	"10"	16151485	0.831877241	"AB"
"SNP_A-1508415"	"10"	16236817	0.575312331	"AA"
"SNP_A-1515898"	"10"	16346462	0.070389328	"BB"
"SNP_A-1510462"	"10"	16527381	-1.785875195	"AB"
"SNP_A-1510270"	"10"	16855414	0.056583528	"AB"
"SNP_A-1510322"	"10"	16855438	0.526068812	"NoCall"
"SNP_A-1519204"	"10"	16972923	-0.483984853	"AB"
"SNP_A-1511461"	"10"	17015181	-0.588573754	"BB"
"SNP_A-1511550"	"10"	17015304	0.443606651	"BB"
"SNP_A-1516305"	"10"	17439436	-1.76121314	"AA"
"SNP_A-1517256"	"10"	17729312	-0.655171503	"NoCall"
"SNP_A-1516649"	"10"	18234636	-0.295128036	"BB"
"SNP_A-1507719"	"10"	18270789	-1.120294234	"AB"
"SNP_A-1514467"	"10"	18350100	-0.621488377	"AB"
"SNP_A-1511260"	"10"	18492471	-0.929610672	"BB"
"SNP_A-1511302"	"10"	18492695	0.304511042	"AA"
"SNP_A-1508169"	"10"	19007099	-0.577766999	"AA"
"SNP_A-1518104"	"10"	19129187	-0.4639471	"AB"
"SNP_A-1519524"	"10"	19129241	-1.029146346	"NoCall"
"SNP_A-1519099"	"10"	19129373	-0.902389203	"BB"
"SNP_A-1517208"	"10"	19228852	1.480265122	"AB"
"SNP_A-1507615"	"10"	19373961	-1.043943348	"AB"
"SNP_A-1510265"	"10"	19667857	0.891419187	"AB"
"SNP_A-1512384"	"10"	19890011	1.201633861	"AA"
"SNP_A-1512284"	"10"	19890336	-0.312939312	"AA"
"SNP_A-1510123"	"10"	19943159	0.111031312	"BB"
"SNP_A-1510077"	"10"	19943248	0.948600847	"BB"
"SNP_A-1518572"	"10"	19943807	0.883620816	"NoCall"
"SNP_A-1514092"	"10"	20315249	-0.875671865	"NoCall"
"SNP_A-1511593"	"10"	20321662	0.996388746	"AB"
"SNP_A-1507966"	"10"	20394647	-1.514573173	"NoCall"
"SNP_A-1519034"	"10"	20643847	-0.377069649	"BB"
"SNP_A-1518673"	"10"	20831111	-0.444183845	"AB"
"SNP_A-1518092"	"10"	20831272	-0.567040593	"AA"
"SNP_A-1513416"	"10"	21191958	0.765534746	"NoCall"
"SNP_A-1508765"	"10"	21192203	0.124328135	"BB"
"SNP_A-1516529"	"10"	21256201	-0.64385619	"AA"
"SNP_A-1513799"	"10"	22530131	0.378511623	"AA"
"SNP_A-1515415"	"10"	23351516	0.778208576	"AB"
"SNP_A-1517440"	"10"	23515932	0.989139007	"NoCall"
"SNP_A-1510527"	"10"	23984239	-0.736965594	"AB"
"SNP_A-1518015"	"10"	24208785	-0.621488377	"AB"
"SNP_A-1508831"	"10"	24634266	-0.514573173	"NoCall"
"SNP_A-1507741"	"10"	24772983	-0.17625064	"BB"
"SNP_A-1516151"	"10"	24794399	-1.089267338	"NoCall"
"SNP_A-1512816"	"10"	24855669	1.742006211	"AA"
"SNP_A-1508896"	"10"	25032617	-0.535331733	"AA"
"SNP_A-1508939"	"10"	25032715	-1.836501268	"BB"
"SNP_A-1509482"	"10"	25032741	-0.810966176	"AA"
"SNP_A-1509539"	"10"	25032798	-1.76121314	"BB"
"SNP_A-1517401"	"10"	25059598	-0.836501268	"NoCall"
"SNP_A-1515344"	"10"	25628296	-1.13606155	"AA"
"SNP_A-1516772"	"10"	25710238	-0.545824107	"AB"
"SNP_A-1516624"	"10"	25719351	0.709290636	"AB"
"SNP_A-1508886"	"10"	25857527	-0.444183845	"AB"
"SNP_A-1508931"	"10"	25857587	-0.242976753	"AB"
"SNP_A-1508975"	"10"	25857675	0.560714954	"AB"
"SNP_A-1509069"	"10"	25862314	0.339137385	"AA"
"SNP_A-1509173"	"10"	25862515	0.59454855	"BB"
"SNP_A-1508600"	"10"	25942946	-1.120294234	"AA"
"SNP_A-1508517"	"10"	25943071	-1.556393349	"AB"
"SNP_A-1515690"	"10"	26047077	1.137503524	"BB"
"SNP_A-1514210"	"10"	26096564	0.454175893	"BB"
"SNP_A-1511622"	"10"	26402392	-0.01449957	"AA"
"SNP_A-1509772"	"10"	26647539	0.09085343	"BB"
"SNP_A-1515193"	"10"	28545402	-1.217591435	"BB"
"SNP_A-1512403"	"10"	28847484	-0.689659879	"BB"
"SNP_A-1510549"	"10"	28909085	1.140778656	"BB"
"SNP_A-1511953"	"10"	29030939	0.575312331	"AA"
"SNP_A-1513691"	"10"	29031229	1.063502942	"AA"
"SNP_A-1509912"	"10"	29031693	-0.689659879	"NoCall"
"SNP_A-1509960"	"10"	29031708	-2.395928676	"BB"
"SNP_A-1512686"	"10"	29149054	0.541019153	"BB"
"SNP_A-1517821"	"10"	29201213	-0.200912694	"BB"
"SNP_A-1515566"	"10"	29342215	-0.268816758	"BB"
"SNP_A-1507612"	"10"	29424411	-1.713118852	"AA"
"SNP_A-1507559"	"10"	29424558	-0.152003093	"BB"
"SNP_A-1512821"	"10"	29962118	-0.454031631	"AA"
"SNP_A-1512872"	"10"	29962339	0.09085343	"BB"
"SNP_A-1515570"	"10"	30191195	0.021479727	"BB"
"SNP_A-1515528"	"10"	30191329	0.063502942	"AA"
"SNP_A-1511455"	"10"	30205359	-0.524915117	"BB"
"SNP_A-1518828"	"10"	30244443	-0.40545145	"NoCall"
"SNP_A-1511960"	"10"	30729343	2.061776198	"AB"
"SNP_A-1512552"	"10"	31149281	1.272023189	"AA"
"SNP_A-1512732"	"10"	31592145	0.827819025	"AA"
"SNP_A-1507575"	"10"	31899845	-0.514573173	"AA"
"SNP_A-1512285"	"10"	32168242	-0.749038426	"NoCall"
"SNP_A-1511323"	"10"	32628642	-0.444183845	"AB"
"SNP_A-1516676"	"10"	33032141	0.09085343	"AB"
"SNP_A-1519617"	"10"	33529842	0.963474124	"NoCall"
"SNP_A-1515270"	"10"	33792102	0.124328135	"AB"
"SNP_A-1514842"	"10"	34002638	0.321928095	"AB"
"SNP_A-1516359"	"10"	34108778	-0.112474729	"NoCall"
"SNP_A-1507840"	"10"	34463344	-0.929610672	"BB"
"SNP_A-1509015"	"10"	34466736	0.084064265	"AA"
"SNP_A-1509060"	"10"	34466940	-0.144010303	"BB"
"SNP_A-1512571"	"10"	34467384	0.646162657	"AA"
"SNP_A-1507706"	"10"	34496194	-0.192645078	"BB"
"SNP_A-1513175"	"10"	34635472	0.722466024	"AA"
"SNP_A-1510402"	"10"	34677752	-2.029146346	"BB"
"SNP_A-1508389"	"10"	34690073	-0.226003675	"BB"
"SNP_A-1509062"	"10"	35348975	-0.120294234	"BB"
"SNP_A-1510080"	"10"	36034064	0.280956314	"BB"
"SNP_A-1514438"	"10"	36343524	1.650764559	"NoCall"
"SNP_A-1508332"	"10"	36355942	-0.588573754	"AA"
"SNP_A-1513474"	"10"	36388795	-0.888968688	"BB"
"SNP_A-1510281"	"10"	36852732	0.691534165	"AA"
"SNP_A-1518915"	"10"	36853598	1.773996325	"BB"
"SNP_A-1513836"	"10"	37311820	1.427606173	"BB"
"SNP_A-1512689"	"10"	38046301	-1.168122759	"AA"
"SNP_A-1510541"	"10"	41690817	0.599317794	"BB"
"SNP_A-1512098"	"10"	41711080	0.59454855	"BB"
"SNP_A-1515480"	"10"	42816037	-1.234465254	"AB"
"SNP_A-1511240"	"10"	43053450	0.344828497	"NoCall"
"SNP_A-1510363"	"10"	43296971	-0.007231569	"AA"
"SNP_A-1514778"	"10"	43484976	-0.736965594	"AA"
"SNP_A-1514733"	"10"	43485070	-0.483984853	"BB"
"SNP_A-1510213"	"10"	43542135	-1.286304185	"BB"
"SNP_A-1510164"	"10"	43542313	-1.184424571	"BB"
"SNP_A-1509179"	"10"	43542487	-1.358453971	"BB"
"SNP_A-1514667"	"10"	43997191	-0.689659879	"AA"
"SNP_A-1513276"	"10"	44024704	0.565597176	"AA"
"SNP_A-1509225"	"10"	44683094	-0.395928676	"AB"
"SNP_A-1511054"	"10"	44724819	0.871843649	"AA"
"SNP_A-1516007"	"10"	45104329	-0.268816758	"BB"
"SNP_A-1516493"	"10"	46296908	1.82984956	"BB"
"SNP_A-1514781"	"10"	48891757	-0.415037499	"NoCall"
"SNP_A-1514196"	"10"	48951132	0.627606838	"BB"
"SNP_A-1507887"	"10"	49041447	0.521050737	"AA"
"SNP_A-1519385"	"10"	49128746	-0.823677227	"AB"
"SNP_A-1519292"	"10"	49128841	-1.514573173	"AB"
"SNP_A-1518575"	"10"	49241822	0.454175893	"BB"
"SNP_A-1508563"	"10"	49283484	0.608809243	"AB"
"SNP_A-1508609"	"10"	49283680	0.327687364	"AA"
"SNP_A-1516196"	"10"	49283742	0.718087584	"BB"
"SNP_A-1519691"	"10"	49343172	0.214124805	"AB"
"SNP_A-1508438"	"10"	49424914	0.678071905	"AB"
"SNP_A-1515553"	"10"	49453826	-0.321928095	"AA"
"SNP_A-1509551"	"10"	49485607	0.773996325	"NoCall"
"SNP_A-1511983"	"10"	50055223	-0.434402824	"AB"
"SNP_A-1519101"	"10"	50107350	0.731183242	"AA"
"SNP_A-1508663"	"10"	50229904	-0.567040593	"NoCall"
"SNP_A-1518135"	"10"	50313398	-0.666576266	"BB"
"SNP_A-1516309"	"10"	51149851	0.545968369	"BB"
"SNP_A-1514437"	"10"	51358948	0.298658316	"AB"
"SNP_A-1507696"	"10"	52593169	-0.168122759	"AA"
"SNP_A-1508399"	"10"	52593593	0.510961919	"AB"
"SNP_A-1515229"	"10"	52692651	0.310340121	"AB"
"SNP_A-1513572"	"10"	52918755	-0.434402824	"BB"
"SNP_A-1517374"	"10"	53103490	-0.395928676	"BB"
"SNP_A-1508919"	"10"	53115688	0.03562391	"AA"
"SNP_A-1510217"	"10"	53245475	0.304511042	"BB"
"SNP_A-1517438"	"10"	53288490	0.3950628	"AB"
"SNP_A-1508474"	"10"	53848652	-2	"AB"
"SNP_A-1516868"	"10"	53926560	-0.971430848	"NoCall"
"SNP_A-1508206"	"10"	53933299	-0.089267338	"AA"
"SNP_A-1514789"	"10"	54154971	-0.330973234	"AA"
"SNP_A-1507441"	"10"	54158657	0.014355293	"BB"
"SNP_A-1508684"	"10"	54158802	-0.40545145	"AA"
"SNP_A-1507977"	"10"	54159100	-0.888968688	"AA"
"SNP_A-1507933"	"10"	54159128	-1.377069649	"AA"
"SNP_A-1515565"	"10"	54842187	-0.632628934	"BB"
"SNP_A-1514856"	"10"	55022303	0.411426246	"AB"
"SNP_A-1519403"	"10"	55125734	0.584962501	"AA"
"SNP_A-1519358"	"10"	55125784	0.257010618	"AA"
"SNP_A-1512063"	"10"	55170298	1.66448284	"AA"
"SNP_A-1507844"	"10"	55341364	-0.862496476	"BB"
"SNP_A-1513241"	"10"	55552937	0.257010618	"AA"
"SNP_A-1518862"	"10"	55553339	-0.577766999	"AB"
"SNP_A-1511638"	"10"	55676573	-0.242976753	"AA"
"SNP_A-1511591"	"10"	55676712	-0.514573173	"AA"
"SNP_A-1514633"	"10"	55846896	-0.234465254	"AB"
"SNP_A-1509818"	"10"	55846989	-0.610433188	"BB"
"SNP_A-1510495"	"10"	56242907	1.709290636	"BB"
"SNP_A-1511017"	"10"	56243025	0.859969548	"AA"
"SNP_A-1509022"	"10"	56261240	-1.556393349	"AB"
"SNP_A-1509454"	"10"	56405660	-0.849440323	"AB"
"SNP_A-1516806"	"10"	56584475	0.584962501	"BB"
"SNP_A-1510089"	"10"	56793777	-0.823677227	"NoCall"
"SNP_A-1509944"	"10"	56794085	0.575312331	"AB"
"SNP_A-1511841"	"10"	56815734	0.521050737	"AB"
"SNP_A-1515201"	"10"	57575225	0.389566812	"BB"
"SNP_A-1516571"	"10"	57805678	-0.192645078	"AA"
"SNP_A-1519438"	"10"	57863015	0.056583528	"AA"
"SNP_A-1519487"	"10"	57863069	0.687060688	"AB"
"SNP_A-1510722"	"10"	59182785	-0.234465254	"AA"
"SNP_A-1510765"	"10"	59182970	-0.168122759	"BB"
"SNP_A-1518445"	"10"	59294339	-0.64385619	"AB"
"SNP_A-1515538"	"10"	59612520	-0.02180437	"AA"
"SNP_A-1509519"	"10"	59612873	0.124328135	"BB"
"SNP_A-1509572"	"10"	59613001	-0.377069649	"BB"
"SNP_A-1507469"	"10"	59622092	-0.59946207	"NoCall"
"SNP_A-1507422"	"10"	59622152	-1.043943348	"AB"
"SNP_A-1512255"	"10"	59643080	0.910732662	"AB"
"SNP_A-1507928"	"10"	60233505	-0.242976753	"AB"
"SNP_A-1515732"	"10"	60345806	-0.424687669	"AB"
"SNP_A-1519112"	"10"	60366657	0.613531653	"AB"
"SNP_A-1514834"	"10"	60385335	-0.051399153	"NoCall"
"SNP_A-1517235"	"10"	60660947	-0.13606155	"AA"
"SNP_A-1517285"	"10"	60884005	-0.377069649	"AB"
"SNP_A-1516743"	"10"	60884263	-0.666576266	"AB"
"SNP_A-1511978"	"10"	61070516	0.070389328	"AB"
"SNP_A-1512558"	"10"	61070695	0.117695043	"AB"
"SNP_A-1507932"	"10"	61412051	1.22650853	"BB"
"SNP_A-1512506"	"10"	61476732	-1.666576266	"NoCall"
"SNP_A-1514959"	"10"	61528440	-0.128156351	"AB"
"SNP_A-1507913"	"10"	61667198	-0.386468347	"AB"
"SNP_A-1514961"	"10"	61667221	-0.260151897	"AB"
"SNP_A-1517617"	"10"	61726027	0.275007047	"AB"
"SNP_A-1510481"	"10"	61726120	-0.104697379	"AA"
"SNP_A-1512619"	"10"	61863632	0	"AB"
"SNP_A-1514970"	"10"	61893277	0.560714954	"NoCall"
"SNP_A-1510264"	"10"	62408160	-0.985644707	"AB"
"SNP_A-1513947"	"10"	62609086	-0.260151897	"BB"
"SNP_A-1510376"	"10"	62832047	-0.514573173	"NoCall"
"SNP_A-1510852"	"10"	62908851	0.316145742	"AB"
"SNP_A-1518001"	"10"	63558885	-0.785875195	"BB"
"SNP_A-1511661"	"10"	63576498	0.599317794	"NoCall"
"SNP_A-1511616"	"10"	63576645	1.815575429	"AB"
"SNP_A-1514499"	"10"	63683449	-0.089267338	"AB"
"SNP_A-1519278"	"10"	63771561	-1.01449957	"NoCall"
"SNP_A-1517813"	"10"	64012007	-0.160040413	"AB"
"SNP_A-1508372"	"10"	64046400	-0.524915117	"AB"
"SNP_A-1511582"	"10"	64938164	0.761285273	"AB"
"SNP_A-1511628"	"10"	64938226	0.914564523	"AB"
"SNP_A-1508736"	"10"	64938384	1.63691458	"AB"
"SNP_A-1508782"	"10"	64938569	-0.168122759	"AB"
"SNP_A-1519088"	"10"	65625393	0.565597176	"BB"
"SNP_A-1510084"	"10"	65814980	-0.330973234	"BB"
"SNP_A-1510732"	"10"	65839261	1.469885976	"AA"
"SNP_A-1517997"	"10"	65939268	-0.349235441	"BB"
"SNP_A-1518945"	"10"	66499249	0.007195501	"BB"
"SNP_A-1518258"	"10"	66601926	0.422233001	"AB"
"SNP_A-1515245"	"10"	66978553	-0.545824107	"AA"
"SNP_A-1516551"	"10"	67037762	0.86393845	"AA"
"SNP_A-1508234"	"10"	67066083	-0.268816758	"AA"
"SNP_A-1517410"	"10"	67322495	0.042644337	"BB"
"SNP_A-1515928"	"10"	67322953	0.521050737	"AA"
"SNP_A-1512186"	"10"	67564465	-0.736965594	"AB"
"SNP_A-1512244"	"10"	67564582	-0.736965594	"AB"
"SNP_A-1511066"	"10"	67787899	1.56315813	"AB"
"SNP_A-1512309"	"10"	67788916	0.521050737	"BB"
"SNP_A-1514522"	"10"	68099510	-1.454031631	"BB"
"SNP_A-1508058"	"10"	68144217	0.361768359	"AB"
"SNP_A-1508115"	"10"	68144608	0.704871964	"AB"
"SNP_A-1514381"	"10"	68180841	2.372952098	"AA"
"SNP_A-1514324"	"10"	68180908	2.09592442	"NoCall"
"SNP_A-1514852"	"10"	68214258	-0.120294234	"AB"
"SNP_A-1514769"	"10"	68226675	-0.358453971	"NoCall"
"SNP_A-1513490"	"10"	68753407	-1.152003093	"BB"
"SNP_A-1509245"	"10"	68755566	-0.043943348	"BB"
"SNP_A-1515697"	"10"	69392042	-0.736965594	"AB"
"SNP_A-1519347"	"10"	70715732	1.367371066	"AA"
"SNP_A-1518740"	"10"	70716017	0.655351829	"BB"
"SNP_A-1513431"	"10"	71081087	0.014355293	"AB"
"SNP_A-1512629"	"10"	71081668	-0.09696173	"AB"
"SNP_A-1517430"	"10"	72056306	-0.902389203	"BB"
"SNP_A-1515662"	"10"	72672658	-0.701341684	"BB"
"SNP_A-1509901"	"10"	73989160	-0.286304185	"BB"
"SNP_A-1508929"	"10"	74267230	0.292781749	"NoCall"
"SNP_A-1508973"	"10"	74267351	-0.736965594	"BB"
"SNP_A-1515370"	"10"	74731560	0.575312331	"BB"
"SNP_A-1513939"	"10"	75462713	-0.655171503	"AA"
"SNP_A-1516878"	"10"	75962082	-0.217591435	"AB"
"SNP_A-1508785"	"10"	76305935	-1.888968688	"AA"
"SNP_A-1512180"	"10"	76456903	0.599317794	"BB"
"SNP_A-1511856"	"10"	76669860	-0.655171503	"AB"
"SNP_A-1509303"	"10"	76690666	1.032100843	"AB"
"SNP_A-1517439"	"10"	77232097	-1.689659879	"AA"
"SNP_A-1517127"	"10"	77462532	1.316145742	"AB"
"SNP_A-1515842"	"10"	77585021	0.286881148	"AB"
"SNP_A-1519365"	"10"	77808089	0.521050737	"BB"
"SNP_A-1518561"	"10"	77808413	-0.915935735	"NoCall"
"SNP_A-1512874"	"10"	77852086	0.15704371	"AA"
"SNP_A-1516837"	"10"	78089124	0.298658316	"AA"
"SNP_A-1513335"	"10"	78109131	0.565597176	"BB"
"SNP_A-1507927"	"10"	78360542	0.220329955	"NoCall"
"SNP_A-1509476"	"10"	78387800	0.207892852	"AA"
"SNP_A-1509583"	"10"	78387967	-0.902389203	"AA"
"SNP_A-1509533"	"10"	78388102	-0.836501268	"AA"
"SNP_A-1511916"	"10"	78488285	0.257010618	"BB"
"SNP_A-1509306"	"10"	78561442	-0.545824107	"AA"
"SNP_A-1513648"	"10"	78723161	-0.798366139	"AB"
"SNP_A-1508501"	"10"	78751383	0.344828497	"AB"
"SNP_A-1509696"	"10"	78751573	-0.112474729	"NoCall"
"SNP_A-1512613"	"10"	79298885	-0.888968688	"NoCall"
"SNP_A-1511408"	"10"	79490038	-0.545824107	"AA"
"SNP_A-1515500"	"10"	79554113	-0.268816758	"AB"
"SNP_A-1511595"	"10"	79593358	1.153805336	"AA"
"SNP_A-1508764"	"10"	80143576	1.709290636	"AA"
"SNP_A-1510190"	"10"	80147481	1.304511042	"BB"
"SNP_A-1512526"	"10"	80195860	-0.051399153	"AB"
"SNP_A-1516537"	"10"	80392761	0.372952098	"AB"
"SNP_A-1515221"	"10"	81373321	-0.242976753	"AB"
"SNP_A-1511352"	"10"	81562690	0.526068812	"BB"
"SNP_A-1511312"	"10"	81562772	1.364572432	"BB"
"SNP_A-1508432"	"10"	82009253	-0.074000581	"AB"
"SNP_A-1508384"	"10"	82009337	-0.701341684	"AB"
"SNP_A-1508339"	"10"	82009374	-0.678071905	"AB"
"SNP_A-1512731"	"10"	82170338	1.214124805	"NoCall"
"SNP_A-1518975"	"10"	82170390	1.464668267	"AB"
"SNP_A-1518675"	"10"	82411063	-0.395928676	"AB"
"SNP_A-1516444"	"10"	82799011	-0.749038426	"NoCall"
"SNP_A-1516399"	"10"	82799062	-0.209227962	"NoCall"
"SNP_A-1513174"	"10"	82913820	0.659924558	"AB"
"SNP_A-1516202"	"10"	83198885	-0.556393349	"BB"
"SNP_A-1518028"	"10"	83421776	1.207892852	"AB"
"SNP_A-1509038"	"10"	83696467	-0.340075442	"NoCall"
"SNP_A-1513394"	"10"	83713319	-1.043943348	"AB"
"SNP_A-1516738"	"10"	84224152	-0.689659879	"AA"
"SNP_A-1510989"	"10"	84250285	0.555816155	"AB"
"SNP_A-1508624"	"10"	84314048	-0.713118852	"AB"
"SNP_A-1516605"	"10"	84330658	0.555816155	"AA"
"SNP_A-1513070"	"10"	84331354	-1.304006187	"AB"
"SNP_A-1514114"	"10"	84461819	0.13093087	"AB"
"SNP_A-1515875"	"10"	84604456	-0.836501268	"BB"
"SNP_A-1511839"	"10"	84963767	0.244887059	"AB"
"SNP_A-1518762"	"10"	85126684	0.604071324	"NoCall"
"SNP_A-1519708"	"10"	86356900	0.944858446	"AA"
"SNP_A-1519701"	"10"	86479083	-0.713118852	"NoCall"
"SNP_A-1510406"	"10"	86524650	-0.785875195	"NoCall"
"SNP_A-1510085"	"10"	86628696	0.89917563	"BB"
"SNP_A-1516235"	"10"	86671041	-0.64385619	"BB"
"SNP_A-1515558"	"10"	86880037	-1.029146346	"AB"
"SNP_A-1515520"	"10"	86880214	-1.59946207	"BB"
"SNP_A-1508964"	"10"	86936748	0.389566812	"AB"
"SNP_A-1512750"	"10"	87268028	-0.089267338	"BB"
"SNP_A-1511027"	"10"	87382218	-1.971430848	"BB"
"SNP_A-1514231"	"10"	87765119	0.432959407	"NoCall"
"SNP_A-1508742"	"10"	87765968	-0.268816758	"AB"
"SNP_A-1513235"	"10"	89623659	-0.915935735	"NoCall"
"SNP_A-1510459"	"10"	89711456	0.803227036	"BB"
"SNP_A-1508121"	"10"	89942957	0.459431619	"AA"
"SNP_A-1510595"	"10"	90082076	-0.749038426	"AA"
"SNP_A-1510552"	"10"	90082124	0.182692298	"NoCall"
"SNP_A-1518661"	"10"	90438071	0.641546029	"AA"
"SNP_A-1511369"	"10"	90656681	-1.043943348	"AA"
"SNP_A-1508154"	"10"	90656781	-1.234465254	"BB"
"SNP_A-1519517"	"10"	91060005	1.924099886	"AB"
"SNP_A-1509995"	"10"	91176036	0.485426827	"AB"
"SNP_A-1509018"	"10"	91182816	-0.036525876	"NoCall"
"SNP_A-1517877"	"10"	91290648	0.298658316	"AB"
"SNP_A-1507567"	"10"	91683415	-0.434402824	"NoCall"
"SNP_A-1515007"	"10"	91694802	0.416839742	"NoCall"
"SNP_A-1513124"	"10"	91827040	0.761285273	"AA"
"SNP_A-1515488"	"10"	92087530	0.475084883	"AA"
"SNP_A-1509478"	"10"	92099311	0.739848103	"AA"
"SNP_A-1516392"	"10"	92099534	1.577730931	"AA"
"SNP_A-1511227"	"10"	92682622	1.378511623	"BB"
"SNP_A-1511600"	"10"	93029981	0.443606651	"AB"
"SNP_A-1511112"	"10"	93030021	-0.483984853	"AB"
"SNP_A-1512789"	"10"	93112136	-0.588573754	"AB"
"SNP_A-1511103"	"10"	93241718	0.411426246	"AA"
"SNP_A-1518659"	"10"	93466559	-0.120294234	"BB"
"SNP_A-1518617"	"10"	93466799	-0.184424571	"AA"
"SNP_A-1517908"	"10"	93984569	0.773996325	"BB"
"SNP_A-1511468"	"10"	94242921	0.372952098	"AB"
"SNP_A-1519073"	"10"	94418728	-0.304006187	"BB"
"SNP_A-1508465"	"10"	94418837	-0.386468347	"NoCall"
"SNP_A-1519515"	"10"	94680140	-1.01449957	"AB"
"SNP_A-1514419"	"10"	94816209	-0.029146346	"BB"
"SNP_A-1514654"	"10"	94927084	-0.395928676	"BB"
"SNP_A-1519566"	"10"	95039056	-2	"AA"
"SNP_A-1518479"	"10"	95045955	-0.862496476	"AA"
"SNP_A-1517192"	"10"	95062341	-0.036525876	"AB"
"SNP_A-1516181"	"10"	95069995	-0.655171503	"AA"
"SNP_A-1513785"	"10"	95070011	-1.321928095	"AA"
"SNP_A-1512485"	"10"	95123854	0.201633861	"AA"
"SNP_A-1516433"	"10"	95124404	0	"BB"
"SNP_A-1510596"	"10"	95267384	-1.089267338	"NoCall"
"SNP_A-1515999"	"10"	96094558	-0.144010303	"AA"
"SNP_A-1513821"	"10"	96159819	0.263034406	"AA"
"SNP_A-1517246"	"10"	96239656	0.176322773	"BB"
"SNP_A-1518330"	"10"	96475597	-0.386468347	"AB"
"SNP_A-1511400"	"10"	96735248	0.641546029	"AA"
"SNP_A-1511362"	"10"	96735281	0.321928095	"AB"
"SNP_A-1511327"	"10"	96735296	-0.424687669	"NoCall"
"SNP_A-1510816"	"10"	96735647	0.280956314	"AB"
"SNP_A-1515633"	"10"	96770616	0.82374936	"NoCall"
"SNP_A-1515679"	"10"	96770752	-0.444183845	"NoCall"
"SNP_A-1515299"	"10"	96938228	1.35614381	"BB"
"SNP_A-1510068"	"10"	97151949	0.250961574	"BB"
"SNP_A-1507648"	"10"	97479062	-0.277533976	"BB"
"SNP_A-1508342"	"10"	98646501	-0.234465254	"AA"
"SNP_A-1519245"	"10"	98856522	0.176322773	"BB"
"SNP_A-1507681"	"10"	99222897	0.23878686	"NoCall"
"SNP_A-1515631"	"10"	99941768	0.280956314	"BB"
"SNP_A-1512288"	"10"	100048606	-0.367731785	"AA"
"SNP_A-1511001"	"10"	100100541	-0.152003093	"BB"
"SNP_A-1518148"	"10"	100834787	0.438292852	"AA"
"SNP_A-1509147"	"10"	101421612	0.875780063	"AA"
"SNP_A-1509294"	"10"	101432312	-0.321928095	"BB"
"SNP_A-1509920"	"10"	102313339	-1.810966176	"BB"
"SNP_A-1510011"	"10"	102313371	-1.029146346	"NoCall"
"SNP_A-1513227"	"10"	102754485	0.744161096	"AB"
"SNP_A-1517032"	"10"	103946747	-0.074000581	"AA"
"SNP_A-1516228"	"10"	104506174	-0.701341684	"NoCall"
"SNP_A-1517122"	"10"	105509814	-0.76121314	"NoCall"
"SNP_A-1513491"	"10"	105934993	-0.59946207	"BB"
"SNP_A-1511896"	"10"	106238788	-0.849440323	"AB"
"SNP_A-1514205"	"10"	106300265	-0.209227962	"AB"
"SNP_A-1514162"	"10"	106300383	-0.77349147	"AB"
"SNP_A-1514118"	"10"	106300584	-0.444183845	"AB"
"SNP_A-1509655"	"10"	106414844	-0.081613766	"BB"
"SNP_A-1517206"	"10"	106508011	0.007195501	"NoCall"
"SNP_A-1513112"	"10"	106571245	-1.340075442	"AB"
"SNP_A-1510563"	"10"	107427820	-0.556393349	"AB"
"SNP_A-1515109"	"10"	107861715	0.097610797	"AA"
"SNP_A-1517822"	"10"	107976283	0.835924074	"BB"
"SNP_A-1510638"	"10"	108124740	0.169925001	"AA"
"SNP_A-1518341"	"10"	108459962	0.575312331	"AA"
"SNP_A-1514346"	"10"	108767054	-0.798366139	"AA"
"SNP_A-1513618"	"10"	108778382	0.372952098	"BB"
"SNP_A-1519246"	"10"	108778645	0.350497247	"BB"
"SNP_A-1507548"	"10"	108813357	-0.701341684	"AA"
"SNP_A-1507589"	"10"	108813436	-0.074000581	"BB"
"SNP_A-1510408"	"10"	108905216	-0.192645078	"AA"
"SNP_A-1510401"	"10"	108936274	0.748461233	"AB"
"SNP_A-1512311"	"10"	109101028	-0.424687669	"BB"
"SNP_A-1516890"	"10"	109203795	0.23878686	"AB"
"SNP_A-1507924"	"10"	109273887	1.150559677	"BB"
"SNP_A-1509760"	"10"	109656018	-0.632628934	"BB"
"SNP_A-1511264"	"10"	109871640	-0.358453971	"BB"
"SNP_A-1509146"	"10"	109871870	0.599317794	"AA"
"SNP_A-1515919"	"10"	109906654	1.195347598	"BB"
"SNP_A-1518310"	"10"	109946399	-0.588573754	"BB"
"SNP_A-1508589"	"10"	110055156	0.883620816	"AB"
"SNP_A-1515096"	"10"	110115925	-0.76121314	"BB"
"SNP_A-1516130"	"10"	110479115	-0.295128036	"NoCall"
"SNP_A-1518937"	"10"	110766017	-0.074000581	"AA"
"SNP_A-1507870"	"10"	110766092	-0.386468347	"NoCall"
"SNP_A-1512992"	"10"	111012856	1.641546029	"BB"
"SNP_A-1509151"	"10"	111103695	-0.09696173	"AA"
"SNP_A-1508205"	"10"	111132993	-0.209227962	"AA"
"SNP_A-1508149"	"10"	111133274	0.464668267	"BB"
"SNP_A-1516706"	"10"	111197753	-2.395928676	"BB"
"SNP_A-1510237"	"10"	112250383	0.333423734	"BB"
"SNP_A-1513549"	"10"	112954887	-0.312939312	"AB"
"SNP_A-1512306"	"10"	112964774	1.12763328	"BB"
"SNP_A-1517602"	"10"	113202775	-1.473931188	"BB"
"SNP_A-1508305"	"10"	113233667	-1.514573173	"BB"
"SNP_A-1512632"	"10"	113276156	0.794935663	"BB"
"SNP_A-1510039"	"10"	113717504	-0.701341684	"BB"
"SNP_A-1514134"	"10"	113718133	0.124328135	"AB"
"SNP_A-1513380"	"10"	113747859	-0.76121314	"BB"
"SNP_A-1518381"	"10"	113797232	1.107687869	"AA"
"SNP_A-1515831"	"10"	113853718	-0.01449957	"NoCall"
"SNP_A-1512885"	"10"	114511353	-0.724992953	"NoCall"
"SNP_A-1510556"	"10"	114763004	0.137503524	"NoCall"
"SNP_A-1517068"	"10"	114923693	0.416839742	"BB"
"SNP_A-1509928"	"10"	115008287	1.021479727	"AA"
"SNP_A-1509800"	"10"	115008418	1.477677328	"BB"
"SNP_A-1509250"	"10"	115008439	0.914564523	"BB"
"SNP_A-1514827"	"10"	115094837	0.063502942	"BB"
"SNP_A-1510761"	"10"	115195884	0.124328135	"NoCall"
"SNP_A-1519583"	"10"	115371908	0.678071905	"AA"
"SNP_A-1514518"	"10"	115394846	0.49057013	"AA"
"SNP_A-1507722"	"10"	115869363	-1.058893689	"AA"
"SNP_A-1514245"	"10"	116126009	-1.168122759	"BB"
"SNP_A-1519086"	"10"	116985107	0.443606651	"BB"
"SNP_A-1512337"	"10"	117242582	0.372952098	"AB"
"SNP_A-1516461"	"10"	117276835	-1.184424571	"AB"
"SNP_A-1515035"	"10"	117652715	0.778208576	"BB"
"SNP_A-1509651"	"10"	118268773	0.063502942	"BB"
"SNP_A-1518410"	"10"	118682618	-0.59946207	"AA"
"SNP_A-1510554"	"10"	118689089	0.049630768	"BB"
"SNP_A-1507892"	"10"	118932795	0.007195501	"NoCall"
"SNP_A-1509518"	"10"	118933014	0.163498732	"AB"
"SNP_A-1519093"	"10"	119256670	-0.043943348	"AA"
"SNP_A-1511805"	"10"	119318615	0.084064265	"AA"
"SNP_A-1512395"	"10"	119421433	0.59454855	"BB"
"SNP_A-1512936"	"10"	119764201	-0.713118852	"AA"
"SNP_A-1515427"	"10"	119775136	0.933572638	"AB"
"SNP_A-1511521"	"10"	120089378	-0.340075442	"AA"
"SNP_A-1517926"	"10"	120254290	0.454175893	"AB"
"SNP_A-1508492"	"10"	120497262	0.111031312	"NoCall"
"SNP_A-1508400"	"10"	120497459	-0.395928676	"BB"
"SNP_A-1515639"	"10"	120796779	0.3950628	"NoCall"
"SNP_A-1517704"	"10"	121437657	0.169925001	"AB"
"SNP_A-1515145"	"10"	121492422	-0.736965594	"AB"
"SNP_A-1518716"	"10"	121667176	0.454175893	"NoCall"
"SNP_A-1515195"	"10"	121928787	-0.862496476	"AB"
"SNP_A-1511942"	"10"	121929866	0.028569152	"AA"
"SNP_A-1511982"	"10"	121929912	0.070389328	"BB"
"SNP_A-1519134"	"10"	122805717	-0.242976753	"AA"
"SNP_A-1511998"	"10"	122866370	-0.64385619	"BB"
"SNP_A-1510218"	"10"	122866541	0.298658316	"AB"
"SNP_A-1507983"	"10"	123075932	1.737686761	"BB"
"SNP_A-1518157"	"10"	123326309	0.344828497	"AA"
"SNP_A-1512332"	"10"	123527592	0.855989697	"AA"
"SNP_A-1511229"	"10"	123739478	-0.504304837	"AA"
"SNP_A-1514554"	"10"	123882116	-1	"BB"
"SNP_A-1510075"	"10"	123926928	0.084064265	"AB"
"SNP_A-1518722"	"10"	123995678	0.333423734	"BB"
"SNP_A-1511094"	"10"	124055627	-0.655171503	"AA"
"SNP_A-1510456"	"10"	124404638	0.137503524	"AA"
"SNP_A-1513909"	"10"	124532055	-0.434402824	"BB"
"SNP_A-1518570"	"10"	126313429	0.14404637	"BB"
"SNP_A-1518457"	"10"	126313549	-0.535331733	"AA"
"SNP_A-1518503"	"10"	126313738	-0.184424571	"BB"
"SNP_A-1518256"	"10"	126578642	0.687060688	"AB"
"SNP_A-1516559"	"10"	127342178	0.263034406	"BB"
"SNP_A-1516702"	"10"	127342469	0.531069493	"BB"
"SNP_A-1516748"	"10"	127342510	-0.358453971	"BB"
"SNP_A-1508448"	"10"	127856917	0.310340121	"AB"
"SNP_A-1512755"	"10"	127857285	-1.340075442	"BB"
"SNP_A-1512691"	"10"	127857344	-0.556393349	"BB"
"SNP_A-1512983"	"10"	127981031	-0.367731785	"AA"
"SNP_A-1513034"	"10"	127981212	0.718087584	"BB"
"SNP_A-1512833"	"10"	128723539	-0.836501268	"AA"
"SNP_A-1511649"	"10"	128756300	-3.321928095	"AA"
"SNP_A-1511860"	"10"	128777433	-0.632628934	"AB"
"SNP_A-1508838"	"10"	128828852	-0.226003675	"BB"
"SNP_A-1516428"	"10"	129166693	0.367371066	"AB"
"SNP_A-1519408"	"10"	129379317	-0.577766999	"AA"
"SNP_A-1510872"	"10"	129673455	0.883620816	"AA"
"SNP_A-1509120"	"10"	129673541	0.769771739	"BB"
"SNP_A-1519461"	"10"	129724526	-0.349235441	"AA"
"SNP_A-1519667"	"10"	130374606	-0.304006187	"AA"
"SNP_A-1519707"	"10"	130374789	0.10433666	"BB"
"SNP_A-1517717"	"10"	130702443	0.339137385	"BB"
"SNP_A-1514816"	"10"	131618301	-0.849440323	"AB"
"SNP_A-1507737"	"10"	132054567	-1.251538767	"BB"
"SNP_A-1513426"	"10"	132059055	-2.184424571	"NoCall"
"SNP_A-1511843"	"10"	132144849	0.13093087	"AA"
"SNP_A-1519159"	"10"	132144878	-0.473931188	"AB"
"SNP_A-1519104"	"10"	132145048	-0.713118852	"AB"
"SNP_A-1511092"	"10"	132211049	0.063502942	"AA"
"SNP_A-1508571"	"10"	132211053	-0.588573754	"NoCall"
"SNP_A-1515602"	"10"	132211337	0.014355293	"BB"
"SNP_A-1507633"	"10"	132220815	0.310340121	"NoCall"
"SNP_A-1508218"	"10"	132221348	0.063502942	"BB"
"SNP_A-1509542"	"10"	133377179	-0.304006187	"AB"
"SNP_A-1514183"	"11"	2580839	0.895302621	"AA"
"SNP_A-1518860"	"11"	2753371	-0.066427362	"BB"
"SNP_A-1517952"	"11"	3965637	0.049630768	"AA"
"SNP_A-1514544"	"11"	4093154	-0.112474729	"AA"
"SNP_A-1516701"	"11"	4104287	-0.074000581	"AA"
"SNP_A-1516745"	"11"	4104538	-0.02180437	"AA"
"SNP_A-1516986"	"11"	4196936	-0.386468347	"AB"
"SNP_A-1516797"	"11"	4541382	1.03562391	"AB"
"SNP_A-1512103"	"11"	5224885	0.214124805	"BB"
"SNP_A-1512528"	"11"	5391413	-0.242976753	"BB"
"SNP_A-1512467"	"11"	5391427	-0.49410907	"BB"
"SNP_A-1511479"	"11"	5391531	-0.862496476	"AA"
"SNP_A-1512419"	"11"	5391743	-0.957355663	"BB"
"SNP_A-1512366"	"11"	5391764	-0.545824107	"BB"
"SNP_A-1513396"	"11"	5420238	1.316145742	"BB"
"SNP_A-1519269"	"11"	5435025	0.803227036	"AA"
"SNP_A-1514902"	"11"	5503448	-1.713118852	"NoCall"
"SNP_A-1514359"	"11"	5508821	-1.666576266	"BB"
"SNP_A-1513109"	"11"	5543301	0.372952098	"BB"
"SNP_A-1519499"	"11"	5821811	-0.286304185	"AB"
"SNP_A-1512843"	"11"	6546821	0.613531653	"AB"
"SNP_A-1517766"	"11"	6691777	0.757023247	"AB"
"SNP_A-1510618"	"11"	6691882	-0.209227962	"AB"
"SNP_A-1519458"	"11"	6795092	-0.152003093	"AB"
"SNP_A-1517803"	"11"	6900311	-1.340075442	"BB"
"SNP_A-1509311"	"11"	7021146	0.963474124	"BB"
"SNP_A-1511081"	"11"	7362108	-0.120294234	"NoCall"
"SNP_A-1509380"	"11"	7711119	0.339137385	"AB"
"SNP_A-1517447"	"11"	7740171	-0.377069649	"NoCall"
"SNP_A-1516794"	"11"	7740218	1.007195501	"BB"
"SNP_A-1513464"	"11"	8430272	-0.144010303	"NoCall"
"SNP_A-1508300"	"11"	8468052	0.150559677	"AB"
"SNP_A-1516946"	"11"	9737826	-0.058893689	"AB"
"SNP_A-1516887"	"11"	9737877	-1.434402824	"AA"
"SNP_A-1519169"	"11"	10206509	-0.567040593	"AB"
"SNP_A-1516732"	"11"	10649893	-0.434402824	"AB"
"SNP_A-1512493"	"11"	10756292	0.744161096	"BB"
"SNP_A-1507395"	"11"	10770181	-1.286304185	"NoCall"
"SNP_A-1517144"	"11"	10801939	1.250961574	"NoCall"
"SNP_A-1508668"	"11"	10913354	-2.152003093	"AA"
"SNP_A-1509079"	"11"	11012699	0.263034406	"AA"
"SNP_A-1515544"	"11"	11073701	-1.377069649	"BB"
"SNP_A-1517849"	"11"	11116629	-0.029146346	"AB"
"SNP_A-1517795"	"11"	11116737	-0.749038426	"AA"
"SNP_A-1515895"	"11"	11150274	-0.514573173	"AB"
"SNP_A-1512855"	"11"	11343569	1.010779839	"AB"
"SNP_A-1518599"	"11"	11734173	1.056583528	"AB"
"SNP_A-1515162"	"11"	11773854	0.815575429	"AB"
"SNP_A-1509761"	"11"	11981470	1.163498732	"AA"
"SNP_A-1508153"	"11"	12065473	-0.4639471	"BB"
"SNP_A-1507570"	"11"	12091788	-0.785875195	"AB"
"SNP_A-1515764"	"11"	12193163	0.244887059	"AB"
"SNP_A-1515722"	"11"	12193425	0.541019153	"AA"
"SNP_A-1514011"	"11"	12836465	-0.902389203	"AA"
"SNP_A-1515918"	"11"	13159772	-0.043943348	"BB"
"SNP_A-1511155"	"11"	13721963	0.659924558	"BB"
"SNP_A-1518632"	"11"	13893144	0.438292852	"BB"
"SNP_A-1518221"	"11"	14892576	-0.577766999	"AA"
"SNP_A-1509177"	"11"	15065579	-1.01449957	"BB"
"SNP_A-1510508"	"11"	15190496	-1.340075442	"AB"
"SNP_A-1510555"	"11"	15190585	-0.089267338	"AB"
"SNP_A-1510670"	"11"	15251091	0.22650853	"BB"
"SNP_A-1511319"	"11"	15297581	-0.304006187	"AB"
"SNP_A-1510799"	"11"	15297740	-0.184424571	"AB"
"SNP_A-1513020"	"11"	15647144	1.451540833	"AA"
"SNP_A-1519085"	"11"	15938698	-0.823677227	"AA"
"SNP_A-1513548"	"11"	15949724	-0.943416472	"BB"
"SNP_A-1510635"	"11"	16158486	0.807354922	"BB"
"SNP_A-1511955"	"11"	16850791	0.531069493	"BB"
"SNP_A-1510009"	"11"	17437455	-1.089267338	"NoCall"
"SNP_A-1508469"	"11"	17577085	-0.64385619	"BB"
"SNP_A-1511340"	"11"	17912846	-0.902389203	"BB"
"SNP_A-1514328"	"11"	17971147	-1.713118852	"AA"
"SNP_A-1519477"	"11"	18055836	-0.395928676	"NoCall"
"SNP_A-1519526"	"11"	18056106	0.500802053	"BB"
"SNP_A-1510773"	"11"	18100306	1.3305584	"BB"
"SNP_A-1509740"	"11"	18508162	0.613531653	"AA"
"SNP_A-1515620"	"11"	18985730	1.339137385	"AB"
"SNP_A-1517514"	"11"	19177035	-0.666576266	"AB"
"SNP_A-1517398"	"11"	19387257	0.475084883	"NoCall"
"SNP_A-1517505"	"11"	19387426	1.50589093	"AA"
"SNP_A-1518272"	"11"	19451926	-0.454031631	"AB"
"SNP_A-1507430"	"11"	19530078	0.207892852	"AB"
"SNP_A-1512461"	"11"	19596448	0.678071905	"BB"
"SNP_A-1511350"	"11"	19633653	-0.454031631	"NoCall"
"SNP_A-1518054"	"11"	19742024	0.150559677	"BB"
"SNP_A-1513103"	"11"	19742105	0.03562391	"AA"
"SNP_A-1510135"	"11"	19894744	-1.01449957	"NoCall"
"SNP_A-1517425"	"11"	19920736	-2.785875195	"AA"
"SNP_A-1514139"	"11"	19920902	-1.377069649	"AB"
"SNP_A-1517486"	"11"	19921099	-1.473931188	"AA"
"SNP_A-1514934"	"11"	20044296	-0.128156351	"AA"
"SNP_A-1518165"	"11"	20647459	-0.514573173	"AB"
"SNP_A-1511592"	"11"	20665084	-0.621488377	"BB"
"SNP_A-1507864"	"11"	20942921	-0.514573173	"AB"
"SNP_A-1509012"	"11"	21265652	-1.395928676	"AA"
"SNP_A-1510313"	"11"	21445105	0.589763487	"AB"
"SNP_A-1512472"	"11"	21650621	0.3950628	"BB"
"SNP_A-1514189"	"11"	21716867	-0.217591435	"AB"
"SNP_A-1514795"	"11"	21716975	-0.367731785	"NoCall"
"SNP_A-1514713"	"11"	21717052	-0.029146346	"NoCall"
"SNP_A-1515178"	"11"	22031571	0.03562391	"AA"
"SNP_A-1516785"	"11"	22357433	-0.367731785	"AB"
"SNP_A-1511480"	"11"	22382529	-0.76121314	"AB"
"SNP_A-1513117"	"11"	22382689	-1.200912694	"AA"
"SNP_A-1511529"	"11"	22382879	0.333423734	"AB"
"SNP_A-1512371"	"11"	22541127	1.763411574	"BB"
"SNP_A-1508343"	"11"	22802550	-1.058893689	"AA"
"SNP_A-1519273"	"11"	22886999	1.849999259	"AB"
"SNP_A-1519210"	"11"	22887152	0.89917563	"AB"
"SNP_A-1518215"	"11"	23047368	-0.226003675	"BB"
"SNP_A-1518271"	"11"	23047525	1.124328135	"AA"
"SNP_A-1507513"	"11"	23375113	1.275007047	"NoCall"
"SNP_A-1507695"	"11"	23549695	1.313245852	"AA"
"SNP_A-1515748"	"11"	23910398	-0.128156351	"AA"
"SNP_A-1513952"	"11"	24034743	0.389566812	"BB"
"SNP_A-1508814"	"11"	24358213	0.66448284	"AB"
"SNP_A-1514335"	"11"	24512715	0.516015147	"NoCall"
"SNP_A-1512573"	"11"	25145757	-1.13606155	"AA"
"SNP_A-1516492"	"11"	25345977	0.389566812	"BB"
"SNP_A-1508821"	"11"	25644324	0.480265122	"AB"
"SNP_A-1514806"	"11"	25967661	0.298658316	"AA"
"SNP_A-1510544"	"11"	26020476	-0.226003675	"BB"
"SNP_A-1508502"	"11"	26020924	0.117695043	"BB"
"SNP_A-1508549"	"11"	26021109	-0.985644707	"AA"
"SNP_A-1516822"	"11"	26320392	-0.277533976	"AB"
"SNP_A-1513016"	"11"	26345301	-1.535331733	"AB"
"SNP_A-1516556"	"11"	26348130	0.201633861	"AB"
"SNP_A-1517187"	"11"	26539705	0.063502942	"BB"
"SNP_A-1511690"	"11"	26539800	0.292781749	"NoCall"
"SNP_A-1515252"	"11"	26539987	-0.089267338	"NoCall"
"SNP_A-1507969"	"11"	26612494	-0.689659879	"AA"
"SNP_A-1514026"	"11"	27016970	0.23878686	"BB"
"SNP_A-1515496"	"11"	27367641	0.14404637	"AB"
"SNP_A-1511320"	"11"	27801141	0.13093087	"AB"
"SNP_A-1518180"	"11"	27811955	0.163498732	"NoCall"
"SNP_A-1516035"	"11"	27835683	1.50589093	"BB"
"SNP_A-1517039"	"11"	27878699	0	"AA"
"SNP_A-1511368"	"11"	28954765	0.718087584	"AA"
"SNP_A-1511386"	"11"	29001831	0.3950628	"AB"
"SNP_A-1515141"	"11"	29505166	0.883620816	"BB"
"SNP_A-1519388"	"11"	29566388	0.389566812	"BB"
"SNP_A-1519433"	"11"	29566583	0.485426827	"AA"
"SNP_A-1510716"	"11"	30114309	-1.268816758	"AB"
"SNP_A-1513220"	"11"	30529022	0.531069493	"AA"
"SNP_A-1513259"	"11"	30529083	0.704871964	"BB"
"SNP_A-1509953"	"11"	31028210	0.650764559	"AB"
"SNP_A-1516805"	"11"	32017316	-1.074000581	"BB"
"SNP_A-1508850"	"11"	32437935	-0.367731785	"BB"
"SNP_A-1508808"	"11"	32438116	-0.902389203	"AA"
"SNP_A-1513457"	"11"	32438637	0.09085343	"BB"
"SNP_A-1512930"	"11"	32438794	0.695993813	"BB"
"SNP_A-1510026"	"11"	32876046	-1.514573173	"BB"
"SNP_A-1509902"	"11"	33371085	0.14404637	"BB"
"SNP_A-1509863"	"11"	33371280	0.10433666	"AB"
"SNP_A-1516505"	"11"	33497794	0.516015147	"AB"
"SNP_A-1510107"	"11"	33645580	0.09085343	"NoCall"
"SNP_A-1517317"	"11"	33756290	-0.849440323	"AB"
"SNP_A-1514067"	"11"	33940362	-0.577766999	"AB"
"SNP_A-1509258"	"11"	34048719	-0.144010303	"NoCall"
"SNP_A-1516870"	"11"	34400995	0.929790998	"AA"
"SNP_A-1516932"	"11"	34401016	0.765534746	"AA"
"SNP_A-1517038"	"11"	34401103	0.232660757	"AA"
"SNP_A-1512215"	"11"	34401278	2	"BB"
"SNP_A-1511252"	"11"	34401430	1.375734539	"BB"
"SNP_A-1508705"	"11"	34583937	-0.036525876	"BB"
"SNP_A-1516866"	"11"	34826775	0.678071905	"AA"
"SNP_A-1513729"	"11"	34995885	-0.295128036	"BB"
"SNP_A-1511123"	"11"	35007604	1.039138394	"AA"
"SNP_A-1517414"	"11"	35062502	-0.4639471	"AB"
"SNP_A-1514666"	"11"	35073984	-1	"AA"
"SNP_A-1514732"	"11"	35074046	-0.943416472	"BB"
"SNP_A-1514617"	"11"	35074059	-0.415037499	"BB"
"SNP_A-1511787"	"11"	35194914	0.786596362	"AB"
"SNP_A-1519109"	"11"	35328744	0.469885976	"NoCall"
"SNP_A-1517705"	"11"	35984208	-0.473931188	"BB"
"SNP_A-1519005"	"11"	36052162	-1.217591435	"AB"
"SNP_A-1513797"	"11"	36058149	-1.689659879	"BB"
"SNP_A-1513696"	"11"	36058359	-1.666576266	"AB"
"SNP_A-1518305"	"11"	36170981	-1.217591435	"AA"
"SNP_A-1507973"	"11"	36171021	-1.074000581	"AA"
"SNP_A-1507926"	"11"	36171169	0.510961919	"AA"
"SNP_A-1517445"	"11"	36293039	-0.875671865	"AA"
"SNP_A-1518755"	"11"	36676143	-0.902389203	"AB"
"SNP_A-1514755"	"11"	36924601	-0.49410907	"AB"
"SNP_A-1509992"	"11"	37647401	0.922197848	"BB"
"SNP_A-1516124"	"11"	38074709	1.6622055	"AA"
"SNP_A-1518842"	"11"	38714998	-0.556393349	"AA"
"SNP_A-1515423"	"11"	39023291	-0.02180437	"NoCall"
"SNP_A-1518268"	"11"	39794175	-0.02180437	"BB"
"SNP_A-1507593"	"11"	40030816	1.087462841	"BB"
"SNP_A-1519028"	"11"	40113916	-0.17625064	"AB"
"SNP_A-1519072"	"11"	40113993	-0.76121314	"AB"
"SNP_A-1510990"	"11"	40212048	0.007195501	"BB"
"SNP_A-1518676"	"11"	40220060	0.163498732	"AA"
"SNP_A-1513631"	"11"	40241034	-0.152003093	"AA"
"SNP_A-1516358"	"11"	40957177	0.929790998	"NoCall"
"SNP_A-1516042"	"11"	41057365	0.541019153	"AA"
"SNP_A-1508070"	"11"	41319294	0.111031312	"AA"
"SNP_A-1511886"	"11"	41503133	-0.17625064	"AB"
"SNP_A-1511941"	"11"	41503478	-0.104697379	"NoCall"
"SNP_A-1508134"	"11"	41591804	-0.349235441	"BB"
"SNP_A-1515241"	"11"	41647219	0.516015147	"AA"
"SNP_A-1510193"	"11"	41749099	-0.49410907	"AA"
"SNP_A-1518638"	"11"	41787577	-0.985644707	"BB"
"SNP_A-1516008"	"11"	42129310	0.541019153	"AB"
"SNP_A-1514634"	"11"	42405246	0.056583528	"AA"
"SNP_A-1512497"	"11"	42405467	-0.104697379	"AA"
"SNP_A-1515439"	"11"	42433622	-0.836501268	"AB"
"SNP_A-1512609"	"11"	42433653	-1.029146346	"AA"
"SNP_A-1515531"	"11"	42433869	0.23878686	"AB"
"SNP_A-1517106"	"11"	42456026	-0.128156351	"BB"
"SNP_A-1511300"	"11"	43123942	-0.588573754	"AA"
"SNP_A-1508032"	"11"	43784833	0.316145742	"BB"
"SNP_A-1511035"	"11"	44012926	0.298658316	"NoCall"
"SNP_A-1510935"	"11"	44012994	1.22650853	"NoCall"
"SNP_A-1510427"	"11"	44013053	0.176322773	"NoCall"
"SNP_A-1510312"	"11"	44168468	0.097610797	"AB"
"SNP_A-1508456"	"11"	44373471	0.10433666	"AA"
"SNP_A-1515284"	"11"	44445280	-0.524915117	"BB"
"SNP_A-1516531"	"11"	44461480	1.066950244	"BB"
"SNP_A-1516382"	"11"	44514135	0.182692298	"AA"
"SNP_A-1519612"	"11"	44745543	1.039138394	"BB"
"SNP_A-1507638"	"11"	44885592	-1.377069649	"NoCall"
"SNP_A-1514914"	"11"	45185781	0.389566812	"AA"
"SNP_A-1519368"	"11"	45412399	0.163498732	"NoCall"
"SNP_A-1511704"	"11"	45564971	0.124328135	"AB"
"SNP_A-1517725"	"11"	45671869	-1.104697379	"BB"
"SNP_A-1513804"	"11"	45694868	-1.473931188	"AB"
"SNP_A-1513905"	"11"	45695092	-0.929610672	"AA"
"SNP_A-1511438"	"11"	45844419	0.618238656	"AB"
"SNP_A-1512413"	"11"	46101731	0.63691458	"BB"
"SNP_A-1512236"	"11"	48022622	1.543495883	"AB"
"SNP_A-1516197"	"11"	48210606	0.422233001	"NoCall"
"SNP_A-1516236"	"11"	48210645	0.678071905	"BB"
"SNP_A-1519699"	"11"	48339913	-0.17625064	"NoCall"
"SNP_A-1508998"	"11"	48384398	0.454175893	"AA"
"SNP_A-1512586"	"11"	48712273	0.454175893	"AA"
"SNP_A-1516092"	"11"	49335007	1.042644337	"AB"
"SNP_A-1513089"	"11"	49887653	-1.76121314	"AA"
"SNP_A-1511180"	"11"	50178733	0.220329955	"BB"
"SNP_A-1511305"	"11"	50178870	1.182692298	"BB"
"SNP_A-1508696"	"11"	50205494	-1.074000581	"BB"
"SNP_A-1518332"	"11"	50499892	0.827819025	"BB"
"SNP_A-1515715"	"11"	50500285	0.669026766	"BB"
"SNP_A-1512768"	"11"	50676892	0.952333566	"AA"
"SNP_A-1514585"	"11"	50680997	-1.286304185	"BB"
"SNP_A-1512715"	"11"	51399427	0.66448284	"AA"
"SNP_A-1509208"	"11"	51447677	1.778208576	"AA"
"SNP_A-1515499"	"11"	51454432	-0.17625064	"AA"
"SNP_A-1509843"	"11"	51454648	0.361768359	"AA"
"SNP_A-1511726"	"11"	51471047	-1.415037499	"AA"
"SNP_A-1518640"	"11"	55563199	0.111031312	"AA"
"SNP_A-1510233"	"11"	55942446	0.891419187	"BB"
"SNP_A-1514572"	"11"	56026594	1.321928095	"BB"
"SNP_A-1510550"	"11"	56320105	0.389566812	"AB"
"SNP_A-1516641"	"11"	56368033	0.361768359	"AB"
"SNP_A-1509086"	"11"	56390650	0.722466024	"AB"
"SNP_A-1516150"	"11"	56448805	0.416839742	"AB"
"SNP_A-1511467"	"11"	56472654	-0.209227962	"AB"
"SNP_A-1513602"	"11"	56492142	1.23572706	"AB"
"SNP_A-1519220"	"11"	56566008	0.280956314	"BB"
"SNP_A-1507652"	"11"	56658628	1.220329955	"NoCall"
"SNP_A-1508603"	"11"	56925587	0.176322773	"BB"
"SNP_A-1515120"	"11"	57732192	-1.184424571	"BB"
"SNP_A-1515058"	"11"	57732247	-0.217591435	"BB"
"SNP_A-1509089"	"11"	57732382	-0.862496476	"AA"
"SNP_A-1508644"	"11"	57788373	0.40599236	"BB"
"SNP_A-1510661"	"11"	57969974	0.014355293	"AB"
"SNP_A-1513685"	"11"	58387059	0.914564523	"AA"
"SNP_A-1513737"	"11"	58387309	0.35614381	"BB"
"SNP_A-1514298"	"11"	58387354	0.613531653	"AA"
"SNP_A-1514046"	"11"	58458624	-1.666576266	"BB"
"SNP_A-1514069"	"11"	59524240	0.117695043	"BB"
"SNP_A-1512656"	"11"	59540871	0.280956314	"BB"
"SNP_A-1519492"	"11"	59753125	0.443606651	"BB"
"SNP_A-1519518"	"11"	59788033	-0.632628934	"AA"
"SNP_A-1508006"	"11"	59836892	0.835924074	"BB"
"SNP_A-1511450"	"11"	59927923	-1.434402824	"AA"
"SNP_A-1511398"	"11"	59927944	-1.184424571	"AB"
"SNP_A-1512341"	"11"	60198251	0.275007047	"BB"
"SNP_A-1508282"	"11"	60654022	1.615887074	"AA"
"SNP_A-1519726"	"11"	60990412	-0.678071905	"AA"
"SNP_A-1519757"	"11"	60990572	-1.473931188	"BB"
"SNP_A-1507417"	"11"	60990709	-0.545824107	"BB"
"SNP_A-1511129"	"11"	60990979	-0.545824107	"AA"
"SNP_A-1514590"	"11"	61858890	-1.321928095	"AB"
"SNP_A-1518487"	"11"	61858902	-0.77349147	"AB"
"SNP_A-1512785"	"11"	62537782	-0.40545145	"AB"
"SNP_A-1511931"	"11"	62639226	0.40053793	"AA"
"SNP_A-1511869"	"11"	62639364	1.260025656	"BB"
"SNP_A-1516404"	"11"	62812227	-0.330973234	"AA"
"SNP_A-1511696"	"11"	63059870	0.056583528	"BB"
"SNP_A-1512811"	"11"	64246729	-0.043943348	"AA"
"SNP_A-1512566"	"11"	69050008	-0.701341684	"AA"
"SNP_A-1512512"	"11"	69050036	0.580145484	"AA"
"SNP_A-1515149"	"11"	69355453	-0.588573754	"AA"
"SNP_A-1518777"	"11"	69589266	-0.567040593	"NoCall"
"SNP_A-1516018"	"11"	69624555	-0.888968688	"AB"
"SNP_A-1507484"	"11"	70691384	0.09085343	"AA"
"SNP_A-1519064"	"11"	71935368	-0.524915117	"NoCall"
"SNP_A-1515676"	"11"	73776481	1.307428525	"BB"
"SNP_A-1515718"	"11"	73776570	2.033863452	"AA"
"SNP_A-1518953"	"11"	74420337	-0.424687669	"BB"
"SNP_A-1512019"	"11"	74423960	-0.081613766	"BB"
"SNP_A-1508267"	"11"	75178700	2.416839742	"NoCall"
"SNP_A-1512667"	"11"	75682656	-1.152003093	"BB"
"SNP_A-1518183"	"11"	76463553	0.286881148	"NoCall"
"SNP_A-1513424"	"11"	76777022	-0.01449957	"BB"
"SNP_A-1511221"	"11"	76823486	0.726831217	"BB"
"SNP_A-1512142"	"11"	77652600	-1.104697379	"AA"
"SNP_A-1512004"	"11"	77662372	-0.226003675	"BB"
"SNP_A-1511958"	"11"	77662474	-1.200912694	"BB"
"SNP_A-1508420"	"11"	77742260	-0.184424571	"AA"
"SNP_A-1517249"	"11"	78331744	-0.089267338	"AB"
"SNP_A-1518128"	"11"	78536839	1.933572638	"BB"
"SNP_A-1519556"	"11"	78701594	0.709290636	"AB"
"SNP_A-1519587"	"11"	78747881	-0.184424571	"BB"
"SNP_A-1508730"	"11"	78762973	1.545968369	"AA"
"SNP_A-1514176"	"11"	78763135	0.495695163	"AB"
"SNP_A-1513861"	"11"	78778080	-0.058893689	"BB"
"SNP_A-1518398"	"11"	78848784	0.541019153	"AB"
"SNP_A-1518340"	"11"	78848842	-0.64385619	"AB"
"SNP_A-1513485"	"11"	79111711	-0.689659879	"AA"
"SNP_A-1512023"	"11"	79707791	0.422233001	"AA"
"SNP_A-1509176"	"11"	79707960	0.722466024	"AA"
"SNP_A-1512871"	"11"	79708448	1.500802053	"AA"
"SNP_A-1512920"	"11"	79708481	1.121015401	"AA"
"SNP_A-1511073"	"11"	80008672	-0.40545145	"AB"
"SNP_A-1508967"	"11"	80008774	-0.043943348	"AB"
"SNP_A-1515031"	"11"	80310906	-0.242976753	"BB"
"SNP_A-1514863"	"11"	80477196	-0.736965594	"NoCall"
"SNP_A-1518690"	"11"	80694178	-0.943416472	"NoCall"
"SNP_A-1514587"	"11"	80718461	0.416839742	"AA"
"SNP_A-1511296"	"11"	80815534	-0.13606155	"BB"
"SNP_A-1513472"	"11"	80958009	-0.849440323	"NoCall"
"SNP_A-1515935"	"11"	81334752	-0.535331733	"AB"
"SNP_A-1518248"	"11"	81334985	0.475084883	"AB"
"SNP_A-1507457"	"11"	81335316	0.495695163	"AB"
"SNP_A-1512435"	"11"	81572528	0.778208576	"BB"
"SNP_A-1517312"	"11"	81892500	-0.59946207	"AA"
"SNP_A-1517601"	"11"	82341810	-0.043943348	"AA"
"SNP_A-1515460"	"11"	82346430	-0.424687669	"AA"
"SNP_A-1511498"	"11"	83062072	0.459431619	"AA"
"SNP_A-1507609"	"11"	83237768	-0.192645078	"AB"
"SNP_A-1519352"	"11"	83381872	0.786596362	"BB"
"SNP_A-1507492"	"11"	83381916	-1.234465254	"BB"
"SNP_A-1507551"	"11"	83382202	-0.424687669	"BB"
"SNP_A-1511451"	"11"	83614547	1.070389328	"NoCall"
"SNP_A-1518797"	"11"	84105979	-0.40545145	"BB"
"SNP_A-1508934"	"11"	84327685	-0.666576266	"AA"
"SNP_A-1517202"	"11"	84365072	-0.77349147	"AB"
"SNP_A-1512545"	"11"	84472965	-0.268816758	"AA"
"SNP_A-1511053"	"11"	84531609	-0.386468347	"BB"
"SNP_A-1519581"	"11"	84567881	1.117695043	"AA"
"SNP_A-1515669"	"11"	84661382	0.070389328	"AA"
"SNP_A-1519634"	"11"	84884975	0.042644337	"BB"
"SNP_A-1517525"	"11"	84946469	-0.40545145	"AA"
"SNP_A-1511654"	"11"	85336417	-0.260151897	"NoCall"
"SNP_A-1509149"	"11"	85483441	-1.104697379	"AA"
"SNP_A-1514956"	"11"	85556465	1.09085343	"BB"
"SNP_A-1518507"	"11"	85681587	-1.058893689	"NoCall"
"SNP_A-1518870"	"11"	86017991	0.220329955	"BB"
"SNP_A-1518923"	"11"	86018126	0.618238656	"BB"
"SNP_A-1514946"	"11"	86070985	-1.514573173	"AA"
"SNP_A-1514895"	"11"	86071037	-0.929610672	"AA"
"SNP_A-1509406"	"11"	86071439	-0.144010303	"BB"
"SNP_A-1514757"	"11"	86071721	0.097610797	"AA"
"SNP_A-1515153"	"11"	86138782	-0.77349147	"BB"
"SNP_A-1518396"	"11"	86479274	-1.59946207	"AA"
"SNP_A-1518338"	"11"	86479397	-1.514573173	"NoCall"
"SNP_A-1514106"	"11"	86503300	-0.066427362	"AB"
"SNP_A-1514062"	"11"	86503375	0.232660757	"AB"
"SNP_A-1511261"	"11"	86565405	-0.13606155	"AB"
"SNP_A-1516267"	"11"	86809723	-0.785875195	"AB"
"SNP_A-1519001"	"11"	87313436	0.244887059	"BB"
"SNP_A-1510890"	"11"	87482326	-0.577766999	"BB"
"SNP_A-1510845"	"11"	87482535	-0.312939312	"BB"
"SNP_A-1513838"	"11"	87559691	-0.434402824	"BB"
"SNP_A-1510932"	"11"	87654224	0.028569152	"NoCall"
"SNP_A-1517196"	"11"	87696404	-0.251538767	"AA"
"SNP_A-1519502"	"11"	87701416	0.097610797	"AA"
"SNP_A-1515929"	"11"	87977513	0.875780063	"BB"
"SNP_A-1509783"	"11"	87977535	1.010779839	"AA"
"SNP_A-1508980"	"11"	88017399	-0.545824107	"BB"
"SNP_A-1514993"	"11"	88065037	-0.588573754	"BB"
"SNP_A-1516450"	"11"	88313039	1.22342255	"AA"
"SNP_A-1513169"	"11"	88654908	0.049630768	"AA"
"SNP_A-1518266"	"11"	88815240	0.929790998	"NoCall"
"SNP_A-1508761"	"11"	89007001	0.097610797	"AB"
"SNP_A-1508809"	"11"	89007174	0.070389328	"AB"
"SNP_A-1512946"	"11"	89627601	0.13093087	"NoCall"
"SNP_A-1517542"	"11"	89650887	-0.260151897	"NoCall"
"SNP_A-1515378"	"11"	90296370	0.201633861	"AA"
"SNP_A-1512218"	"11"	90296672	-0.066427362	"AA"
"SNP_A-1515435"	"11"	90297317	1.053111336	"AA"
"SNP_A-1514754"	"11"	90557088	-0.09696173	"BB"
"SNP_A-1518418"	"11"	91018832	0.480265122	"BB"
"SNP_A-1516758"	"11"	91364036	-0.415037499	"AB"
"SNP_A-1515583"	"11"	91722855	0.500802053	"AB"
"SNP_A-1508230"	"11"	91862916	-0.49410907	"AB"
"SNP_A-1515089"	"11"	92361981	-1.043943348	"AB"
"SNP_A-1517260"	"11"	92437739	0.220329955	"AA"
"SNP_A-1519694"	"11"	92915416	1.735522177	"AA"
"SNP_A-1518347"	"11"	93351403	0.819668183	"AB"
"SNP_A-1511590"	"11"	93432417	0.981852653	"NoCall"
"SNP_A-1516429"	"11"	94191872	-0.504304837	"NoCall"
"SNP_A-1511605"	"11"	94665166	0.673556424	"BB"
"SNP_A-1510522"	"11"	94828483	-1.577766999	"AA"
"SNP_A-1514352"	"11"	95242436	0.811471031	"AB"
"SNP_A-1508232"	"11"	95649663	-1.089267338	"BB"
"SNP_A-1508176"	"11"	95649744	-0.112474729	"AA"
"SNP_A-1510968"	"11"	95649897	-0.689659879	"BB"
"SNP_A-1514527"	"11"	95870533	1.833902077	"AA"
"SNP_A-1518987"	"11"	96009852	0.480265122	"AA"
"SNP_A-1512565"	"11"	96392356	-0.689659879	"AA"
"SNP_A-1511677"	"11"	96412402	0.367371066	"BB"
"SNP_A-1513274"	"11"	96441925	0.875780063	"AB"
"SNP_A-1509378"	"11"	96942273	-0.4639471	"BB"
"SNP_A-1508882"	"11"	96942297	0.613531653	"AA"
"SNP_A-1513344"	"11"	97336538	-1.029146346	"AA"
"SNP_A-1513823"	"11"	97458626	1.166715445	"BB"
"SNP_A-1513871"	"11"	97458718	0.344828497	"AA"
"SNP_A-1513927"	"11"	97458961	-0.514573173	"BB"
"SNP_A-1510227"	"11"	97554739	-0.535331733	"AA"
"SNP_A-1509044"	"11"	97621062	0.526068812	"AA"
"SNP_A-1508950"	"11"	97621260	-0.49410907	"NoCall"
"SNP_A-1516717"	"11"	97943076	0.929790998	"BB"
"SNP_A-1517875"	"11"	98477473	0.182692298	"BB"
"SNP_A-1511679"	"11"	98491609	0.713695815	"AB"
"SNP_A-1513506"	"11"	98591284	0.613531653	"AA"
"SNP_A-1515056"	"11"	98591347	0.545968369	"BB"
"SNP_A-1516120"	"11"	98958176	-1.168122759	"AA"
"SNP_A-1516067"	"11"	98958201	-0.504304837	"AA"
"SNP_A-1516019"	"11"	98958211	-0.915935735	"AA"
"SNP_A-1509728"	"11"	99123453	-0.655171503	"AA"
"SNP_A-1509160"	"11"	99123544	-0.321928095	"AA"
"SNP_A-1507374"	"11"	99356546	1.173127433	"AA"
"SNP_A-1509514"	"11"	99403880	0.981852653	"BB"
"SNP_A-1509243"	"11"	99473710	-0.749038426	"BB"
"SNP_A-1516675"	"11"	99479812	-0.971430848	"AA"
"SNP_A-1509150"	"11"	99800187	-0.209227962	"BB"
"SNP_A-1512476"	"11"	99896948	-0.13606155	"NoCall"
"SNP_A-1511689"	"11"	99928596	-0.081613766	"AB"
"SNP_A-1519579"	"11"	100054500	0.438292852	"AA"
"SNP_A-1519198"	"11"	100275778	-0.514573173	"BB"
"SNP_A-1519259"	"11"	100275969	-0.76121314	"AA"
"SNP_A-1516548"	"11"	100448186	1.381283373	"AA"
"SNP_A-1517791"	"11"	100485827	-1.152003093	"AA"
"SNP_A-1508259"	"11"	100632558	0.739848103	"AA"
"SNP_A-1515328"	"11"	100902920	-0.689659879	"AB"
"SNP_A-1511287"	"11"	101164292	0.189033824	"AA"
"SNP_A-1518403"	"11"	101164318	-0.713118852	"AB"
"SNP_A-1513511"	"11"	101164535	-0.295128036	"AA"
"SNP_A-1510282"	"11"	101205742	0.575312331	"AA"
"SNP_A-1510188"	"11"	101206047	1.575312331	"NoCall"
"SNP_A-1516782"	"11"	101293081	0.475084883	"AA"
"SNP_A-1516830"	"11"	101293318	0.895302621	"BB"
"SNP_A-1509996"	"11"	101649894	-1.168122759	"BB"
"SNP_A-1516704"	"11"	101650030	-0.985644707	"AB"
"SNP_A-1509602"	"11"	102035928	-0.226003675	"AA"
"SNP_A-1509549"	"11"	102035993	0.613531653	"AA"
"SNP_A-1512620"	"11"	102078209	0.66448284	"BB"
"SNP_A-1518867"	"11"	102128494	0.304511042	"AA"
"SNP_A-1519362"	"11"	102199312	0.389566812	"AB"
"SNP_A-1516206"	"11"	102448384	1.260025656	"NoCall"
"SNP_A-1513825"	"11"	102576244	0.372952098	"AB"
"SNP_A-1510019"	"11"	102639164	1.488000771	"AA"
"SNP_A-1515926"	"11"	102753969	-1.915935735	"AB"
"SNP_A-1511164"	"11"	103037301	-1.59946207	"AA"
"SNP_A-1513068"	"11"	103048937	-0.49410907	"AA"
"SNP_A-1515864"	"11"	103077091	-0.286304185	"AB"
"SNP_A-1515807"	"11"	103077163	0.765534746	"AB"
"SNP_A-1515758"	"11"	103077213	1.327687364	"AB"
"SNP_A-1518817"	"11"	103277626	-0.64385619	"AA"
"SNP_A-1513842"	"11"	103375740	0.438292852	"AB"
"SNP_A-1513137"	"11"	103422514	-0.504304837	"BB"
"SNP_A-1518066"	"11"	103474186	-0.058893689	"AA"
"SNP_A-1518013"	"11"	103474301	0.485426827	"BB"
"SNP_A-1517967"	"11"	103474316	-0.184424571	"BB"
"SNP_A-1513085"	"11"	103960725	0.378511623	"BB"
"SNP_A-1514441"	"11"	104078006	-0.152003093	"BB"
"SNP_A-1519664"	"11"	104102243	0.59454855	"BB"
"SNP_A-1512807"	"11"	104357044	-1.358453971	"BB"
"SNP_A-1515133"	"11"	104366879	0.077242999	"NoCall"
"SNP_A-1511822"	"11"	104450175	0.925999419	"AA"
"SNP_A-1510839"	"11"	104450270	1.163498732	"AA"
"SNP_A-1517677"	"11"	104450737	0.321928095	"NoCall"
"SNP_A-1515441"	"11"	104676532	1.124328135	"BB"
"SNP_A-1516770"	"11"	104765680	0.843983844	"AB"
"SNP_A-1509228"	"11"	104881862	0.189033824	"BB"
"SNP_A-1509906"	"11"	105617742	-0.226003675	"BB"
"SNP_A-1512420"	"11"	105621652	-1.168122759	"BB"
"SNP_A-1510933"	"11"	105695121	0.584962501	"BB"
"SNP_A-1516566"	"11"	105826271	-1.358453971	"AA"
"SNP_A-1515282"	"11"	105908201	-0.074000581	"AB"
"SNP_A-1515240"	"11"	105908236	0.23878686	"NoCall"
"SNP_A-1514299"	"11"	105911842	-0.192645078	"NoCall"
"SNP_A-1510325"	"11"	106223178	-0.120294234	"AA"
"SNP_A-1512909"	"11"	106623766	-0.312939312	"BB"
"SNP_A-1515713"	"11"	106647392	0.367371066	"AA"
"SNP_A-1508272"	"11"	108727903	-0.545824107	"AA"
"SNP_A-1508162"	"11"	108727994	-0.77349147	"BB"
"SNP_A-1512361"	"11"	108728107	-1.49410907	"BB"
"SNP_A-1508664"	"11"	108728581	0.207892852	"AB"
"SNP_A-1512480"	"11"	109154189	0.735522177	"AA"
"SNP_A-1508192"	"11"	109277636	-0.058893689	"BB"
"SNP_A-1511067"	"11"	110075938	0.097610797	"BB"
"SNP_A-1519508"	"11"	110171794	0.655351829	"AA"
"SNP_A-1515248"	"11"	110234954	-0.943416472	"AA"
"SNP_A-1515349"	"11"	110235093	-0.40545145	"AA"
"SNP_A-1515294"	"11"	110235253	-0.588573754	"AA"
"SNP_A-1517252"	"11"	110294465	-0.09696173	"BB"
"SNP_A-1519383"	"11"	110294589	0.03562391	"BB"
"SNP_A-1519593"	"11"	110357935	0.5360529	"BB"
"SNP_A-1511456"	"11"	110662136	0.189033824	"AB"
"SNP_A-1516584"	"11"	110663161	0.66448284	"AB"
"SNP_A-1512213"	"11"	110839659	-1.043943348	"NoCall"
"SNP_A-1517594"	"11"	110891810	1.160274831	"AB"
"SNP_A-1512982"	"11"	110902081	0.117695043	"AB"
"SNP_A-1518280"	"11"	110911983	1.750606505	"AB"
"SNP_A-1510445"	"11"	111426718	1.073820233	"BB"
"SNP_A-1510600"	"11"	111887088	0.59454855	"AB"
"SNP_A-1519313"	"11"	111898330	1.301587647	"AB"
"SNP_A-1508143"	"11"	111931092	-2.058893689	"NoCall"
"SNP_A-1510926"	"11"	111941013	0.15704371	"AB"
"SNP_A-1519722"	"11"	112409954	-1.395928676	"BB"
"SNP_A-1516219"	"11"	112833925	0.111031312	"AB"
"SNP_A-1516180"	"11"	112833937	0.691534165	"AB"
"SNP_A-1516131"	"11"	112834270	1.09085343	"AB"
"SNP_A-1509971"	"11"	112974139	0.618238656	"BB"
"SNP_A-1515550"	"11"	113534737	-0.902389203	"AB"
"SNP_A-1514104"	"11"	113534987	-0.524915117	"NoCall"
"SNP_A-1508229"	"11"	113823556	0.333423734	"BB"
"SNP_A-1508081"	"11"	113989802	-1.395928676	"BB"
"SNP_A-1510656"	"11"	114121017	0.678071905	"NoCall"
"SNP_A-1507916"	"11"	114258662	0.632268215	"BB"
"SNP_A-1518958"	"11"	114470612	0.292781749	"BB"
"SNP_A-1510821"	"11"	114470864	0.63691458	"AA"
"SNP_A-1507994"	"11"	114523952	-0.434402824	"AB"
"SNP_A-1511951"	"11"	115136029	-1.535331733	"NoCall"
"SNP_A-1518489"	"11"	115241883	0.632268215	"NoCall"
"SNP_A-1510937"	"11"	115242550	0.244887059	"BB"
"SNP_A-1512242"	"11"	116737522	0.244887059	"AA"
"SNP_A-1516841"	"11"	116979045	0.867896464	"BB"
"SNP_A-1518241"	"11"	117355693	0.411426246	"BB"
"SNP_A-1510805"	"11"	117468080	0.257010618	"AB"
"SNP_A-1510947"	"11"	117537095	0.718087584	"BB"
"SNP_A-1515457"	"11"	117605273	0.443606651	"NoCall"
"SNP_A-1508361"	"11"	118953979	-0.184424571	"NoCall"
"SNP_A-1514227"	"11"	119333246	0.613531653	"BB"
"SNP_A-1517472"	"11"	119457762	-0.454031631	"BB"
"SNP_A-1519357"	"11"	119510100	-0.304006187	"NoCall"
"SNP_A-1519308"	"11"	119510278	-0.277533976	"BB"
"SNP_A-1519250"	"11"	119510294	-1.058893689	"AB"
"SNP_A-1517181"	"11"	119562895	-0.514573173	"AB"
"SNP_A-1509165"	"11"	119850398	-0.785875195	"AB"
"SNP_A-1517177"	"11"	120159254	1.516015147	"NoCall"
"SNP_A-1510917"	"11"	120166574	0.843983844	"AA"
"SNP_A-1510133"	"11"	120705830	1.914564523	"BB"
"SNP_A-1514784"	"11"	121112747	-0.929610672	"AA"
"SNP_A-1516045"	"11"	121196164	0.269033146	"AA"
"SNP_A-1517788"	"11"	121450861	-0.556393349	"BB"
"SNP_A-1517708"	"11"	121450882	-0.058893689	"NoCall"
"SNP_A-1518136"	"11"	121451692	0.922197848	"AA"
"SNP_A-1508231"	"11"	121773275	-0.810966176	"NoCall"
"SNP_A-1513874"	"11"	121784969	0.384049807	"AB"
"SNP_A-1514521"	"11"	121905296	-1.251538767	"NoCall"
"SNP_A-1515915"	"11"	122251462	0.66448284	"NoCall"
"SNP_A-1512161"	"11"	122606894	1.166715445	"AB"
"SNP_A-1519723"	"11"	122607099	-0.943416472	"AB"
"SNP_A-1510425"	"11"	123165993	1.873813198	"AA"
"SNP_A-1509304"	"11"	123293252	-0.386468347	"BB"
"SNP_A-1509253"	"11"	123293371	-0.545824107	"AB"
"SNP_A-1517591"	"11"	123335546	0.432959407	"AB"
"SNP_A-1508376"	"11"	123384278	1.319039816	"AA"
"SNP_A-1508326"	"11"	123384485	0.049630768	"NoCall"
"SNP_A-1516155"	"11"	123515496	-0.340075442	"BB"
"SNP_A-1518795"	"11"	123612239	-0.666576266	"BB"
"SNP_A-1514893"	"11"	124652193	-1.535331733	"AB"
"SNP_A-1507883"	"11"	124804545	0.275007047	"BB"
"SNP_A-1516002"	"11"	125014673	0.384049807	"AA"
"SNP_A-1515902"	"11"	125014962	0.014355293	"BB"
"SNP_A-1515851"	"11"	125015030	0.15704371	"NoCall"
"SNP_A-1517234"	"11"	125128723	0.15704371	"AB"
"SNP_A-1518653"	"11"	125507350	-0.902389203	"AA"
"SNP_A-1509320"	"11"	125638584	0.028569152	"BB"
"SNP_A-1513510"	"11"	126168083	0.859969548	"BB"
"SNP_A-1518758"	"11"	126185792	0.275007047	"BB"
"SNP_A-1512397"	"11"	126292103	-1.152003093	"NoCall"
"SNP_A-1512348"	"11"	126292167	-1.104697379	"AB"
"SNP_A-1510449"	"11"	126346666	1.100977648	"AB"
"SNP_A-1510493"	"11"	126346729	0.367371066	"AB"
"SNP_A-1510536"	"11"	126347357	0.948600847	"AB"
"SNP_A-1519447"	"11"	126401959	0.22650853	"AB"
"SNP_A-1519399"	"11"	126402046	-0.260151897	"AB"
"SNP_A-1515062"	"11"	126585942	-0.713118852	"AB"
"SNP_A-1514957"	"11"	126586185	-1.286304185	"AB"
"SNP_A-1508191"	"11"	126785154	-1.862496476	"AA"
"SNP_A-1519683"	"11"	126894633	-1.13606155	"AB"
"SNP_A-1516293"	"11"	127004415	0.526068812	"AA"
"SNP_A-1514439"	"11"	127209805	0.464668267	"AA"
"SNP_A-1512082"	"11"	127545754	0.14404637	"BB"
"SNP_A-1514068"	"11"	127558020	-0.144010303	"NoCall"
"SNP_A-1510211"	"11"	127686408	0.438292852	"NoCall"
"SNP_A-1510256"	"11"	127686717	0.550900665	"AA"
"SNP_A-1511551"	"11"	127952781	-1.76121314	"NoCall"
"SNP_A-1510038"	"11"	127953594	-1.556393349	"BB"
"SNP_A-1510294"	"11"	128063075	0.35614381	"AB"
"SNP_A-1516553"	"11"	128936463	0.49057013	"AA"
"SNP_A-1516237"	"11"	129044686	-0.849440323	"BB"
"SNP_A-1513967"	"11"	129531088	0.257010618	"BB"
"SNP_A-1509381"	"11"	129545756	-0.823677227	"BB"
"SNP_A-1516694"	"11"	129911703	1.367371066	"BB"
"SNP_A-1519532"	"11"	130022380	-0.168122759	"AA"
"SNP_A-1513941"	"11"	130236191	-0.4639471	"AA"
"SNP_A-1518566"	"11"	130482120	0.992768431	"AA"
"SNP_A-1512367"	"11"	130482241	0.786596362	"BB"
"SNP_A-1511114"	"11"	130712977	-0.200912694	"AA"
"SNP_A-1515414"	"11"	130885723	0.807354922	"BB"
"SNP_A-1516026"	"11"	130930340	-0.209227962	"AA"
"SNP_A-1510537"	"11"	131009830	1.480265122	"AB"
"SNP_A-1508978"	"11"	131321101	0.704871964	"AA"
"SNP_A-1508208"	"11"	131420459	0.735522177	"AA"
"SNP_A-1515612"	"11"	131626005	0.560714954	"NoCall"
"SNP_A-1509844"	"11"	131626296	0.871843649	"AA"
"SNP_A-1510094"	"11"	131626529	0.82374936	"AA"
"SNP_A-1510140"	"11"	131626569	-0.13606155	"AA"
"SNP_A-1515009_2"	"11"	131666383	-1.089267338	"BB"
"SNP_A-1512264"	"11"	131748440	0.163498732	"BB"
"SNP_A-1512200"	"11"	131748765	1.263034406	"AA"
"SNP_A-1516927"	"11"	131783335	0.794935663	"BB"
"SNP_A-1517429"	"11"	131819303	1.121015401	"AA"
"SNP_A-1510047"	"11"	132226840	0.03562391	"BB"
"SNP_A-1519529"	"11"	132280387	-0.985644707	"AA"
"SNP_A-1511177"	"11"	132417248	-0.862496476	"AA"
"SNP_A-1513922"	"11"	132574944	0.124328135	"BB"
"SNP_A-1513981"	"11"	132574995	-0.367731785	"BB"
"SNP_A-1514160"	"11"	132658589	-0.971430848	"BB"
"SNP_A-1515489"	"11"	133435034	0.007195501	"BB"
"SNP_A-1517610"	"11"	134115285	1.007195501	"AB"
"SNP_A-1513412"	"11"	134423858	-1.454031631	"BB"
"SNP_A-1517167"	"11"	134431679	0.367371066	"AA"
"SNP_A-1511933"	"11"	134432350	0.244887059	"AA"
"SNP_A-1513561"	"12"	93683	-0.915935735	"AB"
"SNP_A-1512926"	"12"	1376941	-0.76121314	"BB"
"SNP_A-1513903"	"12"	1867597	1.773996325	"AB"
"SNP_A-1510965"	"12"	1868305	-0.144010303	"AB"
"SNP_A-1515484"	"12"	2203745	0.819668183	"BB"
"SNP_A-1516410"	"12"	2225131	-1.785875195	"BB"
"SNP_A-1519279"	"12"	2381423	-0.610433188	"AB"
"SNP_A-1513330"	"12"	3016309	-0.01449957	"AB"
"SNP_A-1516455"	"12"	3286660	-0.785875195	"AA"
"SNP_A-1515135"	"12"	3711604	-0.444183845	"AA"
"SNP_A-1515346"	"12"	3755608	1.073820233	"BB"
"SNP_A-1513176"	"12"	4364055	-1.251538767	"NoCall"
"SNP_A-1517418"	"12"	4591401	-0.17625064	"BB"
"SNP_A-1513196"	"12"	4593907	-0.545824107	"AA"
"SNP_A-1507709"	"12"	5108476	0.895302621	"AB"
"SNP_A-1518737"	"12"	5245289	1.744161096	"AA"
"SNP_A-1514867"	"12"	5363378	0.819668183	"BB"
"SNP_A-1518478"	"12"	5581508	-0.209227962	"AA"
"SNP_A-1519466"	"12"	5611810	0.589763487	"BB"
"SNP_A-1507775"	"12"	5934166	-0.02180437	"AB"
"SNP_A-1514155"	"12"	5952199	-0.736965594	"AA"
"SNP_A-1514195"	"12"	5952374	-0.524915117	"AA"
"SNP_A-1516027"	"12"	6755671	-0.377069649	"NoCall"
"SNP_A-1517028"	"12"	9287074	0.613531653	"NoCall"
"SNP_A-1519692"	"12"	9303685	1.166715445	"BB"
"SNP_A-1515894"	"12"	9304150	1.137503524	"BB"
"SNP_A-1512482"	"12"	9814380	0.521050737	"AA"
"SNP_A-1512381"	"12"	10701216	-0.64385619	"BB"
"SNP_A-1512339"	"12"	10701328	0.084064265	"BB"
"SNP_A-1508221"	"12"	11419853	-1.089267338	"AA"
"SNP_A-1507432"	"12"	11450125	0.695993813	"AA"
"SNP_A-1509332"	"12"	11478938	1.757023247	"BB"
"SNP_A-1518512"	"12"	11852109	0.646162657	"AA"
"SNP_A-1518581"	"12"	11852139	0.613531653	"AB"
"SNP_A-1507438"	"12"	11902003	-1.120294234	"BB"
"SNP_A-1517380"	"12"	11940929	0.189033824	"NoCall"
"SNP_A-1512150"	"12"	12052808	-0.104697379	"AA"
"SNP_A-1509466"	"12"	12334440	0.526068812	"AA"
"SNP_A-1508118"	"12"	12561494	0.257010618	"AB"
"SNP_A-1517363"	"12"	12721181	-0.678071905	"AB"
"SNP_A-1510789"	"12"	13988737	1.084064265	"AA"
"SNP_A-1513201"	"12"	14024078	-0.514573173	"AA"
"SNP_A-1509513"	"12"	15569405	-0.128156351	"AA"
"SNP_A-1510369"	"12"	16146769	-0.104697379	"AB"
"SNP_A-1510223"	"12"	16214806	0.03562391	"BB"
"SNP_A-1511985"	"12"	16242201	-0.588573754	"AB"
"SNP_A-1510857"	"12"	16314554	0.007195501	"AA"
"SNP_A-1512617"	"12"	16436456	-0.40545145	"AB"
"SNP_A-1515205"	"12"	16541935	-0.632628934	"AB"
"SNP_A-1517169"	"12"	16850411	0.269033146	"BB"
"SNP_A-1507622"	"12"	16986322	-0.251538767	"BB"
"SNP_A-1519114"	"12"	17230345	0.867896464	"AA"
"SNP_A-1512049"	"12"	17230411	-0.330973234	"BB"
"SNP_A-1517963"	"12"	17414119	1.232660757	"AB"
"SNP_A-1518010"	"12"	17414205	-0.260151897	"NoCall"
"SNP_A-1515519"	"12"	17425668	-0.785875195	"AB"
"SNP_A-1519513"	"12"	18216340	-0.556393349	"AB"
"SNP_A-1516138"	"12"	18752116	0.304511042	"AB"
"SNP_A-1510398"	"12"	18917349	-0.77349147	"BB"
"SNP_A-1512934"	"12"	18917723	0.879705766	"AA"
"SNP_A-1514416"	"12"	19206584	2.054848477	"AB"
"SNP_A-1507760"	"12"	19878636	0.286881148	"AA"
"SNP_A-1515632"	"12"	19879530	0.182692298	"AB"
"SNP_A-1507791"	"12"	19879609	-0.971430848	"NoCall"
"SNP_A-1507838"	"12"	19879644	0.117695043	"NoCall"
"SNP_A-1511662"	"12"	19971727	0.941106311	"AB"
"SNP_A-1507818"	"12"	19971799	0.722466024	"NoCall"
"SNP_A-1509705"	"12"	20255829	1.010779839	"AB"
"SNP_A-1512298"	"12"	20340859	-0.120294234	"AA"
"SNP_A-1515302"	"12"	20367378	0.09085343	"AA"
"SNP_A-1519400"	"12"	20433301	0.042644337	"AA"
"SNP_A-1508951"	"12"	20756568	-0.051399153	"AA"
"SNP_A-1511614"	"12"	20833416	-1.395928676	"AA"
"SNP_A-1508320"	"12"	20916712	0.989139007	"AA"
"SNP_A-1519214"	"12"	20917133	0.575312331	"AA"
"SNP_A-1519102"	"12"	20965389	0.580145484	"NoCall"
"SNP_A-1517466"	"12"	21063131	0.459431619	"NoCall"
"SNP_A-1509672"	"12"	21166718	-0.424687669	"AB"
"SNP_A-1508976"	"12"	21587716	0.169925001	"AB"
"SNP_A-1507338"	"12"	21891130	1.22650853	"NoCall"
"SNP_A-1509430"	"12"	22258340	-0.226003675	"AA"
"SNP_A-1515808"	"12"	22992221	0.673556424	"AA"
"SNP_A-1518819"	"12"	23051233	1.260025656	"AA"
"SNP_A-1510391"	"12"	23102735	0.604071324	"NoCall"
"SNP_A-1513790"	"12"	23213887	-0.209227962	"AB"
"SNP_A-1513221"	"12"	23214138	0.03562391	"AA"
"SNP_A-1518195"	"12"	23744336	0.189033824	"AA"
"SNP_A-1518645"	"12"	24363082	-0.128156351	"AB"
"SNP_A-1514909"	"12"	25105887	0.124328135	"AA"
"SNP_A-1512076"	"12"	25105913	-0.209227962	"AB"
"SNP_A-1514443"	"12"	25999958	-2.058893689	"AA"
"SNP_A-1512975"	"12"	26206349	-0.312939312	"AB"
"SNP_A-1517748"	"12"	26583494	0.98550043	"BB"
"SNP_A-1517712"	"12"	26583639	1.403267722	"AA"
"SNP_A-1509370"	"12"	26832973	-0.943416472	"AA"
"SNP_A-1509325"	"12"	26833120	0.560714954	"AB"
"SNP_A-1508689"	"12"	26835377	-0.610433188	"AB"
"SNP_A-1519396"	"12"	27090447	-1.915935735	"BB"
"SNP_A-1518830"	"12"	27470179	0.292781749	"AB"
"SNP_A-1514048"	"12"	27478305	-0.349235441	"NoCall"
"SNP_A-1514082"	"12"	27478496	0.280956314	"NoCall"
"SNP_A-1510262"	"12"	27495702	0.40053793	"AA"
"SNP_A-1509758"	"12"	28710301	0.137503524	"AA"
"SNP_A-1517641"	"12"	28710773	0.427606173	"AA"
"SNP_A-1518641"	"12"	28840469	-1.434402824	"NoCall"
"SNP_A-1515161"	"12"	28961846	0.195347598	"BB"
"SNP_A-1518784"	"12"	29157485	0.589763487	"AA"
"SNP_A-1518732"	"12"	29157743	1.272023189	"AA"
"SNP_A-1511788"	"12"	29163072	-0.234465254	"BB"
"SNP_A-1516289"	"12"	29246991	1.599317794	"AB"
"SNP_A-1518657"	"12"	29326747	-1.514573173	"AA"
"SNP_A-1508618"	"12"	29326942	-0.888968688	"AA"
"SNP_A-1514217"	"12"	30276999	0.03562391	"AA"
"SNP_A-1507583"	"12"	30302329	0.89917563	"AA"
"SNP_A-1518219"	"12"	30314116	0.495695163	"BB"
"SNP_A-1509545"	"12"	30353247	0.189033824	"BB"
"SNP_A-1515325"	"12"	30859954	-0.810966176	"BB"
"SNP_A-1515638"	"12"	31023333	-0.514573173	"AB"
"SNP_A-1515599"	"12"	31023510	-0.483984853	"NoCall"
"SNP_A-1517273"	"12"	31264161	0.427606173	"AB"
"SNP_A-1517654"	"12"	31366772	1.042644337	"AA"
"SNP_A-1518308"	"12"	33086481	0.028569152	"AA"
"SNP_A-1514471"	"12"	33105418	1.176322773	"AA"
"SNP_A-1513315"	"12"	33143421	0.23878686	"AA"
"SNP_A-1515849"	"12"	33306174	-1.286304185	"NoCall"
"SNP_A-1508712"	"12"	33321150	-0.849440323	"BB"
"SNP_A-1510229"	"12"	33674567	0.632268215	"BB"
"SNP_A-1510871"	"12"	33761564	0.344828497	"AA"
"SNP_A-1512935"	"12"	33857763	-0.251538767	"AA"
"SNP_A-1508551"	"12"	36491877	1.15704371	"AB"
"SNP_A-1510149"	"12"	36506044	-1.184424571	"AB"
"SNP_A-1518585"	"12"	36517000	0.292781749	"AA"
"SNP_A-1512562"	"12"	36545390	-0.424687669	"AA"
"SNP_A-1512507"	"12"	36545505	-0.483984853	"AA"
"SNP_A-1519211"	"12"	36694832	-1.810966176	"NoCall"
"SNP_A-1507408"	"12"	36696954	-0.483984853	"BB"
"SNP_A-1507511"	"12"	36697275	-0.749038426	"AB"
"SNP_A-1516031"	"12"	36727030	1.153805336	"AB"
"SNP_A-1517058"	"12"	36978814	0.372952098	"BB"
"SNP_A-1510083"	"12"	37162789	0.50589093	"AA"
"SNP_A-1517702"	"12"	37417259	0.070389328	"AA"
"SNP_A-1511370"	"12"	37798991	-0.358453971	"BB"
"SNP_A-1513798"	"12"	38583007	-1.286304185	"AB"
"SNP_A-1516259"	"12"	38822328	-1.666576266	"AB"
"SNP_A-1516917"	"12"	38995452	-0.59946207	"AA"
"SNP_A-1516737"	"12"	38995680	-0.09696173	"AB"
"SNP_A-1511549"	"12"	39536801	-0.736965594	"NoCall"
"SNP_A-1517214"	"12"	39578780	0.641546029	"BB"
"SNP_A-1513471"	"12"	39579641	0.799087306	"NoCall"
"SNP_A-1514506"	"12"	39801357	-0.268816758	"AB"
"SNP_A-1516859"	"12"	39809976	0.50589093	"AB"
"SNP_A-1517146"	"12"	40032795	-1.089267338	"BB"
"SNP_A-1517700"	"12"	40032816	0.10433666	"AA"
"SNP_A-1517738"	"12"	40032940	-0.785875195	"AB"
"SNP_A-1518176"	"12"	40270605	0.765534746	"AA"
"SNP_A-1514840"	"12"	40539453	-0.59946207	"AB"
"SNP_A-1518023"	"12"	40596176	0.570462931	"AB"
"SNP_A-1510480"	"12"	41060967	-0.13606155	"NoCall"
"SNP_A-1510437"	"12"	41060995	0.056583528	"AB"
"SNP_A-1511801"	"12"	41213598	-0.277533976	"BB"
"SNP_A-1511420"	"12"	41417800	-0.128156351	"NoCall"
"SNP_A-1511495"	"12"	41455972	0.111031312	"AB"
"SNP_A-1511403"	"12"	41456018	-0.713118852	"AB"
"SNP_A-1510728"	"12"	41456169	0.50589093	"NoCall"
"SNP_A-1510642"	"12"	41456278	-0.424687669	"AB"
"SNP_A-1508455"	"12"	41456542	-0.349235441	"AB"
"SNP_A-1508359"	"12"	41456844	-0.567040593	"AA"
"SNP_A-1519359"	"12"	41660759	-1.074000581	"BB"
"SNP_A-1517241"	"12"	41763838	-0.77349147	"AB"
"SNP_A-1514847"	"12"	41770754	-0.888968688	"NoCall"
"SNP_A-1519371"	"12"	41795640	-0.701341684	"AB"
"SNP_A-1511165"	"12"	41801204	-1.434402824	"AB"
"SNP_A-1511205"	"12"	41802052	0.097610797	"AB"
"SNP_A-1518809"	"12"	41920395	0.871843649	"AB"
"SNP_A-1513374"	"12"	41941839	0.316145742	"AB"
"SNP_A-1518431"	"12"	43188840	-0.875671865	"BB"
"SNP_A-1517634"	"12"	43496926	0.298658316	"AA"
"SNP_A-1515760"	"12"	44378810	0.40053793	"AB"
"SNP_A-1510205"	"12"	45451435	1.121015401	"NoCall"
"SNP_A-1513075"	"12"	45451590	0.944858446	"AB"
"SNP_A-1507339"	"12"	45780396	0.448900951	"BB"
"SNP_A-1517752"	"12"	45783503	1.541019153	"BB"
"SNP_A-1515980"	"12"	45834343	-1.268816758	"AB"
"SNP_A-1516521"	"12"	46047479	-0.713118852	"BB"
"SNP_A-1518031"	"12"	46050700	0.778208576	"AA"
"SNP_A-1510664"	"12"	46559981	0.851998837	"AB"
"SNP_A-1514452"	"12"	47435692	-1.043943348	"AB"
"SNP_A-1514501"	"12"	47435864	-0.483984853	"AA"
"SNP_A-1514839"	"12"	48364391	-0.217591435	"AB"
"SNP_A-1515073"	"12"	49294626	-0.09696173	"BB"
"SNP_A-1510014"	"12"	49329007	-0.483984853	"AA"
"SNP_A-1510066"	"12"	49329157	-0.567040593	"BB"
"SNP_A-1515409"	"12"	50469752	-0.915935735	"AB"
"SNP_A-1509703"	"12"	50938088	0.286881148	"AA"
"SNP_A-1508188"	"12"	51060041	1.09423607	"AA"
"SNP_A-1509174"	"12"	51166215	0.560714954	"AB"
"SNP_A-1509221"	"12"	51166274	0.937344392	"AB"
"SNP_A-1508555"	"12"	51310079	-1.76121314	"BB"
"SNP_A-1515527"	"12"	52546417	-0.395928676	"NoCall"
"SNP_A-1517229"	"12"	52549809	0.014355293	"AB"
"SNP_A-1517268"	"12"	52550079	0.782408565	"AB"
"SNP_A-1511894"	"12"	52752362	0.15704371	"NoCall"
"SNP_A-1508113"	"12"	53323790	0.117695043	"AA"
"SNP_A-1513082"	"12"	53370523	1.35614381	"BB"
"SNP_A-1519604"	"12"	53641300	-0.849440323	"AA"
"SNP_A-1516669"	"12"	53641500	-0.128156351	"AA"
"SNP_A-1518982"	"12"	54342579	-0.268816758	"AB"
"SNP_A-1507376"	"12"	54864585	-1	"AA"
"SNP_A-1514402"	"12"	55130160	0.10433666	"AB"
"SNP_A-1516408"	"12"	55612588	-1.168122759	"AB"
"SNP_A-1513596"	"12"	55618008	-0.810966176	"BB"
"SNP_A-1513551"	"12"	55618203	0.333423734	"BB"
"SNP_A-1512383"	"12"	56343030	-0.268816758	"NoCall"
"SNP_A-1510254"	"12"	56684632	-0.007231569	"BB"
"SNP_A-1516212"	"12"	56851376	-0.943416472	"AA"
"SNP_A-1511540"	"12"	57087294	-0.76121314	"AB"
"SNP_A-1510737"	"12"	57090576	1.347665656	"AA"
"SNP_A-1515209"	"12"	57174851	-0.377069649	"BB"
"SNP_A-1507958"	"12"	57210556	-0.749038426	"AA"
"SNP_A-1513692"	"12"	57210983	-0.051399153	"AA"
"SNP_A-1519108"	"12"	57236037	0.526068812	"BB"
"SNP_A-1507599"	"12"	57647734	-0.007231569	"AA"
"SNP_A-1513733"	"12"	57719040	-1.340075442	"BB"
"SNP_A-1518372"	"12"	57759239	-0.13606155	"BB"
"SNP_A-1516810"	"12"	57804911	0.124328135	"AA"
"SNP_A-1518655"	"12"	58857981	-0.59946207	"AA"
"SNP_A-1509395"	"12"	59464226	-0.217591435	"NoCall"
"SNP_A-1514464"	"12"	59608447	0.280956314	"AB"
"SNP_A-1514413"	"12"	59608865	0.773996325	"AA"
"SNP_A-1519731"	"12"	59736400	0.541019153	"NoCall"
"SNP_A-1512677"	"12"	59789259	-0.535331733	"NoCall"
"SNP_A-1515593"	"12"	60083850	0.339137385	"BB"
"SNP_A-1511919"	"12"	60346371	0.097610797	"AB"
"SNP_A-1510246"	"12"	60347141	-0.043943348	"AA"
"SNP_A-1518551"	"12"	60507564	-0.200912694	"BB"
"SNP_A-1519257"	"12"	60507762	-0.168122759	"AA"
"SNP_A-1517056"	"12"	60710030	-0.524915117	"NoCall"
"SNP_A-1510883"	"12"	60950491	-0.749038426	"AB"
"SNP_A-1510572"	"12"	61346591	0.416839742	"AB"
"SNP_A-1512786"	"12"	61542477	0.176322773	"BB"
"SNP_A-1514503"	"12"	61552251	0.879705766	"AB"
"SNP_A-1519271"	"12"	61653129	0.021479727	"AA"
"SNP_A-1518799"	"12"	62064353	0.941106311	"AA"
"SNP_A-1515160"	"12"	62815387	1.03562391	"AA"
"SNP_A-1513027"	"12"	62850336	-0.915935735	"NoCall"
"SNP_A-1514277"	"12"	62951137	0.40599236	"AB"
"SNP_A-1508444"	"12"	63577561	0.367371066	"BB"
"SNP_A-1507739"	"12"	63662789	1.007195501	"AB"
"SNP_A-1517276"	"12"	64239801	-1.074000581	"BB"
"SNP_A-1515709"	"12"	64977216	1.275007047	"AB"
"SNP_A-1511487"	"12"	65137711	-0.4639471	"BB"
"SNP_A-1517993"	"12"	65222830	-0.713118852	"NoCall"
"SNP_A-1515647"	"12"	65279429	1.173127433	"BB"
"SNP_A-1516278"	"12"	65512183	0.195347598	"BB"
"SNP_A-1517434"	"12"	65822926	0.438292852	"BB"
"SNP_A-1511144"	"12"	65823128	-1.120294234	"BB"
"SNP_A-1509528"	"12"	65842386	0.713695815	"AA"
"SNP_A-1511626"	"12"	65863997	0.35614381	"BB"
"SNP_A-1516990"	"12"	66295754	1.601696516	"AA"
"SNP_A-1517298"	"12"	66484625	1.277984747	"BB"
"SNP_A-1508498"	"12"	66484825	1.589763487	"AA"
"SNP_A-1517626"	"12"	66507974	-1.184424571	"AA"
"SNP_A-1515737"	"12"	66603891	-0.051399153	"AA"
"SNP_A-1518829"	"12"	66786791	-0.77349147	"AB"
"SNP_A-1518878"	"12"	66786905	-0.77349147	"NoCall"
"SNP_A-1515330"	"12"	66822895	-1.120294234	"BB"
"SNP_A-1512719"	"12"	66870812	-0.49410907	"BB"
"SNP_A-1514242"	"12"	66870907	0.86393845	"AB"
"SNP_A-1512645"	"12"	66870973	-0.321928095	"AA"
"SNP_A-1511918"	"12"	66974173	1.523561956	"AB"
"SNP_A-1509495"	"12"	67054606	-0.395928676	"BB"
"SNP_A-1511100"	"12"	67669983	-0.902389203	"NoCall"
"SNP_A-1513184"	"12"	67691280	1.817623258	"BB"
"SNP_A-1514302"	"12"	67695739	1.09423607	"AA"
"SNP_A-1518514"	"12"	68315603	-0.377069649	"BB"
"SNP_A-1511827"	"12"	68403513	-0.849440323	"BB"
"SNP_A-1511772"	"12"	68403677	0.124328135	"AA"
"SNP_A-1517333"	"12"	68544939	-0.226003675	"AB"
"SNP_A-1519135"	"12"	68568050	-0.415037499	"BB"
"SNP_A-1514787"	"12"	68999566	-0.556393349	"BB"
"SNP_A-1515147"	"12"	69383756	-0.915935735	"BB"
"SNP_A-1507410"	"12"	69677162	0.545968369	"BB"
"SNP_A-1507460"	"12"	69677350	0.214124805	"AB"
"SNP_A-1510340"	"12"	69732260	-0.251538767	"AA"
"SNP_A-1519318"	"12"	69767717	-0.902389203	"AB"
"SNP_A-1512148"	"12"	69772268	0.82374936	"BB"
"SNP_A-1513948"	"12"	69786433	1.841973119	"AB"
"SNP_A-1511290"	"12"	69854615	0.970853654	"NoCall"
"SNP_A-1514421"	"12"	70242280	0.339137385	"BB"
"SNP_A-1516374"	"12"	70321877	0.23878686	"BB"
"SNP_A-1518763"	"12"	70641446	-0.514573173	"AB"
"SNP_A-1518709"	"12"	70648532	-0.556393349	"AB"
"SNP_A-1517769"	"12"	70698634	-0.4639471	"NoCall"
"SNP_A-1517686"	"12"	70698761	-0.120294234	"NoCall"
"SNP_A-1512243"	"12"	71222214	-0.632628934	"AA"
"SNP_A-1516815"	"12"	71726921	-0.02180437	"BB"
"SNP_A-1516858"	"12"	71726976	-0.621488377	"BB"
"SNP_A-1519351"	"12"	71921999	0.695993813	"AA"
"SNP_A-1510793"	"12"	71961824	0.959770155	"NoCall"
"SNP_A-1514967"	"12"	72039381	-0.104697379	"AB"
"SNP_A-1516157"	"12"	72263830	0.584962501	"AA"
"SNP_A-1515298"	"12"	72264091	0.09085343	"AB"
"SNP_A-1515254"	"12"	72264130	0.3950628	"BB"
"SNP_A-1513013"	"12"	73281007	0.344828497	"NoCall"
"SNP_A-1516555"	"12"	73712158	-0.168122759	"BB"
"SNP_A-1518788"	"12"	73788871	0.207892852	"BB"
"SNP_A-1511612"	"12"	74448460	-0.749038426	"BB"
"SNP_A-1515667"	"12"	74494077	1.321928095	"BB"
"SNP_A-1511091"	"12"	74670090	0.361768359	"NoCall"
"SNP_A-1517792"	"12"	75418754	0.150559677	"AB"
"SNP_A-1514880"	"12"	75963667	0.40053793	"AB"
"SNP_A-1518664"	"12"	76698687	-0.160040413	"BB"
"SNP_A-1518719"	"12"	76698773	0.263034406	"NoCall"
"SNP_A-1508851"	"12"	76729624	0.220329955	"BB"
"SNP_A-1509807"	"12"	77239537	1.003602237	"AB"
"SNP_A-1512736"	"12"	77280013	0.722466024	"AB"
"SNP_A-1518288"	"12"	77322947	-0.810966176	"AA"
"SNP_A-1509582"	"12"	77335054	0.744161096	"AB"
"SNP_A-1519423"	"12"	77775234	0.344828497	"AB"
"SNP_A-1515277"	"12"	78198239	-0.713118852	"NoCall"
"SNP_A-1517052"	"12"	78296432	-0.029146346	"AA"
"SNP_A-1516901"	"12"	78916387	-0.226003675	"BB"
"SNP_A-1516849"	"12"	78916566	1.066950244	"BB"
"SNP_A-1516799"	"12"	78916652	0.580145484	"BB"
"SNP_A-1508329"	"12"	79331147	0.608809243	"AA"
"SNP_A-1510020"	"12"	80001172	1.021479727	"BB"
"SNP_A-1509821"	"12"	80194741	0.304511042	"AA"
"SNP_A-1516136"	"12"	80217400	-1.200912694	"AA"
"SNP_A-1508752"	"12"	80932751	0.839959587	"AA"
"SNP_A-1517301"	"12"	81906992	0.361768359	"AA"
"SNP_A-1512113"	"12"	82563311	1.558267634	"BB"
"SNP_A-1509586"	"12"	82636288	-0.17625064	"BB"
"SNP_A-1509641"	"12"	82636442	-0.277533976	"BB"
"SNP_A-1519301"	"12"	83170810	-0.066427362	"AB"
"SNP_A-1515797"	"12"	83418378	-0.152003093	"BB"
"SNP_A-1515830"	"12"	83422597	1.550900665	"BB"
"SNP_A-1516855"	"12"	83493816	-0.395928676	"AA"
"SNP_A-1517416"	"12"	83493849	-0.234465254	"BB"
"SNP_A-1517469"	"12"	83494265	-0.007231569	"AB"
"SNP_A-1519659"	"12"	83494344	0.726831217	"AA"
"SNP_A-1511360"	"12"	83715627	0.485426827	"AB"
"SNP_A-1511585"	"12"	83740879	0.207892852	"AA"
"SNP_A-1517043"	"12"	84979809	0.521050737	"AB"
"SNP_A-1518998"	"12"	85762046	0.378511623	"NoCall"
"SNP_A-1518382"	"12"	85785491	-0.862496476	"NoCall"
"SNP_A-1518458"	"12"	85848562	1.572889668	"AB"
"SNP_A-1518401"	"12"	85848577	1.147306699	"AB"
"SNP_A-1514136"	"12"	86199128	0.182692298	"AB"
"SNP_A-1518307"	"12"	86363048	-0.02180437	"AB"
"SNP_A-1513321"	"12"	86702183	-0.849440323	"AB"
"SNP_A-1507793"	"12"	87496400	-0.929610672	"AB"
"SNP_A-1510022"	"12"	87877875	-0.277533976	"BB"
"SNP_A-1519071"	"12"	88439905	1.657640005	"NoCall"
"SNP_A-1507684"	"12"	89534036	0.695993813	"BB"
"SNP_A-1514058"	"12"	89664960	-0.971430848	"BB"
"SNP_A-1516339"	"12"	89930438	-0.689659879	"BB"
"SNP_A-1513547"	"12"	90170362	-1.395928676	"BB"
"SNP_A-1512690"	"12"	90230616	0.077242999	"AA"
"SNP_A-1514428"	"12"	90286486	0.077242999	"BB"
"SNP_A-1516101"	"12"	90293188	0.744161096	"AA"
"SNP_A-1518516"	"12"	90375038	1.459431619	"BB"
"SNP_A-1508762"	"12"	90471245	0.709290636	"AA"
"SNP_A-1507352"	"12"	91035857	-0.321928095	"AA"
"SNP_A-1508075"	"12"	91074897	0.709290636	"AA"
"SNP_A-1509014"	"12"	91425744	0.790772038	"AA"
"SNP_A-1512009"	"12"	91448983	-0.823677227	"AB"
"SNP_A-1516542"	"12"	91588897	0.250961574	"BB"
"SNP_A-1519392"	"12"	92066424	-0.849440323	"AA"
"SNP_A-1519439"	"12"	92066501	-0.251538767	"AA"
"SNP_A-1511132"	"12"	92462386	-0.251538767	"AA"
"SNP_A-1515256"	"12"	92604597	2.089159132	"AA"
"SNP_A-1515300"	"12"	92604619	0.438292852	"AA"
"SNP_A-1510046"	"12"	92870695	1.599317794	"BB"
"SNP_A-1519674"	"12"	92985674	1.010779839	"AA"
"SNP_A-1509181"	"12"	92986404	1.543495883	"AA"
"SNP_A-1509076"	"12"	92986614	0.389566812	"BB"
"SNP_A-1511912"	"12"	93276001	-0.395928676	"AB"
"SNP_A-1509020"	"12"	93600256	0.704871964	"BB"
"SNP_A-1513850"	"12"	93706610	1.553360503	"AA"
"SNP_A-1514308"	"12"	93857073	0.049630768	"AA"
"SNP_A-1514498"	"12"	94200474	-0.588573754	"AA"
"SNP_A-1516682"	"12"	94573788	-1.104697379	"AB"
"SNP_A-1517310"	"12"	94584860	0.613531653	"BB"
"SNP_A-1513659"	"12"	94701962	0.627606838	"BB"
"SNP_A-1513711"	"12"	94702086	-0.09696173	"AB"
"SNP_A-1517125"	"12"	94922409	-0.798366139	"AA"
"SNP_A-1517184"	"12"	94922502	-1.358453971	"NoCall"
"SNP_A-1517083"	"12"	94922681	-0.260151897	"AA"
"SNP_A-1516949"	"12"	94961810	0.97819563	"AB"
"SNP_A-1513203"	"12"	94993376	-0.689659879	"AB"
"SNP_A-1508137"	"12"	95456946	-0.749038426	"AB"
"SNP_A-1518990"	"12"	95492143	-0.957355663	"AA"
"SNP_A-1510717"	"12"	95555959	0.526068812	"BB"
"SNP_A-1510127"	"12"	95556107	0.570462931	"BB"
"SNP_A-1508377"	"12"	95570649	-0.377069649	"AA"
"SNP_A-1508421"	"12"	95570688	-1.089267338	"BB"
"SNP_A-1508466"	"12"	95570837	-0.168122759	"BB"
"SNP_A-1519418"	"12"	95593347	1.794935663	"NoCall"
"SNP_A-1507691"	"12"	95740775	0.263034406	"AB"
"SNP_A-1517896"	"12"	95894152	-1.168122759	"BB"
"SNP_A-1515283"	"12"	95907440	0.646162657	"AB"
"SNP_A-1517090"	"12"	96239064	-0.160040413	"BB"
"SNP_A-1513317"	"12"	96259329	-0.007231569	"AA"
"SNP_A-1511361"	"12"	96694315	-0.415037499	"AA"
"SNP_A-1514434"	"12"	96708635	-0.701341684	"BB"
"SNP_A-1511570"	"12"	96778654	0.599317794	"BB"
"SNP_A-1509007"	"12"	97019296	1.364572432	"BB"
"SNP_A-1508915"	"12"	97139866	0.422233001	"AA"
"SNP_A-1511104"	"12"	97151726	-1.377069649	"BB"
"SNP_A-1517673"	"12"	97204149	1.61117238	"AA"
"SNP_A-1517718"	"12"	97204234	1.042644337	"AA"
"SNP_A-1511324"	"12"	97214210	1.080657663	"NoCall"
"SNP_A-1509125"	"12"	97320770	0.275007047	"AA"
"SNP_A-1516955"	"12"	97698266	0.469885976	"BB"
"SNP_A-1513324"	"12"	97754292	1.718087584	"NoCall"
"SNP_A-1516154"	"12"	97978643	0.042644337	"AB"
"SNP_A-1518598"	"12"	98406935	-0.081613766	"AA"
"SNP_A-1516973"	"12"	98799355	1.195347598	"AA"
"SNP_A-1509464"	"12"	99570951	-1.13606155	"AA"
"SNP_A-1516850"	"12"	99614649	1.032100843	"AA"
"SNP_A-1509229"	"12"	99615523	0.765534746	"AB"
"SNP_A-1511680"	"12"	99762926	1.495695163	"BB"
"SNP_A-1518854"	"12"	100067176	-0.483984853	"AB"
"SNP_A-1515213"	"12"	100120265	0.641546029	"NoCall"
"SNP_A-1516872"	"12"	100431481	-0.424687669	"NoCall"
"SNP_A-1509919"	"12"	100568337	0.778208576	"BB"
"SNP_A-1515704"	"12"	101110071	0.182692298	"AA"
"SNP_A-1516673"	"12"	101232535	0.49057013	"BB"
"SNP_A-1509765"	"12"	101456362	0.13093087	"AA"
"SNP_A-1510163"	"12"	101577909	1.09085343	"AA"
"SNP_A-1511399"	"12"	101670278	1.680324357	"BB"
"SNP_A-1518994"	"12"	101749167	-0.577766999	"AA"
"SNP_A-1515661"	"12"	101800984	-0.823677227	"NoCall"
"SNP_A-1510306"	"12"	101817996	0.232660757	"NoCall"
"SNP_A-1515976"	"12"	101868452	-1.358453971	"AA"
"SNP_A-1515882"	"12"	101868600	-0.902389203	"BB"
"SNP_A-1517044"	"12"	102275244	-0.915935735	"BB"
"SNP_A-1512454"	"12"	102744003	-0.836501268	"BB"
"SNP_A-1507329"	"12"	102769610	0.722466024	"AA"
"SNP_A-1507375"	"12"	102769811	0.049630768	"NoCall"
"SNP_A-1510817"	"12"	103051080	-0.395928676	"AB"
"SNP_A-1512980"	"12"	103361959	-1	"AA"
"SNP_A-1519367"	"12"	103402448	1.40599236	"AA"
"SNP_A-1513892"	"12"	103413268	-0.036525876	"AA"
"SNP_A-1513958"	"12"	103413311	0.807354922	"AA"
"SNP_A-1518506"	"12"	103678312	0	"AB"
"SNP_A-1508180"	"12"	104108639	-0.943416472	"AB"
"SNP_A-1509732"	"12"	104643018	0.906890596	"AB"
"SNP_A-1511932"	"12"	104735073	-1.286304185	"NoCall"
"SNP_A-1512968"	"12"	104870975	-1.689659879	"NoCall"
"SNP_A-1517251"	"12"	104988946	0.014355293	"AA"
"SNP_A-1511096"	"12"	105522682	-0.234465254	"AA"
"SNP_A-1515876"	"12"	105572516	0.691534165	"NoCall"
"SNP_A-1519700"	"12"	105919394	0.232660757	"BB"
"SNP_A-1514531"	"12"	106175669	-1.184424571	"AB"
"SNP_A-1512939"	"12"	106720709	-2.029146346	"AA"
"SNP_A-1510165"	"12"	106720885	-0.424687669	"AA"
"SNP_A-1510215"	"12"	106720950	-0.051399153	"AA"
"SNP_A-1510261"	"12"	106721003	0.321928095	"AA"
"SNP_A-1519052"	"12"	106753295	1.606442228	"AA"
"SNP_A-1507976"	"12"	106871443	-1.286304185	"AA"
"SNP_A-1509886"	"12"	106941389	-0.066427362	"BB"
"SNP_A-1513658"	"12"	107209590	-0.724992953	"AB"
"SNP_A-1519618"	"12"	107210226	1.017921908	"AB"
"SNP_A-1511948"	"12"	107280570	-0.312939312	"BB"
"SNP_A-1511993"	"12"	107280659	-0.915935735	"AA"
"SNP_A-1514125"	"12"	107308599	-0.567040593	"NoCall"
"SNP_A-1514074"	"12"	107308815	-0.610433188	"NoCall"
"SNP_A-1516750"	"12"	108357441	-0.321928095	"AB"
"SNP_A-1516781"	"12"	108357863	0.232660757	"AB"
"SNP_A-1509107"	"12"	108357888	0.007195501	"BB"
"SNP_A-1512290"	"12"	111960328	-0.4639471	"BB"
"SNP_A-1516397"	"12"	112450813	0.124328135	"BB"
"SNP_A-1511269"	"12"	112450964	0.070389328	"AB"
"SNP_A-1517193"	"12"	112640847	-1.358453971	"BB"
"SNP_A-1508409"	"12"	112890064	0.03562391	"AA"
"SNP_A-1512705"	"12"	112936386	-1.152003093	"BB"
"SNP_A-1516487"	"12"	112936469	3.589164237	"BB"
"SNP_A-1517560"	"12"	112981142	0.827819025	"AB"
"SNP_A-1517518"	"12"	112981414	-0.089267338	"NoCall"
"SNP_A-1517458"	"12"	112981440	-0.144010303	"NoCall"
"SNP_A-1514122"	"12"	112993276	-2.836501268	"BB"
"SNP_A-1512301"	"12"	113150914	0.560714954	"AB"
"SNP_A-1517543"	"12"	113157692	-1.415037499	"NoCall"
"SNP_A-1518696"	"12"	113829136	-0.632628934	"AB"
"SNP_A-1519451"	"12"	113829557	-0.49410907	"AB"
"SNP_A-1510621"	"12"	113912056	0.782408565	"AB"
"SNP_A-1507625"	"12"	113981999	-0.184424571	"AB"
"SNP_A-1510899"	"12"	113987683	1.301587647	"AB"
"SNP_A-1519042"	"12"	114226772	0.565597176	"AA"
"SNP_A-1514460"	"12"	114472385	-0.007231569	"BB"
"SNP_A-1519594"	"12"	114551326	0.416839742	"BB"
"SNP_A-1519543"	"12"	114582096	0.464668267	"BB"
"SNP_A-1512443"	"12"	114582392	0.049630768	"BB"
"SNP_A-1517663"	"12"	114642015	0.475084883	"BB"
"SNP_A-1509052"	"12"	115197340	-0.160040413	"AA"
"SNP_A-1513576"	"12"	115339019	0.66448284	"AB"
"SNP_A-1513624"	"12"	115339048	0.521050737	"AA"
"SNP_A-1513688"	"12"	115339208	-0.957355663	"AB"
"SNP_A-1514003"	"12"	115492948	-0.234465254	"AA"
"SNP_A-1507357"	"12"	115798038	-0.242976753	"AA"
"SNP_A-1513667"	"12"	116464605	0.22650853	"BB"
"SNP_A-1513716"	"12"	116464747	1.060047384	"BB"
"SNP_A-1510908"	"12"	116638729	1.493134922	"AA"
"SNP_A-1511536"	"12"	116641684	-1.104697379	"AB"
"SNP_A-1515560"	"12"	116654973	-0.724992953	"NoCall"
"SNP_A-1512967"	"12"	117295033	0.765534746	"AB"
"SNP_A-1517413"	"12"	117295217	0.914564523	"AB"
"SNP_A-1514855"	"12"	117476805	-0.304006187	"BB"
"SNP_A-1517279"	"12"	117991540	-1.268816758	"BB"
"SNP_A-1514320"	"12"	119322583	-0.902389203	"AA"
"SNP_A-1508215"	"12"	119660537	0.673556424	"AB"
"SNP_A-1510400"	"12"	120782763	0.416839742	"BB"
"SNP_A-1507463"	"12"	121532567	-1.074000581	"BB"
"SNP_A-1515251"	"12"	122429905	-0.483984853	"AA"
"SNP_A-1512308"	"12"	124238403	1.488000771	"AB"
"SNP_A-1510377"	"12"	124358151	0.195347598	"BB"
"SNP_A-1510811"	"12"	124358587	-0.02180437	"AA"
"SNP_A-1510776"	"12"	125274270	-0.168122759	"BB"
"SNP_A-1517632"	"12"	125797691	0.580145484	"AA"
"SNP_A-1512679"	"12"	125798249	-0.029146346	"AA"
"SNP_A-1512130"	"12"	126025527	-1.556393349	"AA"
"SNP_A-1519710"	"12"	126077031	0.811471031	"AA"
"SNP_A-1514095"	"12"	126077222	-0.678071905	"NoCall"
"SNP_A-1508241"	"12"	126176369	0.959770155	"AB"
"SNP_A-1508173"	"12"	126177083	1.475084883	"NoCall"
"SNP_A-1510515"	"12"	126428581	-1.13606155	"BB"
"SNP_A-1513643"	"12"	126779462	-0.810966176	"AA"
"SNP_A-1518898"	"12"	126992080	1	"AB"
"SNP_A-1517513"	"12"	127117174	-1.377069649	"BB"
"SNP_A-1514542"	"12"	127197670	-0.340075442	"NoCall"
"SNP_A-1517887"	"12"	127459509	-0.504304837	"BB"
"SNP_A-1512106"	"12"	127645899	0.304511042	"AB"
"SNP_A-1510345"	"12"	127935757	0.731183242	"BB"
"SNP_A-1510853"	"12"	127935939	0.232660757	"AA"
"SNP_A-1512190"	"12"	128034044	-1.535331733	"BB"
"SNP_A-1509777"	"12"	128448295	2.0721058	"BB"
"SNP_A-1517910"	"12"	128558042	-1.104697379	"NoCall"
"SNP_A-1511222"	"12"	128581011	2.316145742	"NoCall"
"SNP_A-1515837"	"12"	128827283	0.495695163	"BB"
"SNP_A-1512470"	"12"	130364436	-0.632628934	"BB"
"SNP_A-1511321"	"12"	130375262	0.244887059	"AB"
"SNP_A-1512861"	"12"	130375306	-1.234465254	"NoCall"
"SNP_A-1513353"	"12"	130375323	-0.089267338	"AB"
"SNP_A-1513312"	"12"	130375660	-1.49410907	"AB"
"SNP_A-1516595"	"13"	17378972	0.98550043	"AB"
"SNP_A-1516809"	"13"	17382385	-0.689659879	"AB"
"SNP_A-1516854"	"13"	17382477	0.963474124	"NoCall"
"SNP_A-1518600"	"13"	17767463	-0.875671865	"AA"
"SNP_A-1519174"	"13"	17767512	0.021479727	"AA"
"SNP_A-1515291"	"13"	17929353	-0.64385619	"AB"
"SNP_A-1514908"	"13"	18602864	1.107687869	"AA"
"SNP_A-1518534"	"13"	18802738	-0.104697379	"AA"
"SNP_A-1518480"	"13"	18802834	-0.058893689	"AA"
"SNP_A-1515944"	"13"	19760773	-0.577766999	"BB"
"SNP_A-1510187"	"13"	19809562	0.761285273	"BB"
"SNP_A-1508804"	"13"	20218129	-0.029146346	"BB"
"SNP_A-1508817"	"13"	20543202	-0.251538767	"BB"
"SNP_A-1511734"	"13"	20810480	0.014355293	"AA"
"SNP_A-1511533"	"13"	21139363	-1.200912694	"AB"
"SNP_A-1511935"	"13"	21402147	0.286881148	"BB"
"SNP_A-1513670"	"13"	21530199	-0.849440323	"NoCall"
"SNP_A-1517322"	"13"	21693598	0.97819563	"AA"
"SNP_A-1517940"	"13"	21715281	-1.13606155	"AA"
"SNP_A-1515049"	"13"	22484523	0.659924558	"AA"
"SNP_A-1512121"	"13"	22484841	1.23878686	"AB"
"SNP_A-1518112"	"13"	22484960	1.060047384	"BB"
"SNP_A-1512422"	"13"	22498616	0.678071905	"AB"
"SNP_A-1517511"	"13"	22592219	-1.577766999	"BB"
"SNP_A-1517550"	"13"	22592329	-1.286304185	"AA"
"SNP_A-1509058"	"13"	24029946	-0.395928676	"BB"
"SNP_A-1509101"	"13"	24030290	0.367371066	"BB"
"SNP_A-1508059"	"13"	24698920	0.097610797	"BB"
"SNP_A-1507346"	"13"	24699004	-1.168122759	"AA"
"SNP_A-1515301"	"13"	24712728	-0.610433188	"AA"
"SNP_A-1507323"	"13"	24778590	-1.943416472	"AA"
"SNP_A-1507446"	"13"	24803578	-0.340075442	"AA"
"SNP_A-1517453"	"13"	24835304	0.007195501	"AB"
"SNP_A-1514017"	"13"	24835825	0.448900951	"AB"
"SNP_A-1516097"	"13"	24836321	1.063502942	"AB"
"SNP_A-1509647"	"13"	24901257	-1.556393349	"AA"
"SNP_A-1519340"	"13"	25087922	-0.367731785	"NoCall"
"SNP_A-1517747"	"13"	25159090	1.201633861	"AB"
"SNP_A-1511719"	"13"	25538382	-0.066427362	"AA"
"SNP_A-1507428"	"13"	25704257	-0.251538767	"BB"
"SNP_A-1517897"	"13"	26010961	0.176322773	"BB"
"SNP_A-1514925"	"13"	26033896	-1.120294234	"BB"
"SNP_A-1508682"	"13"	26148949	1.981852653	"AB"
"SNP_A-1513963"	"13"	26255503	-1	"AA"
"SNP_A-1517069"	"13"	26258658	-0.160040413	"BB"
"SNP_A-1511141"	"13"	26676544	0.555816155	"AA"
"SNP_A-1514664"	"13"	26858599	0.659924558	"BB"
"SNP_A-1515447"	"13"	27170443	-1.514573173	"NoCall"
"SNP_A-1516615"	"13"	27398415	0.510961919	"NoCall"
"SNP_A-1515066"	"13"	27654949	1.23878686	"AB"
"SNP_A-1516875"	"13"	27741091	-0.340075442	"AA"
"SNP_A-1516940"	"13"	27741212	-1.268816758	"BB"
"SNP_A-1516995"	"13"	27741237	-0.234465254	"BB"
"SNP_A-1516541"	"13"	27827722	0.201633861	"AB"
"SNP_A-1517581"	"13"	28187252	0.871843649	"BB"
"SNP_A-1519287"	"13"	28254307	0.232660757	"BB"
"SNP_A-1514457"	"13"	28475163	0.117695043	"BB"
"SNP_A-1519084"	"13"	28501639	0.608809243	"AB"
"SNP_A-1519201"	"13"	28501944	-1.454031631	"NoCall"
"SNP_A-1508706"	"13"	28541369	1.028569152	"BB"
"SNP_A-1508160"	"13"	28541469	0.014355293	"AA"
"SNP_A-1509123"	"13"	28769421	-0.304006187	"BB"
"SNP_A-1514558"	"13"	28930712	0.028569152	"AA"
"SNP_A-1510417"	"13"	28931133	1.682573297	"AB"
"SNP_A-1511802"	"13"	29228486	0.03562391	"BB"
"SNP_A-1514449"	"13"	29280194	-0.226003675	"NoCall"
"SNP_A-1514403"	"13"	29280241	-0.312939312	"AA"
"SNP_A-1509276"	"13"	29316595	-0.01449957	"AA"
"SNP_A-1515306"	"13"	29514447	0.608809243	"AA"
"SNP_A-1510331"	"13"	29542734	-0.4639471	"BB"
"SNP_A-1517186"	"13"	29703449	-0.514573173	"AA"
"SNP_A-1513710"	"13"	29703641	-1	"BB"
"SNP_A-1509575"	"13"	29703942	-1.251538767	"BB"
"SNP_A-1513653"	"13"	29704141	0.891419187	"AA"
"SNP_A-1517682"	"13"	29705741	0.599317794	"BB"
"SNP_A-1513191"	"13"	29814280	-0.104697379	"BB"
"SNP_A-1513152"	"13"	29814433	0	"BB"
"SNP_A-1512788"	"13"	30481876	-1.621488377	"AA"
"SNP_A-1507845"	"13"	30788780	-0.76121314	"AB"
"SNP_A-1515433"	"13"	31095044	-0.217591435	"BB"
"SNP_A-1512175"	"13"	31153337	-0.168122759	"AB"
"SNP_A-1515045"	"13"	31279793	-0.209227962	"BB"
"SNP_A-1511379"	"13"	31541347	0.608809243	"BB"
"SNP_A-1513680"	"13"	31692672	0.757023247	"AB"
"SNP_A-1509347"	"13"	31784219	0.691534165	"BB"
"SNP_A-1515259"	"13"	31835063	1.983677695	"BB"
"SNP_A-1510196"	"13"	32382370	0.464668267	"BB"
"SNP_A-1516117"	"13"	32470085	-1.168122759	"BB"
"SNP_A-1515670"	"13"	32515535	1.746312766	"BB"
"SNP_A-1511775"	"13"	32783168	0.176322773	"AA"
"SNP_A-1515616"	"13"	33603003	0.214124805	"AA"
"SNP_A-1519729"	"13"	34176005	-0.588573754	"AB"
"SNP_A-1519427"	"13"	34176075	-0.4639471	"AA"
"SNP_A-1513497"	"13"	34310158	-0.810966176	"AB"
"SNP_A-1507381"	"13"	34379177	-0.160040413	"BB"
"SNP_A-1512658"	"13"	34537565	-0.321928095	"BB"
"SNP_A-1515309"	"13"	34960585	0.604071324	"AB"
"SNP_A-1516925"	"13"	35742928	-0.49410907	"NoCall"
"SNP_A-1518014"	"13"	35971816	0.384049807	"BB"
"SNP_A-1515264"	"13"	36282931	-1.321928095	"AB"
"SNP_A-1511644"	"13"	36425010	0.454175893	"AB"
"SNP_A-1508987"	"13"	36598265	-1	"BB"
"SNP_A-1519718"	"13"	36642925	0.084064265	"AA"
"SNP_A-1517627"	"13"	36861238	-0.200912694	"NoCall"
"SNP_A-1518323"	"13"	36862717	-1.810966176	"AA"
"SNP_A-1508211"	"13"	37025547	0.847996907	"BB"
"SNP_A-1510909"	"13"	37381625	-0.444183845	"BB"
"SNP_A-1519256"	"13"	37500755	-0.473931188	"AB"
"SNP_A-1513163"	"13"	37500998	0.40053793	"AB"
"SNP_A-1516953"	"13"	37892679	0.827819025	"BB"
"SNP_A-1518059"	"13"	37940280	0.682573297	"AA"
"SNP_A-1509832"	"13"	37957629	0.350497247	"AA"
"SNP_A-1510110"	"13"	38340201	-0.007231569	"NoCall"
"SNP_A-1514627"	"13"	38444156	-0.074000581	"AB"
"SNP_A-1513968"	"13"	38493992	1.790772038	"AB"
"SNP_A-1514116"	"13"	38623326	0.731183242	"AB"
"SNP_A-1518713"	"13"	38632027	0.948600847	"AA"
"SNP_A-1513043"	"13"	38724192	0.839959587	"AA"
"SNP_A-1515470"	"13"	38786299	0.220329955	"AA"
"SNP_A-1518680"	"13"	39283668	-0.066427362	"AA"
"SNP_A-1516674"	"13"	39839939	0.867896464	"BB"
"SNP_A-1512020"	"13"	39870007	0.555816155	"AA"
"SNP_A-1515916"	"13"	40279448	0.438292852	"AB"
"SNP_A-1507758"	"13"	40473493	-0.514573173	"NoCall"
"SNP_A-1507699"	"13"	40473667	-0.823677227	"AB"
"SNP_A-1510339"	"13"	40585040	-0.632628934	"BB"
"SNP_A-1510433"	"13"	40588179	-0.588573754	"AA"
"SNP_A-1513238"	"13"	40793262	1.14404637	"AB"
"SNP_A-1513164"	"13"	40816177	0.097610797	"AB"
"SNP_A-1508993"	"13"	41114482	-0.504304837	"AA"
"SNP_A-1518495"	"13"	41123418	-0.152003093	"AB"
"SNP_A-1515081"	"13"	41166536	-0.17625064	"AB"
"SNP_A-1518635"	"13"	41773197	1.731183242	"AB"
"SNP_A-1514037"	"13"	41776062	0.007195501	"AB"
"SNP_A-1516125"	"13"	42037557	1.575312331	"AB"
"SNP_A-1515354"	"13"	42038401	-0.260151897	"AA"
"SNP_A-1518586"	"13"	42071385	-0.152003093	"AB"
"SNP_A-1510913"	"13"	42226793	-0.058893689	"AB"
"SNP_A-1509353"	"13"	42273398	0.700439718	"AB"
"SNP_A-1515610"	"13"	42483844	-0.321928095	"AA"
"SNP_A-1515652"	"13"	42483946	-1.49410907	"AA"
"SNP_A-1518873"	"13"	43271004	0.459431619	"AA"
"SNP_A-1518976"	"13"	43271231	-0.424687669	"BB"
"SNP_A-1510520"	"13"	44179925	0.250961574	"BB"
"SNP_A-1509869"	"13"	44361654	-1.089267338	"AB"
"SNP_A-1512456"	"13"	44400124	1.053111336	"NoCall"
"SNP_A-1510553"	"13"	44453450	-0.724992953	"NoCall"
"SNP_A-1519087"	"13"	44502214	0.443606651	"AB"
"SNP_A-1519621"	"13"	44545130	2.102658131	"AA"
"SNP_A-1519007"	"13"	44545185	1.438292852	"BB"
"SNP_A-1518752"	"13"	44679672	-0.295128036	"BB"
"SNP_A-1513021"	"13"	44725431	-1.621488377	"AA"
"SNP_A-1513069"	"13"	44725480	-0.242976753	"AA"
"SNP_A-1508089"	"13"	45140774	-0.567040593	"NoCall"
"SNP_A-1519029"	"13"	45253726	0.526068812	"AB"
"SNP_A-1518970"	"13"	45253864	1.641546029	"AB"
"SNP_A-1513371"	"13"	45254052	0.992768431	"BB"
"SNP_A-1516451"	"13"	45303171	0.687060688	"BB"
"SNP_A-1514586"	"13"	45426850	0.182692298	"AA"
"SNP_A-1512840"	"13"	45920765	-1.043943348	"AA"
"SNP_A-1515004"	"13"	45948101	-0.929610672	"AB"
"SNP_A-1513387"	"13"	46019744	0.695993813	"AB"
"SNP_A-1515782"	"13"	46029992	-1.120294234	"AA"
"SNP_A-1512262"	"13"	46073413	1.13093087	"AA"
"SNP_A-1514272"	"13"	46135256	-0.836501268	"AA"
"SNP_A-1514533"	"13"	46168560	0.163498732	"AA"
"SNP_A-1514700"	"13"	46226516	1.137503524	"BB"
"SNP_A-1514285"	"13"	46469082	-0.64385619	"AB"
"SNP_A-1516996"	"13"	47254079	0.815575429	"BB"
"SNP_A-1510199"	"13"	47345001	-0.610433188	"AB"
"SNP_A-1511691"	"13"	47643486	-0.4639471	"AB"
"SNP_A-1519117"	"13"	48631408	0.765534746	"AA"
"SNP_A-1515025"	"13"	49006122	-2.736965594	"BB"
"SNP_A-1516950"	"13"	49130058	-1.058893689	"AB"
"SNP_A-1510629"	"13"	49517814	0.23878686	"BB"
"SNP_A-1510534"	"13"	49518011	0.827819025	"BB"
"SNP_A-1507554"	"13"	50340797	0.545968369	"AA"
"SNP_A-1513706"	"13"	51206405	-0.120294234	"AB"
"SNP_A-1514430"	"13"	51307476	0.933572638	"AB"
"SNP_A-1514478"	"13"	51308115	0.90303827	"AB"
"SNP_A-1514524"	"13"	51308272	0.3950628	"NoCall"
"SNP_A-1519226"	"13"	51323706	-0.77349147	"BB"
"SNP_A-1518050"	"13"	51550029	-0.128156351	"NoCall"
"SNP_A-1507367"	"13"	51550182	-0.330973234	"NoCall"
"SNP_A-1519179"	"13"	51774775	0	"NoCall"
"SNP_A-1510686"	"13"	52713507	-0.785875195	"AA"
"SNP_A-1513723"	"13"	52872318	0.389566812	"AB"
"SNP_A-1512529"	"13"	53499344	-1.200912694	"NoCall"
"SNP_A-1515930"	"13"	53601519	0.560714954	"AB"
"SNP_A-1516793"	"13"	54362792	0.618238656	"AB"
"SNP_A-1513468"	"13"	54475987	-0.066427362	"NoCall"
"SNP_A-1515136"	"13"	54590777	1.310340121	"NoCall"
"SNP_A-1516163"	"13"	54856835	0.432959407	"AA"
"SNP_A-1516306"	"13"	54875012	0.992768431	"BB"
"SNP_A-1518668"	"13"	55397080	-1.251538767	"AA"
"SNP_A-1513189"	"13"	55844641	0.432959407	"AB"
"SNP_A-1516874"	"13"	56106217	-0.943416472	"AA"
"SNP_A-1514066"	"13"	56149539	-1.120294234	"AB"
"SNP_A-1510604"	"13"	56177499	1.039138394	"AB"
"SNP_A-1518630"	"13"	56219685	0.232660757	"NoCall"
"SNP_A-1507716"	"13"	56309482	-0.504304837	"AB"
"SNP_A-1512501"	"13"	56339851	0.859969548	"BB"
"SNP_A-1516608"	"13"	56497514	-1.152003093	"NoCall"
"SNP_A-1513390"	"13"	56889044	0.384049807	"AB"
"SNP_A-1513342"	"13"	56889066	0.510961919	"NoCall"
"SNP_A-1517061"	"13"	56889230	0.655351829	"AB"
"SNP_A-1514922"	"13"	57155549	-1.59946207	"BB"
"SNP_A-1509839"	"13"	57310016	-0.066427362	"AA"
"SNP_A-1509796"	"13"	57310147	-1.089267338	"BB"
"SNP_A-1517564"	"13"	57573042	-0.40545145	"AA"
"SNP_A-1513452"	"13"	57616041	-0.49410907	"BB"
"SNP_A-1516409"	"13"	57636320	0.641546029	"AB"
"SNP_A-1516454"	"13"	57636420	1.61117238	"NoCall"
"SNP_A-1509414"	"13"	57840377	0.669026766	"BB"
"SNP_A-1518419"	"13"	58050361	-0.504304837	"BB"
"SNP_A-1511632"	"13"	58153330	0.372952098	"AB"
"SNP_A-1507550"	"13"	58720303	-0.504304837	"AB"
"SNP_A-1515948"	"13"	58799582	1.748461233	"AA"
"SNP_A-1507676"	"13"	58966413	0.448900951	"AA"
"SNP_A-1509034"	"13"	58993488	-1.377069649	"BB"
"SNP_A-1508812"	"13"	59024587	-0.349235441	"AB"
"SNP_A-1511627"	"13"	59077683	0.673556424	"BB"
"SNP_A-1514907"	"13"	59198122	1.321928095	"AA"
"SNP_A-1510358"	"13"	59529369	0.411426246	"BB"
"SNP_A-1512523"	"13"	60158367	-0.02180437	"AA"
"SNP_A-1512580"	"13"	60158389	0.344828497	"AA"
"SNP_A-1515029"	"13"	60869788	-1.666576266	"BB"
"SNP_A-1517421"	"13"	61543833	-0.902389203	"BB"
"SNP_A-1516184"	"13"	61560279	1.321928095	"AA"
"SNP_A-1513243"	"13"	61670028	-0.823677227	"BB"
"SNP_A-1516304"	"13"	61809574	1.097610797	"BB"
"SNP_A-1510775"	"13"	61809664	1.140778656	"BB"
"SNP_A-1516441"	"13"	62429611	-0.304006187	"BB"
"SNP_A-1519199"	"13"	62581447	0.839959587	"BB"
"SNP_A-1514689"	"13"	62596479	0	"AA"
"SNP_A-1511812"	"13"	63698694	-0.713118852	"BB"
"SNP_A-1508557"	"13"	63938440	0.970853654	"BB"
"SNP_A-1513606"	"13"	64020692	-0.701341684	"BB"
"SNP_A-1508823"	"13"	64187937	-1.058893689	"AA"
"SNP_A-1518801"	"13"	64216386	1.253989266	"AA"
"SNP_A-1512741"	"13"	64219445	0.263034406	"AB"
"SNP_A-1512059"	"13"	64851290	-1.01449957	"AB"
"SNP_A-1519063"	"13"	65515907	-1.089267338	"AB"
"SNP_A-1509650"	"13"	66656047	0.641546029	"BB"
"SNP_A-1518912"	"13"	66719096	0.40599236	"BB"
"SNP_A-1510507"	"13"	66851363	0.604071324	"BB"
"SNP_A-1519238"	"13"	66851543	0.5360529	"BB"
"SNP_A-1510155"	"13"	67222752	0.541019153	"AB"
"SNP_A-1513525"	"13"	67449853	0.599317794	"AA"
"SNP_A-1519366"	"13"	67489901	0.220329955	"BB"
"SNP_A-1515016"	"13"	67555834	-0.09696173	"BB"
"SNP_A-1518231"	"13"	68098515	-0.128156351	"AA"
"SNP_A-1517281"	"13"	68162301	-0.295128036	"BB"
"SNP_A-1514851"	"13"	68745453	0.201633861	"NoCall"
"SNP_A-1510833"	"13"	68916372	0.339137385	"BB"
"SNP_A-1518686"	"13"	68916980	0.350497247	"BB"
"SNP_A-1516589"	"13"	69010505	-0.17625064	"AA"
"SNP_A-1514384"	"13"	69074005	0.475084883	"AB"
"SNP_A-1514271"	"13"	69123053	1.160274831	"AA"
"SNP_A-1514540"	"13"	69329810	-0.785875195	"AB"
"SNP_A-1514502"	"13"	69330166	-0.577766999	"NoCall"
"SNP_A-1510997"	"13"	69415776	0.86393845	"AA"
"SNP_A-1516532"	"13"	69455855	0.427606173	"AA"
"SNP_A-1515978"	"13"	70017273	2.039138394	"AA"
"SNP_A-1513136"	"13"	70099633	0.03562391	"BB"
"SNP_A-1508109"	"13"	70162957	-0.217591435	"NoCall"
"SNP_A-1516043"	"13"	70450422	0.23878686	"AA"
"SNP_A-1516089"	"13"	70450462	-0.621488377	"AA"
"SNP_A-1516143"	"13"	70450586	-0.524915117	"BB"
"SNP_A-1513047"	"13"	70462354	1.286881148	"AB"
"SNP_A-1510423"	"13"	70956009	0.416839742	"AA"
"SNP_A-1516033"	"13"	70994914	-0.849440323	"BB"
"SNP_A-1511214"	"13"	71043570	-0.798366139	"AA"
"SNP_A-1509457"	"13"	71062753	0.372952098	"NoCall"
"SNP_A-1517342"	"13"	71290149	-0.836501268	"AA"
"SNP_A-1512219"	"13"	71636628	-0.349235441	"AA"
"SNP_A-1515225"	"13"	71720665	-0.312939312	"AA"
"SNP_A-1515265"	"13"	71720745	0.169925001	"BB"
"SNP_A-1515293"	"13"	71993200	-0.836501268	"BB"
"SNP_A-1511391"	"13"	72151899	0.23878686	"BB"
"SNP_A-1507534"	"13"	72545884	0.214124805	"AA"
"SNP_A-1511607"	"13"	72639266	0.389566812	"BB"
"SNP_A-1513540"	"13"	72639798	0.459431619	"BB"
"SNP_A-1518911"	"13"	72835857	1.678071905	"AA"
"SNP_A-1518962"	"13"	72835872	0.875780063	"BB"
"SNP_A-1508128"	"13"	73050824	-0.260151897	"BB"
"SNP_A-1518803"	"13"	73073721	-1.01449957	"BB"
"SNP_A-1515924"	"13"	73450513	0.735522177	"AB"
"SNP_A-1516663"	"13"	73470760	0.59454855	"NoCall"
"SNP_A-1512017"	"13"	73695836	-0.268816758	"BB"
"SNP_A-1517755"	"13"	73770689	-0.251538767	"AA"
"SNP_A-1513144"	"13"	74098943	-0.798366139	"BB"
"SNP_A-1518062"	"13"	74354410	0.632268215	"AB"
"SNP_A-1509715"	"13"	74533401	-1.943416472	"AB"
"SNP_A-1507849"	"13"	74627398	0.952333566	"BB"
"SNP_A-1509982"	"13"	74733297	-1.358453971	"BB"
"SNP_A-1507343"	"13"	75232796	1.324810603	"NoCall"
"SNP_A-1513997"	"13"	75244543	1.689299161	"AB"
"SNP_A-1507618"	"13"	75308762	0.3950628	"AA"
"SNP_A-1516735"	"13"	75885266	1.025028794	"BB"
"SNP_A-1517948"	"13"	76051203	-1.01449957	"BB"
"SNP_A-1512134"	"13"	76051328	-1.577766999	"AA"
"SNP_A-1513743"	"13"	76352637	0.952333566	"BB"
"SNP_A-1508509"	"13"	76623522	-0.168122759	"AB"
"SNP_A-1516860"	"13"	76626771	-0.836501268	"AA"
"SNP_A-1516919"	"13"	76626787	-0.689659879	"BB"
"SNP_A-1511258"	"13"	76638162	0.367371066	"AA"
"SNP_A-1512343"	"13"	76758815	-1.286304185	"AB"
"SNP_A-1508467"	"13"	76782078	0.137503524	"NoCall"
"SNP_A-1514985"	"13"	77170956	0.90303827	"AB"
"SNP_A-1514921"	"13"	77538797	0.731183242	"AB"
"SNP_A-1518138"	"13"	77542739	0.773996325	"BB"
"SNP_A-1518089"	"13"	77542856	0.835924074	"BB"
"SNP_A-1515359"	"13"	77678888	-1.49410907	"AA"
"SNP_A-1518145"	"13"	77852421	-0.295128036	"AA"
"SNP_A-1515986"	"13"	77859508	0.22650853	"AA"
"SNP_A-1515664"	"13"	77966007	0.35614381	"NoCall"
"SNP_A-1508249"	"13"	78202300	0.580145484	"NoCall"
"SNP_A-1514265"	"13"	78416436	0.14404637	"NoCall"
"SNP_A-1518099"	"13"	78513894	-0.849440323	"NoCall"
"SNP_A-1513415"	"13"	78681647	-0.483984853	"AA"
"SNP_A-1518942"	"13"	79622428	-0.504304837	"AB"
"SNP_A-1519471"	"13"	80107743	-0.798366139	"BB"
"SNP_A-1513916"	"13"	80367552	-0.985644707	"BB"
"SNP_A-1509727"	"13"	80481131	1.319039816	"AA"
"SNP_A-1515927"	"13"	80620231	-0.810966176	"BB"
"SNP_A-1513487"	"13"	80652948	-0.971430848	"AA"
"SNP_A-1518730"	"13"	80736975	-0.184424571	"BB"
"SNP_A-1508284"	"13"	80971275	-1.029146346	"BB"
"SNP_A-1509000"	"13"	81192172	-1.104697379	"AA"
"SNP_A-1514001"	"13"	81918179	0.843983844	"AA"
"SNP_A-1509369"	"13"	81998401	-0.13606155	"NoCall"
"SNP_A-1515474"	"13"	82504536	0.021479727	"AB"
"SNP_A-1513935"	"13"	82708174	0.201633861	"AB"
"SNP_A-1508410"	"13"	82838003	0.531069493	"AA"
"SNP_A-1510040"	"13"	83132803	0.40599236	"AA"
"SNP_A-1518960"	"13"	83527584	0.669026766	"AB"
"SNP_A-1518473"	"13"	83566964	1.577730931	"AB"
"SNP_A-1510286"	"13"	83988512	1.257010618	"AA"
"SNP_A-1518864"	"13"	84028914	0.084064265	"AB"
"SNP_A-1519227"	"13"	84029303	0.275007047	"AB"
"SNP_A-1514293"	"13"	84160456	-0.415037499	"BB"
"SNP_A-1514243"	"13"	84160657	0.541019153	"AB"
"SNP_A-1511098"	"13"	84714536	-1.454031631	"NoCall"
"SNP_A-1507997"	"13"	84723574	0.321928095	"BB"
"SNP_A-1512908"	"13"	85448316	-0.862496476	"NoCall"
"SNP_A-1511556"	"13"	85901078	-1.234465254	"BB"
"SNP_A-1513663"	"13"	86182781	-0.454031631	"BB"
"SNP_A-1513714"	"13"	86182868	0.09085343	"BB"
"SNP_A-1508533"	"13"	86200570	-0.424687669	"AA"
"SNP_A-1513462"	"13"	86373763	-0.200912694	"BB"
"SNP_A-1508097"	"13"	86450358	0.389566812	"BB"
"SNP_A-1509472"	"13"	86465578	-0.40545145	"AA"
"SNP_A-1509379"	"13"	86465632	-0.59946207	"BB"
"SNP_A-1509428"	"13"	86465779	-0.666576266	"AA"
"SNP_A-1514890"	"13"	86496812	0.163498732	"AA"
"SNP_A-1510024"	"13"	86558904	-0.504304837	"AA"
"SNP_A-1514653"	"13"	86715515	-0.17625064	"AB"
"SNP_A-1510304"	"13"	86741327	-0.444183845	"AB"
"SNP_A-1514609"	"13"	86980653	-1.089267338	"BB"
"SNP_A-1519623"	"13"	87871516	-0.862496476	"AA"
"SNP_A-1509654"	"13"	87982589	-0.957355663	"BB"
"SNP_A-1516055"	"13"	88004192	0.448900951	"AA"
"SNP_A-1518109"	"13"	88220971	-1.64385619	"BB"
"SNP_A-1514358"	"13"	88851097	0.232660757	"BB"
"SNP_A-1514898"	"13"	88851172	0.843983844	"BB"
"SNP_A-1508902"	"13"	89039305	0.887525271	"BB"
"SNP_A-1509049"	"13"	89066047	-0.929610672	"AA"
"SNP_A-1518839"	"13"	89066393	0.843983844	"AA"
"SNP_A-1512006"	"13"	89066466	0.5360529	"AB"
"SNP_A-1512989"	"13"	89066491	0.070389328	"AA"
"SNP_A-1514165"	"13"	89066814	0.875780063	"AA"
"SNP_A-1515943"	"13"	89141320	-1.888968688	"AA"
"SNP_A-1510457"	"13"	89171322	-0.535331733	"AA"
"SNP_A-1518818"	"13"	89236654	-0.888968688	"BB"
"SNP_A-1518662"	"13"	89236756	0.070389328	"AA"
"SNP_A-1511068"	"13"	89240598	1.575312331	"AA"
"SNP_A-1511872"	"13"	89390219	-0.545824107	"NoCall"
"SNP_A-1517681"	"13"	89423273	-0.915935735	"AB"
"SNP_A-1511672"	"13"	89423458	-0.49410907	"NoCall"
"SNP_A-1509262"	"13"	89629125	0.526068812	"AA"
"SNP_A-1512725"	"13"	89768110	0.292781749	"AB"
"SNP_A-1518363"	"13"	89822485	0.03562391	"AB"
"SNP_A-1507865"	"13"	89870278	0.944858446	"AA"
"SNP_A-1518718"	"13"	89966847	0.286881148	"NoCall"
"SNP_A-1511845"	"13"	90143230	-0.386468347	"AB"
"SNP_A-1511910"	"13"	90143256	1.077242999	"AB"
"SNP_A-1507629"	"13"	90160943	1.543495883	"AB"
"SNP_A-1518831"	"13"	90770277	-0.823677227	"AB"
"SNP_A-1511885"	"13"	91251682	-0.524915117	"BB"
"SNP_A-1514972"	"13"	91732935	-0.367731785	"BB"
"SNP_A-1516104"	"13"	91801397	-0.875671865	"AA"
"SNP_A-1518545"	"13"	91874476	-1.321928095	"BB"
"SNP_A-1507939"	"13"	92310362	0.14404637	"AA"
"SNP_A-1509581"	"13"	92432937	-1.689659879	"AA"
"SNP_A-1515710"	"13"	92433153	-1.621488377	"AB"
"SNP_A-1508381"	"13"	92578220	-2.120294234	"BB"
"SNP_A-1513712"	"13"	92801607	0.35614381	"AA"
"SNP_A-1514355"	"13"	92806502	-0.483984853	"AA"
"SNP_A-1519542"	"13"	92909539	-0.64385619	"AB"
"SNP_A-1513870"	"13"	92944441	-0.621488377	"BB"
"SNP_A-1518720"	"13"	93072452	-0.875671865	"AB"
"SNP_A-1518593"	"13"	93244597	-0.473931188	"AA"
"SNP_A-1518633"	"13"	93244698	0.244887059	"AA"
"SNP_A-1516586"	"13"	93527589	-0.862496476	"BB"
"SNP_A-1516485"	"13"	93527871	-0.929610672	"AA"
"SNP_A-1514563"	"13"	93902092	0.286881148	"NoCall"
"SNP_A-1509627"	"13"	94104126	-0.473931188	"AB"
"SNP_A-1509611"	"13"	94248755	-0.312939312	"AA"
"SNP_A-1512776"	"13"	94374210	1.698218478	"AA"
"SNP_A-1517635"	"13"	95067312	-0.49410907	"NoCall"
"SNP_A-1509402"	"13"	95106841	0.891419187	"BB"
"SNP_A-1507596"	"13"	96715213	0.618238656	"AB"
"SNP_A-1510660"	"13"	97336409	-0.13606155	"AB"
"SNP_A-1508473"	"13"	97481506	-0.081613766	"AB"
"SNP_A-1508382"	"13"	97481669	0.411426246	"AB"
"SNP_A-1515046"	"13"	97499411	0.867896464	"AB"
"SNP_A-1519258"	"13"	97690313	0.521050737	"AB"
"SNP_A-1516906"	"13"	97791869	1.321928095	"AB"
"SNP_A-1514463"	"13"	98154859	0.084064265	"AB"
"SNP_A-1517348"	"13"	98823832	-0.444183845	"BB"
"SNP_A-1517847"	"13"	99043179	0.673556424	"AB"
"SNP_A-1508626"	"13"	99261380	-0.836501268	"AB"
"SNP_A-1508592"	"13"	99261403	-0.434402824	"AA"
"SNP_A-1508547"	"13"	99261468	-0.556393349	"AB"
"SNP_A-1516989"	"13"	100233193	0.182692298	"AB"
"SNP_A-1516931"	"13"	100233357	0.372952098	"AB"
"SNP_A-1516869"	"13"	100233631	0.195347598	"AB"
"SNP_A-1510113"	"13"	100253473	0.464668267	"AB"
"SNP_A-1514481"	"13"	100300134	-0.943416472	"AB"
"SNP_A-1510142"	"13"	100332636	0.232660757	"NoCall"
"SNP_A-1509440"	"13"	100392308	0.778208576	"AB"
"SNP_A-1507967"	"13"	100646150	0.944858446	"AA"
"SNP_A-1519504"	"13"	100695701	0.839959587	"AA"
"SNP_A-1512841"	"13"	100777273	-0.424687669	"BB"
"SNP_A-1515554"	"13"	100971466	-1.217591435	"AB"
"SNP_A-1508686"	"13"	101327964	0.14404637	"AA"
"SNP_A-1508418"	"13"	101526421	0.327687364	"NoCall"
"SNP_A-1518883"	"13"	101687474	0.049630768	"AA"
"SNP_A-1511045"	"13"	101687731	0.14404637	"BB"
"SNP_A-1519651"	"13"	101688188	-0.849440323	"BB"
"SNP_A-1518477"	"13"	102085415	-0.535331733	"BB"
"SNP_A-1511212"	"13"	102529222	0.028569152	"AB"
"SNP_A-1515015"	"13"	102655724	0.541019153	"AB"
"SNP_A-1507385"	"13"	102713224	0.859969548	"AA"
"SNP_A-1507336"	"13"	102713401	0.469885976	"NoCall"
"SNP_A-1510875"	"13"	102847454	-0.128156351	"AA"
"SNP_A-1509840"	"13"	102950671	1.416839742	"AB"
"SNP_A-1517650"	"13"	103176645	0.257010618	"BB"
"SNP_A-1513392"	"13"	103739780	0.967168608	"AA"
"SNP_A-1512245"	"13"	103888136	-1.836501268	"NoCall"
"SNP_A-1512197"	"13"	103999046	-0.13606155	"AA"
"SNP_A-1508722"	"13"	104146932	0.875780063	"NoCall"
"SNP_A-1509785"	"13"	104163158	-0.943416472	"BB"
"SNP_A-1507641"	"13"	104701884	-0.785875195	"AB"
"SNP_A-1511384"	"13"	104741769	-0.749038426	"AA"
"SNP_A-1512424"	"13"	104999421	-0.798366139	"AA"
"SNP_A-1509488"	"13"	105099369	-1.120294234	"AB"
"SNP_A-1512557"	"13"	105199753	-0.120294234	"AA"
"SNP_A-1512504"	"13"	105199805	0.855989697	"BB"
"SNP_A-1511903"	"13"	105415980	0.361768359	"AB"
"SNP_A-1510395"	"13"	105770516	1.021479727	"AA"
"SNP_A-1511557"	"13"	105778224	0.464668267	"BB"
"SNP_A-1518408"	"13"	106025954	-0.051399153	"AB"
"SNP_A-1518463"	"13"	106026055	-1.454031631	"BB"
"SNP_A-1518510"	"13"	106026104	-0.415037499	"AB"
"SNP_A-1518576"	"13"	106026178	-0.49410907	"NoCall"
"SNP_A-1513559"	"13"	106220896	0.09085343	"BB"
"SNP_A-1509047"	"13"	106295144	-0.192645078	"NoCall"
"SNP_A-1517540"	"13"	106756400	-0.929610672	"AB"
"SNP_A-1519506"	"13"	106849230	-1.59946207	"AA"
"SNP_A-1512136"	"13"	106849490	0.15704371	"AB"
"SNP_A-1509436"	"13"	107153836	-0.200912694	"AB"
"SNP_A-1508298"	"13"	107896160	-1.268816758	"AA"
"SNP_A-1509692"	"13"	108048350	0.565597176	"BB"
"SNP_A-1519036"	"13"	108549015	1.070389328	"BB"
"SNP_A-1516449"	"13"	108579374	-0.798366139	"NoCall"
"SNP_A-1513608"	"13"	108641693	0.778208576	"NoCall"
"SNP_A-1516593"	"13"	108641922	0.280956314	"AB"
"SNP_A-1507711"	"13"	109277552	1.056583528	"AB"
"SNP_A-1516607"	"13"	109716774	-1.120294234	"AB"
"SNP_A-1514029"	"13"	109872580	-0.76121314	"AB"
"SNP_A-1517296"	"13"	109897322	-1.043943348	"BB"
"SNP_A-1508700"	"13"	110032750	0.682573297	"AB"
"SNP_A-1508650"	"13"	110032873	0.042644337	"AA"
"SNP_A-1515724"	"13"	110033498	0.389566812	"BB"
"SNP_A-1516426"	"13"	110599473	-0.567040593	"AA"
"SNP_A-1513364"	"13"	110599501	-0.836501268	"AA"
"SNP_A-1518284"	"13"	110710283	-0.64385619	"AA"
"SNP_A-1508910"	"13"	111529826	0.811471031	"AA"
"SNP_A-1512898"	"13"	111708035	-0.184424571	"NoCall"
"SNP_A-1512463"	"13"	112940116	-0.120294234	"BB"
"SNP_A-1511278"	"14"	18410813	0.014355293	"AB"
"SNP_A-1517265"	"14"	18481044	-0.76121314	"AB"
"SNP_A-1513758"	"14"	18514383	-1.862496476	"AB"
"SNP_A-1509083"	"14"	19002840	-1	"AA"
"SNP_A-1518467"	"14"	19178176	-1.304006187	"AA"
"SNP_A-1509095"	"14"	19443120	-0.504304837	"BB"
"SNP_A-1509969"	"14"	19486149	1.185866545	"AA"
"SNP_A-1508307"	"14"	19557617	-1.434402824	"BB"
"SNP_A-1508960"	"14"	19601896	-0.678071905	"BB"
"SNP_A-1518004"	"14"	20226018	-0.666576266	"AB"
"SNP_A-1514282"	"14"	20266180	0.682573297	"AB"
"SNP_A-1514398"	"14"	20266363	0	"AB"
"SNP_A-1514130"	"14"	20306977	0.5360529	"AA"
"SNP_A-1509975"	"14"	20316024	-1.058893689	"NoCall"
"SNP_A-1509938"	"14"	20354522	-1.104697379	"AA"
"SNP_A-1509896"	"14"	20354597	-0.007231569	"BB"
"SNP_A-1509955"	"14"	20448823	-0.226003675	"BB"
"SNP_A-1518293"	"14"	20623796	1.124328135	"AB"
"SNP_A-1518026"	"14"	20639441	0.929790998	"AB"
"SNP_A-1512897"	"14"	20989047	1.070389328	"AA"
"SNP_A-1513899"	"14"	21050680	0.967168608	"BB"
"SNP_A-1508849"	"14"	21104650	-0.64385619	"BB"
"SNP_A-1511197"	"14"	21415169	0.137503524	"BB"
"SNP_A-1516614"	"14"	21541015	0.014355293	"BB"
"SNP_A-1513443"	"14"	21677668	-0.074000581	"BB"
"SNP_A-1517497"	"14"	22724773	1.344828497	"AA"
"SNP_A-1515507"	"14"	22796357	-0.798366139	"BB"
"SNP_A-1509053"	"14"	22796928	-1	"BB"
"SNP_A-1508278"	"14"	22836885	-1.395928676	"BB"
"SNP_A-1511820"	"14"	23138661	-1	"BB"
"SNP_A-1513604"	"14"	23199326	-0.957355663	"AB"
"SNP_A-1508082"	"14"	23350503	1.361768359	"AB"
"SNP_A-1514166"	"14"	23350712	0.124328135	"NoCall"
"SNP_A-1507992"	"14"	23512397	0.847996907	"BB"
"SNP_A-1511793"	"14"	23570787	1.35614381	"AA"
"SNP_A-1515217"	"14"	23755711	2.252476214	"AA"
"SNP_A-1515169"	"14"	23755877	0.646162657	"AA"
"SNP_A-1516692"	"14"	23860601	0.691534165	"AA"
"SNP_A-1517775"	"14"	24181970	-0.724992953	"BB"
"SNP_A-1508750"	"14"	24196794	0.510961919	"BB"
"SNP_A-1510311"	"14"	24468824	0.906890596	"AA"
"SNP_A-1516094"	"14"	25080516	0.49057013	"AB"
"SNP_A-1508570"	"14"	25208197	-0.312939312	"NoCall"
"SNP_A-1513071"	"14"	25290450	-0.386468347	"AA"
"SNP_A-1510998"	"14"	25467875	0.084064265	"AA"
"SNP_A-1519024"	"14"	25498870	0.98550043	"BB"
"SNP_A-1519068"	"14"	25499146	0.952333566	"BB"
"SNP_A-1507510"	"14"	27649776	0.500802053	"AA"
"SNP_A-1511995"	"14"	28092064	0.996388746	"NoCall"
"SNP_A-1513834"	"14"	28149293	-0.395928676	"AB"
"SNP_A-1515577"	"14"	28220855	-0.798366139	"NoCall"
"SNP_A-1516345"	"14"	28639815	-0.588573754	"AB"
"SNP_A-1509659"	"14"	28958266	-0.454031631	"BB"
"SNP_A-1509846"	"14"	28963096	1.767654798	"AA"
"SNP_A-1511178"	"14"	28968616	-0.483984853	"AA"
"SNP_A-1518259"	"14"	29466389	0.201633861	"AB"
"SNP_A-1517691"	"14"	30185578	-1.736965594	"BB"
"SNP_A-1518786"	"14"	30360245	-0.395928676	"AA"
"SNP_A-1517996"	"14"	30428523	0.063502942	"AA"
"SNP_A-1518038"	"14"	30428625	-0.556393349	"BB"
"SNP_A-1517945"	"14"	30519133	1.100977648	"BB"
"SNP_A-1508692"	"14"	30770589	0.070389328	"BB"
"SNP_A-1508607"	"14"	31031224	-0.367731785	"AB"
"SNP_A-1518997"	"14"	31031271	-1.556393349	"AB"
"SNP_A-1519046"	"14"	31036427	0.952333566	"BB"
"SNP_A-1511293"	"14"	31036510	0.389566812	"AB"
"SNP_A-1516152"	"14"	31700826	1.618238656	"AB"
"SNP_A-1509809"	"14"	31849651	0.49057013	"AB"
"SNP_A-1514039"	"14"	32116584	-0.377069649	"AB"
"SNP_A-1516648"	"14"	32161021	-2.286304185	"AA"
"SNP_A-1508157"	"14"	32185365	0.867896464	"AB"
"SNP_A-1508213"	"14"	32185518	0.555816155	"BB"
"SNP_A-1508319"	"14"	32210252	0.545968369	"AA"
"SNP_A-1517130"	"14"	32250674	1.10433666	"AA"
"SNP_A-1508710"	"14"	32413717	0.875780063	"AA"
"SNP_A-1512008"	"14"	32421316	-1.434402824	"NoCall"
"SNP_A-1507486"	"14"	32448053	-1.089267338	"BB"
"SNP_A-1518891"	"14"	32470439	0.35614381	"AB"
"SNP_A-1515188"	"14"	32470553	0.344828497	"AA"
"SNP_A-1508207"	"14"	32546947	0.263034406	"NoCall"
"SNP_A-1513100"	"14"	32617241	0.111031312	"AA"
"SNP_A-1514735"	"14"	32898487	-0.152003093	"AB"
"SNP_A-1511501"	"14"	33209384	-0.200912694	"NoCall"
"SNP_A-1510671"	"14"	34361671	-0.242976753	"AA"
"SNP_A-1513388"	"14"	34387161	-0.286304185	"NoCall"
"SNP_A-1513341"	"14"	34387341	-0.17625064	"AA"
"SNP_A-1515444"	"14"	34399616	1.060047384	"BB"
"SNP_A-1509385"	"14"	34523245	0.669026766	"BB"
"SNP_A-1515164"	"14"	34577206	-1.415037499	"AA"
"SNP_A-1510182"	"14"	34808291	-1.234465254	"AA"
"SNP_A-1512093"	"14"	34845793	0.495695163	"BB"
"SNP_A-1515936"	"14"	34941853	-0.152003093	"AA"
"SNP_A-1512139"	"14"	35044350	0.847996907	"AA"
"SNP_A-1513855"	"14"	35326561	0.887525271	"BB"
"SNP_A-1509678"	"14"	35327011	1.560714954	"BB"
"SNP_A-1507886"	"14"	36202393	-1.340075442	"NoCall"
"SNP_A-1514126"	"14"	36247920	-0.504304837	"AA"
"SNP_A-1517488"	"14"	36312455	-0.043943348	"BB"
"SNP_A-1508071"	"14"	36421545	-0.567040593	"AA"
"SNP_A-1509764"	"14"	36545112	-0.473931188	"BB"
"SNP_A-1509671"	"14"	36545467	-0.535331733	"AA"
"SNP_A-1513513"	"14"	36548964	-0.330973234	"AA"
"SNP_A-1511198"	"14"	36567572	0.459431619	"AA"
"SNP_A-1512374"	"14"	36708027	-0.621488377	"AA"
"SNP_A-1519470"	"14"	36991183	0.438292852	"AB"
"SNP_A-1514813"	"14"	37023342	0.077242999	"NoCall"
"SNP_A-1509569"	"14"	37152816	0.669026766	"AA"
"SNP_A-1513786"	"14"	37866328	0.59454855	"AA"
"SNP_A-1513132"	"14"	37906140	0.220329955	"NoCall"
"SNP_A-1508759"	"14"	37927200	1.430285273	"BB"
"SNP_A-1510420"	"14"	38086927	-0.434402824	"BB"
"SNP_A-1510502"	"14"	38087024	-0.415037499	"BB"
"SNP_A-1507443"	"14"	38143242	-1.49410907	"BB"
"SNP_A-1515432"	"14"	38531519	0.659924558	"AA"
"SNP_A-1515303"	"14"	38741140	-1.514573173	"BB"
"SNP_A-1516672"	"14"	38775671	-0.736965594	"NoCall"
"SNP_A-1514193"	"14"	39011469	-0.192645078	"BB"
"SNP_A-1512559"	"14"	39057122	-0.217591435	"AA"
"SNP_A-1514512"	"14"	39197914	-0.59946207	"BB"
"SNP_A-1511973"	"14"	39469455	-0.120294234	"AB"
"SNP_A-1516647"	"14"	39561776	-1.01449957	"AA"
"SNP_A-1509680"	"14"	39935870	-0.545824107	"AA"
"SNP_A-1517370"	"14"	40077872	0.189033824	"AA"
"SNP_A-1509168"	"14"	40265961	0.097610797	"AB"
"SNP_A-1517836"	"14"	40928012	0.014355293	"NoCall"
"SNP_A-1509312"	"14"	40962117	-0.621488377	"BB"
"SNP_A-1509110"	"14"	41334596	0.739848103	"AA"
"SNP_A-1509617"	"14"	42299753	0.042644337	"BB"
"SNP_A-1519166"	"14"	42641666	-1.836501268	"BB"
"SNP_A-1510860"	"14"	43297831	0.292781749	"BB"
"SNP_A-1511584"	"14"	43595856	0.827819025	"BB"
"SNP_A-1516133"	"14"	44041488	1.98550043	"AB"
"SNP_A-1507571"	"14"	44609571	1.307428525	"AB"
"SNP_A-1512036"	"14"	45226064	-0.689659879	"BB"
"SNP_A-1511989"	"14"	45226302	-0.59946207	"BB"
"SNP_A-1512624"	"14"	45411438	0.815575429	"BB"
"SNP_A-1512938"	"14"	45436166	-1.089267338	"NoCall"
"SNP_A-1519013"	"14"	46008300	-0.836501268	"AB"
"SNP_A-1512042"	"14"	46386036	0.416839742	"BB"
"SNP_A-1518992"	"14"	46414789	0.847996907	"AA"
"SNP_A-1519491"	"14"	46447125	-0.17625064	"NoCall"
"SNP_A-1508130"	"14"	46586449	-0.610433188	"AA"
"SNP_A-1511402"	"14"	47150238	-0.929610672	"AB"
"SNP_A-1511363"	"14"	47150527	-0.036525876	"AB"
"SNP_A-1514235"	"14"	47368286	0.263034406	"NoCall"
"SNP_A-1516598"	"14"	48553300	-0.724992953	"AA"
"SNP_A-1515991"	"14"	49907230	-1.200912694	"AA"
"SNP_A-1512364"	"14"	49973842	-0.632628934	"NoCall"
"SNP_A-1514699"	"14"	49995184	0.344828497	"AB"
"SNP_A-1510810"	"14"	50023650	0.292781749	"AA"
"SNP_A-1511365"	"14"	50023729	-0.545824107	"BB"
"SNP_A-1511409"	"14"	50023931	0.570462931	"AA"
"SNP_A-1511716"	"14"	50751731	-0.312939312	"AB"
"SNP_A-1509546"	"14"	50991342	1.053111336	"BB"
"SNP_A-1507523"	"14"	51206761	-0.545824107	"AB"
"SNP_A-1515263"	"14"	51222386	-0.588573754	"AB"
"SNP_A-1519630"	"14"	51397613	-0.823677227	"AA"
"SNP_A-1512195"	"14"	51696946	0.014355293	"AB"
"SNP_A-1508844"	"14"	51697047	0.752748591	"BB"
"SNP_A-1515992"	"14"	51697104	0.485426827	"AB"
"SNP_A-1518143"	"14"	52098470	-0.929610672	"AA"
"SNP_A-1513860"	"14"	52113997	0.910732662	"AB"
"SNP_A-1515588"	"14"	52195118	-1.473931188	"NoCall"
"SNP_A-1507502"	"14"	52202065	-0.112474729	"AB"
"SNP_A-1507878"	"14"	52510011	-0.504304837	"AA"
"SNP_A-1515752"	"14"	52512895	-1.304006187	"AA"
"SNP_A-1514927"	"14"	52517253	0.416839742	"AA"
"SNP_A-1517823"	"14"	53094879	1.310340121	"AA"
"SNP_A-1507779"	"14"	53176477	0.117695043	"AA"
"SNP_A-1513579"	"14"	54532075	-1.454031631	"AA"
"SNP_A-1513465"	"14"	54540461	0.063502942	"AB"
"SNP_A-1516015"	"14"	54599654	0.438292852	"AA"
"SNP_A-1516501"	"14"	55083194	0.021479727	"AB"
"SNP_A-1516509"	"14"	55371639	-0.089267338	"AB"
"SNP_A-1511299"	"14"	55921485	0.40599236	"BB"
"SNP_A-1515079"	"14"	56380251	0.384049807	"AA"
"SNP_A-1509366"	"14"	56480948	1.693765712	"AA"
"SNP_A-1509829"	"14"	56519154	2.835924074	"BB"
"SNP_A-1514575"	"14"	57206524	-0.875671865	"BB"
"SNP_A-1514570"	"14"	57206539	-0.104697379	"AA"
"SNP_A-1511639"	"14"	57430894	1.163498732	"BB"
"SNP_A-1519414"	"14"	57548160	-0.514573173	"BB"
"SNP_A-1518309"	"14"	57677149	-0.736965594	"AA"
"SNP_A-1507750"	"14"	57785602	-0.49410907	"AA"
"SNP_A-1515686"	"14"	57805081	0.970853654	"AB"
"SNP_A-1515320"	"14"	58147401	0.454175893	"AA"
"SNP_A-1514876"	"14"	58430689	-0.454031631	"BB"
"SNP_A-1514938"	"14"	58430728	0.361768359	"AA"
"SNP_A-1508725"	"14"	58433231	-0.312939312	"NoCall"
"SNP_A-1513753"	"14"	58906628	0.464668267	"BB"
"SNP_A-1515236"	"14"	58907517	-1.184424571	"BB"
"SNP_A-1517137"	"14"	59088724	0.86393845	"AA"
"SNP_A-1510452"	"14"	59506260	-0.40545145	"AA"
"SNP_A-1517284"	"14"	59814267	0.959770155	"BB"
"SNP_A-1513749"	"14"	60583777	0.372952098	"BB"
"SNP_A-1509097"	"14"	60672309	-0.234465254	"AA"
"SNP_A-1514804"	"14"	60729555	-0.713118852	"BB"
"SNP_A-1514764"	"14"	60729662	-0.367731785	"AB"
"SNP_A-1510945"	"14"	60729865	0.310340121	"AA"
"SNP_A-1515278"	"14"	60817381	0.726831217	"BB"
"SNP_A-1507526"	"14"	60999112	0.169925001	"AB"
"SNP_A-1509214"	"14"	61125984	1.114367025	"NoCall"
"SNP_A-1508084"	"14"	61171683	0.811471031	"AB"
"SNP_A-1519655"	"14"	61492906	0.475084883	"NoCall"
"SNP_A-1515981"	"14"	61551174	-1.340075442	"NoCall"
"SNP_A-1519075"	"14"	61732540	0.575312331	"AB"
"SNP_A-1519137"	"14"	61732626	0.773996325	"AB"
"SNP_A-1513888"	"14"	61740056	0.550900665	"AB"
"SNP_A-1518294"	"14"	61770752	-0.02180437	"AA"
"SNP_A-1518406"	"14"	61771045	0.063502942	"AA"
"SNP_A-1512294"	"14"	61777560	0.117695043	"AB"
"SNP_A-1511107"	"14"	63574549	0.974529312	"AB"
"SNP_A-1509722"	"14"	63700163	-1.514573173	"BB"
"SNP_A-1519608"	"14"	63700252	-1.59946207	"NoCall"
"SNP_A-1512759"	"14"	63995839	-0.483984853	"AB"
"SNP_A-1516389"	"14"	64758423	1.408711861	"BB"
"SNP_A-1515215"	"14"	64901170	-0.678071905	"AB"
"SNP_A-1512770"	"14"	65368096	0.704871964	"AB"
"SNP_A-1513215"	"14"	65473562	-0.340075442	"BB"
"SNP_A-1513792"	"14"	66682691	1.185866545	"AB"
"SNP_A-1518421"	"14"	66751027	-0.862496476	"AB"
"SNP_A-1516340"	"14"	66761491	-1.089267338	"AB"
"SNP_A-1508333"	"14"	66763394	-1.058893689	"AB"
"SNP_A-1508512"	"14"	66951606	-0.01449957	"BB"
"SNP_A-1512669"	"14"	67057679	-0.321928095	"AB"
"SNP_A-1509875"	"14"	67079527	0.895302621	"AA"
"SNP_A-1519462"	"14"	67204999	-1.251538767	"NoCall"
"SNP_A-1513126"	"14"	67761171	-0.588573754	"BB"
"SNP_A-1507830"	"14"	68344899	1.295723025	"AB"
"SNP_A-1516161"	"14"	68346209	-1.01449957	"BB"
"SNP_A-1516255"	"14"	68346275	-0.260151897	"AA"
"SNP_A-1518185"	"14"	68747820	1.344828497	"BB"
"SNP_A-1510636"	"14"	69117741	-1.184424571	"AA"
"SNP_A-1509364"	"14"	69595309	1.021479727	"BB"
"SNP_A-1511921"	"14"	69595752	0.531069493	"AA"
"SNP_A-1518357"	"14"	69653123	1.13422094	"AB"
"SNP_A-1512713"	"14"	70155249	0.86393845	"AB"
"SNP_A-1513281"	"14"	70347241	-0.081613766	"BB"
"SNP_A-1510949"	"14"	70347316	-0.089267338	"NoCall"
"SNP_A-1511000"	"14"	70347361	0.257010618	"BB"
"SNP_A-1512158"	"14"	70423192	0.097610797	"AB"
"SNP_A-1511199"	"14"	70625729	-0.40545145	"AA"
"SNP_A-1511128"	"14"	70656783	0.989139007	"BB"
"SNP_A-1511963"	"14"	71153351	0.361768359	"AA"
"SNP_A-1512941"	"14"	71153355	0.10433666	"AB"
"SNP_A-1510440"	"14"	71312607	-0.051399153	"AB"
"SNP_A-1509071"	"14"	71979900	-0.4639471	"AA"
"SNP_A-1518175"	"14"	72368176	0.589763487	"AB"
"SNP_A-1513306"	"14"	73492868	0.40053793	"BB"
"SNP_A-1513054"	"14"	73892603	0.070389328	"BB"
"SNP_A-1516393"	"14"	73898821	0.757023247	"AB"
"SNP_A-1517175"	"14"	73977751	0.35614381	"AA"
"SNP_A-1509468"	"14"	73983981	-0.304006187	"NoCall"
"SNP_A-1514143"	"14"	74396165	-0.01449957	"BB"
"SNP_A-1509350"	"14"	74764341	0.23878686	"NoCall"
"SNP_A-1516592"	"14"	74782546	1.124328135	"BB"
"SNP_A-1508390"	"14"	75244140	0.40599236	"AA"
"SNP_A-1508098"	"14"	75670665	0.748461233	"AB"
"SNP_A-1518986"	"14"	76311915	-1.074000581	"NoCall"
"SNP_A-1511875"	"14"	76500021	0.007195501	"BB"
"SNP_A-1519738"	"14"	76584806	0.137503524	"NoCall"
"SNP_A-1508163"	"14"	76835369	-0.810966176	"BB"
"SNP_A-1517231"	"14"	76841019	-0.736965594	"AA"
"SNP_A-1512655"	"14"	76951055	-0.112474729	"AA"
"SNP_A-1509802"	"14"	76990729	-0.304006187	"NoCall"
"SNP_A-1517871"	"14"	77135653	-1.120294234	"BB"
"SNP_A-1510650"	"14"	77205851	0.794935663	"NoCall"
"SNP_A-1514049"	"14"	77689697	-0.312939312	"BB"
"SNP_A-1515014"	"14"	78083491	-1.029146346	"NoCall"
"SNP_A-1513217"	"14"	78296971	0.411426246	"NoCall"
"SNP_A-1515823"	"14"	78468542	-1.13606155	"BB"
"SNP_A-1507587"	"14"	78473628	-0.112474729	"AB"
"SNP_A-1516274"	"14"	78567859	-1.13606155	"AB"
"SNP_A-1509567"	"14"	78625888	-1.395928676	"BB"
"SNP_A-1509997"	"14"	79662147	0.510961919	"NoCall"
"SNP_A-1509946"	"14"	79668944	0.97819563	"BB"
"SNP_A-1511394"	"14"	79753996	1.416839742	"BB"
"SNP_A-1511116"	"14"	79911509	1.084064265	"AA"
"SNP_A-1509954"	"14"	80016127	0.269033146	"NoCall"
"SNP_A-1508590"	"14"	80166984	1.100977648	"AB"
"SNP_A-1514367"	"14"	80485378	0.007195501	"BB"
"SNP_A-1514420"	"14"	80485418	0.827819025	"AA"
"SNP_A-1508504"	"14"	80563326	-0.168122759	"AA"
"SNP_A-1516981"	"14"	80927275	-0.49410907	"AB"
"SNP_A-1512525"	"14"	81107720	-0.277533976	"AB"
"SNP_A-1518681"	"14"	81246630	0.182692298	"AB"
"SNP_A-1518029"	"14"	81385924	1.163498732	"AA"
"SNP_A-1517977"	"14"	81385952	0.389566812	"BB"
"SNP_A-1511891"	"14"	81524599	1.480265122	"AA"
"SNP_A-1509009"	"14"	81648764	-0.251538767	"AA"
"SNP_A-1510204"	"14"	81716720	-0.17625064	"AA"
"SNP_A-1510156"	"14"	81716760	-0.112474729	"AA"
"SNP_A-1518236"	"14"	82034766	-1.535331733	"BB"
"SNP_A-1517355"	"14"	82132077	1.538538164	"AA"
"SNP_A-1517941"	"14"	82133877	-0.632628934	"BB"
"SNP_A-1513687"	"14"	82975901	-0.17625064	"BB"
"SNP_A-1507731"	"14"	83038856	0.124328135	"AA"
"SNP_A-1518978"	"14"	83039109	-1.074000581	"BB"
"SNP_A-1514204"	"14"	83115328	-0.395928676	"AB"
"SNP_A-1514296"	"14"	83115450	-0.655171503	"NoCall"
"SNP_A-1510742"	"14"	83163844	-1.251538767	"AA"
"SNP_A-1511431"	"14"	83367918	-1.321928095	"NoCall"
"SNP_A-1519096"	"14"	83438662	1.137503524	"NoCall"
"SNP_A-1511858"	"14"	83444751	0.22650853	"AA"
"SNP_A-1512073"	"14"	83730536	-1.089267338	"NoCall"
"SNP_A-1511681"	"14"	83905481	0.250961574	"AA"
"SNP_A-1509384"	"14"	83906019	0.510961919	"AB"
"SNP_A-1510405"	"14"	84073320	-0.40545145	"AA"
"SNP_A-1518384"	"14"	84321919	-1.810966176	"AA"
"SNP_A-1512388"	"14"	84474354	-0.312939312	"AB"
"SNP_A-1519548"	"14"	84865361	0.704871964	"BB"
"SNP_A-1514497"	"14"	84956017	-0.321928095	"BB"
"SNP_A-1514446"	"14"	84956126	-0.260151897	"AA"
"SNP_A-1513555"	"14"	84956738	-0.144010303	"BB"
"SNP_A-1508652"	"14"	85128607	0.941106311	"NoCall"
"SNP_A-1509180"	"14"	85128770	0.695993813	"AB"
"SNP_A-1509223"	"14"	85128813	0.86393845	"AB"
"SNP_A-1519678"	"14"	85289074	-0.251538767	"AB"
"SNP_A-1518482"	"14"	85355292	0.989139007	"AA"
"SNP_A-1519229"	"14"	85717077	0.757023247	"BB"
"SNP_A-1519751"	"14"	85717190	0.263034406	"AB"
"SNP_A-1511558"	"14"	85939301	0.195347598	"AB"
"SNP_A-1519288"	"14"	86155610	0.201633861	"AB"
"SNP_A-1519228"	"14"	86155731	-0.724992953	"AB"
"SNP_A-1509140"	"14"	86355943	1.364572432	"AB"
"SNP_A-1510828"	"14"	86475818	0.545968369	"NoCall"
"SNP_A-1512474"	"14"	87366312	0.232660757	"BB"
"SNP_A-1517920"	"14"	87492064	-1.514573173	"BB"
"SNP_A-1518560"	"14"	87625170	0.843983844	"BB"
"SNP_A-1509461"	"14"	87631379	0.021479727	"AA"
"SNP_A-1519685"	"14"	87663293	-0.875671865	"BB"
"SNP_A-1519520"	"14"	87945217	-0.929610672	"AA"
"SNP_A-1513784"	"14"	88113548	0.66448284	"AB"
"SNP_A-1511528"	"14"	88113950	0.063502942	"AB"
"SNP_A-1513001"	"14"	89495409	-0.260151897	"AB"
"SNP_A-1511151"	"14"	89551858	-0.168122759	"AB"
"SNP_A-1511142"	"14"	90283559	0.028569152	"AA"
"SNP_A-1517584"	"14"	90631656	-0.13606155	"AB"
"SNP_A-1517639"	"14"	90631733	0.042644337	"AB"
"SNP_A-1514891"	"14"	90693412	-0.535331733	"BB"
"SNP_A-1519328"	"14"	90717596	-1.120294234	"AB"
"SNP_A-1514605"	"14"	90742241	-0.09696173	"AA"
"SNP_A-1512217"	"14"	91248358	0.941106311	"AB"
"SNP_A-1515644"	"14"	91706318	-0.200912694	"BB"
"SNP_A-1508550"	"14"	91997116	-0.971430848	"AB"
"SNP_A-1514181"	"14"	92260121	-0.836501268	"BB"
"SNP_A-1510678"	"14"	92708561	-0.367731785	"AA"
"SNP_A-1511818"	"14"	92895444	0.163498732	"BB"
"SNP_A-1508815"	"14"	92895552	-0.081613766	"BB"
"SNP_A-1510336"	"14"	92915689	0.021479727	"BB"
"SNP_A-1515925"	"14"	92916106	0.495695163	"AA"
"SNP_A-1515977"	"14"	92916185	0.220329955	"AA"
"SNP_A-1513507"	"14"	92992396	-0.862496476	"AB"
"SNP_A-1511673"	"14"	93351730	-1.058893689	"BB"
"SNP_A-1515591"	"14"	93352737	-0.043943348	"AA"
"SNP_A-1512329"	"14"	93352793	-0.036525876	"BB"
"SNP_A-1508709"	"14"	93682257	-0.377069649	"BB"
"SNP_A-1508922"	"14"	93851554	-0.621488377	"AA"
"SNP_A-1514336"	"14"	93913711	1.22650853	"NoCall"
"SNP_A-1513061"	"14"	94001864	0.422233001	"BB"
"SNP_A-1515154"	"14"	94480651	1.298658316	"BB"
"SNP_A-1514064"	"14"	95024846	0.500802053	"AB"
"SNP_A-1514744"	"14"	95061648	-0.40545145	"AB"
"SNP_A-1513766"	"14"	95229257	0.014355293	"BB"
"SNP_A-1517023"	"14"	95267046	-0.029146346	"AA"
"SNP_A-1519205"	"14"	95470785	-1.535331733	"AA"
"SNP_A-1511730"	"14"	95797506	1.416839742	"AB"
"SNP_A-1511421"	"14"	95966805	0.695993813	"AB"
"SNP_A-1512331"	"14"	95966895	-1.089267338	"AB"
"SNP_A-1511598"	"14"	95980841	-1.286304185	"AB"
"SNP_A-1518511"	"14"	96160652	1.160274831	"BB"
"SNP_A-1519299"	"14"	96388070	-0.200912694	"BB"
"SNP_A-1518654"	"14"	96756423	1.757023247	"BB"
"SNP_A-1508556"	"14"	96779131	0.09085343	"AA"
"SNP_A-1511934"	"14"	97014695	-1.514573173	"AA"
"SNP_A-1509437"	"14"	97015014	-0.943416472	"AB"
"SNP_A-1507495"	"14"	97060351	-0.862496476	"BB"
"SNP_A-1517005"	"14"	97060408	0.286881148	"AB"
"SNP_A-1517054"	"14"	97060419	1.039138394	"AB"
"SNP_A-1517104"	"14"	97060529	1.263034406	"NoCall"
"SNP_A-1517326"	"14"	97249409	-0.862496476	"AA"
"SNP_A-1507355"	"14"	97819744	-1.514573173	"AB"
"SNP_A-1519636"	"14"	97852930	1.62058641	"AB"
"SNP_A-1515047"	"14"	97938626	1.477677328	"AB"
"SNP_A-1511594"	"14"	98001356	0.545968369	"NoCall"
"SNP_A-1518787"	"14"	98782523	-1.415037499	"AA"
"SNP_A-1517436"	"14"	99319750	-0.4639471	"AB"
"SNP_A-1517391"	"14"	99319844	0.111031312	"AB"
"SNP_A-1514238"	"14"	99696807	0.731183242	"AA"
"SNP_A-1511154"	"14"	99835150	-1.251538767	"NoCall"
"SNP_A-1517189"	"14"	101475693	1.269033146	"BB"
"SNP_A-1518651"	"14"	101603233	-0.59946207	"NoCall"
"SNP_A-1509400"	"14"	101852185	-2.556393349	"AA"
"SNP_A-1509458"	"14"	101852234	-0.217591435	"AB"
"SNP_A-1509503"	"14"	101852363	-0.77349147	"AB"
"SNP_A-1513768"	"14"	101921920	0.344828497	"BB"
"SNP_A-1516653"	"14"	102251764	0.5360529	"BB"
"SNP_A-1512700"	"14"	102383973	-0.836501268	"BB"
"SNP_A-1517874"	"14"	102964038	-1.713118852	"AA"
"SNP_A-1507322"	"14"	104617368	0.03562391	"AA"
"SNP_A-1513645"	"14"	105212667	-0.556393349	"BB"
"SNP_A-1516980"	"15"	19838320	0.014355293	"AB"
"SNP_A-1511192"	"15"	19872724	-0.749038426	"BB"
"SNP_A-1511670"	"15"	21486538	-0.17625064	"AA"
"SNP_A-1515973"	"15"	21561686	-0.395928676	"BB"
"SNP_A-1510296"	"15"	21593888	-0.286304185	"AA"
"SNP_A-1518156"	"15"	21881849	1.121015401	"NoCall"
"SNP_A-1513760"	"15"	21917004	1.469885976	"AA"
"SNP_A-1508769"	"15"	21917108	-0.588573754	"BB"
"SNP_A-1519026"	"15"	22026298	-0.678071905	"AA"
"SNP_A-1519182"	"15"	22026540	0.3950628	"AB"
"SNP_A-1519069"	"15"	22026551	-0.312939312	"BB"
"SNP_A-1519128"	"15"	22026564	0.021479727	"BB"
"SNP_A-1512561"	"15"	22079963	1.298658316	"AB"
"SNP_A-1513186"	"15"	22674428	-0.377069649	"BB"
"SNP_A-1513286"	"15"	22674481	-0.736965594	"AB"
"SNP_A-1514175"	"15"	23321542	0.321928095	"NoCall"
"SNP_A-1514222"	"15"	23321583	-0.09696173	"AA"
"SNP_A-1514264"	"15"	23321638	-0.234465254	"NoCall"
"SNP_A-1514316"	"15"	23321680	-0.424687669	"BB"
"SNP_A-1515327"	"15"	24491980	-1	"BB"
"SNP_A-1516427"	"15"	24813675	0.769771739	"AB"
"SNP_A-1510562"	"15"	25005399	0.372952098	"BB"
"SNP_A-1512382"	"15"	25019146	-0.209227962	"AA"
"SNP_A-1514468"	"15"	25627150	0.367371066	"AA"
"SNP_A-1510567"	"15"	27431748	-0.226003675	"AA"
"SNP_A-1519041"	"15"	27968821	1.459431619	"BB"
"SNP_A-1517323"	"15"	28751625	0.731183242	"AA"
"SNP_A-1512567"	"15"	28776942	0.09085343	"AB"
"SNP_A-1513299"	"15"	29155860	-0.152003093	"BB"
"SNP_A-1516896"	"15"	29572460	-0.862496476	"BB"
"SNP_A-1509376"	"15"	29933496	0.570462931	"AA"
"SNP_A-1512326"	"15"	31130522	0.427606173	"AA"
"SNP_A-1514814"	"15"	31360654	-0.268816758	"AB"
"SNP_A-1515219"	"15"	31573459	1.341985747	"AA"
"SNP_A-1509557"	"15"	31633998	0.839959587	"BB"
"SNP_A-1517592"	"15"	31634846	0.545968369	"BB"
"SNP_A-1510991"	"15"	31687982	0.310340121	"AB"
"SNP_A-1518540"	"15"	31792698	-0.610433188	"BB"
"SNP_A-1516722"	"15"	32066969	0.124328135	"AA"
"SNP_A-1513609"	"15"	32420029	0.735522177	"NoCall"
"SNP_A-1513562"	"15"	32420039	-0.286304185	"BB"
"SNP_A-1508144"	"15"	32719365	-2.120294234	"NoCall"
"SNP_A-1514872"	"15"	32719454	-1.377069649	"BB"
"SNP_A-1519124"	"15"	32809099	-0.40545145	"AA"
"SNP_A-1510012"	"15"	32809288	-0.217591435	"AB"
"SNP_A-1513528"	"15"	33177816	1.09085343	"AA"
"SNP_A-1509504"	"15"	33731192	1.147306699	"AA"
"SNP_A-1513226"	"15"	33775405	1.198494154	"BB"
"SNP_A-1513266"	"15"	33775645	-0.304006187	"NoCall"
"SNP_A-1518643"	"15"	34026587	1.263034406	"AA"
"SNP_A-1513325"	"15"	34275915	0.40053793	"AB"
"SNP_A-1518492"	"15"	34573441	-0.810966176	"NoCall"
"SNP_A-1518554"	"15"	34573519	0.189033824	"AB"
"SNP_A-1519248"	"15"	34853432	1.084064265	"BB"
"SNP_A-1511520"	"15"	35129028	-1.120294234	"BB"
"SNP_A-1510529"	"15"	35129194	-0.823677227	"AB"
"SNP_A-1518299"	"15"	35383127	-1.286304185	"NoCall"
"SNP_A-1508854"	"15"	36602102	-0.535331733	"AB"
"SNP_A-1507693"	"15"	36765972	-0.454031631	"NoCall"
"SNP_A-1509210"	"15"	36921503	-1.577766999	"NoCall"
"SNP_A-1509782"	"15"	36943597	0.09085343	"AA"
"SNP_A-1509739"	"15"	36943651	-0.386468347	"BB"
"SNP_A-1509691"	"15"	36943700	-0.02180437	"NoCall"
"SNP_A-1518168"	"15"	36943790	0	"BB"
"SNP_A-1515723"	"15"	36965015	0.389566812	"AB"
"SNP_A-1508513"	"15"	37020636	0.049630768	"AB"
"SNP_A-1509744"	"15"	37112817	-1.043943348	"AA"
"SNP_A-1516310"	"15"	37488815	-0.588573754	"BB"
"SNP_A-1509673"	"15"	37536659	0.66448284	"AA"
"SNP_A-1508431"	"15"	37545284	-0.358453971	"AA"
"SNP_A-1510922"	"15"	37828375	-1.49410907	"BB"
"SNP_A-1510547"	"15"	37851910	-2.029146346	"AA"
"SNP_A-1513088"	"15"	38725724	-0.810966176	"AB"
"SNP_A-1509713"	"15"	38803730	0.378511623	"AA"
"SNP_A-1519316"	"15"	39910273	0.14404637	"AB"
"SNP_A-1508582"	"15"	40077078	-0.957355663	"AA"
"SNP_A-1507568"	"15"	41333549	-0.514573173	"BB"
"SNP_A-1511562"	"15"	42918975	-1.184424571	"BB"
"SNP_A-1508508"	"15"	42919028	-0.4639471	"BB"
"SNP_A-1511518"	"15"	42919121	-0.701341684	"BB"
"SNP_A-1514625"	"15"	43029735	0.956056652	"BB"
"SNP_A-1519149"	"15"	43411751	0.875780063	"BB"
"SNP_A-1519090"	"15"	43411930	0.550900665	"BB"
"SNP_A-1509562"	"15"	43773824	-0.036525876	"AA"
"SNP_A-1507606"	"15"	43983954	-0.4639471	"AA"
"SNP_A-1518154"	"15"	44070866	-1.785875195	"AA"
"SNP_A-1509201"	"15"	44103792	-1.200912694	"AA"
"SNP_A-1509288"	"15"	44108344	-0.798366139	"BB"
"SNP_A-1516194"	"15"	44129242	-0.59946207	"AA"
"SNP_A-1518027"	"15"	44226937	-1.13606155	"BB"
"SNP_A-1518075"	"15"	44226985	-1.286304185	"AA"
"SNP_A-1519394"	"15"	44283170	0.14404637	"AB"
"SNP_A-1513960"	"15"	44496723	-0.76121314	"BB"
"SNP_A-1515883"	"15"	45274906	0.124328135	"NoCall"
"SNP_A-1517397"	"15"	45327504	0.304511042	"AB"
"SNP_A-1509979"	"15"	45366983	1.430285273	"NoCall"
"SNP_A-1513826"	"15"	45591329	-0.036525876	"AB"
"SNP_A-1512128"	"15"	45803009	0.604071324	"AB"
"SNP_A-1519489"	"15"	46012737	-1.395928676	"AA"
"SNP_A-1510540"	"15"	46112864	-1.043943348	"BB"
"SNP_A-1509403"	"15"	46608021	-0.434402824	"BB"
"SNP_A-1516929"	"15"	46616642	-0.081613766	"AA"
"SNP_A-1515624"	"15"	46668554	0.220329955	"AA"
"SNP_A-1518702"	"15"	46711442	0.042644337	"AB"
"SNP_A-1514817"	"15"	46727105	-0.678071905	"AA"
"SNP_A-1511949"	"15"	47564067	-1.089267338	"NoCall"
"SNP_A-1515281"	"15"	47564187	-0.798366139	"BB"
"SNP_A-1518227"	"15"	47937402	-0.029146346	"AA"
"SNP_A-1518275"	"15"	47937414	-0.321928095	"AA"
"SNP_A-1507894"	"15"	47989726	0.748461233	"AA"
"SNP_A-1517882"	"15"	48358795	-0.066427362	"BB"
"SNP_A-1511426"	"15"	48380571	-0.074000581	"BB"
"SNP_A-1518173"	"15"	48903002	-0.545824107	"BB"
"SNP_A-1519697"	"15"	49274478	1.017921908	"AB"
"SNP_A-1518079"	"15"	49356961	1.634593268	"BB"
"SNP_A-1515173"	"15"	49598329	0.622930351	"NoCall"
"SNP_A-1519595"	"15"	49743833	1.176322773	"AA"
"SNP_A-1519627"	"15"	49781281	-1.058893689	"BB"
"SNP_A-1510426"	"15"	49863681	0.422233001	"BB"
"SNP_A-1510471"	"15"	49863967	0.495695163	"AA"
"SNP_A-1516107"	"15"	50862599	0.480265122	"BB"
"SNP_A-1517924"	"15"	50877047	-1.59946207	"BB"
"SNP_A-1510699"	"15"	50963640	1.604071324	"AA"
"SNP_A-1509941"	"15"	51102309	1.014355293	"AA"
"SNP_A-1515967"	"15"	51208702	0.799087306	"AA"
"SNP_A-1509269"	"15"	51311164	0	"AA"
"SNP_A-1519059"	"15"	51394642	-0.058893689	"AA"
"SNP_A-1519012"	"15"	51394706	-0.701341684	"AA"
"SNP_A-1515137"	"15"	51394928	-1.089267338	"BB"
"SNP_A-1509603"	"15"	51395177	-0.260151897	"AA"
"SNP_A-1515747"	"15"	51474480	0.169925001	"AB"
"SNP_A-1515514"	"15"	51501989	0.021479727	"AB"
"SNP_A-1515552"	"15"	51502031	1.150559677	"AA"
"SNP_A-1513499"	"15"	51532538	-0.120294234	"AB"
"SNP_A-1515783"	"15"	51532864	-0.066427362	"AB"
"SNP_A-1518454"	"15"	51598498	1.771885579	"AB"
"SNP_A-1508217"	"15"	51723174	0.722466024	"AB"
"SNP_A-1507483"	"15"	51796866	-1.286304185	"AA"
"SNP_A-1507436"	"15"	51796975	-0.915935735	"BB"
"SNP_A-1518749"	"15"	52527907	-0.713118852	"AA"
"SNP_A-1508574"	"15"	52669160	-1.862496476	"NoCall"
"SNP_A-1508615"	"15"	52669313	0.13093087	"AB"
"SNP_A-1508651"	"15"	52669346	-0.577766999	"AB"
"SNP_A-1516889"	"15"	52689017	-0.081613766	"BB"
"SNP_A-1508200"	"15"	53023267	0.372952098	"NoCall"
"SNP_A-1514423"	"15"	53084180	-1.556393349	"AB"
"SNP_A-1511465"	"15"	53207790	0.589763487	"BB"
"SNP_A-1512365"	"15"	53558758	0.13093087	"AA"
"SNP_A-1512913"	"15"	53558832	-0.304006187	"AB"
"SNP_A-1513965"	"15"	53710965	-0.268816758	"BB"
"SNP_A-1513763"	"15"	54044917	-1.120294234	"AA"
"SNP_A-1508304"	"15"	54744553	-0.588573754	"NoCall"
"SNP_A-1515266"	"15"	54744971	-0.160040413	"AA"
"SNP_A-1515654"	"15"	55360589	0.195347598	"AA"
"SNP_A-1508281"	"15"	55597945	-1.152003093	"BB"
"SNP_A-1519498"	"15"	55623630	0.367371066	"BB"
"SNP_A-1519557"	"15"	55624115	0	"AA"
"SNP_A-1513303"	"15"	55801814	-0.689659879	"BB"
"SNP_A-1518589"	"15"	55801844	-1.535331733	"AB"
"SNP_A-1518090"	"15"	55870829	-0.424687669	"AB"
"SNP_A-1518036"	"15"	55870968	-0.09696173	"NoCall"
"SNP_A-1511817"	"15"	56180871	0.910732662	"AB"
"SNP_A-1519750"	"15"	56221096	0.137503524	"BB"
"SNP_A-1513429"	"15"	56412356	-0.424687669	"AA"
"SNP_A-1512922"	"15"	57859135	-0.76121314	"NoCall"
"SNP_A-1507930"	"15"	57955770	0.726831217	"AB"
"SNP_A-1511957"	"15"	58074686	-0.785875195	"AB"
"SNP_A-1507776"	"15"	58074793	-0.13606155	"NoCall"
"SNP_A-1516993"	"15"	58940166	-1.64385619	"BB"
"SNP_A-1516600"	"15"	59005917	0.427606173	"BB"
"SNP_A-1508558"	"15"	59098480	-0.655171503	"NoCall"
"SNP_A-1508601"	"15"	59098496	-0.483984853	"BB"
"SNP_A-1518455"	"15"	59139245	0.007195501	"NoCall"
"SNP_A-1517574"	"15"	59211514	-1.234465254	"NoCall"
"SNP_A-1517528"	"15"	59211835	-1.200912694	"NoCall"
"SNP_A-1513980"	"15"	59212038	-0.415037499	"NoCall"
"SNP_A-1513333"	"15"	59775647	0.807354922	"NoCall"
"SNP_A-1508537"	"15"	60029429	-0.395928676	"AB"
"SNP_A-1509649"	"15"	60175670	-0.349235441	"AB"
"SNP_A-1511422"	"15"	60175843	-0.295128036	"AA"
"SNP_A-1513882"	"15"	60578194	1.286881148	"BB"
"SNP_A-1508430"	"15"	61374453	0.778208576	"BB"
"SNP_A-1518182"	"15"	61424107	-1.535331733	"BB"
"SNP_A-1518900"	"15"	62027981	-1.340075442	"NoCall"
"SNP_A-1516145"	"15"	62100249	0.40053793	"AA"
"SNP_A-1515268"	"15"	62855753	-0.577766999	"AB"
"SNP_A-1515003"	"15"	64168064	0.967168608	"BB"
"SNP_A-1517512"	"15"	64442187	-0.415037499	"BB"
"SNP_A-1510221"	"15"	64586786	0.794935663	"AA"
"SNP_A-1509792"	"15"	65011905	1.232660757	"AA"
"SNP_A-1518076"	"15"	65027690	1.500802053	"AB"
"SNP_A-1518660"	"15"	65028152	1.56315813	"AB"
"SNP_A-1507401"	"15"	65028189	1.508428653	"BB"
"SNP_A-1511966"	"15"	65240768	-0.242976753	"AA"
"SNP_A-1510303"	"15"	66601632	-1.304006187	"BB"
"SNP_A-1516697"	"15"	67787946	1.689299161	"AB"
"SNP_A-1517771"	"15"	67940402	0.974529312	"AA"
"SNP_A-1512010"	"15"	68289844	-0.929610672	"NoCall"
"SNP_A-1512002"	"15"	68474720	-0.514573173	"BB"
"SNP_A-1518228"	"15"	69205258	1.053111336	"AA"
"SNP_A-1517837"	"15"	69231234	-1.058893689	"NoCall"
"SNP_A-1510905"	"15"	69405826	-0.929610672	"AA"
"SNP_A-1510194"	"15"	69637453	1.066950244	"AB"
"SNP_A-1517230"	"15"	69637561	-1.251538767	"AB"
"SNP_A-1510290"	"15"	69637657	-0.036525876	"AB"
"SNP_A-1513381"	"15"	69966559	0.580145484	"AA"
"SNP_A-1518822"	"15"	70326667	-0.260151897	"BB"
"SNP_A-1515369"	"15"	71649535	1.682573297	"BB"
"SNP_A-1519015"	"15"	71863061	-1.089267338	"AB"
"SNP_A-1513732"	"15"	72059147	-0.701341684	"AA"
"SNP_A-1518119"	"15"	72274426	1.341985747	"AB"
"SNP_A-1513351"	"15"	72800098	-1.415037499	"BB"
"SNP_A-1514832"	"15"	73779997	0.049630768	"AA"
"SNP_A-1510172"	"15"	74219114	-0.49410907	"BB"
"SNP_A-1516344"	"15"	74625850	-0.395928676	"NoCall"
"SNP_A-1511351"	"15"	74749753	-0.066427362	"AB"
"SNP_A-1507396"	"15"	75118563	-0.424687669	"NoCall"
"SNP_A-1507682"	"15"	76534972	-0.051399153	"AA"
"SNP_A-1507729"	"15"	76535021	-1.915935735	"BB"
"SNP_A-1510652"	"15"	76762310	0.389566812	"BB"
"SNP_A-1508036"	"15"	76762512	0.485426827	"NoCall"
"SNP_A-1507723"	"15"	76822039	-0.77349147	"AA"
"SNP_A-1516510"	"15"	77412520	0.257010618	"AB"
"SNP_A-1512295"	"15"	77536576	0.495695163	"AB"
"SNP_A-1509050"	"15"	77781156	-0.49410907	"AB"
"SNP_A-1518368"	"15"	77812690	-2.029146346	"AA"
"SNP_A-1518424"	"15"	77812910	-0.76121314	"AA"
"SNP_A-1518590"	"15"	77813207	-0.09696173	"NoCall"
"SNP_A-1516930"	"15"	77815396	0.350497247	"AB"
"SNP_A-1510081"	"15"	77851948	-0.277533976	"AB"
"SNP_A-1512524"	"15"	77882416	0.669026766	"NoCall"
"SNP_A-1514526"	"15"	78036770	-0.424687669	"BB"
"SNP_A-1511084"	"15"	78296276	-0.036525876	"AB"
"SNP_A-1509757"	"15"	78297093	0.416839742	"AB"
"SNP_A-1508536"	"15"	78300326	0.432959407	"AB"
"SNP_A-1508617"	"15"	78300416	-0.128156351	"AB"
"SNP_A-1517767"	"15"	78689252	0.695993813	"AB"
"SNP_A-1508045"	"15"	79066558	0.469885976	"BB"
"SNP_A-1518282"	"15"	79093536	-0.268816758	"NoCall"
"SNP_A-1507524"	"15"	79651854	-0.058893689	"AA"
"SNP_A-1516086"	"15"	80034472	-0.888968688	"NoCall"
"SNP_A-1516141"	"15"	80034518	0.15704371	"AB"
"SNP_A-1507856"	"15"	80107106	-1.915935735	"AA"
"SNP_A-1514919"	"15"	81242301	0.195347598	"AA"
"SNP_A-1509072"	"15"	81273087	0.097610797	"AA"
"SNP_A-1516936"	"15"	81562248	-0.957355663	"AA"
"SNP_A-1516629"	"15"	81933724	-1.304006187	"NoCall"
"SNP_A-1512281"	"15"	81974407	0.316145742	"AA"
"SNP_A-1516208"	"15"	83649001	-0.836501268	"AB"
"SNP_A-1519657"	"15"	83895664	-1.120294234	"AB"
"SNP_A-1513366"	"15"	84101030	0.124328135	"NoCall"
"SNP_A-1516079"	"15"	84259436	-0.632628934	"AA"
"SNP_A-1517204"	"15"	84316104	2.206330648	"AB"
"SNP_A-1517590"	"15"	84491601	-1.434402824	"AB"
"SNP_A-1509026"	"15"	84625187	0.416839742	"AB"
"SNP_A-1507837"	"15"	84625369	0.214124805	"AA"
"SNP_A-1508495"	"15"	84729166	0.163498732	"BB"
"SNP_A-1513475"	"15"	84812890	-0.330973234	"AB"
"SNP_A-1518355"	"15"	85060711	0.475084883	"AA"
"SNP_A-1514870"	"15"	85324892	0.632268215	"BB"
"SNP_A-1515643"	"15"	86073423	-0.007231569	"NoCall"
"SNP_A-1517802"	"15"	86347805	0.257010618	"AA"
"SNP_A-1513425"	"15"	86594675	-0.358453971	"AB"
"SNP_A-1507907"	"15"	87132364	-1.120294234	"AA"
"SNP_A-1507328"	"15"	87132664	-0.444183845	"AA"
"SNP_A-1519715"	"15"	87132693	-1.074000581	"AA"
"SNP_A-1516095"	"15"	87310067	-0.736965594	"BB"
"SNP_A-1518520"	"15"	87465016	1.759155834	"AB"
"SNP_A-1514697"	"15"	87599097	-0.066427362	"NoCall"
"SNP_A-1514606"	"15"	87599434	-0.395928676	"AB"
"SNP_A-1514553"	"15"	87599501	-0.76121314	"BB"
"SNP_A-1508135"	"15"	87752820	-0.632628934	"AA"
"SNP_A-1514728"	"15"	87799021	-1.395928676	"AB"
"SNP_A-1515275"	"15"	87799276	-0.074000581	"AB"
"SNP_A-1515331"	"15"	87799390	-1.043943348	"AB"
"SNP_A-1507448"	"15"	88057436	-0.701341684	"BB"
"SNP_A-1509683"	"15"	89070763	-0.862496476	"NoCall"
"SNP_A-1509278"	"15"	89434260	0.485426827	"AB"
"SNP_A-1508707"	"15"	89434419	0.627606838	"AB"
"SNP_A-1517465"	"15"	89455750	1.924099886	"AB"
"SNP_A-1508635"	"15"	89515061	0.007195501	"AA"
"SNP_A-1513698"	"15"	89600001	0.992768431	"AB"
"SNP_A-1509098"	"15"	90240881	0.90303827	"AA"
"SNP_A-1519342"	"15"	90256611	-0.49410907	"AA"
"SNP_A-1518314"	"15"	90270288	0.163498732	"AA"
"SNP_A-1512674"	"15"	90285859	-0.395928676	"AB"
"SNP_A-1512782"	"15"	90315907	-0.007231569	"AA"
"SNP_A-1516620"	"15"	90372714	0.773996325	"AA"
"SNP_A-1515663"	"15"	90504081	0.669026766	"AB"
"SNP_A-1515703"	"15"	90504391	1.748461233	"AB"
"SNP_A-1510639"	"15"	90997104	0.063502942	"BB"
"SNP_A-1512151"	"15"	91488981	-0.089267338	"BB"
"SNP_A-1511898"	"15"	91599368	-0.168122759	"BB"
"SNP_A-1512000"	"15"	91599443	-0.4639471	"BB"
"SNP_A-1516376"	"15"	91650355	0.250961574	"AA"
"SNP_A-1509606"	"15"	91708182	-1.810966176	"NoCall"
"SNP_A-1511785"	"15"	92397640	-1.251538767	"BB"
"SNP_A-1516330"	"15"	92398282	1.087462841	"AA"
"SNP_A-1510981"	"15"	92398340	-0.40545145	"AA"
"SNP_A-1515413"	"15"	92788371	-0.823677227	"AA"
"SNP_A-1511138"	"15"	93525533	-1.089267338	"BB"
"SNP_A-1512554"	"15"	94160402	-0.524915117	"NoCall"
"SNP_A-1515163"	"15"	94248752	0.448900951	"AA"
"SNP_A-1516224"	"15"	94403198	-0.40545145	"BB"
"SNP_A-1510545"	"15"	94494552	0.275007047	"AA"
"SNP_A-1513395"	"15"	94811325	0.03562391	"BB"
"SNP_A-1508446"	"15"	95196648	0.956056652	"AA"
"SNP_A-1512519"	"15"	95292526	-0.234465254	"BB"
"SNP_A-1518916"	"15"	95589246	0.163498732	"AA"
"SNP_A-1513193"	"15"	96046481	-0.504304837	"AA"
"SNP_A-1510631"	"15"	96091757	-0.168122759	"AA"
"SNP_A-1510538"	"15"	96091828	-0.349235441	"NoCall"
"SNP_A-1512005"	"15"	96461103	0.163498732	"AA"
"SNP_A-1510114"	"15"	96461286	0.077242999	"AB"
"SNP_A-1508992"	"15"	96461286	-0.192645078	"AB"
"SNP_A-1512050"	"15"	96461483	-0.321928095	"AA"
"SNP_A-1512135"	"15"	96637436	0.669026766	"AB"
"SNP_A-1518688"	"15"	97829989	-0.632628934	"AA"
"SNP_A-1508530"	"15"	98092699	-0.112474729	"BB"
"SNP_A-1516187"	"15"	98319320	0.189033824	"AA"
"SNP_A-1516227"	"15"	98319350	-0.434402824	"AA"
"SNP_A-1516140"	"15"	98319426	-0.577766999	"AA"
"SNP_A-1512280"	"15"	98320901	0.244887059	"AA"
"SNP_A-1512338"	"15"	98320979	-0.524915117	"AA"
"SNP_A-1514620"	"15"	98484284	0.545968369	"AB"
"SNP_A-1514670"	"15"	98484385	0.731183242	"BB"
"SNP_A-1516961"	"15"	98484554	-0.836501268	"NoCall"
"SNP_A-1508594"	"15"	98685878	0.459431619	"BB"
"SNP_A-1508890"	"15"	98865691	-0.058893689	"BB"
"SNP_A-1516223"	"15"	99604449	1.397802962	"AA"
"SNP_A-1515386"	"15"	99638601	0.014355293	"BB"
"SNP_A-1509699"	"15"	99742089	0.327687364	"BB"
"SNP_A-1514886"	"15"	99787898	0.718087584	"BB"
"SNP_A-1518951"	"15"	100087693	0.214124805	"AB"
"SNP_A-1518466"	"15"	100099391	-0.029146346	"NoCall"
"SNP_A-1508261"	"16"	2807184	0.3950628	"AB"
"SNP_A-1516465"	"16"	4549519	-0.112474729	"BB"
"SNP_A-1516506"	"16"	4551798	0.176322773	"AA"
"SNP_A-1508060"	"16"	5357033	0.220329955	"BB"
"SNP_A-1507810"	"16"	5420311	-0.535331733	"NoCall"
"SNP_A-1513362"	"16"	5496261	-0.074000581	"BB"
"SNP_A-1515827"	"16"	5528122	0.40053793	"AA"
"SNP_A-1509560"	"16"	5544737	0.608809243	"AA"
"SNP_A-1514014"	"16"	5548911	-1.029146346	"AA"
"SNP_A-1514952"	"16"	5831584	-1.13606155	"AB"
"SNP_A-1509814"	"16"	5911056	0.641546029	"AB"
"SNP_A-1513539"	"16"	5987228	0.339137385	"BB"
"SNP_A-1511937"	"16"	6062846	0.589763487	"AB"
"SNP_A-1511668"	"16"	6110841	1.283921772	"NoCall"
"SNP_A-1510994"	"16"	6111367	1.580145484	"AB"
"SNP_A-1508423"	"16"	6164094	-1.64385619	"AB"
"SNP_A-1508748"	"16"	6229220	-0.785875195	"NoCall"
"SNP_A-1517315"	"16"	6920278	-0.49410907	"NoCall"
"SNP_A-1509962"	"16"	7286620	-0.943416472	"AA"
"SNP_A-1511778"	"16"	7286744	-0.514573173	"AB"
"SNP_A-1509348"	"16"	7728557	0.782408565	"AB"
"SNP_A-1509391"	"16"	7728944	0.070389328	"AB"
"SNP_A-1509939"	"16"	7729020	-0.40545145	"NoCall"
"SNP_A-1507980"	"16"	8300933	0.835924074	"BB"
"SNP_A-1507936"	"16"	8300982	0.90303827	"BB"
"SNP_A-1517595"	"16"	8483319	1.825785627	"AA"
"SNP_A-1517693"	"16"	8483574	1.66448284	"AB"
"SNP_A-1517734"	"16"	8483658	0.570462931	"AA"
"SNP_A-1509803"	"16"	8495208	0.111031312	"AB"
"SNP_A-1511571"	"16"	9405991	-0.724992953	"AA"
"SNP_A-1510283"	"16"	9533373	-0.701341684	"AA"
"SNP_A-1508500"	"16"	9621355	0.201633861	"AA"
"SNP_A-1518451"	"16"	10231249	0.220329955	"AB"
"SNP_A-1517143"	"16"	10588317	0.613531653	"BB"
"SNP_A-1516534"	"16"	10722487	0.310340121	"BB"
"SNP_A-1512123"	"16"	12587268	-1.268816758	"NoCall"
"SNP_A-1518020"	"16"	12634228	-0.036525876	"AB"
"SNP_A-1512478"	"16"	12675017	-1.434402824	"NoCall"
"SNP_A-1513074"	"16"	12675032	-1.395928676	"BB"
"SNP_A-1513167"	"16"	12840339	-1.029146346	"AA"
"SNP_A-1508489"	"16"	13036826	-1.13606155	"NoCall"
"SNP_A-1510411"	"16"	13085598	-1.836501268	"AA"
"SNP_A-1507777"	"16"	13239120	0.214124805	"AA"
"SNP_A-1507533"	"16"	13531654	-1.168122759	"AA"
"SNP_A-1513625"	"16"	13532013	0.10433666	"BB"
"SNP_A-1509972"	"16"	13899333	1.518535139	"BB"
"SNP_A-1507923"	"16"	13899902	0.555816155	"BB"
"SNP_A-1507871"	"16"	13900001	0.09085343	"BB"
"SNP_A-1510874"	"16"	13900504	-0.434402824	"AA"
"SNP_A-1516071"	"16"	13986143	1.655351829	"BB"
"SNP_A-1516646"	"16"	14195538	-1.029146346	"AA"
"SNP_A-1519410"	"16"	14245920	0.292781749	"BB"
"SNP_A-1515838"	"16"	17300725	-0.929610672	"AB"
"SNP_A-1515893"	"16"	17300853	-0.234465254	"BB"
"SNP_A-1508122"	"16"	18065860	-0.089267338	"BB"
"SNP_A-1517975"	"16"	19417743	-0.168122759	"AB"
"SNP_A-1509967"	"16"	19986094	0.584962501	"NoCall"
"SNP_A-1510317"	"16"	20012221	-0.524915117	"AB"
"SNP_A-1509927"	"16"	20617931	-0.128156351	"BB"
"SNP_A-1511433"	"16"	20710025	0.063502942	"BB"
"SNP_A-1509109"	"16"	20944783	0.292781749	"AA"
"SNP_A-1513864"	"16"	21002379	0.981852653	"AA"
"SNP_A-1511285"	"16"	22048426	0.070389328	"AA"
"SNP_A-1513917"	"16"	22764405	-0.17625064	"AB"
"SNP_A-1508484"	"16"	24271531	-0.029146346	"BB"
"SNP_A-1507686"	"16"	24760292	-1	"AB"
"SNP_A-1514766"	"16"	25261902	0.641546029	"AB"
"SNP_A-1510931"	"16"	25439080	0.526068812	"BB"
"SNP_A-1512051"	"16"	25613663	0.632268215	"AB"
"SNP_A-1517870"	"16"	26170375	-0.862496476	"BB"
"SNP_A-1512432"	"16"	26293694	-0.01449957	"BB"
"SNP_A-1516070"	"16"	26411378	-1.089267338	"NoCall"
"SNP_A-1509275"	"16"	27362834	-0.678071905	"AB"
"SNP_A-1518141"	"16"	28046203	0.632268215	"AA"
"SNP_A-1517352"	"16"	28093107	1.229587923	"AB"
"SNP_A-1509362"	"16"	29272335	-0.567040593	"AB"
"SNP_A-1509889"	"16"	29693730	0.056583528	"AA"
"SNP_A-1509980"	"16"	29693847	0.182692298	"BB"
"SNP_A-1517141"	"16"	31766952	0	"NoCall"
"SNP_A-1510168"	"16"	47943538	1.042644337	"AA"
"SNP_A-1512438"	"16"	48759959	0.815575429	"AB"
"SNP_A-1514494"	"16"	48848145	-0.655171503	"BB"
"SNP_A-1516827"	"16"	49319738	-0.545824107	"NoCall"
"SNP_A-1516938"	"16"	49320018	1.372952098	"BB"
"SNP_A-1519217"	"16"	49677370	1.263034406	"AB"
"SNP_A-1509113"	"16"	49874592	0.169925001	"NoCall"
"SNP_A-1516469"	"16"	50169419	-0.849440323	"BB"
"SNP_A-1518610"	"16"	50707987	-0.029146346	"AB"
"SNP_A-1510366"	"16"	50983792	0.063502942	"BB"
"SNP_A-1510324"	"16"	50983858	1.50589093	"AA"
"SNP_A-1512483"	"16"	51013954	0.117695043	"BB"
"SNP_A-1512177"	"16"	51014162	0.03562391	"AA"
"SNP_A-1510711"	"16"	51247493	0.367371066	"AB"
"SNP_A-1515152"	"16"	51498248	-0.066427362	"AB"
"SNP_A-1511118"	"16"	51530852	-0.377069649	"AA"
"SNP_A-1517002"	"16"	51653024	0.304511042	"BB"
"SNP_A-1514820"	"16"	51653125	0.748461233	"BB"
"SNP_A-1514167"	"16"	51653288	0.182692298	"AA"
"SNP_A-1507514"	"16"	51678405	0.526068812	"NoCall"
"SNP_A-1517541"	"16"	51994339	-0.76121314	"BB"
"SNP_A-1513973"	"16"	52105603	-1.058893689	"AA"
"SNP_A-1513906"	"16"	52105868	-0.17625064	"BB"
"SNP_A-1512642"	"16"	52210993	-1.089267338	"BB"
"SNP_A-1514016"	"16"	52678035	-0.144010303	"AB"
"SNP_A-1513964"	"16"	52678088	0.599317794	"NoCall"
"SNP_A-1516798"	"16"	52695919	-0.268816758	"AB"
"SNP_A-1519132"	"16"	52817499	-1.358453971	"AB"
"SNP_A-1519187"	"16"	52817597	-0.514573173	"BB"
"SNP_A-1513835"	"16"	53249959	0.669026766	"AB"
"SNP_A-1517588"	"16"	53690372	0.786596362	"BB"
"SNP_A-1517537"	"16"	53712149	-0.01449957	"AA"
"SNP_A-1517781"	"16"	53897037	-1.395928676	"NoCall"
"SNP_A-1517207"	"16"	53911502	0.475084883	"BB"
"SNP_A-1507590"	"16"	53958512	-1.217591435	"BB"
"SNP_A-1507728"	"16"	53995939	-1.358453971	"AB"
"SNP_A-1507790"	"16"	53995959	-0.724992953	"AB"
"SNP_A-1513158"	"16"	54022150	-1.434402824	"BB"
"SNP_A-1513420"	"16"	54508288	1.538538164	"NoCall"
"SNP_A-1513372"	"16"	54508345	1.277984747	"AB"
"SNP_A-1516390"	"16"	54881532	0.748461233	"AB"
"SNP_A-1519538"	"16"	54882301	0.09085343	"AB"
"SNP_A-1517801"	"16"	54992695	0.584962501	"BB"
"SNP_A-1511988"	"16"	55128183	0.82374936	"BB"
"SNP_A-1512317"	"16"	55146005	0.646162657	"BB"
"SNP_A-1511175"	"16"	55150280	-0.577766999	"AA"
"SNP_A-1510973"	"16"	55154961	-0.535331733	"BB"
"SNP_A-1509124"	"16"	55306493	0.516015147	"AA"
"SNP_A-1509073"	"16"	55306588	0.673556424	"BB"
"SNP_A-1513237"	"16"	55306761	0.189033824	"AA"
"SNP_A-1515337"	"16"	55350427	-1.058893689	"BB"
"SNP_A-1511187"	"16"	55387860	0.952333566	"AA"
"SNP_A-1518024"	"16"	55498275	-0.798366139	"AA"
"SNP_A-1519298"	"16"	55547176	1.189033824	"AA"
"SNP_A-1514960"	"16"	55873865	1.017921908	"AA"
"SNP_A-1511975"	"16"	55874418	-1.13606155	"BB"
"SNP_A-1509786"	"16"	56059020	1.639232163	"AB"
"SNP_A-1518196"	"16"	56059392	0.851998837	"AA"
"SNP_A-1517798"	"16"	56378013	0.691534165	"AA"
"SNP_A-1512662"	"16"	56378068	0.835924074	"BB"
"SNP_A-1510795"	"16"	56378635	0.454175893	"AA"
"SNP_A-1517942"	"16"	56451214	0.803227036	"AA"
"SNP_A-1514129"	"16"	56451285	0.339137385	"AB"
"SNP_A-1508523"	"16"	56750502	0.244887059	"BB"
"SNP_A-1510578"	"16"	57446002	-0.268816758	"NoCall"
"SNP_A-1509182"	"16"	57446344	-0.902389203	"BB"
"SNP_A-1510665"	"16"	57465280	-0.915935735	"AA"
"SNP_A-1516459"	"16"	57494180	-1.089267338	"AB"
"SNP_A-1518306"	"16"	57626971	-0.330973234	"BB"
"SNP_A-1518265"	"16"	57627093	-2	"NoCall"
"SNP_A-1510611"	"16"	58051182	-2.184424571	"AA"
"SNP_A-1514408"	"16"	59183739	0.169925001	"AB"
"SNP_A-1516037"	"16"	59771055	0.263034406	"AA"
"SNP_A-1510072"	"16"	59952891	-0.701341684	"BB"
"SNP_A-1518243"	"16"	60269458	-0.588573754	"AB"
"SNP_A-1509524"	"16"	60316201	-0.621488377	"BB"
"SNP_A-1507743"	"16"	60366754	-0.192645078	"AB"
"SNP_A-1507688"	"16"	60366782	-1.168122759	"BB"
"SNP_A-1507605"	"16"	60367152	-0.377069649	"AB"
"SNP_A-1516372_2"	"16"	60475843	0.464668267	"AA"
"SNP_A-1515122"	"16"	60618692	0.049630768	"AA"
"SNP_A-1517895"	"16"	60619195	-1.13606155	"AB"
"SNP_A-1509687"	"16"	60619434	-1.120294234	"AB"
"SNP_A-1510230"	"16"	60619647	-0.242976753	"AB"
"SNP_A-1511335"	"16"	60620688	0.608809243	"AA"
"SNP_A-1509847"	"16"	60765280	1.137503524	"NoCall"
"SNP_A-1519555"	"16"	61359442	-0.349235441	"AB"
"SNP_A-1509816"	"16"	61676122	-0.112474729	"NoCall"
"SNP_A-1516415"	"16"	61757456	-0.395928676	"NoCall"
"SNP_A-1512011"	"16"	61785124	0.555816155	"BB"
"SNP_A-1510835"	"16"	62244017	1.12763328	"AA"
"SNP_A-1517166"	"16"	62270858	0.970853654	"AA"
"SNP_A-1507400"	"16"	62739666	-0.226003675	"BB"
"SNP_A-1512067"	"16"	62799353	0.782408565	"AA"
"SNP_A-1517530"	"16"	63176510	-0.810966176	"AA"
"SNP_A-1511735"	"16"	63237330	0.316145742	"AA"
"SNP_A-1510731"	"16"	63333733	-0.701341684	"AB"
"SNP_A-1515052"	"16"	63552100	-0.340075442	"AA"
"SNP_A-1515360"	"16"	63724317	0.257010618	"BB"
"SNP_A-1517356"	"16"	64598510	-0.13606155	"BB"
"SNP_A-1508848"	"16"	64796682	-0.49410907	"AB"
"SNP_A-1508806"	"16"	64796723	-0.09696173	"AA"
"SNP_A-1513531"	"16"	64830282	-0.556393349	"AB"
"SNP_A-1513359"	"16"	65035444	-0.330973234	"AB"
"SNP_A-1511111"	"16"	65036101	0.007195501	"AB"
"SNP_A-1507672"	"16"	65325881	-0.104697379	"AA"
"SNP_A-1518811"	"16"	65326863	2.368768349	"AA"
"SNP_A-1515954"	"16"	65490838	0.98550043	"BB"
"SNP_A-1508755"	"16"	65563483	0.416839742	"AA"
"SNP_A-1515010"	"16"	65583662	-0.260151897	"AA"
"SNP_A-1515962"	"16"	66071645	-0.424687669	"AB"
"SNP_A-1515000"	"16"	66347740	-1.043943348	"NoCall"
"SNP_A-1516111"	"16"	66361657	-1.454031631	"NoCall"
"SNP_A-1508216"	"16"	66362029	0.195347598	"AA"
"SNP_A-1513008"	"16"	69231716	-0.358453971	"AA"
"SNP_A-1511160"	"16"	69727479	-1.59946207	"BB"
"SNP_A-1514020"	"16"	70304406	0	"BB"
"SNP_A-1510745"	"16"	70809145	-0.567040593	"AA"
"SNP_A-1511472"	"16"	71585716	-0.49410907	"BB"
"SNP_A-1508920"	"16"	71741907	-0.567040593	"AA"
"SNP_A-1508876"	"16"	71742097	-0.49410907	"AA"
"SNP_A-1513279"	"16"	71961277	-0.286304185	"BB"
"SNP_A-1514363"	"16"	72036969	-0.304006187	"BB"
"SNP_A-1517089"	"16"	72422309	-1.943416472	"NoCall"
"SNP_A-1519208"	"16"	72559100	-0.312939312	"AA"
"SNP_A-1513751"	"16"	73366329	-1.395928676	"NoCall"
"SNP_A-1516631"	"16"	73453779	-0.929610672	"BB"
"SNP_A-1517784"	"16"	74653076	-0.358453971	"BB"
"SNP_A-1517742"	"16"	74653137	-1.377069649	"BB"
"SNP_A-1513418"	"16"	74769567	-0.434402824	"AA"
"SNP_A-1513370"	"16"	74769624	0.070389328	"BB"
"SNP_A-1508195"	"16"	75764477	-0.632628934	"NoCall"
"SNP_A-1508251"	"16"	75764562	-0.798366139	"AA"
"SNP_A-1508139"	"16"	75764614	-1.556393349	"BB"
"SNP_A-1518171"	"16"	75764770	0.214124805	"AA"
"SNP_A-1515158"	"16"	75949000	-0.76121314	"BB"
"SNP_A-1515207"	"16"	75949084	-1.029146346	"BB"
"SNP_A-1509342"	"16"	76658496	-1.234465254	"BB"
"SNP_A-1509302"	"16"	76658523	-1.074000581	"NoCall"
"SNP_A-1508916"	"16"	76681384	-1.473931188	"NoCall"
"SNP_A-1509393"	"16"	76853874	-0.17625064	"AA"
"SNP_A-1518070"	"16"	77163307	0.922197848	"BB"
"SNP_A-1516391"	"16"	77657098	-0.862496476	"AA"
"SNP_A-1516923"	"16"	77657178	-0.349235441	"NoCall"
"SNP_A-1511506"	"16"	77847580	-1.971430848	"BB"
"SNP_A-1508534"	"16"	77847753	-0.64385619	"BB"
"SNP_A-1508266"	"16"	77872025	-2.058893689	"AA"
"SNP_A-1517917"	"16"	78317882	-0.434402824	"BB"
"SNP_A-1513446"	"16"	78318386	-1.01449957	"NoCall"
"SNP_A-1510166"	"16"	78690661	-1.089267338	"AA"
"SNP_A-1508030"	"16"	78871975	0.782408565	"NoCall"
"SNP_A-1508767"	"16"	78918580	-1.152003093	"BB"
"SNP_A-1518724"	"16"	79071333	-0.13606155	"BB"
"SNP_A-1515974"	"16"	79285497	0.269033146	"NoCall"
"SNP_A-1516882"	"16"	79345436	-1.785875195	"NoCall"
"SNP_A-1512498"	"16"	79345470	-1.217591435	"NoCall"
"SNP_A-1516355"	"16"	79345568	-0.862496476	"AA"
"SNP_A-1516316"	"16"	79345677	-1.862496476	"NoCall"
"SNP_A-1514354"	"16"	79534607	0.722466024	"BB"
"SNP_A-1517176"	"16"	80231767	-0.09696173	"AA"
"SNP_A-1518420"	"16"	80286720	-0.666576266	"AA"
"SNP_A-1512576"	"16"	82549716	0.056583528	"BB"
"SNP_A-1512751"	"16"	82551105	-0.09696173	"BB"
"SNP_A-1513031"	"16"	82581073	-1.286304185	"NoCall"
"SNP_A-1513121"	"16"	83254156	-0.810966176	"BB"
"SNP_A-1510301"	"16"	83272419	-0.029146346	"AA"
"SNP_A-1508955"	"16"	83584389	-0.588573754	"BB"
"SNP_A-1509498"	"16"	83584450	-0.971430848	"NoCall"
"SNP_A-1514311"	"16"	84243216	-0.200912694	"NoCall"
"SNP_A-1514365"	"16"	84243544	-0.749038426	"AA"
"SNP_A-1508979"	"16"	84673972	-0.4639471	"AA"
"SNP_A-1518866"	"16"	84685671	-1.152003093	"BB"
"SNP_A-1508158"	"16"	84855465	-0.971430848	"BB"
"SNP_A-1512138"	"16"	85601681	-1.76121314	"NoCall"
"SNP_A-1509626"	"16"	85736783	-0.007231569	"NoCall"
"SNP_A-1513242"	"16"	86086476	-1.514573173	"AA"
"SNP_A-1516495"	"16"	86855032	-0.295128036	"BB"
"SNP_A-1515843"	"16"	86855117	-1.358453971	"AA"
"SNP_A-1512704"	"16"	86923648	0.117695043	"AA"
"SNP_A-1516713"	"16"	89129125	0.220329955	"AA"
"SNP_A-1511608"	"17"	933321	-0.632628934	"AA"
"SNP_A-1517316"	"17"	3444449	-0.192645078	"NoCall"
"SNP_A-1515824"	"17"	3824888	-0.915935735	"BB"
"SNP_A-1515730"	"17"	3825121	-0.081613766	"AA"
"SNP_A-1513644"	"17"	3876217	0.292781749	"AA"
"SNP_A-1517492"	"17"	4159692	-0.736965594	"BB"
"SNP_A-1508477"	"17"	4618419	-1.321928095	"BB"
"SNP_A-1510969"	"17"	6066080	-1.621488377	"AA"
"SNP_A-1512412"	"17"	6471181	-0.64385619	"BB"
"SNP_A-1509584"	"17"	6487091	-2.358453971	"AA"
"SNP_A-1507740"	"17"	6758576	-0.09696173	"BB"
"SNP_A-1507799"	"17"	6758589	-0.286304185	"BB"
"SNP_A-1516058"	"17"	7738358	-1.358453971	"BB"
"SNP_A-1513478"	"17"	7783649	-1.029146346	"BB"
"SNP_A-1515516"	"17"	8784384	-0.862496476	"BB"
"SNP_A-1511309"	"17"	8811157	-0.200912694	"BB"
"SNP_A-1516453"	"17"	8903986	-0.610433188	"BB"
"SNP_A-1513270"	"17"	9644885	-1.915935735	"NoCall"
"SNP_A-1511271"	"17"	9965097	-0.724992953	"BB"
"SNP_A-1508606"	"17"	10016792	-1.217591435	"BB"
"SNP_A-1507767"	"17"	10136815	-1.340075442	"AA"
"SNP_A-1510100"	"17"	10226391	-0.621488377	"BB"
"SNP_A-1508414"	"17"	10744584	0.782408565	"BB"
"SNP_A-1508315"	"17"	10744695	-0.49410907	"AA"
"SNP_A-1518919"	"17"	11082617	-0.713118852	"BB"
"SNP_A-1511525"	"17"	11143952	-0.377069649	"BB"
"SNP_A-1511567"	"17"	11144162	0.516015147	"AA"
"SNP_A-1514831"	"17"	11336159	-0.77349147	"AA"
"SNP_A-1514794"	"17"	11336268	-0.971430848	"NoCall"
"SNP_A-1518283"	"17"	11428674	-2.64385619	"AA"
"SNP_A-1515296"	"17"	11429155	-0.277533976	"BB"
"SNP_A-1515836"	"17"	11570403	-0.985644707	"BB"
"SNP_A-1511587"	"17"	11920238	-1.184424571	"AA"
"SNP_A-1512351"	"17"	12531389	-0.535331733	"AA"
"SNP_A-1507539"	"17"	12732251	-1.168122759	"BB"
"SNP_A-1510767"	"17"	12732549	-0.200912694	"AA"
"SNP_A-1513355"	"17"	12809543	-1.49410907	"AA"
"SNP_A-1510813"	"17"	12809685	-1.200912694	"AA"
"SNP_A-1510770"	"17"	12809718	-1.535331733	"AA"
"SNP_A-1510725"	"17"	12809804	-2.152003093	"BB"
"SNP_A-1510866"	"17"	12818267	-1.104697379	"BB"
"SNP_A-1511863"	"17"	13193935	0.042644337	"AA"
"SNP_A-1510300"	"17"	13240358	-2.286304185	"BB"
"SNP_A-1509266"	"17"	13700962	-0.514573173	"NoCall"
"SNP_A-1514273"	"17"	13745785	-2.785875195	"AA"
"SNP_A-1518929"	"17"	13927957	-0.985644707	"NoCall"
"SNP_A-1514461"	"17"	14564271	-0.295128036	"BB"
"SNP_A-1516149"	"17"	14692778	-0.40545145	"BB"
"SNP_A-1516102"	"17"	14692954	-1.058893689	"AA"
"SNP_A-1519281"	"17"	14774912	-0.454031631	"AA"
"SNP_A-1508161"	"17"	14775210	0.111031312	"AA"
"SNP_A-1515822"	"17"	14951341	-1.321928095	"AA"
"SNP_A-1519606"	"17"	15228869	0.575312331	"AA"
"SNP_A-1518150"	"17"	15305682	-0.349235441	"NoCall"
"SNP_A-1509008"	"17"	15313328	-0.985644707	"AA"
"SNP_A-1513908"	"17"	15368541	-1.152003093	"BB"
"SNP_A-1510069"	"17"	15446752	-1.736965594	"AA"
"SNP_A-1516803"	"17"	15497502	0.469885976	"BB"
"SNP_A-1513108"	"17"	15878450	-0.260151897	"BB"
"SNP_A-1510467"	"17"	17610126	-2.943416472	"NoCall"
"SNP_A-1510679"	"17"	20368674	-0.875671865	"AB"
"SNP_A-1511477"	"17"	25558279	0.831877241	"AB"
"SNP_A-1514294"	"17"	25604437	-0.152003093	"NoCall"
"SNP_A-1514901"	"17"	25881682	1.333423734	"AB"
"SNP_A-1514843"	"17"	25881879	1.704871964	"AB"
"SNP_A-1517957"	"17"	25923691	-0.424687669	"NoCall"
"SNP_A-1516484"	"17"	25960452	-1.234465254	"AB"
"SNP_A-1509106"	"17"	26147888	-0.849440323	"BB"
"SNP_A-1519570"	"17"	26214306	-1.043943348	"BB"
"SNP_A-1519629"	"17"	26214354	0.443606651	"BB"
"SNP_A-1511117"	"17"	27609579	-0.849440323	"AB"
"SNP_A-1514918"	"17"	28243782	-0.577766999	"AA"
"SNP_A-1518339"	"17"	28876978	0.244887059	"AB"
"SNP_A-1509158"	"17"	30009436	1.545968369	"AB"
"SNP_A-1508697"	"17"	30077167	0.372952098	"AB"
"SNP_A-1511792"	"17"	30135669	0.682573297	"AB"
"SNP_A-1510018"	"17"	31835168	-0.152003093	"AB"
"SNP_A-1509973"	"17"	31934593	0.82374936	"AA"
"SNP_A-1511086"	"17"	31934652	-0.081613766	"AB"
"SNP_A-1514742"	"17"	32063607	-0.588573754	"BB"
"SNP_A-1514696"	"17"	32063659	-1.074000581	"AA"
"SNP_A-1516438"	"17"	32113010	-2.358453971	"AA"
"SNP_A-1508013"	"17"	32113063	-1.377069649	"BB"
"SNP_A-1509943"	"17"	32275309	-0.943416472	"AB"
"SNP_A-1511630"	"17"	32304466	0.682573297	"NoCall"
"SNP_A-1514598"	"17"	32737216	0.280956314	"BB"
"SNP_A-1509571"	"17"	32828056	-1.089267338	"AB"
"SNP_A-1515625"	"17"	32950220	0.906890596	"BB"
"SNP_A-1511602"	"17"	33660714	-0.104697379	"AA"
"SNP_A-1512952"	"17"	33832966	0.925999419	"AB"
"SNP_A-1508691"	"17"	33892124	-0.632628934	"AA"
"SNP_A-1508646"	"17"	33892351	-0.321928095	"AB"
"SNP_A-1512165"	"17"	34162894	-1.089267338	"AB"
"SNP_A-1518462"	"17"	35687103	-0.415037499	"NoCall"
"SNP_A-1514548"	"17"	35784475	-0.434402824	"AA"
"SNP_A-1510500"	"17"	36370315	-0.40545145	"BB"
"SNP_A-1517714"	"17"	37291396	-0.588573754	"BB"
"SNP_A-1519053"	"17"	37814459	0.09085343	"BB"
"SNP_A-1510501"	"17"	39301708	0.659924558	"AB"
"SNP_A-1512602"	"17"	39638465	1.702657543	"AB"
"SNP_A-1517295"	"17"	39935075	0.739848103	"AA"
"SNP_A-1510482"	"17"	40022109	-0.655171503	"AB"
"SNP_A-1514279"	"17"	42235557	-0.76121314	"AB"
"SNP_A-1517162"	"17"	43472314	0.560714954	"AA"
"SNP_A-1509246"	"17"	43788315	-0.524915117	"AB"
"SNP_A-1512253"	"17"	44532242	-1.862496476	"BB"
"SNP_A-1512303"	"17"	44532308	-2.514573173	"BB"
"SNP_A-1516464"	"17"	45642006	-0.209227962	"AB"
"SNP_A-1518359"	"17"	46500669	-0.49410907	"BB"
"SNP_A-1518025"	"17"	47281772	0.15704371	"AB"
"SNP_A-1518631"	"17"	48767363	-0.59946207	"AB"
"SNP_A-1508286"	"17"	50515739	0.378511623	"AB"
"SNP_A-1507604"	"17"	50662090	-0.036525876	"AB"
"SNP_A-1518872"	"17"	50929964	0.831877241	"AA"
"SNP_A-1516550"	"17"	51045574	0.575312331	"BB"
"SNP_A-1512133"	"17"	51053927	-1.286304185	"BB"
"SNP_A-1508875"	"17"	51095356	-0.798366139	"AA"
"SNP_A-1514050"	"17"	51140459	-0.444183845	"BB"
"SNP_A-1518441"	"17"	51195709	-0.268816758	"AA"
"SNP_A-1510210"	"17"	51288196	0.555816155	"AB"
"SNP_A-1515285"	"17"	51536352	0.182692298	"AB"
"SNP_A-1517420"	"17"	51617558	0.469885976	"BB"
"SNP_A-1517479"	"17"	51618156	0.959770155	"AA"
"SNP_A-1510277"	"17"	51681333	0.906890596	"BB"
"SNP_A-1514837"	"17"	51728168	-1.168122759	"NoCall"
"SNP_A-1510428"	"17"	51728403	-0.836501268	"BB"
"SNP_A-1516160"	"17"	51850049	-0.524915117	"BB"
"SNP_A-1509555"	"17"	52149226	0.367371066	"BB"
"SNP_A-1509607"	"17"	52149240	0.731183242	"BB"
"SNP_A-1509976"	"17"	52332453	-1.535331733	"BB"
"SNP_A-1516050"	"17"	52372930	-0.260151897	"AB"
"SNP_A-1517754"	"17"	52547121	1.03562391	"BB"
"SNP_A-1517744"	"17"	52787908	1.007195501	"AA"
"SNP_A-1519754"	"17"	53127023	0.448900951	"AB"
"SNP_A-1513862"	"17"	53171951	-1.089267338	"BB"
"SNP_A-1513976"	"17"	53172211	-0.577766999	"AB"
"SNP_A-1514705"	"17"	53231803	0.49057013	"AA"
"SNP_A-1514357"	"17"	53305215	-0.340075442	"BB"
"SNP_A-1516241"	"17"	53524663	0.117695043	"BB"
"SNP_A-1517661"	"17"	54412154	-0.242976753	"BB"
"SNP_A-1515946"	"17"	54574337	-2.120294234	"BB"
"SNP_A-1512568"	"17"	55317193	0.459431619	"AB"
"SNP_A-1516773"	"17"	55655984	-0.051399153	"AA"
"SNP_A-1515322"	"17"	57912586	0.40599236	"AA"
"SNP_A-1515579"	"17"	58440152	0.097610797	"AA"
"SNP_A-1509882"	"17"	60148724	-0.09696173	"AB"
"SNP_A-1512398"	"17"	60278731	-0.395928676	"AA"
"SNP_A-1518369"	"17"	60350346	-0.066427362	"BB"
"SNP_A-1507584"	"17"	60853948	0.613531653	"NoCall"
"SNP_A-1515788"	"17"	62256291	0.23878686	"AB"
"SNP_A-1512196"	"17"	64698460	-0.340075442	"AB"
"SNP_A-1518907"	"17"	64789847	0.459431619	"BB"
"SNP_A-1511430"	"17"	64820537	0.378511623	"AA"
"SNP_A-1519232"	"17"	65153675	-0.943416472	"AA"
"SNP_A-1513910"	"17"	65632218	0.097610797	"AB"
"SNP_A-1507631"	"17"	66779864	-0.242976753	"AB"
"SNP_A-1511443"	"17"	67025731	0.448900951	"AB"
"SNP_A-1512408"	"17"	67299467	-0.184424571	"BB"
"SNP_A-1512359"	"17"	67299763	0.232660757	"NoCall"
"SNP_A-1511664"	"17"	68000315	-0.152003093	"AA"
"SNP_A-1515941"	"17"	68233981	0.250961574	"BB"
"SNP_A-1512169"	"17"	68473769	-0.128156351	"AA"
"SNP_A-1513637"	"17"	68847559	-0.888968688	"NoCall"
"SNP_A-1507786"	"17"	68847663	-0.577766999	"AB"
"SNP_A-1507707"	"17"	69028062	-0.749038426	"AB"
"SNP_A-1516472"	"17"	69028116	-1.785875195	"BB"
"SNP_A-1515917"	"17"	69028149	-1.089267338	"AA"
"SNP_A-1517324"	"17"	69189451	0.298658316	"BB"
"SNP_A-1517620"	"17"	69398799	-0.971430848	"NoCall"
"SNP_A-1513078"	"17"	69553184	0.09085343	"AB"
"SNP_A-1516888"	"17"	69742536	-0.40545145	"NoCall"
"SNP_A-1519702"	"17"	69933813	-0.724992953	"AA"
"SNP_A-1511281"	"17"	70025627	-0.036525876	"BB"
"SNP_A-1513128"	"17"	70038400	0.510961919	"AA"
"SNP_A-1508247"	"17"	70076424	0.422233001	"BB"
"SNP_A-1517223"	"17"	70887211	0.432959407	"AB"
"SNP_A-1515428"	"17"	71059968	-0.655171503	"AA"
"SNP_A-1515005"	"17"	71181450	0.448900951	"BB"
"SNP_A-1507453"	"17"	71966405	-0.424687669	"AA"
"SNP_A-1511270"	"17"	72357083	1.336283388	"AB"
"SNP_A-1517805"	"17"	73362338	-1.089267338	"NoCall"
"SNP_A-1514613"	"17"	73819988	0.207892852	"AA"
"SNP_A-1518827"	"17"	74810898	-0.545824107	"AB"
"SNP_A-1517320"	"17"	75236653	1.419538892	"NoCall"
"SNP_A-1515485"	"17"	77494598	-1.358453971	"AA"
"SNP_A-1510298"	"17"	77720768	0.650764559	"BB"
"SNP_A-1512318"	"17"	77773470	1.316145742	"AB"
"SNP_A-1508585"	"17"	79485044	0.565597176	"AA"
"SNP_A-1510158"	"18"	242559	0.182692298	"AA"
"SNP_A-1514040"	"18"	405105	0.169925001	"BB"
"SNP_A-1517126"	"18"	405259	-1.304006187	"BB"
"SNP_A-1517084"	"18"	405401	0.298658316	"AA"
"SNP_A-1518771"	"18"	555760	0.298658316	"BB"
"SNP_A-1510673"	"18"	555844	0.438292852	"AB"
"SNP_A-1513168"	"18"	1564274	1.032100843	"BB"
"SNP_A-1518689"	"18"	1567409	0.350497247	"NoCall"
"SNP_A-1511687"	"18"	1614599	0.475084883	"AA"
"SNP_A-1518920"	"18"	1682250	0.526068812	"BB"
"SNP_A-1518201"	"18"	1747847	-0.59946207	"AA"
"SNP_A-1518006"	"18"	1748001	0.941106311	"NoCall"
"SNP_A-1517956"	"18"	1748204	-0.234465254	"AB"
"SNP_A-1514138"	"18"	1755640	-0.066427362	"NoCall"
"SNP_A-1514186"	"18"	1755654	0.049630768	"AB"
"SNP_A-1508856"	"18"	1807188	1.220329955	"AB"
"SNP_A-1515345"	"18"	1870289	0.378511623	"BB"
"SNP_A-1516420"	"18"	1964315	0.560714954	"BB"
"SNP_A-1510848"	"18"	2512159	-0.849440323	"AA"
"SNP_A-1511823"	"18"	2512348	0.794935663	"AA"
"SNP_A-1513367"	"18"	2936833	1.292781749	"BB"
"SNP_A-1509856"	"18"	3203337	0.974529312	"BB"
"SNP_A-1514322"	"18"	3337813	0.475084883	"AA"
"SNP_A-1519113"	"18"	3657903	-0.209227962	"NoCall"
"SNP_A-1508064"	"18"	3726629	0.608809243	"BB"
"SNP_A-1513682"	"18"	3921934	0.859969548	"BB"
"SNP_A-1508569"	"18"	4122821	0.887525271	"AA"
"SNP_A-1510885"	"18"	4326748	0.189033824	"AA"
"SNP_A-1517793"	"18"	4379879	0.097610797	"AA"
"SNP_A-1514258"	"18"	4569102	0.250961574	"BB"
"SNP_A-1519066"	"18"	4707966	0.422233001	"BB"
"SNP_A-1510826"	"18"	5081943	-0.823677227	"AA"
"SNP_A-1514174"	"18"	5111110	0.13093087	"BB"
"SNP_A-1517807"	"18"	5136581	-1.304006187	"AA"
"SNP_A-1519514"	"18"	5223445	-0.395928676	"AA"
"SNP_A-1508147"	"18"	5897965	1.432959407	"BB"
"SNP_A-1513153"	"18"	5903606	2.521050737	"AB"
"SNP_A-1514450"	"18"	5916216	0.23878686	"AB"
"SNP_A-1519197"	"18"	5949258	0.50589093	"AB"
"SNP_A-1516816"	"18"	6478249	1.028569152	"AA"
"SNP_A-1510186"	"18"	6616372	0.495695163	"BB"
"SNP_A-1514032"	"18"	6998883	0.03562391	"AA"
"SNP_A-1519157"	"18"	7017438	-0.192645078	"BB"
"SNP_A-1507626"	"18"	7017977	-0.64385619	"BB"
"SNP_A-1518805"	"18"	7211558	-0.77349147	"AA"
"SNP_A-1511749"	"18"	7211729	0.752748591	"AA"
"SNP_A-1518524"	"18"	7387773	-1.120294234	"NoCall"
"SNP_A-1512579"	"18"	7457032	-0.209227962	"AB"
"SNP_A-1509566"	"18"	7465949	0.03562391	"AB"
"SNP_A-1510809"	"18"	7508378	1.084064265	"AA"
"SNP_A-1510720"	"18"	7508551	0.709290636	"BB"
"SNP_A-1508104"	"18"	7659072	-0.09696173	"AA"
"SNP_A-1515673"	"18"	7808887	-0.59946207	"NoCall"
"SNP_A-1508638"	"18"	8070357	-0.666576266	"AB"
"SNP_A-1515517"	"18"	8352147	-0.415037499	"BB"
"SNP_A-1509356"	"18"	8513943	-0.007231569	"AA"
"SNP_A-1515398"	"18"	8514027	0.070389328	"BB"
"SNP_A-1515475"	"18"	8833643	-0.358453971	"AA"
"SNP_A-1512654"	"18"	9528533	0.389566812	"AB"
"SNP_A-1512911"	"18"	10085556	1.392317423	"AB"
"SNP_A-1508665"	"18"	10142858	-1	"AA"
"SNP_A-1508756"	"18"	10152707	-0.957355663	"AB"
"SNP_A-1517699"	"18"	10360596	0.298658316	"BB"
"SNP_A-1517145"	"18"	10360771	-0.260151897	"AA"
"SNP_A-1508991"	"18"	10741624	0.929790998	"AB"
"SNP_A-1515532"	"18"	10751475	0.007195501	"NoCall"
"SNP_A-1512537"	"18"	10964448	-0.875671865	"NoCall"
"SNP_A-1513319"	"18"	10964487	-1.59946207	"AB"
"SNP_A-1513044"	"18"	11305010	0.150559677	"AB"
"SNP_A-1507881"	"18"	11554311	0.565597176	"NoCall"
"SNP_A-1507825"	"18"	11554905	0.545968369	"BB"
"SNP_A-1517839"	"18"	11601377	-0.386468347	"AA"
"SNP_A-1514964"	"18"	12085950	-0.862496476	"AA"
"SNP_A-1513849"	"18"	12539850	0.042644337	"AA"
"SNP_A-1519122"	"18"	14903812	0.350497247	"AB"
"SNP_A-1508148"	"18"	15070784	0.14404637	"AA"
"SNP_A-1517020"	"18"	16834569	-0.226003675	"AA"
"SNP_A-1508348"	"18"	18305355	-1.59946207	"AA"
"SNP_A-1510539"	"18"	18331226	0.50589093	"BB"
"SNP_A-1515080"	"18"	18331310	-0.13606155	"BB"
"SNP_A-1517889"	"18"	18527719	0.117695043	"BB"
"SNP_A-1517958"	"18"	19747470	1.799087306	"AA"
"SNP_A-1514694"	"18"	19857604	-1.152003093	"BB"
"SNP_A-1508442"	"18"	20004353	0.021479727	"BB"
"SNP_A-1515338"	"18"	20374770	0.63691458	"AB"
"SNP_A-1507493"	"18"	20385513	-0.798366139	"AB"
"SNP_A-1513138"	"18"	20521054	1.327687364	"AB"
"SNP_A-1517892"	"18"	20538035	-0.144010303	"AA"
"SNP_A-1515466"	"18"	20627626	0.575312331	"AB"
"SNP_A-1509005"	"18"	20721806	0.855989697	"AB"
"SNP_A-1518588"	"18"	20840916	-0.424687669	"AB"
"SNP_A-1513084"	"18"	21616273	0.117695043	"AB"
"SNP_A-1518167"	"18"	21679631	0.257010618	"AA"
"SNP_A-1511434"	"18"	21696269	-0.209227962	"BB"
"SNP_A-1511685"	"18"	21746432	0.687060688	"AA"
"SNP_A-1519448"	"18"	22129162	0.014355293	"BB"
"SNP_A-1516536"	"18"	22556186	-0.985644707	"AA"
"SNP_A-1511004"	"18"	23207577	-0.434402824	"BB"
"SNP_A-1515666"	"18"	23450586	-1.49410907	"NoCall"
"SNP_A-1519737"	"18"	23549684	0.996388746	"BB"
"SNP_A-1515449"	"18"	23641076	-0.395928676	"AB"
"SNP_A-1510484"	"18"	24371047	-1.029146346	"AB"
"SNP_A-1513214"	"18"	24536794	0.321928095	"AB"
"SNP_A-1516478"	"18"	25071525	-0.823677227	"AA"
"SNP_A-1510337"	"18"	25071586	-1.043943348	"BB"
"SNP_A-1512940"	"18"	25174142	0.327687364	"NoCall"
"SNP_A-1507592"	"18"	25445247	-0.144010303	"AA"
"SNP_A-1518896"	"18"	26253416	0.469885976	"BB"
"SNP_A-1512256"	"18"	26282520	0.687060688	"BB"
"SNP_A-1512314"	"18"	26282541	0.550900665	"BB"
"SNP_A-1508807"	"18"	26294473	-0.304006187	"AB"
"SNP_A-1519369"	"18"	26340497	0.321928095	"AA"
"SNP_A-1519274"	"18"	26340801	-0.588573754	"AA"
"SNP_A-1514528"	"18"	26405668	0.97819563	"AB"
"SNP_A-1514487"	"18"	26405924	1.147306699	"AA"
"SNP_A-1509103"	"18"	26882891	-1.029146346	"BB"
"SNP_A-1518578"	"18"	26948000	-0.678071905	"AA"
"SNP_A-1519067"	"18"	27017904	0.063502942	"AA"
"SNP_A-1518035"	"18"	27084825	-0.454031631	"AA"
"SNP_A-1507549"	"18"	27276553	0.280956314	"AB"
"SNP_A-1507591"	"18"	27276724	-0.577766999	"AB"
"SNP_A-1514256"	"18"	27578608	-0.268816758	"BB"
"SNP_A-1515867"	"18"	28280864	0.137503524	"BB"
"SNP_A-1509858"	"18"	28280961	0.263034406	"AA"
"SNP_A-1518005"	"18"	28281020	-0.59946207	"BB"
"SNP_A-1507497"	"18"	28319944	0.09085343	"AA"
"SNP_A-1514314"	"18"	28386838	-0.277533976	"AA"
"SNP_A-1509134"	"18"	28460511	0.09085343	"AA"
"SNP_A-1507835"	"18"	28735392	0.469885976	"AA"
"SNP_A-1512468"	"18"	29234855	0.422233001	"AB"
"SNP_A-1517687"	"18"	29439897	-0.632628934	"BB"
"SNP_A-1517770"	"18"	29440127	-1.120294234	"BB"
"SNP_A-1512685"	"18"	29522728	0.097610797	"BB"
"SNP_A-1515211"	"18"	29570243	1.23572706	"BB"
"SNP_A-1508345"	"18"	29671997	0.422233001	"BB"
"SNP_A-1508039"	"18"	30270070	0.411426246	"AA"
"SNP_A-1513216"	"18"	30684104	0.847996907	"AA"
"SNP_A-1517150"	"18"	30717492	1.046141782	"AB"
"SNP_A-1517160"	"18"	30815324	-0.043943348	"BB"
"SNP_A-1513092"	"18"	30853619	-0.051399153	"BB"
"SNP_A-1513086"	"18"	30864525	-1.514573173	"AA"
"SNP_A-1517049"	"18"	30921427	-0.77349147	"AA"
"SNP_A-1510930"	"18"	31950179	0.195347598	"BB"
"SNP_A-1514342"	"18"	32371995	0.713695815	"AA"
"SNP_A-1516742"	"18"	32421047	-0.268816758	"BB"
"SNP_A-1511617"	"18"	32455194	0.604071324	"AA"
"SNP_A-1513552"	"18"	32508655	-0.59946207	"AA"
"SNP_A-1508994"	"18"	33057181	-0.545824107	"BB"
"SNP_A-1519304"	"18"	33203836	-1.454031631	"AA"
"SNP_A-1508246"	"18"	33584782	-0.058893689	"AA"
"SNP_A-1513713"	"18"	33630128	0.459431619	"AA"
"SNP_A-1509850"	"18"	34122036	0.726831217	"BB"
"SNP_A-1515547"	"18"	34212913	-0.349235441	"NoCall"
"SNP_A-1507702"	"18"	34393649	-1.59946207	"AA"
"SNP_A-1510674"	"18"	34991023	-0.321928095	"AA"
"SNP_A-1517818"	"18"	34991356	0.922197848	"AA"
"SNP_A-1511553"	"18"	35532929	-0.051399153	"AB"
"SNP_A-1512182"	"18"	35567521	-1.029146346	"AB"
"SNP_A-1517762"	"18"	35567673	-0.277533976	"AB"
"SNP_A-1519297"	"18"	35617716	0.589763487	"AB"
"SNP_A-1515541"	"18"	35776184	-0.242976753	"BB"
"SNP_A-1517338"	"18"	36324151	-0.785875195	"BB"
"SNP_A-1517091"	"18"	36324825	1.272023189	"AB"
"SNP_A-1507547"	"18"	36569428	0.40599236	"AA"
"SNP_A-1517402"	"18"	36643766	-0.849440323	"BB"
"SNP_A-1517354"	"18"	36643811	-0.77349147	"NoCall"
"SNP_A-1510436"	"18"	36650326	1.440952198	"NoCall"
"SNP_A-1519509"	"18"	36650350	0.182692298	"AA"
"SNP_A-1509828"	"18"	37131495	0.269033146	"AB"
"SNP_A-1508783"	"18"	37754391	-0.689659879	"AA"
"SNP_A-1513118"	"18"	37806926	-0.395928676	"AA"
"SNP_A-1512012"	"18"	38152850	1.23878686	"AA"
"SNP_A-1517411"	"18"	38440308	0.545968369	"NoCall"
"SNP_A-1515486"	"18"	38985234	1.111031312	"AA"
"SNP_A-1516680"	"18"	39069923	0.464668267	"AA"
"SNP_A-1519100"	"18"	39174723	0.286881148	"AA"
"SNP_A-1519212"	"18"	39174808	0.839959587	"BB"
"SNP_A-1518348"	"18"	39250614	-0.40545145	"AB"
"SNP_A-1509726"	"18"	39608476	-0.312939312	"AB"
"SNP_A-1510831"	"18"	39634013	-0.749038426	"NoCall"
"SNP_A-1517074"	"18"	39637691	1.869871406	"AA"
"SNP_A-1518607"	"18"	39749816	0.922197848	"AB"
"SNP_A-1511356"	"18"	39772919	0.263034406	"NoCall"
"SNP_A-1517311"	"18"	40071412	-1.01449957	"BB"
"SNP_A-1519501"	"18"	40386434	-0.504304837	"BB"
"SNP_A-1517460"	"18"	40755271	0.794935663	"AA"
"SNP_A-1518780"	"18"	40889777	-1.01449957	"NoCall"
"SNP_A-1519572"	"18"	41188655	-0.312939312	"BB"
"SNP_A-1507774"	"18"	41611111	0.443606651	"BB"
"SNP_A-1508245"	"18"	41754177	0.790772038	"AB"
"SNP_A-1518595"	"18"	42108254	0.250961574	"AB"
"SNP_A-1515815"	"18"	42116555	0.427606173	"AB"
"SNP_A-1510005"	"18"	42401907	-0.234465254	"NoCall"
"SNP_A-1518881"	"18"	42422458	1.657640005	"NoCall"
"SNP_A-1510714"	"18"	42503982	-0.268816758	"AB"
"SNP_A-1513686"	"18"	42504261	-0.957355663	"BB"
"SNP_A-1513740"	"18"	42504310	0.169925001	"BB"
"SNP_A-1518468"	"18"	43122486	-0.13606155	"NoCall"
"SNP_A-1518464"	"18"	43977250	-0.823677227	"AB"
"SNP_A-1509564"	"18"	43986452	-0.957355663	"AB"
"SNP_A-1519639"	"18"	44033969	0.063502942	"AA"
"SNP_A-1519168"	"18"	44239126	-1.377069649	"NoCall"
"SNP_A-1507824"	"18"	44239662	0.608809243	"BB"
"SNP_A-1512070"	"18"	45475898	0.014355293	"AA"
"SNP_A-1516017"	"18"	45926248	2.003602237	"BB"
"SNP_A-1515511"	"18"	45997653	0.117695043	"AB"
"SNP_A-1515411"	"18"	45997838	0.695993813	"AB"
"SNP_A-1517579"	"18"	46016060	1.403267722	"BB"
"SNP_A-1519016"	"18"	46220345	-0.849440323	"NoCall"
"SNP_A-1512176"	"18"	46347341	0.269033146	"AB"
"SNP_A-1512178"	"18"	46360750	0.10433666	"AA"
"SNP_A-1514427"	"18"	46526392	1.189033824	"AA"
"SNP_A-1519116"	"18"	46997456	0.117695043	"AA"
"SNP_A-1513660"	"18"	47270867	-0.454031631	"AA"
"SNP_A-1512275"	"18"	47360984	0.10433666	"BB"
"SNP_A-1507423"	"18"	48017003	-0.395928676	"BB"
"SNP_A-1516346"	"18"	48130851	-0.295128036	"BB"
"SNP_A-1513638"	"18"	48130957	0.22650853	"NoCall"
"SNP_A-1513592"	"18"	48131045	-0.349235441	"BB"
"SNP_A-1513423"	"18"	48439860	2.15704371	"NoCall"
"SNP_A-1518692"	"18"	48683889	-1.168122759	"NoCall"
"SNP_A-1512896"	"18"	49109417	0.963474124	"AB"
"SNP_A-1516518"	"18"	49156811	-0.242976753	"AB"
"SNP_A-1516577"	"18"	49157063	-0.242976753	"AB"
"SNP_A-1516633"	"18"	49157193	0.618238656	"AB"
"SNP_A-1519591"	"18"	49190811	-0.251538767	"NoCall"
"SNP_A-1516105"	"18"	49275554	-0.277533976	"AA"
"SNP_A-1509139"	"18"	49725180	-1.514573173	"BB"
"SNP_A-1509016"	"18"	49957687	-0.749038426	"BB"
"SNP_A-1508387"	"18"	50650549	-1.76121314	"BB"
"SNP_A-1512852"	"18"	50754175	0.014355293	"AA"
"SNP_A-1516771"	"18"	50862118	0.895302621	"BB"
"SNP_A-1515087"	"18"	52000029	0.929790998	"AB"
"SNP_A-1514739"	"18"	52022449	2.350497247	"AB"
"SNP_A-1516006"	"18"	52258575	-0.089267338	"NoCall"
"SNP_A-1518894"	"18"	52293890	-0.473931188	"AB"
"SNP_A-1508007"	"18"	52533676	-1.268816758	"NoCall"
"SNP_A-1512581"	"18"	52716746	0.459431619	"BB"
"SNP_A-1508591"	"18"	53877305	0.40053793	"AB"
"SNP_A-1515964"	"18"	53981883	0.778208576	"AB"
"SNP_A-1510521"	"18"	54922866	-0.286304185	"AB"
"SNP_A-1508575"	"18"	54995288	0.584962501	"AB"
"SNP_A-1507996"	"18"	54995357	-0.340075442	"AB"
"SNP_A-1519635"	"18"	55118961	0.117695043	"BB"
"SNP_A-1519216"	"18"	55127824	0.10433666	"AB"
"SNP_A-1510730"	"18"	55339781	-0.330973234	"AA"
"SNP_A-1510689"	"18"	55339817	0.056583528	"BB"
"SNP_A-1517313"	"18"	55409554	0.214124805	"AB"
"SNP_A-1515383"	"18"	55505993	1.097610797	"BB"
"SNP_A-1518111"	"18"	55623555	0.974529312	"AB"
"SNP_A-1516527"	"18"	56313428	0.124328135	"NoCall"
"SNP_A-1510076"	"18"	56499969	0.292781749	"BB"
"SNP_A-1510120"	"18"	56499980	1.885574364	"BB"
"SNP_A-1518333"	"18"	56655230	-0.377069649	"AA"
"SNP_A-1509860"	"18"	56738096	0.298658316	"AB"
"SNP_A-1515856"	"18"	56795815	-1.152003093	"NoCall"
"SNP_A-1517756"	"18"	56915044	1.260025656	"BB"
"SNP_A-1519695"	"18"	57058995	-0.798366139	"AB"
"SNP_A-1517864"	"18"	57061652	0.669026766	"AB"
"SNP_A-1514472"	"18"	57812534	0.163498732	"AA"
"SNP_A-1509432"	"18"	57829201	0.028569152	"AA"
"SNP_A-1509845"	"18"	57829313	0.137503524	"BB"
"SNP_A-1508729"	"18"	57884652	-0.985644707	"NoCall"
"SNP_A-1518683"	"18"	58769733	1.070389328	"AB"
"SNP_A-1519564"	"18"	59031619	0.485426827	"AA"
"SNP_A-1518921"	"18"	59061861	-0.13606155	"BB"
"SNP_A-1508693"	"18"	59171084	1.608809243	"AB"
"SNP_A-1512876"	"18"	59522834	-1.089267338	"BB"
"SNP_A-1512923"	"18"	59523005	-0.036525876	"AA"
"SNP_A-1508641"	"18"	59523541	0.361768359	"AA"
"SNP_A-1513296"	"18"	59528369	0.422233001	"AA"
"SNP_A-1517328"	"18"	59542613	0.835924074	"BB"
"SNP_A-1517027"	"18"	59542803	-0.862496476	"AA"
"SNP_A-1512287"	"18"	60158077	0.704871964	"AA"
"SNP_A-1517182"	"18"	60158557	0.049630768	"BB"
"SNP_A-1514169"	"18"	60194170	-1.168122759	"AA"
"SNP_A-1516114"	"18"	60588302	0.516015147	"AA"
"SNP_A-1517139"	"18"	60610673	0.867896464	"AB"
"SNP_A-1517789"	"18"	60661759	0.570462931	"NoCall"
"SNP_A-1518218"	"18"	60689537	-0.666576266	"AB"
"SNP_A-1515804"	"18"	61092293	-0.02180437	"AB"
"SNP_A-1515477"	"18"	61180113	-2.836501268	"AA"
"SNP_A-1514280"	"18"	61180205	-0.943416472	"AA"
"SNP_A-1508124"	"18"	61593685	1.214124805	"AB"
"SNP_A-1516474"	"18"	62064985	-1	"AB"
"SNP_A-1511766"	"18"	62071585	-0.862496476	"AA"
"SNP_A-1509923"	"18"	62291136	0.007195501	"NoCall"
"SNP_A-1517567"	"18"	62538373	-0.943416472	"BB"
"SNP_A-1512594"	"18"	63346850	0.531069493	"AA"
"SNP_A-1515451"	"18"	63426600	-1.514573173	"NoCall"
"SNP_A-1510703"	"18"	63439683	1.247927513	"BB"
"SNP_A-1508091"	"18"	63674175	-0.524915117	"AA"
"SNP_A-1515027"	"18"	63674340	-1.043943348	"AB"
"SNP_A-1513347"	"18"	63694023	0.22650853	"BB"
"SNP_A-1508822"	"18"	63744887	0.063502942	"BB"
"SNP_A-1509252"	"18"	64107594	-0.242976753	"BB"
"SNP_A-1512829"	"18"	64124707	-1.089267338	"AA"
"SNP_A-1513587"	"18"	64180669	0.182692298	"AA"
"SNP_A-1509743"	"18"	64668497	0.182692298	"AA"
"SNP_A-1512257"	"18"	64764158	-0.321928095	"NoCall"
"SNP_A-1513932"	"18"	64952919	-0.415037499	"BB"
"SNP_A-1516498"	"18"	65210994	-1.074000581	"BB"
"SNP_A-1512637"	"18"	65345025	-0.454031631	"AB"
"SNP_A-1510620"	"18"	65692657	0.516015147	"AA"
"SNP_A-1510560"	"18"	65840489	0.350497247	"BB"
"SNP_A-1511026"	"18"	66044576	-0.810966176	"NoCall"
"SNP_A-1510985"	"18"	66044804	-1.058893689	"BB"
"SNP_A-1507537"	"18"	66045171	-0.434402824	"NoCall"
"SNP_A-1518127"	"18"	66228643	-1.120294234	"BB"
"SNP_A-1515036"	"18"	66651118	0.310340121	"AA"
"SNP_A-1509420"	"18"	66904203	0.952333566	"BB"
"SNP_A-1517037"	"18"	67209127	0.286881148	"AA"
"SNP_A-1510788"	"18"	67219741	-0.678071905	"BB"
"SNP_A-1513134"	"18"	67219825	-1.217591435	"AA"
"SNP_A-1518908"	"18"	67862838	-0.128156351	"AB"
"SNP_A-1515937"	"18"	67977687	-0.849440323	"AA"
"SNP_A-1515112"	"18"	67995640	0.389566812	"AB"
"SNP_A-1507344"	"18"	68290289	-0.09696173	"BB"
"SNP_A-1514378"	"18"	68363998	-0.074000581	"AA"
"SNP_A-1513704"	"18"	68364248	-0.524915117	"BB"
"SNP_A-1510530"	"18"	68907784	-0.929610672	"BB"
"SNP_A-1516001"	"18"	69162279	-0.058893689	"AA"
"SNP_A-1507685"	"18"	69402635	-0.985644707	"BB"
"SNP_A-1507327"	"18"	69549044	-0.862496476	"AA"
"SNP_A-1517835"	"18"	69549067	-1.217591435	"BB"
"SNP_A-1511972"	"18"	69651152	-1.058893689	"NoCall"
"SNP_A-1519393"	"18"	69746074	0.182692298	"AA"
"SNP_A-1513623"	"18"	69923755	-1.415037499	"BB"
"SNP_A-1515476"	"18"	70000865	0.807354922	"BB"
"SNP_A-1509526"	"18"	70066060	0.937344392	"BB"
"SNP_A-1514771"	"18"	70665401	-0.701341684	"BB"
"SNP_A-1514729"	"18"	70665496	0.10433666	"AA"
"SNP_A-1516651"	"18"	71014696	-0.349235441	"NoCall"
"SNP_A-1511636"	"18"	71412293	-1.234465254	"AB"
"SNP_A-1511032"	"18"	71880941	1.9202933	"BB"
"SNP_A-1517860"	"18"	71942218	0.632268215	"BB"
"SNP_A-1517961"	"18"	71942515	1.153805336	"BB"
"SNP_A-1512635"	"18"	72176591	0.3950628	"AA"
"SNP_A-1511583"	"18"	72206607	1.321928095	"BB"
"SNP_A-1518262"	"18"	73319990	-1.120294234	"AB"
"SNP_A-1517198"	"18"	73587914	-0.888968688	"AA"
"SNP_A-1509769"	"18"	73668145	0.028569152	"BB"
"SNP_A-1512054"	"18"	74037902	-0.268816758	"AB"
"SNP_A-1507765"	"18"	74124100	0.257010618	"AA"
"SNP_A-1507391"	"18"	74981827	0.292781749	"BB"
"SNP_A-1510469"	"18"	75265430	-0.749038426	"BB"
"SNP_A-1510013"	"19"	3542590	-1.713118852	"AB"
"SNP_A-1508895"	"19"	5374643	-0.535331733	"AA"
"SNP_A-1515950"	"19"	8829549	0.66448284	"AB"
"SNP_A-1509361"	"19"	9464751	0.201633861	"AA"
"SNP_A-1508018"	"19"	14604003	-0.226003675	"AA"
"SNP_A-1507390"	"19"	14604102	-1.556393349	"BB"
"SNP_A-1507971"	"19"	14604245	-0.701341684	"AA"
"SNP_A-1510268"	"19"	15353848	0.124328135	"NoCall"
"SNP_A-1510894"	"19"	15450328	0.049630768	"AA"
"SNP_A-1513172"	"19"	15725894	0.3950628	"NoCall"
"SNP_A-1515393"	"19"	15858564	-1.971430848	"BB"
"SNP_A-1515571"	"19"	16213403	1.070389328	"AB"
"SNP_A-1510644"	"19"	16317260	-0.192645078	"AB"
"SNP_A-1517930"	"19"	16472978	-0.304006187	"AB"
"SNP_A-1512058"	"19"	16560813	-0.577766999	"NoCall"
"SNP_A-1512014"	"19"	16561051	-0.168122759	"BB"
"SNP_A-1512499"	"19"	17471210	-0.588573754	"AA"
"SNP_A-1519533"	"19"	19380568	-0.434402824	"BB"
"SNP_A-1514997"	"19"	20152263	1.378511623	"NoCall"
"SNP_A-1509729"	"19"	20287003	0.604071324	"AA"
"SNP_A-1514030"	"19"	20533429	0.124328135	"AA"
"SNP_A-1508657"	"19"	22007807	-2	"BB"
"SNP_A-1511682"	"19"	23871401	-2.120294234	"BB"
"SNP_A-1518848"	"19"	24163969	0.042644337	"BB"
"SNP_A-1515117"	"19"	32869643	0.097610797	"BB"
"SNP_A-1511752"	"19"	33155427	-1.152003093	"NoCall"
"SNP_A-1511723"	"19"	33184440	-1.058893689	"AA"
"SNP_A-1515332"	"19"	33393607	0.207892852	"BB"
"SNP_A-1509857"	"19"	33398526	-0.689659879	"AA"
"SNP_A-1511454"	"19"	34206067	0.555816155	"AB"
"SNP_A-1519444"	"19"	34258974	-0.535331733	"AB"
"SNP_A-1516353"	"19"	34339297	-0.340075442	"AB"
"SNP_A-1513831"	"19"	34454402	1.053111336	"AB"
"SNP_A-1507468"	"19"	34722418	-0.59946207	"AA"
"SNP_A-1516968"	"19"	35572679	-0.849440323	"NoCall"
"SNP_A-1516199"	"19"	35770059	1.528571319	"AA"
"SNP_A-1508292"	"19"	35791730	-1.666576266	"BB"
"SNP_A-1508066"	"19"	36135775	-0.957355663	"BB"
"SNP_A-1508642"	"19"	36583357	-1.556393349	"AB"
"SNP_A-1517349"	"19"	36624442	-0.545824107	"AB"
"SNP_A-1517065"	"19"	37571190	-0.632628934	"NoCall"
"SNP_A-1514072"	"19"	37741783	-0.902389203	"AB"
"SNP_A-1512453"	"19"	37888829	0.014355293	"BB"
"SNP_A-1513338"	"19"	38755894	0.86393845	"AB"
"SNP_A-1519419"	"19"	38789534	0.650764559	"BB"
"SNP_A-1519622"	"19"	38881227	-0.888968688	"AA"
"SNP_A-1508386"	"19"	39026697	1.269033146	"AA"
"SNP_A-1512246"	"19"	39351986	0.207892852	"AB"
"SNP_A-1515176"	"19"	40000180	-1.120294234	"BB"
"SNP_A-1514965"	"19"	40073692	1.451540833	"AB"
"SNP_A-1516602"	"19"	40489756	-0.304006187	"BB"
"SNP_A-1516545"	"19"	40489900	-0.666576266	"AA"
"SNP_A-1510326"	"19"	40749462	-0.128156351	"AA"
"SNP_A-1510279"	"19"	40749640	-0.902389203	"BB"
"SNP_A-1519240"	"19"	41434772	-0.434402824	"AA"
"SNP_A-1512758"	"19"	42157254	-0.209227962	"AB"
"SNP_A-1509152"	"19"	42248138	-0.504304837	"AB"
"SNP_A-1510184"	"19"	42248158	-0.915935735	"AB"
"SNP_A-1511432"	"19"	42492466	-0.588573754	"BB"
"SNP_A-1511475"	"19"	42530751	-0.358453971	"BB"
"SNP_A-1507742"	"19"	43898128	-0.321928095	"AB"
"SNP_A-1516158"	"19"	46160099	-0.168122759	"AA"
"SNP_A-1519554"	"19"	46754147	0.03562391	"AB"
"SNP_A-1516500"	"19"	47085126	-0.234465254	"AA"
"SNP_A-1519303"	"19"	48066441	0.765534746	"AA"
"SNP_A-1514145"	"19"	48212694	-0.77349147	"NoCall"
"SNP_A-1510590"	"19"	49103383	0.042644337	"BB"
"SNP_A-1509230"	"19"	49539640	0.883620816	"NoCall"
"SNP_A-1518039"	"19"	49701530	0.09085343	"AB"
"SNP_A-1515645"	"19"	50478886	-0.483984853	"AA"
"SNP_A-1519661"	"19"	50478922	-0.4639471	"BB"
"SNP_A-1512022"	"19"	51342164	-0.330973234	"AA"
"SNP_A-1508972"	"19"	51886094	0.851998837	"AB"
"SNP_A-1509532"	"19"	52822703	1.63691458	"BB"
"SNP_A-1515698"	"19"	53255346	-0.434402824	"AA"
"SNP_A-1513930"	"19"	53411226	0.495695163	"AA"
"SNP_A-1513873"	"19"	53411500	0.182692298	"BB"
"SNP_A-1507644"	"19"	54647034	-1.64385619	"AB"
"SNP_A-1517243"	"19"	54914726	0.891419187	"AA"
"SNP_A-1518285"	"19"	55922035	-0.567040593	"AB"
"SNP_A-1518336"	"19"	55922302	-0.358453971	"BB"
"SNP_A-1509767"	"19"	56007636	-0.64385619	"BB"
"SNP_A-1515276"	"19"	56203682	-0.798366139	"AB"
"SNP_A-1515235"	"19"	56203742	-0.514573173	"AB"
"SNP_A-1517974"	"19"	56593251	1.313245852	"AA"
"SNP_A-1515785"	"19"	57641131	1.272023189	"AA"
"SNP_A-1510212"	"19"	57641156	1.211012193	"AA"
"SNP_A-1515356"	"19"	57641185	-0.217591435	"NoCall"
"SNP_A-1517938"	"19"	57869570	-0.724992953	"BB"
"SNP_A-1516583"	"19"	58908108	0.438292852	"BB"
"SNP_A-1510587"	"19"	59181299	-1.286304185	"AB"
"SNP_A-1508436"	"19"	59803539	-0.089267338	"AA"
"SNP_A-1509145"	"19"	60695892	0.438292852	"AB"
"SNP_A-1516612"	"19"	61021559	-0.798366139	"BB"
"SNP_A-1509775"	"19"	62128208	0.03562391	"BB"
"SNP_A-1513245"	"19"	62189585	1.482848283	"AA"
"SNP_A-1513332"	"19"	62189739	1.526068812	"BB"
"SNP_A-1515401"	"19"	62431059	0.704871964	"AB"
"SNP_A-1517696"	"20"	142685	1.761285273	"AB"
"SNP_A-1518515"	"20"	164701	0.275007047	"NoCall"
"SNP_A-1517325"	"20"	208423	-0.655171503	"BB"
"SNP_A-1515091"	"20"	738220	-0.473931188	"AB"
"SNP_A-1512428"	"20"	1223093	-1.340075442	"BB"
"SNP_A-1508273"	"20"	1267405	0.03562391	"AA"
"SNP_A-1507948"	"20"	1405480	-1.943416472	"AA"
"SNP_A-1512974"	"20"	2312490	0.22650853	"BB"
"SNP_A-1511055"	"20"	2452887	-0.888968688	"AB"
"SNP_A-1512375"	"20"	3569148	1.140778656	"AA"
"SNP_A-1509541"	"20"	3722970	1.292781749	"AA"
"SNP_A-1509668"	"20"	3723026	0.952333566	"BB"
"SNP_A-1517452"	"20"	4188694	-0.678071905	"BB"
"SNP_A-1510407"	"20"	4298877	0.713695815	"BB"
"SNP_A-1510995"	"20"	4298887	0.3950628	"AA"
"SNP_A-1513801"	"20"	4307153	-1.862496476	"NoCall"
"SNP_A-1512173"	"20"	4374086	0.989139007	"AA"
"SNP_A-1511202"	"20"	6484010	0.709290636	"AA"
"SNP_A-1508028"	"20"	6576919	-1.577766999	"BB"
"SNP_A-1512742"	"20"	6802276	-1.358453971	"AA"
"SNP_A-1508861"	"20"	6833358	-0.524915117	"AA"
"SNP_A-1515430"	"20"	6909914	-0.200912694	"AA"
"SNP_A-1519528"	"20"	6965831	-1.49410907	"BB"
"SNP_A-1517385"	"20"	7009445	-0.76121314	"AB"
"SNP_A-1513440"	"20"	7167538	-0.785875195	"AB"
"SNP_A-1513450"	"20"	7221248	0.10433666	"AA"
"SNP_A-1518624"	"20"	7235177	-0.749038426	"AA"
"SNP_A-1513356"	"20"	7270683	0.786596362	"BB"
"SNP_A-1513218"	"20"	7301965	0.739848103	"AA"
"SNP_A-1512515"	"20"	7517541	1.173127433	"NoCall"
"SNP_A-1510348"	"20"	7877106	0.871843649	"AB"
"SNP_A-1515069"	"20"	8250869	0.480265122	"BB"
"SNP_A-1509024"	"20"	8408676	0.042644337	"BB"
"SNP_A-1507452"	"20"	8409876	0.799087306	"AB"
"SNP_A-1518940"	"20"	8458131	0.195347598	"AA"
"SNP_A-1514966"	"20"	8536270	1.010779839	"AA"
"SNP_A-1519337"	"20"	8761796	0.748461233	"AB"
"SNP_A-1512276"	"20"	8761882	0.827819025	"AB"
"SNP_A-1515630"	"20"	8804225	0.35614381	"AB"
"SNP_A-1517103"	"20"	8846321	-0.358453971	"AB"
"SNP_A-1513028"	"20"	8939142	-0.036525876	"BB"
"SNP_A-1514406"	"20"	9048556	0.182692298	"AA"
"SNP_A-1516905"	"20"	9945715	0.443606651	"BB"
"SNP_A-1514455"	"20"	10000010	-0.377069649	"AA"
"SNP_A-1509328"	"20"	10422960	-0.295128036	"AA"
"SNP_A-1510576"	"20"	10687559	0.09085343	"BB"
"SNP_A-1519560"	"20"	10710404	-0.929610672	"BB"
"SNP_A-1509521"	"20"	10892878	0.510961919	"AB"
"SNP_A-1514736"	"20"	11007899	0.09085343	"AB"
"SNP_A-1512494"	"20"	11222697	0.077242999	"AB"
"SNP_A-1508024"	"20"	11801851	-0.007231569	"BB"
"SNP_A-1508766"	"20"	11845158	0.10433666	"NoCall"
"SNP_A-1511241"	"20"	11892445	1.381283373	"AB"
"SNP_A-1517499"	"20"	11944114	-1.49410907	"AA"
"SNP_A-1510612"	"20"	12178209	0.286881148	"AA"
"SNP_A-1509951"	"20"	12372493	0.604071324	"AA"
"SNP_A-1513642"	"20"	12386974	-0.59946207	"AB"
"SNP_A-1514630"	"20"	12680208	-0.321928095	"NoCall"
"SNP_A-1515199"	"20"	12785724	1.014355293	"BB"
"SNP_A-1509681"	"20"	12896275	-0.77349147	"AB"
"SNP_A-1511747"	"20"	12972506	-0.286304185	"AB"
"SNP_A-1508911"	"20"	13215601	0.23878686	"BB"
"SNP_A-1514723"	"20"	13257487	0.773996325	"BB"
"SNP_A-1513229"	"20"	13508712	0.35614381	"AB"
"SNP_A-1519307"	"20"	13905933	-0.736965594	"AB"
"SNP_A-1513470"	"20"	15062407	-0.785875195	"AB"
"SNP_A-1512267"	"20"	15293720	0.618238656	"BB"
"SNP_A-1510870"	"20"	15788045	-1.120294234	"NoCall"
"SNP_A-1515250"	"20"	16009926	-0.724992953	"AA"
"SNP_A-1509340"	"20"	16257360	-1.340075442	"BB"
"SNP_A-1510820"	"20"	16320140	1.575312331	"AA"
"SNP_A-1508928"	"20"	16501016	1.35614381	"NoCall"
"SNP_A-1510566"	"20"	16501369	0.250961574	"AB"
"SNP_A-1510616"	"20"	16501405	0.589763487	"AB"
"SNP_A-1510506"	"20"	16649155	-0.785875195	"AA"
"SNP_A-1517566"	"20"	16980601	0.799087306	"BB"
"SNP_A-1510668"	"20"	17066681	-0.610433188	"BB"
"SNP_A-1519709"	"20"	17124082	-0.424687669	"AA"
"SNP_A-1519668"	"20"	17124161	-0.377069649	"AA"
"SNP_A-1517544"	"20"	17124244	0.500802053	"AA"
"SNP_A-1517898"	"20"	17451843	0.389566812	"AB"
"SNP_A-1519752"	"20"	17786048	-0.749038426	"BB"
"SNP_A-1507888"	"20"	17786064	-0.736965594	"BB"
"SNP_A-1508711"	"20"	17840675	-1.76121314	"BB"
"SNP_A-1508268"	"20"	18165297	0.207892852	"AA"
"SNP_A-1514637"	"20"	18189427	-0.798366139	"AB"
"SNP_A-1513407"	"20"	18357297	0.14404637	"AB"
"SNP_A-1514844"	"20"	18984951	0.782408565	"BB"
"SNP_A-1510494"	"20"	19078092	-1.089267338	"BB"
"SNP_A-1519704"	"20"	19179044	0.327687364	"AB"
"SNP_A-1508317"	"20"	19415901	-0.588573754	"AB"
"SNP_A-1518240"	"20"	19541958	-0.862496476	"BB"
"SNP_A-1518287"	"20"	19542213	-1.395928676	"BB"
"SNP_A-1518337"	"20"	19542270	-0.4639471	"AB"
"SNP_A-1518395"	"20"	19542298	-0.209227962	"AB"
"SNP_A-1508264"	"20"	19597042	-0.77349147	"BB"
"SNP_A-1513955"	"20"	19605736	0.195347598	"NoCall"
"SNP_A-1510067"	"20"	19626221	-0.120294234	"AA"
"SNP_A-1514884"	"20"	19648543	0.933572638	"AA"
"SNP_A-1514411"	"20"	19649080	0.650764559	"BB"
"SNP_A-1510248"	"20"	20153062	0.339137385	"BB"
"SNP_A-1518133"	"20"	20311206	0.269033146	"BB"
"SNP_A-1513734"	"20"	20334310	0.956056652	"AB"
"SNP_A-1510458"	"20"	20530833	-0.473931188	"NoCall"
"SNP_A-1512330"	"20"	20873383	0.709290636	"BB"
"SNP_A-1510255"	"20"	20977386	0.124328135	"BB"
"SNP_A-1517062"	"20"	22901446	-0.234465254	"AA"
"SNP_A-1517097"	"20"	22970923	0.15704371	"AB"
"SNP_A-1511330"	"20"	23034041	0.761285273	"AA"
"SNP_A-1517773"	"20"	23318987	0.09085343	"NoCall"
"SNP_A-1512817"	"20"	23342553	0.220329955	"AB"
"SNP_A-1518985"	"20"	23579116	0.137503524	"AB"
"SNP_A-1518045"	"20"	23617758	-1.029146346	"AA"
"SNP_A-1514249"	"20"	23620547	1.201633861	"BB"
"SNP_A-1517489"	"20"	23984652	0.843983844	"AB"
"SNP_A-1517428"	"20"	23984782	-0.200912694	"AB"
"SNP_A-1516431"	"20"	23984930	0.182692298	"AB"
"SNP_A-1509063"	"20"	24080110	-1.286304185	"BB"
"SNP_A-1508295"	"20"	24169028	-1.64385619	"NoCall"
"SNP_A-1507922"	"20"	24418416	0.526068812	"AB"
"SNP_A-1517272"	"20"	25043940	0.111031312	"AB"
"SNP_A-1518536"	"20"	25044283	0.124328135	"BB"
"SNP_A-1514850"	"20"	25174155	0.042644337	"AA"
"SNP_A-1517568"	"20"	30591402	0.327687364	"AA"
"SNP_A-1512862"	"20"	30751309	-0.454031631	"AA"
"SNP_A-1515905"	"20"	33234030	-0.295128036	"AA"
"SNP_A-1513897"	"20"	33561712	0.555816155	"AA"
"SNP_A-1513755"	"20"	33577232	-1.473931188	"AA"
"SNP_A-1511283"	"20"	33577503	0.014355293	"BB"
"SNP_A-1511900"	"20"	34683496	0.367371066	"AA"
"SNP_A-1519721"	"20"	35403920	-0.888968688	"AA"
"SNP_A-1516257"	"20"	35418087	0.739848103	"AA"
"SNP_A-1517468"	"20"	36562439	-0.4639471	"AA"
"SNP_A-1515556"	"20"	36931716	-0.689659879	"BB"
"SNP_A-1518500"	"20"	37185424	-0.358453971	"AB"
"SNP_A-1509409"	"20"	38032180	-0.888968688	"BB"
"SNP_A-1513114"	"20"	38701945	0.516015147	"AB"
"SNP_A-1510607"	"20"	38912414	-0.621488377	"AA"
"SNP_A-1510071"	"20"	38912445	0.316145742	"BB"
"SNP_A-1512778"	"20"	39056519	-0.01449957	"NoCall"
"SNP_A-1512830"	"20"	39056781	-0.875671865	"NoCall"
"SNP_A-1514188"	"20"	39673015	-0.483984853	"AB"
"SNP_A-1518738"	"20"	40042894	-0.588573754	"AB"
"SNP_A-1514801"	"20"	40118248	-0.632628934	"AB"
"SNP_A-1519552"	"20"	40915149	-1.473931188	"BB"
"SNP_A-1510900"	"20"	41421323	0.056583528	"AB"
"SNP_A-1512953"	"20"	41570105	0.773996325	"BB"
"SNP_A-1511497"	"20"	41846907	0.794935663	"AA"
"SNP_A-1515373"	"20"	42118555	-0.749038426	"AA"
"SNP_A-1513165"	"20"	42150477	-1	"AB"
"SNP_A-1513119"	"20"	42150571	-0.128156351	"AA"
"SNP_A-1515756"	"20"	42630572	-0.066427362	"AA"
"SNP_A-1510832"	"20"	43353817	0.765534746	"BB"
"SNP_A-1518796"	"20"	44053364	0.09085343	"AB"
"SNP_A-1515636"	"20"	44437211	0.700439718	"BB"
"SNP_A-1512127"	"20"	44864728	0.432959407	"NoCall"
"SNP_A-1507530"	"20"	45065691	1.310340121	"NoCall"
"SNP_A-1507476"	"20"	45065738	0.485426827	"AB"
"SNP_A-1507369"	"20"	45065893	0.5360529	"AB"
"SNP_A-1513845"	"20"	45606570	1.316145742	"BB"
"SNP_A-1514268"	"20"	45675488	-0.415037499	"AB"
"SNP_A-1513162"	"20"	45871544	-0.01449957	"AA"
"SNP_A-1509621"	"20"	45871819	-0.367731785	"BB"
"SNP_A-1509481"	"20"	46141599	1.992768431	"AB"
"SNP_A-1510065"	"20"	46359006	0.310340121	"NoCall"
"SNP_A-1511215"	"20"	47224909	-0.567040593	"BB"
"SNP_A-1508102"	"20"	48696430	0.232660757	"AA"
"SNP_A-1516315"	"20"	49016942	-0.535331733	"BB"
"SNP_A-1513709"	"20"	49145368	0.941106311	"AB"
"SNP_A-1519158"	"20"	49848657	0.304511042	"AB"
"SNP_A-1510963"	"20"	49882352	-0.444183845	"AB"
"SNP_A-1515362"	"20"	49977485	-0.64385619	"AA"
"SNP_A-1510386"	"20"	51392415	0.422233001	"BB"
"SNP_A-1515939"	"20"	51517440	0.321928095	"NoCall"
"SNP_A-1508078"	"20"	51648665	0.150559677	"AB"
"SNP_A-1516813"	"20"	51693246	-0.226003675	"AB"
"SNP_A-1507906"	"20"	51960887	0.220329955	"NoCall"
"SNP_A-1512740"	"20"	51963977	1.765534746	"AB"
"SNP_A-1512666"	"20"	51964253	0.443606651	"BB"
"SNP_A-1507689"	"20"	52053400	-0.168122759	"AA"
"SNP_A-1518254"	"20"	52421596	-0.577766999	"BB"
"SNP_A-1512818"	"20"	52544461	-0.434402824	"BB"
"SNP_A-1513358"	"20"	52544724	0.5360529	"AB"
"SNP_A-1513498"	"20"	53354347	-1.043943348	"AB"
"SNP_A-1514366"	"20"	53390752	-0.556393349	"AA"
"SNP_A-1511625"	"20"	53512690	1.063502942	"AB"
"SNP_A-1511667"	"20"	53512715	1.217230716	"AB"
"SNP_A-1509238"	"20"	53620107	0.584962501	"BB"
"SNP_A-1510593"	"20"	53636469	0.948600847	"NoCall"
"SNP_A-1517344"	"20"	53637006	-0.64385619	"AB"
"SNP_A-1514194"	"20"	53690409	-0.260151897	"BB"
"SNP_A-1518813"	"20"	54006326	-0.434402824	"AB"
"SNP_A-1516657"	"20"	54134047	-0.915935735	"AB"
"SNP_A-1517572"	"20"	55003217	-1.058893689	"NoCall"
"SNP_A-1519077"	"20"	56313858	0.516015147	"AA"
"SNP_A-1518973"	"20"	56313976	-0.277533976	"AA"
"SNP_A-1511347"	"20"	56637609	0.59454855	"BB"
"SNP_A-1517721"	"20"	56891450	-0.567040593	"AA"
"SNP_A-1513248"	"20"	57020587	-1.168122759	"BB"
"SNP_A-1513336"	"20"	57020711	-0.59946207	"BB"
"SNP_A-1512137"	"20"	57021162	0.169925001	"AA"
"SNP_A-1510505"	"20"	57277661	-0.76121314	"AB"
"SNP_A-1516604"	"20"	57609234	0.469885976	"AB"
"SNP_A-1510744"	"20"	58157553	-1.152003093	"BB"
"SNP_A-1514056"	"20"	58698067	-0.64385619	"AB"
"SNP_A-1516820"	"20"	58791069	-0.943416472	"AB"
"SNP_A-1516865"	"20"	58791157	0.327687364	"AA"
"SNP_A-1517577"	"20"	58791640	0.275007047	"AB"
"SNP_A-1509917"	"20"	58901435	0.599317794	"AB"
"SNP_A-1517884"	"20"	59360564	0.565597176	"BB"
"SNP_A-1510610"	"20"	59970588	-0.666576266	"BB"
"SNP_A-1514749"	"20"	60154421	-0.929610672	"BB"
"SNP_A-1514790"	"20"	60154537	-1.029146346	"BB"
"SNP_A-1513810"	"20"	60432222	0.709290636	"BB"
"SNP_A-1510474"	"20"	60469058	-0.058893689	"BB"
"SNP_A-1518134"	"20"	60578792	0.622930351	"AA"
"SNP_A-1511581"	"20"	60634575	-0.160040413	"AB"
"SNP_A-1512543"	"20"	60934099	-0.081613766	"BB"
"SNP_A-1515454"	"20"	62181108	1.773996325	"AA"
"SNP_A-1512116"	"20"	62317689	-0.514573173	"NoCall"
"SNP_A-1513405"	"20"	62622258	-0.01449957	"BB"
"SNP_A-1511563"	"20"	62622269	0.195347598	"BB"
"SNP_A-1509405"	"21"	13520510	-0.192645078	"AA"
"SNP_A-1510988"	"21"	13574779	-0.367731785	"BB"
"SNP_A-1511613"	"21"	14566222	-0.02180437	"AB"
"SNP_A-1517309"	"21"	14755697	0.500802053	"AB"
"SNP_A-1509781"	"21"	14771576	-1.577766999	"AA"
"SNP_A-1509738"	"21"	14771745	-1.434402824	"BB"
"SNP_A-1510278"	"21"	15177499	-0.545824107	"BB"
"SNP_A-1509490"	"21"	15444217	0.384049807	"BB"
"SNP_A-1513199"	"21"	15826457	0.464668267	"BB"
"SNP_A-1507941"	"21"	16452545	-0.836501268	"AA"
"SNP_A-1508596"	"21"	16696347	0.384049807	"AA"
"SNP_A-1507481"	"21"	16696707	0.464668267	"BB"
"SNP_A-1507435"	"21"	16696779	-0.888968688	"BB"
"SNP_A-1508026"	"21"	16696927	-0.13606155	"AB"
"SNP_A-1509447"	"21"	17034406	-0.444183845	"AA"
"SNP_A-1508419"	"21"	17241659	-0.13606155	"AA"
"SNP_A-1514833"	"21"	17395964	-0.823677227	"NoCall"
"SNP_A-1516258"	"21"	17505497	0.427606173	"BB"
"SNP_A-1515706"	"21"	17696177	-0.4639471	"AB"
"SNP_A-1512765"	"21"	17696269	1.185866545	"AB"
"SNP_A-1512812"	"21"	17696331	0.361768359	"NoCall"
"SNP_A-1510334"	"21"	17736114	-0.268816758	"AB"
"SNP_A-1513271"	"21"	17736439	0.214124805	"AB"
"SNP_A-1515932"	"21"	18003918	1.066950244	"AB"
"SNP_A-1515424"	"21"	18369648	-0.226003675	"AB"
"SNP_A-1513820"	"21"	18764448	0.327687364	"NoCall"
"SNP_A-1509956"	"21"	18764912	0.996388746	"AA"
"SNP_A-1512665"	"21"	18808304	0.59454855	"NoCall"
"SNP_A-1515811"	"21"	18808558	1.060047384	"BB"
"SNP_A-1509153"	"21"	18982807	-0.268816758	"AA"
"SNP_A-1512414"	"21"	19073496	-0.128156351	"AB"
"SNP_A-1509771"	"21"	19134025	-0.504304837	"AA"
"SNP_A-1509733"	"21"	19134039	-0.13606155	"BB"
"SNP_A-1510390"	"21"	19134316	0.500802053	"BB"
"SNP_A-1509631"	"21"	19134563	-1.104697379	"AA"
"SNP_A-1518251"	"21"	19134684	-0.862496476	"BB"
"SNP_A-1510516"	"21"	19896460	0.35614381	"AA"
"SNP_A-1507332"	"21"	20020072	0.718087584	"AA"
"SNP_A-1511050"	"21"	20084545	-0.112474729	"AA"
"SNP_A-1508080"	"21"	20509158	-0.349235441	"AA"
"SNP_A-1518321"	"21"	20642016	-0.184424571	"AA"
"SNP_A-1508090"	"21"	20953247	0.883620816	"BB"
"SNP_A-1508146"	"21"	20953298	-0.349235441	"AA"
"SNP_A-1510568"	"21"	21113081	-0.655171503	"AA"
"SNP_A-1510476"	"21"	21113232	-0.444183845	"AA"
"SNP_A-1510586"	"21"	21711161	-0.277533976	"AB"
"SNP_A-1516062"	"21"	21747811	-0.286304185	"NoCall"
"SNP_A-1513148"	"21"	21748820	0.432959407	"NoCall"
"SNP_A-1516664"	"21"	21914813	-0.888968688	"NoCall"
"SNP_A-1507919"	"21"	22265923	-1.76121314	"NoCall"
"SNP_A-1519267"	"21"	22310813	0.469885976	"AA"
"SNP_A-1511954"	"21"	22537825	0.182692298	"AB"
"SNP_A-1511383"	"21"	22753893	0	"NoCall"
"SNP_A-1512932"	"21"	22763548	-0.051399153	"AB"
"SNP_A-1509329"	"21"	22763659	0.98550043	"AB"
"SNP_A-1508834"	"21"	22946671	-0.112474729	"BB"
"SNP_A-1509064"	"21"	23165198	0.922197848	"AA"
"SNP_A-1507569"	"21"	23317381	0.049630768	"AB"
"SNP_A-1509371"	"21"	23477964	0.570462931	"AB"
"SNP_A-1509716"	"21"	23519142	-0.535331733	"AA"
"SNP_A-1509950"	"21"	24135590	0.321928095	"AA"
"SNP_A-1519510"	"21"	24362525	0.22650853	"BB"
"SNP_A-1507956"	"21"	24513156	-1.168122759	"AA"
"SNP_A-1507904"	"21"	24513223	-1.473931188	"AA"
"SNP_A-1516999"	"21"	24630536	-0.330973234	"AA"
"SNP_A-1512241"	"21"	24630565	0.327687364	"BB"
"SNP_A-1512535"	"21"	24678103	0.070389328	"AA"
"SNP_A-1512477"	"21"	24678214	0.807354922	"BB"
"SNP_A-1510754"	"21"	24835110	0.584962501	"AA"
"SNP_A-1515287"	"21"	24923099	-0.689659879	"NoCall"
"SNP_A-1512752"	"21"	25259810	0.608809243	"AA"
"SNP_A-1517283"	"21"	25938689	-1.59946207	"AB"
"SNP_A-1511700"	"21"	26120971	0.500802053	"AB"
"SNP_A-1516568"	"21"	26182682	-0.377069649	"BB"
"SNP_A-1515604"	"21"	26321270	-0.610433188	"NoCall"
"SNP_A-1515640"	"21"	26321313	-0.074000581	"BB"
"SNP_A-1509336"	"21"	26563534	-0.985644707	"AA"
"SNP_A-1515733"	"21"	26774595	-0.312939312	"AB"
"SNP_A-1512075"	"21"	26833650	0.887525271	"AA"
"SNP_A-1513451"	"21"	26834573	0.918386234	"AA"
"SNP_A-1509396"	"21"	27149020	-0.957355663	"AA"
"SNP_A-1516879"	"21"	27238687	0.790772038	"AA"
"SNP_A-1511761"	"21"	27283180	1.13422094	"AA"
"SNP_A-1513041"	"21"	27354371	-0.081613766	"AB"
"SNP_A-1515426"	"21"	27441916	0.752748591	"AB"
"SNP_A-1512924"	"21"	27484417	0.981852653	"AA"
"SNP_A-1512320"	"21"	27484644	0.90303827	"AA"
"SNP_A-1508535"	"21"	27545948	0.521050737	"AB"
"SNP_A-1518614"	"21"	27546490	-0.610433188	"AB"
"SNP_A-1518563"	"21"	27546637	-0.655171503	"AB"
"SNP_A-1516144"	"21"	27741249	-0.144010303	"BB"
"SNP_A-1510806"	"21"	28060803	-0.120294234	"AA"
"SNP_A-1510126"	"21"	28282802	1.989139007	"BB"
"SNP_A-1515311"	"21"	28294607	-0.081613766	"BB"
"SNP_A-1515790"	"21"	28674882	0.056583528	"AB"
"SNP_A-1515067"	"21"	28684822	-0.349235441	"NoCall"
"SNP_A-1515123"	"21"	28684845	-1.415037499	"AA"
"SNP_A-1519600"	"21"	29006020	-0.377069649	"BB"
"SNP_A-1511881"	"21"	29041595	0.207892852	"BB"
"SNP_A-1516225"	"21"	29042282	0.570462931	"AB"
"SNP_A-1518602"	"21"	29042635	-0.424687669	"BB"
"SNP_A-1511245"	"21"	29788511	1.735522177	"AB"
"SNP_A-1512682"	"21"	29904722	0.182692298	"AA"
"SNP_A-1515982"	"21"	29924228	1.495695163	"AA"
"SNP_A-1516759"	"21"	29927793	-0.081613766	"AA"
"SNP_A-1516800"	"21"	29927939	-0.444183845	"BB"
"SNP_A-1516819"	"21"	30027607	0.641546029	"BB"
"SNP_A-1509688"	"21"	30537432	0.550900665	"NoCall"
"SNP_A-1514991"	"21"	30537890	1.528571319	"AB"
"SNP_A-1507658"	"21"	30592366	1.039138394	"BB"
"SNP_A-1511675"	"21"	30678791	0.495695163	"NoCall"
"SNP_A-1514392"	"21"	30854453	-0.943416472	"AB"
"SNP_A-1513029"	"21"	30857546	0.207892852	"AB"
"SNP_A-1513738"	"21"	30857883	1.046141782	"NoCall"
"SNP_A-1508889"	"21"	30894132	-0.785875195	"AA"
"SNP_A-1515226"	"21"	30981661	0.718087584	"BB"
"SNP_A-1512179"	"21"	31445749	0.669026766	"AA"
"SNP_A-1512129"	"21"	31445792	-0.128156351	"NoCall"
"SNP_A-1510006"	"21"	31840851	0.09085343	"AB"
"SNP_A-1517124"	"21"	32376687	-0.251538767	"AA"
"SNP_A-1510422"	"21"	33242647	-0.621488377	"AA"
"SNP_A-1517660"	"21"	33346030	0.09085343	"NoCall"
"SNP_A-1510389"	"21"	33352236	0.182692298	"AA"
"SNP_A-1516195"	"21"	33412380	1.007195501	"BB"
"SNP_A-1510257"	"21"	34185920	0.13093087	"AA"
"SNP_A-1515313"	"21"	34188732	1.3305584	"AB"
"SNP_A-1511776"	"21"	34189045	0.735522177	"AB"
"SNP_A-1508674"	"21"	34231301	-0.036525876	"AA"
"SNP_A-1512614"	"21"	34618786	0.682573297	"BB"
"SNP_A-1516611"	"21"	34838447	0.682573297	"NoCall"
"SNP_A-1516652"	"21"	34838476	1.046141782	"BB"
"SNP_A-1517381"	"21"	34838752	0.673556424	"AB"
"SNP_A-1514099"	"21"	35045926	0.286881148	"NoCall"
"SNP_A-1516368"	"21"	35190807	-0.081613766	"AA"
"SNP_A-1511405"	"21"	35438070	1.72900887	"AA"
"SNP_A-1512711"	"21"	35496997	0.794935663	"AB"
"SNP_A-1517163"	"21"	36048473	-0.666576266	"BB"
"SNP_A-1517851"	"21"	36117298	0.731183242	"AA"
"SNP_A-1518961"	"21"	36232721	-2.251538767	"BB"
"SNP_A-1510320"	"21"	36302348	1.100977648	"AA"
"SNP_A-1512016"	"21"	36343362	-1.029146346	"BB"
"SNP_A-1509316"	"21"	36445931	0.201633861	"BB"
"SNP_A-1509192"	"21"	36478247	0.948600847	"AB"
"SNP_A-1516610"	"21"	36856584	2.0721058	"AA"
"SNP_A-1511484"	"21"	37118855	-0.217591435	"AA"
"SNP_A-1510059"	"21"	37369276	-0.007231569	"AA"
"SNP_A-1515391"	"21"	37411491	-0.184424571	"BB"
"SNP_A-1507464"	"21"	37437536	0.682573297	"BB"
"SNP_A-1507414"	"21"	37437660	0.786596362	"AA"
"SNP_A-1510546"	"21"	37972255	-0.367731785	"AA"
"SNP_A-1507770"	"21"	37972980	-0.081613766	"AA"
"SNP_A-1512313"	"21"	37973274	-0.168122759	"AB"
"SNP_A-1508290"	"21"	37974353	-0.655171503	"NoCall"
"SNP_A-1512917"	"21"	37989593	-0.49410907	"AB"
"SNP_A-1517843"	"21"	38703367	2.030336078	"NoCall"
"SNP_A-1512353"	"21"	38945621	-0.120294234	"AA"
"SNP_A-1517692"	"21"	39027090	0.847996907	"AB"
"SNP_A-1513588"	"21"	39076016	-1.089267338	"AB"
"SNP_A-1518335"	"21"	39161678	0.163498732	"AA"
"SNP_A-1511624"	"21"	39186299	-1.104697379	"AA"
"SNP_A-1510757"	"21"	39393593	-0.77349147	"BB"
"SNP_A-1514287"	"21"	39943614	1.140778656	"AB"
"SNP_A-1517869"	"21"	39944007	1.375734539	"NoCall"
"SNP_A-1516022"	"21"	40092140	-0.849440323	"AB"
"SNP_A-1512894"	"21"	40134741	-0.655171503	"BB"
"SNP_A-1511620"	"21"	40135946	0.650764559	"AB"
"SNP_A-1515795"	"21"	40170937	1.049630768	"NoCall"
"SNP_A-1508354"	"21"	40174852	0.531069493	"AA"
"SNP_A-1517012"	"21"	40246973	-0.798366139	"BB"
"SNP_A-1517064"	"21"	40247054	-1.304006187	"BB"
"SNP_A-1517618"	"21"	40247313	-1.59946207	"BB"
"SNP_A-1511375"	"21"	40352270	-0.473931188	"AB"
"SNP_A-1513399"	"21"	40483409	0.49057013	"BB"
"SNP_A-1511411"	"21"	41155914	-1.089267338	"AB"
"SNP_A-1519031"	"21"	41266902	0.042644337	"AB"
"SNP_A-1508754"	"21"	41436588	-0.514573173	"BB"
"SNP_A-1509835"	"21"	41556072	0.286881148	"NoCall"
"SNP_A-1508335"	"21"	41578869	-0.929610672	"BB"
"SNP_A-1508380"	"21"	41578882	-0.304006187	"NoCall"
"SNP_A-1508610"	"21"	41634684	0.10433666	"BB"
"SNP_A-1508639"	"21"	41973368	-0.192645078	"AA"
"SNP_A-1511610"	"21"	42316661	-0.02180437	"NoCall"
"SNP_A-1511191"	"21"	42551384	0.316145742	"AB"
"SNP_A-1507792"	"21"	42612619	0.871843649	"BB"
"SNP_A-1517024"	"21"	42886078	-0.358453971	"BB"
"SNP_A-1516398"	"21"	43090530	-0.358453971	"AA"
"SNP_A-1519449"	"21"	43200832	0.815575429	"BB"
"SNP_A-1507594"	"21"	43201021	0.361768359	"AA"
"SNP_A-1507635"	"21"	43201250	1.23572706	"AA"
"SNP_A-1508542"	"21"	43327016	-0.444183845	"BB"
"SNP_A-1516491"	"21"	43914978	0.531069493	"AB"
"SNP_A-1517548"	"21"	45060437	-1.089267338	"BB"
"SNP_A-1508449"	"21"	45083365	-1.358453971	"BB"
"SNP_A-1519025"	"21"	45526603	-1.76121314	"AA"
"SNP_A-1507639"	"21"	46046416	-0.17625064	"AB"
"SNP_A-1512660"	"21"	46783626	0.627606838	"AA"
"SNP_A-1507628"	"21"	46813969	-0.304006187	"NoCall"
"SNP_A-1514724"	"22"	14886561	0.10433666	"NoCall"
"SNP_A-1514248"	"22"	14919274	1.809414444	"AA"
"SNP_A-1515289"	"22"	14967275	1.053111336	"NoCall"
"SNP_A-1512430"	"22"	15685581	0.761285273	"BB"
"SNP_A-1514772"	"22"	16604328	-0.349235441	"AA"
"SNP_A-1517366"	"22"	16958128	-0.915935735	"AB"
"SNP_A-1508395"	"22"	17506879	-0.036525876	"AA"
"SNP_A-1507552"	"22"	18008688	-1.200912694	"BB"
"SNP_A-1518584"	"22"	19773582	-0.330973234	"AB"
"SNP_A-1518628"	"22"	19773965	-1.01449957	"AB"
"SNP_A-1511069"	"22"	20306803	1.060047384	"AB"
"SNP_A-1515405"	"22"	21026845	0.042644337	"AA"
"SNP_A-1513383"	"22"	23918006	0.422233001	"NoCall"
"SNP_A-1513430"	"22"	23918212	0.627606838	"AB"
"SNP_A-1514004"	"22"	23918244	-0.01449957	"NoCall"
"SNP_A-1509108"	"22"	24639088	-0.556393349	"NoCall"
"SNP_A-1513489"	"22"	24672398	0.82374936	"BB"
"SNP_A-1518229"	"22"	24828498	1.217230716	"AA"
"SNP_A-1517147"	"22"	24828591	1.553360503	"BB"
"SNP_A-1516247"	"22"	24923847	-1.089267338	"AB"
"SNP_A-1519624"	"22"	25064835	-1.152003093	"BB"
"SNP_A-1517154"	"22"	25122246	-0.724992953	"BB"
"SNP_A-1515448"	"22"	25544435	-0.104697379	"AA"
"SNP_A-1513376"	"22"	25705900	1.025028794	"AA"
"SNP_A-1514250"	"22"	25712959	-1.785875195	"BB"
"SNP_A-1511706"	"22"	25817915	-2.152003093	"BB"
"SNP_A-1514414"	"22"	25935191	0.799087306	"NoCall"
"SNP_A-1509605"	"22"	25935234	1.488000771	"NoCall"
"SNP_A-1508777"	"22"	25997713	0.244887059	"AB"
"SNP_A-1519758"	"22"	26085350	-1.304006187	"NoCall"
"SNP_A-1507991"	"22"	26085682	-0.200912694	"AA"
"SNP_A-1515071"	"22"	26214181	0.35614381	"AB"
"SNP_A-1519341"	"22"	26287071	0.097610797	"BB"
"SNP_A-1519294"	"22"	26287272	-0.810966176	"AA"
"SNP_A-1511410"	"22"	26335621	0.469885976	"BB"
"SNP_A-1509277"	"22"	26638137	0.459431619	"AB"
"SNP_A-1516294"	"22"	27435313	-0.02180437	"AB"
"SNP_A-1510021"	"22"	27738555	0.056583528	"AA"
"SNP_A-1510733"	"22"	27802395	0.66448284	"AB"
"SNP_A-1516296"	"22"	28828665	-1.089267338	"AA"
"SNP_A-1517943"	"22"	28921689	-0.01449957	"AA"
"SNP_A-1518223"	"22"	29258154	0.655351829	"AB"
"SNP_A-1508367"	"22"	30001008	0.163498732	"AB"
"SNP_A-1516575"	"22"	30783771	-0.200912694	"BB"
"SNP_A-1518399"	"22"	31450630	0.599317794	"AA"
"SNP_A-1514881"	"22"	31496485	0.422233001	"AA"
"SNP_A-1514221"	"22"	31772500	-1.340075442	"AB"
"SNP_A-1519441"	"22"	32373650	0.5360529	"AA"
"SNP_A-1515832"	"22"	32390938	0.555816155	"AA"
"SNP_A-1517500"	"22"	33313131	0.485426827	"AA"
"SNP_A-1514410"	"22"	33408609	-0.312939312	"AA"
"SNP_A-1511436"	"22"	33480563	-1.217591435	"AB"
"SNP_A-1514142"	"22"	33531426	0.570462931	"AB"
"SNP_A-1514218"	"22"	33803412	-0.386468347	"AA"
"SNP_A-1510712"	"22"	33804151	0.695993813	"BB"
"SNP_A-1518394"	"22"	33956098	-1	"AA"
"SNP_A-1516165"	"22"	34189359	0.565597176	"AA"
"SNP_A-1511829"	"22"	34198280	0.50589093	"AB"
"SNP_A-1516558"	"22"	34850979	-1.13606155	"AA"
"SNP_A-1511279"	"22"	35754115	0.097610797	"BB"
"SNP_A-1517727"	"22"	36642137	-0.112474729	"NoCall"
"SNP_A-1508227"	"22"	37019788	0.384049807	"BB"
"SNP_A-1516630"	"22"	37338737	0.40053793	"AB"
"SNP_A-1507500"	"22"	38906442	-0.545824107	"AA"
"SNP_A-1510148"	"22"	39869702	0	"BB"
"SNP_A-1518989"	"22"	42341971	0.432959407	"NoCall"
"SNP_A-1510802"	"22"	42878000	-1.168122759	"NoCall"
"SNP_A-1515685"	"22"	43994607	0.321928095	"AB"
"SNP_A-1513949"	"22"	44035324	1.070389328	"AA"
"SNP_A-1513684"	"22"	44046926	-0.200912694	"BB"
"SNP_A-1513735"	"22"	44047185	-0.066427362	"AA"
"SNP_A-1514811"	"22"	44317345	2.22342255	"AB"
"SNP_A-1508404"	"22"	44317562	1.49057013	"AA"
"SNP_A-1515771"	"22"	46402839	-0.184424571	"AA"
"SNP_A-1515821"	"22"	46402990	0.189033824	"BB"
"SNP_A-1510252"	"22"	46443598	1.080657663	"AA"
"SNP_A-1509883"	"22"	47088199	-0.632628934	"AB"
"SNP_A-1513444"	"22"	47664191	-0.424687669	"BB"
"SNP_A-1510374"	"22"	47903109	-0.64385619	"AB"
"SNP_A-1508871"	"22"	47905136	0.875780063	"AA"
"SNP_A-1509578"	"22"	48760531	-1.713118852	"AB"
"SNP_A-1509635"	"22"	48760841	-0.40545145	"NoCall"
"SNP_A-1507407"	"X"	3667078	-1.13606155	"NoCall"
"SNP_A-1517238"	"X"	4407380	-1.713118852	"AA"
"SNP_A-1512883"	"X"	4544856	-1.217591435	"BB"
"SNP_A-1519173"	"X"	5052024	-0.217591435	"BB"
"SNP_A-1518497"	"X"	5207895	-0.367731785	"AA"
"SNP_A-1518832"	"X"	5228915	-1.59946207	"NoCall"
"SNP_A-1519037"	"X"	5843862	-0.836501268	"AA"
"SNP_A-1517531"	"X"	6094112	-0.862496476	"BB"
"SNP_A-1516357"	"X"	7582803	-1.217591435	"NoCall"
"SNP_A-1516689"	"X"	7708060	-1.358453971	"BB"
"SNP_A-1516650"	"X"	7708219	-0.875671865	"AA"
"SNP_A-1513185"	"X"	7994063	-0.514573173	"BB"
"SNP_A-1513236"	"X"	7994191	-0.610433188	"BB"
"SNP_A-1508930"	"X"	8022000	-0.514573173	"BB"
"SNP_A-1516231"	"X"	8271585	-0.862496476	"BB"
"SNP_A-1508578"	"X"	9485369	-0.77349147	"BB"
"SNP_A-1514198"	"X"	10536225	-0.473931188	"AA"
"SNP_A-1514651"	"X"	11378300	-0.875671865	"AA"
"SNP_A-1514141"	"X"	11578921	-0.929610672	"AA"
"SNP_A-1513194"	"X"	11633007	0.232660757	"BB"
"SNP_A-1519486"	"X"	11633523	-1.286304185	"BB"
"SNP_A-1512820"	"X"	11925313	-1.64385619	"AA"
"SNP_A-1509279"	"X"	12172507	-1.268816758	"BB"
"SNP_A-1508054"	"X"	12542131	-0.64385619	"BB"
"SNP_A-1517872"	"X"	13101069	-1.251538767	"AA"
"SNP_A-1507331"	"X"	13383233	-0.798366139	"BB"
"SNP_A-1513111"	"X"	14198191	-0.929610672	"BB"
"SNP_A-1513045"	"X"	14198336	-0.957355663	"AA"
"SNP_A-1510972"	"X"	14621541	-1.59946207	"BB"
"SNP_A-1511297"	"X"	14797417	-1.577766999	"NoCall"
"SNP_A-1517557"	"X"	14966291	-0.64385619	"NoCall"
"SNP_A-1508306"	"X"	15360781	-0.514573173	"AA"
"SNP_A-1517955"	"X"	16448321	-2.029146346	"AA"
"SNP_A-1508375"	"X"	17469501	-1.377069649	"AA"
"SNP_A-1507764"	"X"	18742136	-0.128156351	"AA"
"SNP_A-1512553"	"X"	21493065	-0.200912694	"AA"
"SNP_A-1508913"	"X"	21629646	0.40599236	"BB"
"SNP_A-1508963"	"X"	21629798	-0.112474729	"BB"
"SNP_A-1515651"	"X"	22584601	-3.058893689	"NoCall"
"SNP_A-1512709"	"X"	22594767	-0.957355663	"BB"
"SNP_A-1512638"	"X"	22594834	0.097610797	"AA"
"SNP_A-1516248"	"X"	24841329	-0.577766999	"BB"
"SNP_A-1512865"	"X"	25056975	-2.058893689	"NoCall"
"SNP_A-1507600"	"X"	25961925	-1.59946207	"NoCall"
"SNP_A-1509657"	"X"	26068867	-1.184424571	"BB"
"SNP_A-1513800"	"X"	26424596	-1.666576266	"AA"
"SNP_A-1513754"	"X"	26424790	-0.724992953	"BB"
"SNP_A-1518525"	"X"	26649587	0.333423734	"AA"
"SNP_A-1514756"	"X"	27939988	-1.377069649	"NoCall"
"SNP_A-1514712"	"X"	27940095	-1.234465254	"BB"
"SNP_A-1514668"	"X"	27940111	-1.810966176	"BB"
"SNP_A-1514291"	"X"	28246748	-1.395928676	"AA"
"SNP_A-1511058"	"X"	28839627	-2.434402824	"BB"
"SNP_A-1519677"	"X"	28952903	-0.504304837	"AA"
"SNP_A-1517899"	"X"	29624638	-1.64385619	"AA"
"SNP_A-1510370"	"X"	29664520	-0.209227962	"NoCall"
"SNP_A-1512978"	"X"	29999749	-1.556393349	"BB"
"SNP_A-1515463"	"X"	30035295	-0.943416472	"AA"
"SNP_A-1507601"	"X"	30203314	-0.577766999	"AA"
"SNP_A-1508566"	"X"	30464377	-0.902389203	"BB"
"SNP_A-1516908"	"X"	30464531	-0.785875195	"BB"
"SNP_A-1518450"	"X"	30538864	-1.152003093	"BB"
"SNP_A-1518083"	"X"	30822147	-2.556393349	"NoCall"
"SNP_A-1512189"	"X"	31394886	-1.915935735	"AA"
"SNP_A-1507858"	"X"	31696076	-1.473931188	"AA"
"SNP_A-1513526"	"X"	31714140	0.176322773	"AA"
"SNP_A-1514995"	"X"	32997863	-1.556393349	"NoCall"
"SNP_A-1509930"	"X"	33166999	-0.545824107	"AA"
"SNP_A-1518084"	"X"	33340319	-0.875671865	"AA"
"SNP_A-1511705"	"X"	33446555	-0.089267338	"BB"
"SNP_A-1511527"	"X"	33558751	-1.810966176	"BB"
"SNP_A-1511914"	"X"	35184734	-0.504304837	"AA"
"SNP_A-1511944"	"X"	35546695	-1.058893689	"AA"
"SNP_A-1511987"	"X"	35546739	0.182692298	"AA"
"SNP_A-1510393"	"X"	36942670	-0.610433188	"AA"
"SNP_A-1510344"	"X"	36942701	-0.242976753	"BB"
"SNP_A-1511133"	"X"	37403871	-0.524915117	"BB"
"SNP_A-1516852"	"X"	37647043	-0.286304185	"NoCall"
"SNP_A-1515024"	"X"	37917172	-0.689659879	"AA"
"SNP_A-1517646"	"X"	38258040	-0.678071905	"AA"
"SNP_A-1514343"	"X"	38545386	-1.888968688	"AA"
"SNP_A-1508131"	"X"	38611756	0.867896464	"BB"
"SNP_A-1507745"	"X"	38617839	-0.504304837	"AA"
"SNP_A-1509471"	"X"	38617975	-1.104697379	"AA"
"SNP_A-1510169"	"X"	40903664	0.117695043	"AA"
"SNP_A-1511635"	"X"	40976473	-1.943416472	"AA"
"SNP_A-1510910"	"X"	41761999	-0.610433188	"AA"
"SNP_A-1512605"	"X"	41866259	-2.058893689	"AA"
"SNP_A-1518022"	"X"	41879100	0.608809243	"NoCall"
"SNP_A-1511724"	"X"	42647124	0.918386234	"NoCall"
"SNP_A-1518267"	"X"	42956114	-1.058893689	"AA"
"SNP_A-1518499"	"X"	42956196	-0.749038426	"AA"
"SNP_A-1518212"	"X"	42960615	-3.836501268	"AA"
"SNP_A-1515408"	"X"	43262457	-0.02180437	"NoCall"
"SNP_A-1517561"	"X"	45350386	-0.483984853	"AA"
"SNP_A-1513757"	"X"	46265256	-0.49410907	"BB"
"SNP_A-1518522"	"X"	46704028	-2.358453971	"AA"
"SNP_A-1508108"	"X"	47542842	-2.321928095	"BB"
"SNP_A-1516213"	"X"	49066014	-1.358453971	"BB"
"SNP_A-1516174"	"X"	49066051	-0.152003093	"BB"
"SNP_A-1513881"	"X"	52269286	-2.888968688	"NoCall"
"SNP_A-1518766"	"X"	53420943	-1.713118852	"AA"
"SNP_A-1513107"	"X"	54744930	-0.277533976	"BB"
"SNP_A-1516238"	"X"	55163757	-0.621488377	"AA"
"SNP_A-1513272"	"X"	55492846	-2	"BB"
"SNP_A-1519354"	"X"	55853855	-1.621488377	"AA"
"SNP_A-1511920"	"X"	62620756	-1.043943348	"BB"
"SNP_A-1508576"	"X"	63013435	-0.128156351	"BB"
"SNP_A-1518952"	"X"	64384816	0.056583528	"BB"
"SNP_A-1512600"	"X"	64433518	-0.168122759	"BB"
"SNP_A-1509791"	"X"	65134993	-0.689659879	"AA"
"SNP_A-1509836"	"X"	65135165	-0.473931188	"BB"
"SNP_A-1511523"	"X"	65853518	-0.76121314	"AA"
"SNP_A-1518793"	"X"	66023530	-1.251538767	"AA"
"SNP_A-1518767"	"X"	67088612	-1.915935735	"AA"
"SNP_A-1516081"	"X"	67271956	-1.120294234	"BB"
"SNP_A-1511631"	"X"	67849417	0.555816155	"AA"
"SNP_A-1517669"	"X"	71329227	0.480265122	"AA"
"SNP_A-1512363"	"X"	71424056	-0.112474729	"BB"
"SNP_A-1513966"	"X"	73994752	-0.701341684	"BB"
"SNP_A-1507543"	"X"	74459224	-1.01449957	"AA"
"SNP_A-1517219"	"X"	74719297	-0.610433188	"BB"
"SNP_A-1514385"	"X"	75093218	-0.152003093	"AA"
"SNP_A-1514632"	"X"	75561114	0.201633861	"AA"
"SNP_A-1509178"	"X"	76432845	0	"BB"
"SNP_A-1514274"	"X"	76464601	-1.286304185	"BB"
"SNP_A-1514873"	"X"	76560154	-1.043943348	"BB"
"SNP_A-1516260"	"X"	77264355	-0.610433188	"AA"
"SNP_A-1516209"	"X"	77264495	-0.444183845	"AA"
"SNP_A-1517621"	"X"	77986992	-0.943416472	"AA"
"SNP_A-1511541"	"X"	78236075	0.207892852	"AA"
"SNP_A-1519646"	"X"	78454467	-1.862496476	"BB"
"SNP_A-1510525"	"X"	79358048	0.182692298	"AA"
"SNP_A-1508426"	"X"	80333348	-1.736965594	"BB"
"SNP_A-1513536"	"X"	80619341	-0.943416472	"NoCall"
"SNP_A-1515819"	"X"	80962272	-0.286304185	"BB"
"SNP_A-1514974"	"X"	81098652	-0.295128036	"NoCall"
"SNP_A-1519126"	"X"	82285239	-0.798366139	"AA"
"SNP_A-1510109"	"X"	82335201	-1.286304185	"AA"
"SNP_A-1512957"	"X"	83013555	-2.184424571	"NoCall"
"SNP_A-1512503"	"X"	83074191	-0.77349147	"BB"
"SNP_A-1517631"	"X"	83636161	-2.836501268	"AA"
"SNP_A-1515095"	"X"	83662754	-1.340075442	"BB"
"SNP_A-1509368"	"X"	83920223	-1.152003093	"AA"
"SNP_A-1509419"	"X"	83920466	-0.849440323	"AA"
"SNP_A-1519011"	"X"	84149920	-0.971430848	"AA"
"SNP_A-1509676"	"X"	84710941	-2.058893689	"NoCall"
"SNP_A-1508687"	"X"	85035805	-0.588573754	"BB"
"SNP_A-1514584"	"X"	85199893	-1.971430848	"BB"
"SNP_A-1519619"	"X"	85226474	-1.943416472	"BB"
"SNP_A-1515608"	"X"	85243678	-1.514573173	"AA"
"SNP_A-1510479"	"X"	85321829	-2.120294234	"BB"
"SNP_A-1510362"	"X"	85321903	-1.358453971	"AA"
"SNP_A-1509448"	"X"	85361651	-1.836501268	"NoCall"
"SNP_A-1508373"	"X"	85589477	0.384049807	"AA"
"SNP_A-1508031"	"X"	85728369	0.250961574	"BB"
"SNP_A-1516193"	"X"	86869906	-1.395928676	"BB"
"SNP_A-1509556"	"X"	87200268	-0.971430848	"AA"
"SNP_A-1515494"	"X"	90308730	-0.713118852	"BB"
"SNP_A-1515101"	"X"	91605148	-0.849440323	"BB"
"SNP_A-1509202"	"X"	91641217	-0.268816758	"AA"
"SNP_A-1517248"	"X"	91653681	0.056583528	"BB"
"SNP_A-1512697"	"X"	91739410	-0.483984853	"BB"
"SNP_A-1514858"	"X"	92155093	-0.621488377	"NoCall"
"SNP_A-1514703"	"X"	92439890	-1.454031631	"AA"
"SNP_A-1516483"	"X"	92450727	-1.395928676	"AA"
"SNP_A-1514989"	"X"	92491838	-0.77349147	"BB"
"SNP_A-1514456"	"X"	92614749	-1.810966176	"AA"
"SNP_A-1513890"	"X"	92947963	-0.862496476	"BB"
"SNP_A-1513105"	"X"	93127555	-1.577766999	"AA"
"SNP_A-1517178"	"X"	93127630	-0.724992953	"NoCall"
"SNP_A-1513156"	"X"	93127664	-1.120294234	"BB"
"SNP_A-1510028"	"X"	93527049	-0.823677227	"NoCall"
"SNP_A-1514340"	"X"	93875087	0.13093087	"AA"
"SNP_A-1518882"	"X"	94003383	-0.556393349	"BB"
"SNP_A-1518835"	"X"	94003399	-1.200912694	"BB"
"SNP_A-1509209"	"X"	94013732	-0.621488377	"BB"
"SNP_A-1508488"	"X"	94070326	-1.666576266	"BB"
"SNP_A-1512092"	"X"	94858554	0.275007047	"BB"
"SNP_A-1508927"	"X"	95449800	-1.836501268	"NoCall"
"SNP_A-1515985"	"X"	95450049	-0.915935735	"BB"
"SNP_A-1507914"	"X"	95513496	-1.64385619	"AA"
"SNP_A-1515746"	"X"	96462897	-0.736965594	"AA"
"SNP_A-1512429"	"X"	98227177	-0.749038426	"BB"
"SNP_A-1512511"	"X"	98536942	-1.395928676	"BB"
"SNP_A-1508510"	"X"	98800116	-1.434402824	"AA"
"SNP_A-1514482"	"X"	99230554	-0.066427362	"NoCall"
"SNP_A-1514525"	"X"	99230686	-0.957355663	"BB"
"SNP_A-1515581"	"X"	99514408	-2.120294234	"AA"
"SNP_A-1512026"	"X"	99830957	-0.242976753	"AA"
"SNP_A-1519043"	"X"	101245350	-1.64385619	"NoCall"
"SNP_A-1512247"	"X"	101524535	-0.985644707	"NoCall"
"SNP_A-1513898"	"X"	102309665	-1.736965594	"BB"
"SNP_A-1511713"	"X"	102817830	0.90303827	"BB"
"SNP_A-1516811"	"X"	102916501	-1.200912694	"BB"
"SNP_A-1514746"	"X"	103033981	-0.810966176	"BB"
"SNP_A-1517515"	"X"	106269892	-0.545824107	"BB"
"SNP_A-1512159"	"X"	106382881	-0.535331733	"BB"
"SNP_A-1510779"	"X"	107226013	-1.358453971	"NoCall"
"SNP_A-1510098"	"X"	109037966	0.257010618	"AA"
"SNP_A-1508253"	"X"	109066277	-0.4639471	"BB"
"SNP_A-1516204"	"X"	110878690	-0.295128036	"BB"
"SNP_A-1516222"	"X"	111078775	-0.749038426	"NoCall"
"SNP_A-1510034"	"X"	111079223	-0.200912694	"BB"
"SNP_A-1513257"	"X"	111388351	-1.152003093	"NoCall"
"SNP_A-1509434"	"X"	111586574	-0.535331733	"BB"
"SNP_A-1510138"	"X"	112577392	-1.64385619	"AA"
"SNP_A-1518147"	"X"	112910562	-1.943416472	"AA"
"SNP_A-1508422"	"X"	113365543	-0.577766999	"AA"
"SNP_A-1517559"	"X"	113456731	-0.268816758	"BB"
"SNP_A-1513839"	"X"	114153540	-1.556393349	"BB"
"SNP_A-1513781"	"X"	114153760	-1.251538767	"AA"
"SNP_A-1510367"	"X"	115412794	-1.49410907	"BB"
"SNP_A-1510416"	"X"	115412990	-1.454031631	"BB"
"SNP_A-1517237"	"X"	115487919	-0.798366139	"BB"
"SNP_A-1513240"	"X"	115747891	-0.689659879	"BB"
"SNP_A-1510115"	"X"	116263414	-1.01449957	"AA"
"SNP_A-1510167"	"X"	116263440	-0.304006187	"AA"
"SNP_A-1516790"	"X"	116331171	-1.535331733	"AA"
"SNP_A-1516698"	"X"	116339413	-0.454031631	"BB"
"SNP_A-1512166"	"X"	117848634	1.587364991	"AA"
"SNP_A-1510231"	"X"	118668731	0.176322773	"AA"
"SNP_A-1511753"	"X"	118980627	-0.621488377	"AA"
"SNP_A-1514097"	"X"	119239600	-1.168122759	"BB"
"SNP_A-1514146"	"X"	119239680	-1.473931188	"BB"
"SNP_A-1513310"	"X"	120105171	-0.128156351	"BB"
"SNP_A-1515970"	"X"	120225917	-0.810966176	"AA"
"SNP_A-1513575"	"X"	120273706	-1.200912694	"NoCall"
"SNP_A-1514094"	"X"	120704024	-0.985644707	"BB"
"SNP_A-1513591"	"X"	120745744	-0.823677227	"AA"
"SNP_A-1518768"	"X"	120794011	-0.810966176	"AA"
"SNP_A-1507380"	"X"	121010157	-0.749038426	"NoCall"
"SNP_A-1507487"	"X"	121064945	-0.112474729	"AA"
"SNP_A-1517022"	"X"	121529064	-1.736965594	"NoCall"
"SNP_A-1511651"	"X"	122224243	-1.152003093	"BB"
"SNP_A-1516818"	"X"	122973028	-1.200912694	"AA"
"SNP_A-1516270"	"X"	123003402	0.959770155	"BB"
"SNP_A-1512747"	"X"	123372126	-1.152003093	"AA"
"SNP_A-1519155"	"X"	124317507	-0.929610672	"NoCall"
"SNP_A-1517539"	"X"	125549635	-1.200912694	"AA"
"SNP_A-1511157"	"X"	125651525	-0.312939312	"BB"
"SNP_A-1515828"	"X"	125735183	-1.104697379	"AA"
"SNP_A-1513090"	"X"	125816075	-2.184424571	"AA"
"SNP_A-1512345"	"X"	127116331	-2.473931188	"AA"
"SNP_A-1508349"	"X"	127639280	-0.424687669	"AA"
"SNP_A-1515334"	"X"	129017581	-1.089267338	"AA"
"SNP_A-1512300"	"X"	129022072	-0.395928676	"BB"
"SNP_A-1513803"	"X"	129249419	-1.810966176	"BB"
"SNP_A-1512202"	"X"	129745965	-0.875671865	"BB"
"SNP_A-1513206"	"X"	129936880	-0.02180437	"BB"
"SNP_A-1517523"	"X"	130365598	-1.49410907	"BB"
"SNP_A-1519698"	"X"	130685750	0.389566812	"BB"
"SNP_A-1519653"	"X"	130686103	0.097610797	"AA"
"SNP_A-1508947"	"X"	130973382	-1.915935735	"NoCall"
"SNP_A-1518861"	"X"	131365976	-1.915935735	"AA"
"SNP_A-1513250"	"X"	131367462	-0.321928095	"BB"
"SNP_A-1516153"	"X"	134823658	-1.074000581	"AA"
"SNP_A-1513586"	"X"	135009390	-0.556393349	"AA"
"SNP_A-1517713"	"X"	135765694	-1.556393349	"NoCall"
"SNP_A-1517750"	"X"	135765726	-1.358453971	"BB"
"SNP_A-1512250"	"X"	135996510	-1.200912694	"BB"
"SNP_A-1516038"	"X"	136067695	-0.798366139	"AA"
"SNP_A-1511619"	"X"	136101124	-1.915935735	"AA"
"SNP_A-1511774"	"X"	136542661	-1.286304185	"AA"
"SNP_A-1518325"	"X"	137093505	-0.798366139	"NoCall"
"SNP_A-1515002"	"X"	137427267	0.176322773	"BB"
"SNP_A-1516627"	"X"	137928340	-2.59946207	"NoCall"
"SNP_A-1510824"	"X"	139568452	-0.632628934	"AA"
"SNP_A-1511385"	"X"	140041915	-1.76121314	"AA"
"SNP_A-1517628"	"X"	140138808	-1.01449957	"NoCall"
"SNP_A-1517174"	"X"	140309889	0.070389328	"BB"
"SNP_A-1512769"	"X"	140310025	-0.268816758	"NoCall"
"SNP_A-1509462"	"X"	140310062	-0.76121314	"AA"
"SNP_A-1514692"	"X"	140326275	-1.713118852	"AA"
"SNP_A-1519426"	"X"	140795635	-0.823677227	"BB"
"SNP_A-1507843"	"X"	141055986	-0.242976753	"AA"
"SNP_A-1508544"	"X"	141337628	0.097610797	"BB"
"SNP_A-1511168"	"X"	141375559	0.521050737	"BB"
"SNP_A-1514229"	"X"	141695784	-0.074000581	"AA"
"SNP_A-1510008"	"X"	142568297	-0.395928676	"BB"
"SNP_A-1517558"	"X"	142747007	-0.377069649	"BB"
"SNP_A-1512592"	"X"	142877155	-2.514573173	"NoCall"
"SNP_A-1512536"	"X"	142877206	-1.358453971	"BB"
"SNP_A-1512479"	"X"	142877316	-3.120294234	"AA"
"SNP_A-1515767"	"X"	143334697	-2.64385619	"NoCall"
"SNP_A-1513182"	"X"	143552524	-1.304006187	"AA"
"SNP_A-1513880"	"X"	144297734	0.280956314	"BB"
"SNP_A-1519290"	"X"	144548795	-0.277533976	"BB"
"SNP_A-1515397"	"X"	145526542	-1.454031631	"AA"
"SNP_A-1513699"	"X"	145538321	-1.268816758	"BB"
"SNP_A-1508580"	"X"	146143005	-1.321928095	"BB"
"SNP_A-1519376"	"X"	146380585	0.028569152	"AA"
"SNP_A-1508331"	"X"	146590220	-2	"AA"
"SNP_A-1508226"	"X"	146595921	-1.785875195	"BB"
"SNP_A-1508114"	"X"	146596072	-1.713118852	"AA"
"SNP_A-1510143"	"X"	146770900	-1.358453971	"BB"
"SNP_A-1516251"	"X"	146776884	-0.251538767	"AA"
"SNP_A-1518067"	"X"	147248065	-1.473931188	"BB"
"SNP_A-1509091"	"X"	147316222	-1.577766999	"AA"
"SNP_A-1510504"	"X"	148394079	-0.77349147	"BB"
"SNP_A-1512608"	"X"	148840899	0.021479727	"BB"
"SNP_A-1512550"	"X"	148841154	-1.152003093	"NoCall"
"SNP_A-1518843"	"X"	149078514	-1.862496476	"BB"
"SNP_A-1507809"	"X"	149080794	-1.689659879	"BB"
"SNP_A-1519263"	"X"	149309465	-0.875671865	"AA"
"SNP_A-1512795"	"X"	149514662	-1.01449957	"BB"
"SNP_A-1518711"	"X"	149890944	-0.514573173	"NoCall"
"SNP_A-1513320"	"X"	150046495	-0.152003093	"BB"
"SNP_A-1517959"	"X"	150083331	-1.152003093	"BB"
